destination,architecture_preference,architecture_score,history_preference,history_score,food_preference,food_score,nightlife_preference,nightlife_score,museums_preference,museums_score,nature_preference,nature_score,shopping_preference,shopping_score,adventure_preference,adventure_score,budget,walking_preference,average_daily_cost,walkability_score,weather_score,hotel_price,restaurant_price,match_score
Rome,0.639,0.97,0.025,0.99,0.275,0.96,0.223,0.78,0.736,0.91,0.677,0.62,0.892,0.76,0.087,0.48,2200,0,145,0.91,0.9,125,55,0.8285
Amsterdam,0.639,0.91,0.025,0.88,0.275,0.79,0.223,0.92,0.736,0.95,0.677,0.78,0.892,0.86,0.087,0.65,2200,0,175,0.96,0.68,155,65,0.8138
Switzerland,0.639,0.79,0.025,0.78,0.275,0.82,0.223,0.58,0.736,0.75,0.677,0.99,0.892,0.76,0.087,0.98,2200,0,240,0.88,0.78,220,90,0.7965
Amsterdam,0.65,0.91,0.545,0.88,0.22,0.79,0.589,0.92,0.809,0.95,0.006,0.78,0.806,0.86,0.698,0.65,1800,1,175,0.96,0.68,155,65,0.8725
Tokyo,0.65,0.9,0.545,0.91,0.22,0.99,0.589,0.96,0.809,0.88,0.006,0.74,0.806,0.99,0.698,0.71,1800,1,165,0.91,0.79,135,60,0.9006
Rome,0.65,0.97,0.545,0.99,0.22,0.96,0.589,0.78,0.809,0.91,0.006,0.62,0.806,0.76,0.698,0.48,1800,1,145,0.91,0.9,125,55,0.8629
Bali,0.65,0.73,0.545,0.76,0.22,0.91,0.589,0.87,0.809,0.51,0.006,0.99,0.806,0.72,0.698,0.98,1800,1,90,0.62,0.95,70,35,0.8011
Paris,0.043,0.98,0.459,0.95,0.125,0.97,0.922,0.82,0.079,0.99,0.293,0.65,0.629,0.92,0.885,0.45,1800,0,180,0.95,0.82,160,70,0.8
Switzerland,0.043,0.79,0.459,0.78,0.125,0.82,0.922,0.58,0.079,0.75,0.293,0.99,0.629,0.76,0.885,0.98,1800,0,240,0.88,0.78,220,90,0.8281
Amsterdam,0.043,0.91,0.459,0.88,0.125,0.79,0.922,0.92,0.079,0.95,0.293,0.78,0.629,0.86,0.885,0.65,1800,0,175,0.96,0.68,155,65,0.8266
Istanbul,0.866,0.94,0.38,0.98,0.453,0.94,0.834,0.89,0.163,0.84,0.355,0.71,0.67,0.91,0.702,0.58,900,0,85,0.84,0.88,65,32,0.8575
Amsterdam,0.866,0.91,0.38,0.88,0.453,0.79,0.834,0.92,0.163,0.95,0.355,0.78,0.67,0.86,0.702,0.65,900,0,175,0.96,0.68,155,65,0.8075
Barcelona,0.866,0.96,0.38,0.84,0.453,0.94,0.834,0.96,0.163,0.82,0.355,0.82,0.67,0.88,0.702,0.72,900,0,150,0.93,0.94,130,58,0.8638
Singapore,0.866,0.91,0.38,0.72,0.453,0.98,0.834,0.85,0.163,0.79,0.355,0.94,0.67,0.97,0.702,0.79,900,0,155,0.9,0.94,145,50,0.884
Dubai,0.866,0.96,0.38,0.63,0.453,0.91,0.834,0.92,0.163,0.72,0.355,0.68,0.67,0.99,0.702,0.91,900,0,190,0.58,0.96,175,70,0.8544
Bali,0.866,0.73,0.38,0.76,0.453,0.91,0.834,0.87,0.163,0.51,0.355,0.99,0.67,0.72,0.702,0.98,900,0,90,0.62,0.95,70,35,0.8581
Tokyo,0.866,0.9,0.38,0.91,0.453,0.99,0.834,0.96,0.163,0.88,0.355,0.74,0.67,0.99,0.702,0.71,900,0,165,0.91,0.79,135,60,0.879
Barcelona,0.401,0.96,0.066,0.84,0.913,0.94,0.567,0.96,0.718,0.82,0.213,0.82,0.499,0.88,0.885,0.72,2600,0,150,0.93,0.94,130,58,0.8748
Amsterdam,0.401,0.91,0.066,0.88,0.913,0.79,0.567,0.92,0.718,0.95,0.213,0.78,0.499,0.86,0.885,0.65,2600,0,175,0.96,0.68,155,65,0.8098
New York,0.401,0.94,0.066,0.82,0.913,0.96,0.567,0.99,0.718,0.97,0.213,0.71,0.499,0.99,0.885,0.63,2600,0,230,0.92,0.76,210,85,0.8606
Bali,0.401,0.73,0.066,0.76,0.913,0.91,0.567,0.87,0.718,0.51,0.213,0.99,0.499,0.72,0.885,0.98,2600,0,90,0.62,0.95,70,35,0.8267
London,0.401,0.94,0.066,0.97,0.913,0.91,0.567,0.95,0.718,0.98,0.213,0.76,0.499,0.98,0.885,0.55,2600,0,210,0.89,0.64,190,75,0.853
Singapore,0.138,0.91,0.494,0.72,0.756,0.98,0.861,0.85,0.153,0.79,0.16,0.94,0.68,0.97,0.596,0.79,2200,1,155,0.9,0.94,145,50,0.8893
New York,0.138,0.94,0.494,0.82,0.756,0.96,0.861,0.99,0.153,0.97,0.16,0.71,0.68,0.99,0.596,0.63,2200,1,230,0.92,0.76,210,85,0.9225
London,0.138,0.94,0.494,0.97,0.756,0.91,0.861,0.95,0.153,0.98,0.16,0.76,0.68,0.98,0.596,0.55,2200,1,210,0.89,0.64,190,75,0.894
Switzerland,0.138,0.79,0.494,0.78,0.756,0.82,0.861,0.58,0.153,0.75,0.16,0.99,0.68,0.76,0.596,0.98,2200,1,240,0.88,0.78,220,90,0.8465
Paris,0.138,0.98,0.494,0.95,0.756,0.97,0.861,0.82,0.153,0.99,0.16,0.65,0.68,0.92,0.596,0.45,2200,1,180,0.95,0.82,160,70,0.8682
Tokyo,0.138,0.9,0.494,0.91,0.756,0.99,0.861,0.96,0.153,0.88,0.16,0.74,0.68,0.99,0.596,0.71,2200,1,165,0.91,0.79,135,60,0.9065
Dubai,0.138,0.96,0.494,0.63,0.756,0.91,0.861,0.92,0.153,0.72,0.16,0.68,0.68,0.99,0.596,0.91,2200,1,190,0.58,0.96,175,70,0.8619
Barcelona,0.003,0.96,0.722,0.84,0.72,0.94,0.972,0.96,0.762,0.82,0.508,0.82,0.106,0.88,0.625,0.72,1300,0,150,0.93,0.94,130,58,0.86
New York,0.003,0.94,0.722,0.82,0.72,0.96,0.972,0.99,0.762,0.97,0.508,0.71,0.106,0.99,0.625,0.63,1300,0,230,0.92,0.76,210,85,0.829
Switzerland,0.003,0.79,0.722,0.78,0.72,0.82,0.972,0.58,0.762,0.75,0.508,0.99,0.106,0.76,0.625,0.98,1300,0,240,0.88,0.78,220,90,0.7947
Paris,0.003,0.98,0.722,0.95,0.72,0.97,0.972,0.82,0.762,0.99,0.508,0.65,0.106,0.92,0.625,0.45,1300,0,180,0.95,0.82,160,70,0.8516
Tokyo,0.003,0.9,0.722,0.91,0.72,0.99,0.972,0.96,0.762,0.88,0.508,0.74,0.106,0.99,0.625,0.71,1300,0,165,0.91,0.79,135,60,0.8741
New York,0.239,0.94,0.241,0.82,0.567,0.96,0.079,0.99,0.732,0.97,0.816,0.71,0.978,0.99,0.533,0.63,1100,0,230,0.92,0.76,210,85,0.8691
Barcelona,0.239,0.96,0.241,0.84,0.567,0.94,0.079,0.96,0.732,0.82,0.816,0.82,0.978,0.88,0.533,0.72,1100,0,150,0.93,0.94,130,58,0.8664
London,0.239,0.94,0.241,0.97,0.567,0.91,0.079,0.95,0.732,0.98,0.816,0.76,0.978,0.98,0.533,0.55,1100,0,210,0.89,0.64,190,75,0.8452
Istanbul,0.239,0.94,0.241,0.98,0.567,0.94,0.079,0.89,0.732,0.84,0.816,0.71,0.978,0.91,0.533,0.58,1100,0,85,0.84,0.88,65,32,0.8443
Dubai,0.239,0.96,0.241,0.63,0.567,0.91,0.079,0.92,0.732,0.72,0.816,0.68,0.978,0.99,0.533,0.91,1100,0,190,0.58,0.96,175,70,0.8435
Rome,0.239,0.97,0.241,0.99,0.567,0.96,0.079,0.78,0.732,0.91,0.816,0.62,0.978,0.76,0.533,0.48,1100,0,145,0.91,0.9,125,55,0.8142
Amsterdam,0.373,0.91,0.9,0.88,0.451,0.79,0.248,0.92,0.064,0.95,0.021,0.78,0.554,0.86,0.588,0.65,700,0,175,0.96,0.68,155,65,0.8333
Rome,0.373,0.97,0.9,0.99,0.451,0.96,0.248,0.78,0.064,0.91,0.021,0.62,0.554,0.76,0.588,0.48,700,0,145,0.91,0.9,125,55,0.8163
Paris,0.373,0.98,0.9,0.95,0.451,0.97,0.248,0.82,0.064,0.99,0.021,0.65,0.554,0.92,0.588,0.45,700,0,180,0.95,0.82,160,70,0.8277
Switzerland,0.669,0.79,0.214,0.78,0.132,0.82,0.936,0.58,0.571,0.75,0.473,0.99,0.785,0.76,0.807,0.98,1300,0,240,0.88,0.78,220,90,0.7991
Dubai,0.669,0.96,0.214,0.63,0.132,0.91,0.936,0.92,0.571,0.72,0.473,0.68,0.785,0.99,0.807,0.91,1300,0,190,0.58,0.96,175,70,0.8679
Tokyo,0.669,0.9,0.214,0.91,0.132,0.99,0.936,0.96,0.571,0.88,0.473,0.74,0.785,0.99,0.807,0.71,1300,0,165,0.91,0.79,135,60,0.8674
Barcelona,0.673,0.96,0.984,0.84,0.098,0.94,0.403,0.96,0.339,0.82,0.862,0.82,0.249,0.88,0.19,0.72,2600,0,150,0.93,0.94,130,58,0.8795
London,0.673,0.94,0.984,0.97,0.098,0.91,0.403,0.95,0.339,0.98,0.862,0.76,0.249,0.98,0.19,0.55,2600,0,210,0.89,0.64,190,75,0.8681
Singapore,0.673,0.91,0.984,0.72,0.098,0.98,0.403,0.85,0.339,0.79,0.862,0.94,0.249,0.97,0.19,0.79,2600,0,155,0.9,0.94,145,50,0.834
Amsterdam,0.673,0.91,0.984,0.88,0.098,0.79,0.403,0.92,0.339,0.95,0.862,0.78,0.249,0.86,0.19,0.65,2600,0,175,0.96,0.68,155,65,0.8404
Rome,0.673,0.97,0.984,0.99,0.098,0.96,0.403,0.78,0.339,0.91,0.862,0.62,0.249,0.76,0.19,0.48,2600,0,145,0.91,0.9,125,55,0.841
New York,0.673,0.94,0.984,0.82,0.098,0.96,0.403,0.99,0.339,0.97,0.862,0.71,0.249,0.99,0.19,0.63,2600,0,230,0.92,0.76,210,85,0.8135
Singapore,0.093,0.91,0.754,0.72,0.236,0.98,0.406,0.85,0.481,0.79,0.865,0.94,0.902,0.97,0.165,0.79,700,1,155,0.9,0.94,145,50,0.8899
London,0.093,0.94,0.754,0.97,0.236,0.91,0.406,0.95,0.481,0.98,0.865,0.76,0.902,0.98,0.165,0.55,700,1,210,0.89,0.64,190,75,0.8845
Dubai,0.093,0.96,0.754,0.63,0.236,0.91,0.406,0.92,0.481,0.72,0.865,0.68,0.902,0.99,0.165,0.91,700,1,190,0.58,0.96,175,70,0.8588
New York,0.093,0.94,0.754,0.82,0.236,0.96,0.406,0.99,0.481,0.97,0.865,0.71,0.902,0.99,0.165,0.63,700,1,230,0.92,0.76,210,85,0.8966
Istanbul,0.093,0.94,0.754,0.98,0.236,0.94,0.406,0.89,0.481,0.84,0.865,0.71,0.902,0.91,0.165,0.58,700,1,85,0.84,0.88,65,32,0.8883
Rome,0.748,0.97,0.057,0.99,0.584,0.96,0.503,0.78,0.853,0.91,0.157,0.62,0.961,0.76,0.08,0.48,1100,0,145,0.91,0.9,125,55,0.8579
Switzerland,0.748,0.79,0.057,0.78,0.584,0.82,0.503,0.58,0.853,0.75,0.157,0.99,0.961,0.76,0.08,0.98,1100,0,240,0.88,0.78,220,90,0.763
Amsterdam,0.748,0.91,0.057,0.88,0.584,0.79,0.503,0.92,0.853,0.95,0.157,0.78,0.961,0.86,0.08,0.65,1100,0,175,0.96,0.68,155,65,0.8245
Dubai,0.748,0.96,0.057,0.63,0.584,0.91,0.503,0.92,0.853,0.72,0.157,0.68,0.961,0.99,0.08,0.91,1100,0,190,0.58,0.96,175,70,0.8854
Istanbul,0.748,0.94,0.057,0.98,0.584,0.94,0.503,0.89,0.853,0.84,0.157,0.71,0.961,0.91,0.08,0.58,1100,0,85,0.84,0.88,65,32,0.8745
London,0.748,0.94,0.057,0.97,0.584,0.91,0.503,0.95,0.853,0.98,0.157,0.76,0.961,0.98,0.08,0.55,1100,0,210,0.89,0.64,190,75,0.8692
Singapore,0.748,0.91,0.057,0.72,0.584,0.98,0.503,0.85,0.853,0.79,0.157,0.94,0.961,0.97,0.08,0.79,1100,0,155,0.9,0.94,145,50,0.8705
Bali,0.67,0.73,0.314,0.76,0.266,0.91,0.131,0.87,0.646,0.51,0.457,0.99,0.929,0.72,0.936,0.98,700,1,90,0.62,0.95,70,35,0.8148
Rome,0.67,0.97,0.314,0.99,0.266,0.96,0.131,0.78,0.646,0.91,0.457,0.62,0.929,0.76,0.936,0.48,700,1,145,0.91,0.9,125,55,0.8349
Switzerland,0.67,0.79,0.314,0.78,0.266,0.82,0.131,0.58,0.646,0.75,0.457,0.99,0.929,0.76,0.936,0.98,700,1,240,0.88,0.78,220,90,0.845
New York,0.67,0.94,0.314,0.82,0.266,0.96,0.131,0.99,0.646,0.97,0.457,0.71,0.929,0.99,0.936,0.63,700,1,230,0.92,0.76,210,85,0.8702
Amsterdam,0.67,0.91,0.314,0.88,0.266,0.79,0.131,0.92,0.646,0.95,0.457,0.78,0.929,0.86,0.936,0.65,700,1,175,0.96,0.68,155,65,0.8491
London,0.67,0.94,0.314,0.97,0.266,0.91,0.131,0.95,0.646,0.98,0.457,0.76,0.929,0.98,0.936,0.55,700,1,210,0.89,0.64,190,75,0.8613
Barcelona,0.67,0.96,0.314,0.84,0.266,0.94,0.131,0.96,0.646,0.82,0.457,0.82,0.929,0.88,0.936,0.72,700,1,150,0.93,0.94,130,58,0.8967
Rome,0.303,0.97,0.984,0.99,0.807,0.96,0.529,0.78,0.668,0.91,0.555,0.62,0.932,0.76,0.104,0.48,1100,1,145,0.91,0.9,125,55,0.8816
New York,0.303,0.94,0.984,0.82,0.807,0.96,0.529,0.99,0.668,0.97,0.555,0.71,0.932,0.99,0.104,0.63,1100,1,230,0.92,0.76,210,85,0.9165
Barcelona,0.303,0.96,0.984,0.84,0.807,0.94,0.529,0.96,0.668,0.82,0.555,0.82,0.932,0.88,0.104,0.72,1100,1,150,0.93,0.94,130,58,0.9241
Tokyo,0.204,0.9,0.634,0.91,0.264,0.99,0.489,0.96,0.905,0.88,0.846,0.74,0.092,0.99,0.424,0.71,1500,0,165,0.91,0.79,135,60,0.8262
Barcelona,0.204,0.96,0.634,0.84,0.264,0.94,0.489,0.96,0.905,0.82,0.846,0.82,0.092,0.88,0.424,0.72,1500,0,150,0.93,0.94,130,58,0.8493
London,0.204,0.94,0.634,0.97,0.264,0.91,0.489,0.95,0.905,0.98,0.846,0.76,0.092,0.98,0.424,0.55,1500,0,210,0.89,0.64,190,75,0.8476
London,0.561,0.94,0.112,0.97,0.945,0.91,0.691,0.95,0.149,0.98,0.036,0.76,0.369,0.98,0.553,0.55,2200,0,210,0.89,0.64,190,75,0.8594
Tokyo,0.561,0.9,0.112,0.91,0.945,0.99,0.691,0.96,0.149,0.88,0.036,0.74,0.369,0.99,0.553,0.71,2200,0,165,0.91,0.79,135,60,0.8628
Paris,0.561,0.98,0.112,0.95,0.945,0.97,0.691,0.82,0.149,0.99,0.036,0.65,0.369,0.92,0.553,0.45,2200,0,180,0.95,0.82,160,70,0.8286
Barcelona,0.103,0.96,0.78,0.84,0.884,0.94,0.406,0.96,0.621,0.82,0.155,0.82,0.93,0.88,0.865,0.72,1100,1,150,0.93,0.94,130,58,0.9146
Tokyo,0.103,0.9,0.78,0.91,0.884,0.99,0.406,0.96,0.621,0.88,0.155,0.74,0.93,0.99,0.865,0.71,1100,1,165,0.91,0.79,135,60,0.9274
Dubai,0.103,0.96,0.78,0.63,0.884,0.91,0.406,0.92,0.621,0.72,0.155,0.68,0.93,0.99,0.865,0.91,1100,1,190,0.58,0.96,175,70,0.8791
Paris,0.267,0.98,0.787,0.95,0.108,0.97,0.872,0.82,0.859,0.99,0.222,0.65,0.817,0.92,0.46,0.45,1500,0,180,0.95,0.82,160,70,0.8401
Switzerland,0.267,0.79,0.787,0.78,0.108,0.82,0.872,0.58,0.859,0.75,0.222,0.99,0.817,0.76,0.46,0.98,1500,0,240,0.88,0.78,220,90,0.8045
Amsterdam,0.267,0.91,0.787,0.88,0.108,0.79,0.872,0.92,0.859,0.95,0.222,0.78,0.817,0.86,0.46,0.65,1500,0,175,0.96,0.68,155,65,0.8624
Dubai,0.267,0.96,0.787,0.63,0.108,0.91,0.872,0.92,0.859,0.72,0.222,0.68,0.817,0.99,0.46,0.91,1500,0,190,0.58,0.96,175,70,0.8335
Bali,0.641,0.73,0.4,0.76,0.981,0.91,0.536,0.87,0.939,0.51,0.115,0.99,0.97,0.72,0.179,0.98,1500,0,90,0.62,0.95,70,35,0.8098
Dubai,0.641,0.96,0.4,0.63,0.981,0.91,0.536,0.92,0.939,0.72,0.115,0.68,0.97,0.99,0.179,0.91,1500,0,190,0.58,0.96,175,70,0.8572
Tokyo,0.641,0.9,0.4,0.91,0.981,0.99,0.536,0.96,0.939,0.88,0.115,0.74,0.97,0.99,0.179,0.71,1500,0,165,0.91,0.79,135,60,0.892
Rome,0.511,0.97,0.385,0.99,0.577,0.96,0.255,0.78,0.709,0.91,0.002,0.62,0.926,0.76,0.538,0.48,1300,1,145,0.91,0.9,125,55,0.8988
Switzerland,0.511,0.79,0.385,0.78,0.577,0.82,0.255,0.58,0.709,0.75,0.002,0.99,0.926,0.76,0.538,0.98,1300,1,240,0.88,0.78,220,90,0.8413
Tokyo,0.511,0.9,0.385,0.91,0.577,0.99,0.255,0.96,0.709,0.88,0.002,0.74,0.926,0.99,0.538,0.71,1300,1,165,0.91,0.79,135,60,0.9241
Bali,0.511,0.73,0.385,0.76,0.577,0.91,0.255,0.87,0.709,0.51,0.002,0.99,0.926,0.72,0.538,0.98,1300,1,90,0.62,0.95,70,35,0.8049
Istanbul,0.511,0.94,0.385,0.98,0.577,0.94,0.255,0.89,0.709,0.84,0.002,0.71,0.926,0.91,0.538,0.58,1300,1,85,0.84,0.88,65,32,0.9013
New York,0.511,0.94,0.385,0.82,0.577,0.96,0.255,0.99,0.709,0.97,0.002,0.71,0.926,0.99,0.538,0.63,1300,1,230,0.92,0.76,210,85,0.916
Dubai,0.192,0.96,0.665,0.63,0.379,0.91,0.748,0.92,0.174,0.72,0.569,0.68,0.406,0.99,0.834,0.91,1500,1,190,0.58,0.96,175,70,0.8528
Bali,0.192,0.73,0.665,0.76,0.379,0.91,0.748,0.87,0.174,0.51,0.569,0.99,0.406,0.72,0.834,0.98,1500,1,90,0.62,0.95,70,35,0.8688
Switzerland,0.192,0.79,0.665,0.78,0.379,0.82,0.748,0.58,0.174,0.75,0.569,0.99,0.406,0.76,0.834,0.98,1500,1,240,0.88,0.78,220,90,0.8409
Tokyo,0.192,0.9,0.665,0.91,0.379,0.99,0.748,0.96,0.174,0.88,0.569,0.74,0.406,0.99,0.834,0.71,1500,1,165,0.91,0.79,135,60,0.8889
Amsterdam,0.901,0.91,0.796,0.88,0.17,0.79,0.085,0.92,0.515,0.95,0.633,0.78,0.335,0.86,0.818,0.65,1300,1,175,0.96,0.68,155,65,0.85
Barcelona,0.901,0.96,0.796,0.84,0.17,0.94,0.085,0.96,0.515,0.82,0.633,0.82,0.335,0.88,0.818,0.72,1300,1,150,0.93,0.94,130,58,0.8937
Paris,0.901,0.98,0.796,0.95,0.17,0.97,0.085,0.82,0.515,0.99,0.633,0.65,0.335,0.92,0.818,0.45,1300,1,180,0.95,0.82,160,70,0.8842
Bali,0.901,0.73,0.796,0.76,0.17,0.91,0.085,0.87,0.515,0.51,0.633,0.99,0.335,0.72,0.818,0.98,1300,1,90,0.62,0.95,70,35,0.8186
Barcelona,0.414,0.96,0.63,0.84,0.194,0.94,0.696,0.96,0.494,0.82,0.244,0.82,0.656,0.88,0.006,0.72,900,1,150,0.93,0.94,130,58,0.9233
New York,0.414,0.94,0.63,0.82,0.194,0.96,0.696,0.99,0.494,0.97,0.244,0.71,0.656,0.99,0.006,0.63,900,1,230,0.92,0.76,210,85,0.9444
Singapore,0.414,0.91,0.63,0.72,0.194,0.98,0.696,0.85,0.494,0.79,0.244,0.94,0.656,0.97,0.006,0.79,900,1,155,0.9,0.94,145,50,0.8821
Paris,0.414,0.98,0.63,0.95,0.194,0.97,0.696,0.82,0.494,0.99,0.244,0.65,0.656,0.92,0.006,0.45,900,1,180,0.95,0.82,160,70,0.9016
Istanbul,0.465,0.94,0.531,0.98,0.559,0.94,0.317,0.89,0.755,0.84,0.443,0.71,0.815,0.91,0.892,0.58,2200,1,85,0.84,0.88,65,32,0.8836
Singapore,0.465,0.91,0.531,0.72,0.559,0.98,0.317,0.85,0.755,0.79,0.443,0.94,0.815,0.97,0.892,0.79,2200,1,155,0.9,0.94,145,50,0.9198
Switzerland,0.465,0.79,0.531,0.78,0.559,0.82,0.317,0.58,0.755,0.75,0.443,0.99,0.815,0.76,0.892,0.98,2200,1,240,0.88,0.78,220,90,0.8475
London,0.465,0.94,0.531,0.97,0.559,0.91,0.317,0.95,0.755,0.98,0.443,0.76,0.815,0.98,0.892,0.55,2200,1,210,0.89,0.64,190,75,0.8854
Istanbul,0.485,0.94,0.239,0.98,0.44,0.94,0.714,0.89,0.234,0.84,0.336,0.71,0.893,0.91,0.081,0.58,1100,0,85,0.84,0.88,65,32,0.8615
Barcelona,0.485,0.96,0.239,0.84,0.44,0.94,0.714,0.96,0.234,0.82,0.336,0.82,0.893,0.88,0.081,0.72,1100,0,150,0.93,0.94,130,58,0.8818
Amsterdam,0.485,0.91,0.239,0.88,0.44,0.79,0.714,0.92,0.234,0.95,0.336,0.78,0.893,0.86,0.081,0.65,1100,0,175,0.96,0.68,155,65,0.8153
Rome,0.485,0.97,0.239,0.99,0.44,0.96,0.714,0.78,0.234,0.91,0.336,0.62,0.893,0.76,0.081,0.48,1100,0,145,0.91,0.9,125,55,0.852
Dubai,0.485,0.96,0.239,0.63,0.44,0.91,0.714,0.92,0.234,0.72,0.336,0.68,0.893,0.99,0.081,0.91,1100,0,190,0.58,0.96,175,70,0.8714
Bali,0.485,0.73,0.239,0.76,0.44,0.91,0.714,0.87,0.234,0.51,0.336,0.99,0.893,0.72,0.081,0.98,1100,0,90,0.62,0.95,70,35,0.8374
Amsterdam,0.946,0.91,0.02,0.88,0.881,0.79,0.576,0.92,0.477,0.95,0.943,0.78,0.299,0.86,0.39,0.65,2200,0,175,0.96,0.68,155,65,0.8134
London,0.946,0.94,0.02,0.97,0.881,0.91,0.576,0.95,0.477,0.98,0.943,0.76,0.299,0.98,0.39,0.55,2200,0,210,0.89,0.64,190,75,0.8458
Dubai,0.946,0.96,0.02,0.63,0.881,0.91,0.576,0.92,0.477,0.72,0.943,0.68,0.299,0.99,0.39,0.91,2200,0,190,0.58,0.96,175,70,0.856
Singapore,0.946,0.91,0.02,0.72,0.881,0.98,0.576,0.85,0.477,0.79,0.943,0.94,0.299,0.97,0.39,0.79,2200,0,155,0.9,0.94,145,50,0.8687
Paris,0.946,0.98,0.02,0.95,0.881,0.97,0.576,0.82,0.477,0.99,0.943,0.65,0.299,0.92,0.39,0.45,2200,0,180,0.95,0.82,160,70,0.8346
Istanbul,0.946,0.94,0.02,0.98,0.881,0.94,0.576,0.89,0.477,0.84,0.943,0.71,0.299,0.91,0.39,0.58,2200,0,85,0.84,0.88,65,32,0.8249
Tokyo,0.622,0.9,0.027,0.91,0.394,0.99,0.564,0.96,0.027,0.88,0.643,0.74,0.136,0.99,0.462,0.71,700,1,165,0.91,0.79,135,60,0.9062
Amsterdam,0.622,0.91,0.027,0.88,0.394,0.79,0.564,0.92,0.027,0.95,0.643,0.78,0.136,0.86,0.462,0.65,700,1,175,0.96,0.68,155,65,0.8463
Singapore,0.622,0.91,0.027,0.72,0.394,0.98,0.564,0.85,0.027,0.79,0.643,0.94,0.136,0.97,0.462,0.79,700,1,155,0.9,0.94,145,50,0.9437
Istanbul,0.622,0.94,0.027,0.98,0.394,0.94,0.564,0.89,0.027,0.84,0.643,0.71,0.136,0.91,0.462,0.58,700,1,85,0.84,0.88,65,32,0.8594
New York,0.622,0.94,0.027,0.82,0.394,0.96,0.564,0.99,0.027,0.97,0.643,0.71,0.136,0.99,0.462,0.63,700,1,230,0.92,0.76,210,85,0.8964
Dubai,0.622,0.96,0.027,0.63,0.394,0.91,0.564,0.92,0.027,0.72,0.643,0.68,0.136,0.99,0.462,0.91,700,1,190,0.58,0.96,175,70,0.8749
Bali,0.749,0.73,0.052,0.76,0.952,0.91,0.224,0.87,0.069,0.51,0.957,0.99,0.04,0.72,0.031,0.98,1300,0,90,0.62,0.95,70,35,0.8512
Barcelona,0.749,0.96,0.052,0.84,0.952,0.94,0.224,0.96,0.069,0.82,0.957,0.82,0.04,0.88,0.031,0.72,1300,0,150,0.93,0.94,130,58,0.8934
Amsterdam,0.749,0.91,0.052,0.88,0.952,0.79,0.224,0.92,0.069,0.95,0.957,0.78,0.04,0.86,0.031,0.65,1300,0,175,0.96,0.68,155,65,0.8193
Paris,0.218,0.98,0.699,0.95,0.767,0.97,0.168,0.82,0.607,0.99,0.748,0.65,0.115,0.92,0.819,0.45,1500,0,180,0.95,0.82,160,70,0.792
London,0.218,0.94,0.699,0.97,0.767,0.91,0.168,0.95,0.607,0.98,0.748,0.76,0.115,0.98,0.819,0.55,1500,0,210,0.89,0.64,190,75,0.8259
Bali,0.218,0.73,0.699,0.76,0.767,0.91,0.168,0.87,0.607,0.51,0.748,0.99,0.115,0.72,0.819,0.98,1500,0,90,0.62,0.95,70,35,0.8541
Dubai,0.218,0.96,0.699,0.63,0.767,0.91,0.168,0.92,0.607,0.72,0.748,0.68,0.115,0.99,0.819,0.91,1500,0,190,0.58,0.96,175,70,0.8053
New York,0.218,0.94,0.699,0.82,0.767,0.96,0.168,0.99,0.607,0.97,0.748,0.71,0.115,0.99,0.819,0.63,1500,0,230,0.92,0.76,210,85,0.8367
Tokyo,0.218,0.9,0.699,0.91,0.767,0.99,0.168,0.96,0.607,0.88,0.748,0.74,0.115,0.99,0.819,0.71,1500,0,165,0.91,0.79,135,60,0.8588
Rome,0.218,0.97,0.699,0.99,0.767,0.96,0.168,0.78,0.607,0.91,0.748,0.62,0.115,0.76,0.819,0.48,1500,0,145,0.91,0.9,125,55,0.8185
Dubai,0.121,0.96,0.984,0.63,0.783,0.91,0.347,0.92,0.428,0.72,0.371,0.68,0.506,0.99,0.341,0.91,2200,1,190,0.58,0.96,175,70,0.8497
Tokyo,0.121,0.9,0.984,0.91,0.783,0.99,0.347,0.96,0.428,0.88,0.371,0.74,0.506,0.99,0.341,0.71,2200,1,165,0.91,0.79,135,60,0.9089
Singapore,0.121,0.91,0.984,0.72,0.783,0.98,0.347,0.85,0.428,0.79,0.371,0.94,0.506,0.97,0.341,0.79,2200,1,155,0.9,0.94,145,50,0.9102
Singapore,0.965,0.91,0.27,0.72,0.808,0.98,0.538,0.85,0.483,0.79,0.436,0.94,0.731,0.97,0.268,0.79,1300,0,155,0.9,0.94,145,50,0.8584
Amsterdam,0.965,0.91,0.27,0.88,0.808,0.79,0.538,0.92,0.483,0.95,0.436,0.78,0.731,0.86,0.268,0.65,1300,0,175,0.96,0.68,155,65,0.8491
Istanbul,0.965,0.94,0.27,0.98,0.808,0.94,0.538,0.89,0.483,0.84,0.436,0.71,0.731,0.91,0.268,0.58,1300,0,85,0.84,0.88,65,32,0.8483
Dubai,0.965,0.96,0.27,0.63,0.808,0.91,0.538,0.92,0.483,0.72,0.436,0.68,0.731,0.99,0.268,0.91,1300,0,190,0.58,0.96,175,70,0.8569
Tokyo,0.965,0.9,0.27,0.91,0.808,0.99,0.538,0.96,0.483,0.88,0.436,0.74,0.731,0.99,0.268,0.71,1300,0,165,0.91,0.79,135,60,0.8896
Switzerland,0.34,0.79,0.88,0.78,0.701,0.82,0.276,0.58,0.01,0.75,0.948,0.99,0.086,0.76,0.72,0.98,2600,0,240,0.88,0.78,220,90,0.8301
Singapore,0.34,0.91,0.88,0.72,0.701,0.98,0.276,0.85,0.01,0.79,0.948,0.94,0.086,0.97,0.72,0.79,2600,0,155,0.9,0.94,145,50,0.871
Istanbul,0.34,0.94,0.88,0.98,0.701,0.94,0.276,0.89,0.01,0.84,0.948,0.71,0.086,0.91,0.72,0.58,2600,0,85,0.84,0.88,65,32,0.8227
Paris,0.34,0.98,0.88,0.95,0.701,0.97,0.276,0.82,0.01,0.99,0.948,0.65,0.086,0.92,0.72,0.45,2600,0,180,0.95,0.82,160,70,0.8064
Rome,0.34,0.97,0.88,0.99,0.701,0.96,0.276,0.78,0.01,0.91,0.948,0.62,0.086,0.76,0.72,0.48,2600,0,145,0.91,0.9,125,55,0.8078
Barcelona,0.34,0.96,0.88,0.84,0.701,0.94,0.276,0.96,0.01,0.82,0.948,0.82,0.086,0.88,0.72,0.72,2600,0,150,0.93,0.94,130,58,0.8559
Amsterdam,0.426,0.91,0.746,0.88,0.331,0.79,0.703,0.92,0.271,0.95,0.251,0.78,0.121,0.86,0.193,0.65,900,0,175,0.96,0.68,155,65,0.8426
Singapore,0.426,0.91,0.746,0.72,0.331,0.98,0.703,0.85,0.271,0.79,0.251,0.94,0.121,0.97,0.193,0.79,900,0,155,0.9,0.94,145,50,0.8743
London,0.426,0.94,0.746,0.97,0.331,0.91,0.703,0.95,0.271,0.98,0.251,0.76,0.121,0.98,0.193,0.55,900,0,210,0.89,0.64,190,75,0.8778
New York,0.426,0.94,0.746,0.82,0.331,0.96,0.703,0.99,0.271,0.97,0.251,0.71,0.121,0.99,0.193,0.63,900,0,230,0.92,0.76,210,85,0.85
Bali,0.361,0.73,0.302,0.76,0.708,0.91,0.127,0.87,0.046,0.51,0.055,0.99,0.292,0.72,0.944,0.98,2600,0,90,0.62,0.95,70,35,0.8648
London,0.361,0.94,0.302,0.97,0.708,0.91,0.127,0.95,0.046,0.98,0.055,0.76,0.292,0.98,0.944,0.55,2600,0,210,0.89,0.64,190,75,0.7906
Singapore,0.361,0.91,0.302,0.72,0.708,0.98,0.127,0.85,0.046,0.79,0.055,0.94,0.292,0.97,0.944,0.79,2600,0,155,0.9,0.94,145,50,0.8889
Rome,0.252,0.97,0.862,0.99,0.114,0.96,0.065,0.78,0.492,0.91,0.577,0.62,0.686,0.76,0.152,0.48,1500,0,145,0.91,0.9,125,55,0.8521
New York,0.252,0.94,0.862,0.82,0.114,0.96,0.065,0.99,0.492,0.97,0.577,0.71,0.686,0.99,0.152,0.63,1500,0,230,0.92,0.76,210,85,0.8411
Dubai,0.252,0.96,0.862,0.63,0.114,0.91,0.065,0.92,0.492,0.72,0.577,0.68,0.686,0.99,0.152,0.91,1500,0,190,0.58,0.96,175,70,0.8375
Amsterdam,0.252,0.91,0.862,0.88,0.114,0.79,0.065,0.92,0.492,0.95,0.577,0.78,0.686,0.86,0.152,0.65,1500,0,175,0.96,0.68,155,65,0.8224
Amsterdam,0.589,0.91,0.429,0.88,0.569,0.79,0.06,0.92,0.96,0.95,0.099,0.78,0.763,0.86,0.626,0.65,1500,0,175,0.96,0.68,155,65,0.8093
Barcelona,0.589,0.96,0.429,0.84,0.569,0.94,0.06,0.96,0.96,0.82,0.099,0.82,0.763,0.88,0.626,0.72,1500,0,150,0.93,0.94,130,58,0.8535
New York,0.589,0.94,0.429,0.82,0.569,0.96,0.06,0.99,0.96,0.97,0.099,0.71,0.763,0.99,0.626,0.63,1500,0,230,0.92,0.76,210,85,0.8721
Rome,0.589,0.97,0.429,0.99,0.569,0.96,0.06,0.78,0.96,0.91,0.099,0.62,0.763,0.76,0.626,0.48,1500,0,145,0.91,0.9,125,55,0.8373
New York,0.033,0.94,0.288,0.82,0.283,0.96,0.86,0.99,0.071,0.97,0.233,0.71,0.265,0.99,0.791,0.63,1300,1,230,0.92,0.76,210,85,0.8952
Amsterdam,0.033,0.91,0.288,0.88,0.283,0.79,0.86,0.92,0.071,0.95,0.233,0.78,0.265,0.86,0.791,0.65,1300,1,175,0.96,0.68,155,65,0.8668
Barcelona,0.033,0.96,0.288,0.84,0.283,0.94,0.86,0.96,0.071,0.82,0.233,0.82,0.265,0.88,0.791,0.72,1300,1,150,0.93,0.94,130,58,0.8791
Rome,0.166,0.97,0.308,0.99,0.749,0.96,0.569,0.78,0.289,0.91,0.124,0.62,0.689,0.76,0.7,0.48,1500,1,145,0.91,0.9,125,55,0.8407
Bali,0.166,0.73,0.308,0.76,0.749,0.91,0.569,0.87,0.289,0.51,0.124,0.99,0.689,0.72,0.7,0.98,1500,1,90,0.62,0.95,70,35,0.8347
Paris,0.166,0.98,0.308,0.95,0.749,0.97,0.569,0.82,0.289,0.99,0.124,0.65,0.689,0.92,0.7,0.45,1500,1,180,0.95,0.82,160,70,0.8949
Dubai,0.166,0.96,0.308,0.63,0.749,0.91,0.569,0.92,0.289,0.72,0.124,0.68,0.689,0.99,0.7,0.91,1500,1,190,0.58,0.96,175,70,0.9
Tokyo,0.166,0.9,0.308,0.91,0.749,0.99,0.569,0.96,0.289,0.88,0.124,0.74,0.689,0.99,0.7,0.71,1500,1,165,0.91,0.79,135,60,0.9151
London,0.166,0.94,0.308,0.97,0.749,0.91,0.569,0.95,0.289,0.98,0.124,0.76,0.689,0.98,0.7,0.55,1500,1,210,0.89,0.64,190,75,0.8955
Rome,1.0,0.97,0.672,0.99,0.27,0.96,0.04,0.78,0.756,0.91,0.471,0.62,0.652,0.76,0.916,0.48,1100,1,145,0.91,0.9,125,55,0.8719
Singapore,1.0,0.91,0.672,0.72,0.27,0.98,0.04,0.85,0.756,0.79,0.471,0.94,0.652,0.97,0.916,0.79,1100,1,155,0.9,0.94,145,50,0.9154
Tokyo,1.0,0.9,0.672,0.91,0.27,0.99,0.04,0.96,0.756,0.88,0.471,0.74,0.652,0.99,0.916,0.71,1100,1,165,0.91,0.79,135,60,0.8798
Dubai,1.0,0.96,0.672,0.63,0.27,0.91,0.04,0.92,0.756,0.72,0.471,0.68,0.652,0.99,0.916,0.91,1100,1,190,0.58,0.96,175,70,0.8673
Bali,1.0,0.73,0.672,0.76,0.27,0.91,0.04,0.87,0.756,0.51,0.471,0.99,0.652,0.72,0.916,0.98,1100,1,90,0.62,0.95,70,35,0.8162
Barcelona,1.0,0.96,0.672,0.84,0.27,0.94,0.04,0.96,0.756,0.82,0.471,0.82,0.652,0.88,0.916,0.72,1100,1,150,0.93,0.94,130,58,0.9187
Paris,0.814,0.98,0.55,0.95,0.455,0.97,0.315,0.82,0.323,0.99,0.97,0.65,0.404,0.92,0.515,0.45,700,1,180,0.95,0.82,160,70,0.8675
Amsterdam,0.814,0.91,0.55,0.88,0.455,0.79,0.315,0.92,0.323,0.95,0.97,0.78,0.404,0.86,0.515,0.65,700,1,175,0.96,0.68,155,65,0.8413
New York,0.814,0.94,0.55,0.82,0.455,0.96,0.315,0.99,0.323,0.97,0.97,0.71,0.404,0.99,0.515,0.63,700,1,230,0.92,0.76,210,85,0.866
Tokyo,0.814,0.9,0.55,0.91,0.455,0.99,0.315,0.96,0.323,0.88,0.97,0.74,0.404,0.99,0.515,0.71,700,1,165,0.91,0.79,135,60,0.8698
Singapore,0.814,0.91,0.55,0.72,0.455,0.98,0.315,0.85,0.323,0.79,0.97,0.94,0.404,0.97,0.515,0.79,700,1,155,0.9,0.94,145,50,0.9002
Bali,0.814,0.73,0.55,0.76,0.455,0.91,0.315,0.87,0.323,0.51,0.97,0.99,0.404,0.72,0.515,0.98,700,1,90,0.62,0.95,70,35,0.8759
Rome,0.485,0.97,0.029,0.99,0.63,0.96,0.799,0.78,0.71,0.91,0.311,0.62,0.014,0.76,0.408,0.48,1300,0,145,0.91,0.9,125,55,0.8416
Switzerland,0.485,0.79,0.029,0.78,0.63,0.82,0.799,0.58,0.71,0.75,0.311,0.99,0.014,0.76,0.408,0.98,1300,0,240,0.88,0.78,220,90,0.791
Barcelona,0.485,0.96,0.029,0.84,0.63,0.94,0.799,0.96,0.71,0.82,0.311,0.82,0.014,0.88,0.408,0.72,1300,0,150,0.93,0.94,130,58,0.8734
Singapore,0.485,0.91,0.029,0.72,0.63,0.98,0.799,0.85,0.71,0.79,0.311,0.94,0.014,0.97,0.408,0.79,1300,0,155,0.9,0.94,145,50,0.865
London,0.485,0.94,0.029,0.97,0.63,0.91,0.799,0.95,0.71,0.98,0.311,0.76,0.014,0.98,0.408,0.55,1300,0,210,0.89,0.64,190,75,0.8411
New York,0.485,0.94,0.029,0.82,0.63,0.96,0.799,0.99,0.71,0.97,0.311,0.71,0.014,0.99,0.408,0.63,1300,0,230,0.92,0.76,210,85,0.8497
Istanbul,0.191,0.94,0.599,0.98,0.746,0.94,0.137,0.89,0.07,0.84,0.773,0.71,0.854,0.91,0.34,0.58,1500,0,85,0.84,0.88,65,32,0.8483
London,0.191,0.94,0.599,0.97,0.746,0.91,0.137,0.95,0.07,0.98,0.773,0.76,0.854,0.98,0.34,0.55,1500,0,210,0.89,0.64,190,75,0.8388
Bali,0.191,0.73,0.599,0.76,0.746,0.91,0.137,0.87,0.07,0.51,0.773,0.99,0.854,0.72,0.34,0.98,1500,0,90,0.62,0.95,70,35,0.8447
Singapore,0.191,0.91,0.599,0.72,0.746,0.98,0.137,0.85,0.07,0.79,0.773,0.94,0.854,0.97,0.34,0.79,1500,0,155,0.9,0.94,145,50,0.8959
Barcelona,0.191,0.96,0.599,0.84,0.746,0.94,0.137,0.96,0.07,0.82,0.773,0.82,0.854,0.88,0.34,0.72,1500,0,150,0.93,0.94,130,58,0.8565
Switzerland,0.933,0.79,0.87,0.78,0.981,0.82,0.239,0.58,0.383,0.75,0.856,0.99,0.411,0.76,0.318,0.98,2600,1,240,0.88,0.78,220,90,0.8611
Istanbul,0.933,0.94,0.87,0.98,0.981,0.94,0.239,0.89,0.383,0.84,0.856,0.71,0.411,0.91,0.318,0.58,2600,1,85,0.84,0.88,65,32,0.8997
Barcelona,0.933,0.96,0.87,0.84,0.981,0.94,0.239,0.96,0.383,0.82,0.856,0.82,0.411,0.88,0.318,0.72,2600,1,150,0.93,0.94,130,58,0.9326
Singapore,0.933,0.91,0.87,0.72,0.981,0.98,0.239,0.85,0.383,0.79,0.856,0.94,0.411,0.97,0.318,0.79,2600,1,155,0.9,0.94,145,50,0.9313
Paris,0.933,0.98,0.87,0.95,0.981,0.97,0.239,0.82,0.383,0.99,0.856,0.65,0.411,0.92,0.318,0.45,2600,1,180,0.95,0.82,160,70,0.8964
Rome,0.933,0.97,0.87,0.99,0.981,0.96,0.239,0.78,0.383,0.91,0.856,0.62,0.411,0.76,0.318,0.48,2600,1,145,0.91,0.9,125,55,0.8919
Switzerland,0.457,0.79,0.722,0.78,0.41,0.82,0.655,0.58,0.154,0.75,0.469,0.99,0.969,0.76,0.339,0.98,2200,0,240,0.88,0.78,220,90,0.8193
New York,0.457,0.94,0.722,0.82,0.41,0.96,0.655,0.99,0.154,0.97,0.469,0.71,0.969,0.99,0.339,0.63,2200,0,230,0.92,0.76,210,85,0.8373
Dubai,0.457,0.96,0.722,0.63,0.41,0.91,0.655,0.92,0.154,0.72,0.469,0.68,0.969,0.99,0.339,0.91,2200,0,190,0.58,0.96,175,70,0.837
Tokyo,0.457,0.9,0.722,0.91,0.41,0.99,0.655,0.96,0.154,0.88,0.469,0.74,0.969,0.99,0.339,0.71,2200,0,165,0.91,0.79,135,60,0.8796
Singapore,0.457,0.91,0.722,0.72,0.41,0.98,0.655,0.85,0.154,0.79,0.469,0.94,0.969,0.97,0.339,0.79,2200,0,155,0.9,0.94,145,50,0.8917
Paris,0.997,0.98,0.747,0.95,0.434,0.97,0.098,0.82,0.634,0.99,0.873,0.65,0.444,0.92,0.694,0.45,700,0,180,0.95,0.82,160,70,0.8147
London,0.997,0.94,0.747,0.97,0.434,0.91,0.098,0.95,0.634,0.98,0.873,0.76,0.444,0.98,0.694,0.55,700,0,210,0.89,0.64,190,75,0.8339
Tokyo,0.997,0.9,0.747,0.91,0.434,0.99,0.098,0.96,0.634,0.88,0.873,0.74,0.444,0.99,0.694,0.71,700,0,165,0.91,0.79,135,60,0.8489
Bali,0.997,0.73,0.747,0.76,0.434,0.91,0.098,0.87,0.634,0.51,0.873,0.99,0.444,0.72,0.694,0.98,700,0,90,0.62,0.95,70,35,0.8428
Dubai,0.997,0.96,0.747,0.63,0.434,0.91,0.098,0.92,0.634,0.72,0.873,0.68,0.444,0.99,0.694,0.91,700,0,190,0.58,0.96,175,70,0.8214
London,0.079,0.94,0.871,0.97,0.62,0.91,0.241,0.95,0.913,0.98,0.143,0.76,0.461,0.98,0.254,0.55,1500,0,210,0.89,0.64,190,75,0.8902
Switzerland,0.079,0.79,0.871,0.78,0.62,0.82,0.241,0.58,0.913,0.75,0.143,0.99,0.461,0.76,0.254,0.98,1500,0,240,0.88,0.78,220,90,0.824
New York,0.079,0.94,0.871,0.82,0.62,0.96,0.241,0.99,0.913,0.97,0.143,0.71,0.461,0.99,0.254,0.63,1500,0,230,0.92,0.76,210,85,0.8563
Barcelona,0.079,0.96,0.871,0.84,0.62,0.94,0.241,0.96,0.913,0.82,0.143,0.82,0.461,0.88,0.254,0.72,1500,0,150,0.93,0.94,130,58,0.8824
Rome,0.079,0.97,0.871,0.99,0.62,0.96,0.241,0.78,0.913,0.91,0.143,0.62,0.461,0.76,0.254,0.48,1500,0,145,0.91,0.9,125,55,0.8711
Amsterdam,0.079,0.91,0.871,0.88,0.62,0.79,0.241,0.92,0.913,0.95,0.143,0.78,0.461,0.86,0.254,0.65,1500,0,175,0.96,0.68,155,65,0.8335
Paris,0.302,0.98,0.999,0.95,0.853,0.97,0.107,0.82,0.381,0.99,0.359,0.65,0.296,0.92,0.699,0.45,700,1,180,0.95,0.82,160,70,0.8949
Bali,0.302,0.73,0.999,0.76,0.853,0.91,0.107,0.87,0.381,0.51,0.359,0.99,0.296,0.72,0.699,0.98,700,1,90,0.62,0.95,70,35,0.8385
Istanbul,0.302,0.94,0.999,0.98,0.853,0.94,0.107,0.89,0.381,0.84,0.359,0.71,0.296,0.91,0.699,0.58,700,1,85,0.84,0.88,65,32,0.8991
Singapore,0.302,0.91,0.999,0.72,0.853,0.98,0.107,0.85,0.381,0.79,0.359,0.94,0.296,0.97,0.699,0.79,700,1,155,0.9,0.94,145,50,0.8803
London,0.302,0.94,0.999,0.97,0.853,0.91,0.107,0.95,0.381,0.98,0.359,0.76,0.296,0.98,0.699,0.55,700,1,210,0.89,0.64,190,75,0.8558
Tokyo,0.251,0.9,0.756,0.91,0.767,0.99,0.681,0.96,0.137,0.88,0.097,0.74,0.627,0.99,0.039,0.71,2600,0,165,0.91,0.79,135,60,0.8793
Barcelona,0.251,0.96,0.756,0.84,0.767,0.94,0.681,0.96,0.137,0.82,0.097,0.82,0.627,0.88,0.039,0.72,2600,0,150,0.93,0.94,130,58,0.8661
Rome,0.251,0.97,0.756,0.99,0.767,0.96,0.681,0.78,0.137,0.91,0.097,0.62,0.627,0.76,0.039,0.48,2600,0,145,0.91,0.9,125,55,0.8677
London,0.251,0.94,0.756,0.97,0.767,0.91,0.681,0.95,0.137,0.98,0.097,0.76,0.627,0.98,0.039,0.55,2600,0,210,0.89,0.64,190,75,0.9024
Istanbul,0.251,0.94,0.756,0.98,0.767,0.94,0.681,0.89,0.137,0.84,0.097,0.71,0.627,0.91,0.039,0.58,2600,0,85,0.84,0.88,65,32,0.8905
Singapore,0.251,0.91,0.756,0.72,0.767,0.98,0.681,0.85,0.137,0.79,0.097,0.94,0.627,0.97,0.039,0.79,2600,0,155,0.9,0.94,145,50,0.8908
Amsterdam,0.251,0.91,0.756,0.88,0.767,0.79,0.681,0.92,0.137,0.95,0.097,0.78,0.627,0.86,0.039,0.65,2600,0,175,0.96,0.68,155,65,0.8525
New York,0.257,0.94,0.825,0.82,0.482,0.96,0.806,0.99,0.747,0.97,0.339,0.71,0.115,0.99,0.963,0.63,1100,0,230,0.92,0.76,210,85,0.8392
Tokyo,0.257,0.9,0.825,0.91,0.482,0.99,0.806,0.96,0.747,0.88,0.339,0.74,0.115,0.99,0.963,0.71,1100,0,165,0.91,0.79,135,60,0.848
Rome,0.257,0.97,0.825,0.99,0.482,0.96,0.806,0.78,0.747,0.91,0.339,0.62,0.115,0.76,0.963,0.48,1100,0,145,0.91,0.9,125,55,0.8246
Dubai,0.257,0.96,0.825,0.63,0.482,0.91,0.806,0.92,0.747,0.72,0.339,0.68,0.115,0.99,0.963,0.91,1100,0,190,0.58,0.96,175,70,0.8449
Paris,0.257,0.98,0.825,0.95,0.482,0.97,0.806,0.82,0.747,0.99,0.339,0.65,0.115,0.92,0.963,0.45,1100,0,180,0.95,0.82,160,70,0.821
Barcelona,0.257,0.96,0.825,0.84,0.482,0.94,0.806,0.96,0.747,0.82,0.339,0.82,0.115,0.88,0.963,0.72,1100,0,150,0.93,0.94,130,58,0.8698
Switzerland,0.94,0.79,0.108,0.78,0.234,0.82,0.025,0.58,0.884,0.75,0.561,0.99,0.915,0.76,0.221,0.98,900,1,240,0.88,0.78,220,90,0.8765
Dubai,0.94,0.96,0.108,0.63,0.234,0.91,0.025,0.92,0.884,0.72,0.561,0.68,0.915,0.99,0.221,0.91,900,1,190,0.58,0.96,175,70,0.8583
Rome,0.94,0.97,0.108,0.99,0.234,0.96,0.025,0.78,0.884,0.91,0.561,0.62,0.915,0.76,0.221,0.48,900,1,145,0.91,0.9,125,55,0.877
Barcelona,0.94,0.96,0.108,0.84,0.234,0.94,0.025,0.96,0.884,0.82,0.561,0.82,0.915,0.88,0.221,0.72,900,1,150,0.93,0.94,130,58,0.8894
Paris,0.94,0.98,0.108,0.95,0.234,0.97,0.025,0.82,0.884,0.99,0.561,0.65,0.915,0.92,0.221,0.45,900,1,180,0.95,0.82,160,70,0.9291
Bali,0.136,0.73,0.454,0.76,0.67,0.91,0.743,0.87,0.946,0.51,0.419,0.99,0.742,0.72,0.155,0.98,2200,0,90,0.62,0.95,70,35,0.8041
Dubai,0.136,0.96,0.454,0.63,0.67,0.91,0.743,0.92,0.946,0.72,0.419,0.68,0.742,0.99,0.155,0.91,2200,0,190,0.58,0.96,175,70,0.8682
London,0.136,0.94,0.454,0.97,0.67,0.91,0.743,0.95,0.946,0.98,0.419,0.76,0.742,0.98,0.155,0.55,2200,0,210,0.89,0.64,190,75,0.8863
Paris,0.136,0.98,0.454,0.95,0.67,0.97,0.743,0.82,0.946,0.99,0.419,0.65,0.742,0.92,0.155,0.45,2200,0,180,0.95,0.82,160,70,0.8444
Tokyo,0.136,0.9,0.454,0.91,0.67,0.99,0.743,0.96,0.946,0.88,0.419,0.74,0.742,0.99,0.155,0.71,2200,0,165,0.91,0.79,135,60,0.8868
Rome,0.136,0.97,0.454,0.99,0.67,0.96,0.743,0.78,0.946,0.91,0.419,0.62,0.742,0.76,0.155,0.48,2200,0,145,0.91,0.9,125,55,0.8435
Amsterdam,0.978,0.91,0.359,0.88,0.398,0.79,0.19,0.92,0.122,0.95,0.848,0.78,0.455,0.86,0.663,0.65,700,0,175,0.96,0.68,155,65,0.8271
Barcelona,0.978,0.96,0.359,0.84,0.398,0.94,0.19,0.96,0.122,0.82,0.848,0.82,0.455,0.88,0.663,0.72,700,0,150,0.93,0.94,130,58,0.8655
Bali,0.978,0.73,0.359,0.76,0.398,0.91,0.19,0.87,0.122,0.51,0.848,0.99,0.455,0.72,0.663,0.98,700,0,90,0.62,0.95,70,35,0.8567
Istanbul,0.978,0.94,0.359,0.98,0.398,0.94,0.19,0.89,0.122,0.84,0.848,0.71,0.455,0.91,0.663,0.58,700,0,85,0.84,0.88,65,32,0.8497
Rome,0.978,0.97,0.359,0.99,0.398,0.96,0.19,0.78,0.122,0.91,0.848,0.62,0.455,0.76,0.663,0.48,700,0,145,0.91,0.9,125,55,0.7954
Paris,0.774,0.98,0.789,0.95,0.596,0.97,0.277,0.82,0.984,0.99,0.988,0.65,0.54,0.92,0.799,0.45,900,0,180,0.95,0.82,160,70,0.8075
Tokyo,0.774,0.9,0.789,0.91,0.596,0.99,0.277,0.96,0.984,0.88,0.988,0.74,0.54,0.99,0.799,0.71,900,0,165,0.91,0.79,135,60,0.8361
Amsterdam,0.774,0.91,0.789,0.88,0.596,0.79,0.277,0.92,0.984,0.95,0.988,0.78,0.54,0.86,0.799,0.65,900,0,175,0.96,0.68,155,65,0.8019
Switzerland,0.774,0.79,0.789,0.78,0.596,0.82,0.277,0.58,0.984,0.75,0.988,0.99,0.54,0.76,0.799,0.98,900,0,240,0.88,0.78,220,90,0.8237
Paris,0.114,0.98,0.064,0.95,0.448,0.97,0.362,0.82,0.594,0.99,0.452,0.65,0.222,0.92,0.615,0.45,1500,1,180,0.95,0.82,160,70,0.847
Singapore,0.114,0.91,0.064,0.72,0.448,0.98,0.362,0.85,0.594,0.79,0.452,0.94,0.222,0.97,0.615,0.79,1500,1,155,0.9,0.94,145,50,0.8852
Dubai,0.114,0.96,0.064,0.63,0.448,0.91,0.362,0.92,0.594,0.72,0.452,0.68,0.222,0.99,0.615,0.91,1500,1,190,0.58,0.96,175,70,0.8672
New York,0.444,0.94,0.899,0.82,0.322,0.96,0.148,0.99,0.126,0.97,0.624,0.71,0.585,0.99,0.712,0.63,2200,1,230,0.92,0.76,210,85,0.8736
Bali,0.444,0.73,0.899,0.76,0.322,0.91,0.148,0.87,0.126,0.51,0.624,0.99,0.585,0.72,0.712,0.98,2200,1,90,0.62,0.95,70,35,0.878
Dubai,0.444,0.96,0.899,0.63,0.322,0.91,0.148,0.92,0.126,0.72,0.624,0.68,0.585,0.99,0.712,0.91,2200,1,190,0.58,0.96,175,70,0.8484
Rome,0.444,0.97,0.899,0.99,0.322,0.96,0.148,0.78,0.126,0.91,0.624,0.62,0.585,0.76,0.712,0.48,2200,1,145,0.91,0.9,125,55,0.8707
Istanbul,0.444,0.94,0.899,0.98,0.322,0.94,0.148,0.89,0.126,0.84,0.624,0.71,0.585,0.91,0.712,0.58,2200,1,85,0.84,0.88,65,32,0.8701
Switzerland,0.444,0.79,0.899,0.78,0.322,0.82,0.148,0.58,0.126,0.75,0.624,0.99,0.585,0.76,0.712,0.98,2200,1,240,0.88,0.78,220,90,0.8916
Rome,0.414,0.97,0.827,0.99,0.399,0.96,0.73,0.78,0.313,0.91,0.313,0.62,0.255,0.76,0.954,0.48,2600,0,145,0.91,0.9,125,55,0.7912
Istanbul,0.414,0.94,0.827,0.98,0.399,0.94,0.73,0.89,0.313,0.84,0.313,0.71,0.255,0.91,0.954,0.58,2600,0,85,0.84,0.88,65,32,0.8486
Dubai,0.414,0.96,0.827,0.63,0.399,0.91,0.73,0.92,0.313,0.72,0.313,0.68,0.255,0.99,0.954,0.91,2600,0,190,0.58,0.96,175,70,0.8627
London,0.556,0.94,0.586,0.97,0.562,0.91,0.33,0.95,0.122,0.98,0.354,0.76,0.665,0.98,0.75,0.55,700,1,210,0.89,0.64,190,75,0.8671
Tokyo,0.556,0.9,0.586,0.91,0.562,0.99,0.33,0.96,0.122,0.88,0.354,0.74,0.665,0.99,0.75,0.71,700,1,165,0.91,0.79,135,60,0.9174
Rome,0.556,0.97,0.586,0.99,0.562,0.96,0.33,0.78,0.122,0.91,0.354,0.62,0.665,0.76,0.75,0.48,700,1,145,0.91,0.9,125,55,0.8493
New York,0.556,0.94,0.586,0.82,0.562,0.96,0.33,0.99,0.122,0.97,0.354,0.71,0.665,0.99,0.75,0.63,700,1,230,0.92,0.76,210,85,0.886
Amsterdam,0.556,0.91,0.586,0.88,0.562,0.79,0.33,0.92,0.122,0.95,0.354,0.78,0.665,0.86,0.75,0.65,700,1,175,0.96,0.68,155,65,0.8371
Bali,0.556,0.73,0.586,0.76,0.562,0.91,0.33,0.87,0.122,0.51,0.354,0.99,0.665,0.72,0.75,0.98,700,1,90,0.62,0.95,70,35,0.8468
Switzerland,0.556,0.79,0.586,0.78,0.562,0.82,0.33,0.58,0.122,0.75,0.354,0.99,0.665,0.76,0.75,0.98,700,1,240,0.88,0.78,220,90,0.8462
London,0.429,0.94,0.561,0.97,0.767,0.91,0.622,0.95,0.675,0.98,0.557,0.76,0.609,0.98,0.658,0.55,1500,0,210,0.89,0.64,190,75,0.8157
Istanbul,0.429,0.94,0.561,0.98,0.767,0.94,0.622,0.89,0.675,0.84,0.557,0.71,0.609,0.91,0.658,0.58,1500,0,85,0.84,0.88,65,32,0.864
Tokyo,0.429,0.9,0.561,0.91,0.767,0.99,0.622,0.96,0.675,0.88,0.557,0.74,0.609,0.99,0.658,0.71,1500,0,165,0.91,0.79,135,60,0.8648
Bali,0.429,0.73,0.561,0.76,0.767,0.91,0.622,0.87,0.675,0.51,0.557,0.99,0.609,0.72,0.658,0.98,1500,0,90,0.62,0.95,70,35,0.8268
Barcelona,0.142,0.96,0.633,0.84,0.031,0.94,0.746,0.96,0.215,0.82,0.42,0.82,0.341,0.88,0.37,0.72,1800,0,150,0.93,0.94,130,58,0.8392
Istanbul,0.142,0.94,0.633,0.98,0.031,0.94,0.746,0.89,0.215,0.84,0.42,0.71,0.341,0.91,0.37,0.58,1800,0,85,0.84,0.88,65,32,0.8245
Bali,0.142,0.73,0.633,0.76,0.031,0.91,0.746,0.87,0.215,0.51,0.42,0.99,0.341,0.72,0.37,0.98,1800,0,90,0.62,0.95,70,35,0.8381
Amsterdam,0.424,0.91,0.607,0.88,0.414,0.79,0.216,0.92,0.512,0.95,0.345,0.78,0.111,0.86,0.678,0.65,2600,1,175,0.96,0.68,155,65,0.8384
Dubai,0.424,0.96,0.607,0.63,0.414,0.91,0.216,0.92,0.512,0.72,0.345,0.68,0.111,0.99,0.678,0.91,2600,1,190,0.58,0.96,175,70,0.8282
Bali,0.424,0.73,0.607,0.76,0.414,0.91,0.216,0.87,0.512,0.51,0.345,0.99,0.111,0.72,0.678,0.98,2600,1,90,0.62,0.95,70,35,0.866
Dubai,0.767,0.96,0.764,0.63,0.289,0.91,0.12,0.92,0.497,0.72,0.431,0.68,0.129,0.99,0.533,0.91,1300,1,190,0.58,0.96,175,70,0.8152
Paris,0.767,0.98,0.764,0.95,0.289,0.97,0.12,0.82,0.497,0.99,0.431,0.65,0.129,0.92,0.533,0.45,1300,1,180,0.95,0.82,160,70,0.9057
Istanbul,0.767,0.94,0.764,0.98,0.289,0.94,0.12,0.89,0.497,0.84,0.431,0.71,0.129,0.91,0.533,0.58,1300,1,85,0.84,0.88,65,32,0.8997
Dubai,0.576,0.96,0.573,0.63,0.709,0.91,0.418,0.92,0.115,0.72,0.021,0.68,0.325,0.99,0.801,0.91,2600,1,190,0.58,0.96,175,70,0.8751
Rome,0.576,0.97,0.573,0.99,0.709,0.96,0.418,0.78,0.115,0.91,0.021,0.62,0.325,0.76,0.801,0.48,2600,1,145,0.91,0.9,125,55,0.8647
Amsterdam,0.576,0.91,0.573,0.88,0.709,0.79,0.418,0.92,0.115,0.95,0.021,0.78,0.325,0.86,0.801,0.65,2600,1,175,0.96,0.68,155,65,0.8345
Amsterdam,0.871,0.91,0.746,0.88,0.222,0.79,0.779,0.92,0.076,0.95,0.633,0.78,0.531,0.86,0.194,0.65,1800,1,175,0.96,0.68,155,65,0.8656
Rome,0.871,0.97,0.746,0.99,0.222,0.96,0.779,0.78,0.076,0.91,0.633,0.62,0.531,0.76,0.194,0.48,1800,1,145,0.91,0.9,125,55,0.884
Barcelona,0.871,0.96,0.746,0.84,0.222,0.94,0.779,0.96,0.076,0.82,0.633,0.82,0.531,0.88,0.194,0.72,1800,1,150,0.93,0.94,130,58,0.9342
London,0.871,0.94,0.746,0.97,0.222,0.91,0.779,0.95,0.076,0.98,0.633,0.76,0.531,0.98,0.194,0.55,1800,1,210,0.89,0.64,190,75,0.9038
Singapore,0.177,0.91,0.773,0.72,0.494,0.98,0.754,0.85,0.76,0.79,0.449,0.94,0.924,0.97,0.564,0.79,1800,1,155,0.9,0.94,145,50,0.9062
Rome,0.177,0.97,0.773,0.99,0.494,0.96,0.754,0.78,0.76,0.91,0.449,0.62,0.924,0.76,0.564,0.48,1800,1,145,0.91,0.9,125,55,0.879
Istanbul,0.177,0.94,0.773,0.98,0.494,0.94,0.754,0.89,0.76,0.84,0.449,0.71,0.924,0.91,0.564,0.58,1800,1,85,0.84,0.88,65,32,0.8895
Bali,0.177,0.73,0.773,0.76,0.494,0.91,0.754,0.87,0.76,0.51,0.449,0.99,0.924,0.72,0.564,0.98,1800,1,90,0.62,0.95,70,35,0.8242
New York,0.074,0.94,0.462,0.82,0.038,0.96,0.369,0.99,0.287,0.97,0.645,0.71,0.977,0.99,0.09,0.63,2200,1,230,0.92,0.76,210,85,0.9005
Paris,0.074,0.98,0.462,0.95,0.038,0.97,0.369,0.82,0.287,0.99,0.645,0.65,0.977,0.92,0.09,0.45,2200,1,180,0.95,0.82,160,70,0.9084
Singapore,0.074,0.91,0.462,0.72,0.038,0.98,0.369,0.85,0.287,0.79,0.645,0.94,0.977,0.97,0.09,0.79,2200,1,155,0.9,0.94,145,50,0.9123
Amsterdam,0.074,0.91,0.462,0.88,0.038,0.79,0.369,0.92,0.287,0.95,0.645,0.78,0.977,0.86,0.09,0.65,2200,1,175,0.96,0.68,155,65,0.8931
Tokyo,0.074,0.9,0.462,0.91,0.038,0.99,0.369,0.96,0.287,0.88,0.645,0.74,0.977,0.99,0.09,0.71,2200,1,165,0.91,0.79,135,60,0.9253
London,0.074,0.94,0.462,0.97,0.038,0.91,0.369,0.95,0.287,0.98,0.645,0.76,0.977,0.98,0.09,0.55,2200,1,210,0.89,0.64,190,75,0.9239
Istanbul,0.074,0.94,0.462,0.98,0.038,0.94,0.369,0.89,0.287,0.84,0.645,0.71,0.977,0.91,0.09,0.58,2200,1,85,0.84,0.88,65,32,0.8665
Switzerland,0.646,0.79,0.039,0.78,0.708,0.82,0.991,0.58,0.524,0.75,0.61,0.99,0.364,0.76,0.918,0.98,2200,1,240,0.88,0.78,220,90,0.8411
Bali,0.646,0.73,0.039,0.76,0.708,0.91,0.991,0.87,0.524,0.51,0.61,0.99,0.364,0.72,0.918,0.98,2200,1,90,0.62,0.95,70,35,0.865
Paris,0.646,0.98,0.039,0.95,0.708,0.97,0.991,0.82,0.524,0.99,0.61,0.65,0.364,0.92,0.918,0.45,2200,1,180,0.95,0.82,160,70,0.8504
Tokyo,0.646,0.9,0.039,0.91,0.708,0.99,0.991,0.96,0.524,0.88,0.61,0.74,0.364,0.99,0.918,0.71,2200,1,165,0.91,0.79,135,60,0.8818
Rome,0.646,0.97,0.039,0.99,0.708,0.96,0.991,0.78,0.524,0.91,0.61,0.62,0.364,0.76,0.918,0.48,2200,1,145,0.91,0.9,125,55,0.8599
Istanbul,0.964,0.94,0.603,0.98,0.15,0.94,0.082,0.89,0.664,0.84,0.917,0.71,0.31,0.91,0.656,0.58,2200,0,85,0.84,0.88,65,32,0.8483
Rome,0.964,0.97,0.603,0.99,0.15,0.96,0.082,0.78,0.664,0.91,0.917,0.62,0.31,0.76,0.656,0.48,2200,0,145,0.91,0.9,125,55,0.8266
London,0.964,0.94,0.603,0.97,0.15,0.91,0.082,0.95,0.664,0.98,0.917,0.76,0.31,0.98,0.656,0.55,2200,0,210,0.89,0.64,190,75,0.8437
New York,0.964,0.94,0.603,0.82,0.15,0.96,0.082,0.99,0.664,0.97,0.917,0.71,0.31,0.99,0.656,0.63,2200,0,230,0.92,0.76,210,85,0.8406
Dubai,0.964,0.96,0.603,0.63,0.15,0.91,0.082,0.92,0.664,0.72,0.917,0.68,0.31,0.99,0.656,0.91,2200,0,190,0.58,0.96,175,70,0.8416
Tokyo,0.964,0.9,0.603,0.91,0.15,0.99,0.082,0.96,0.664,0.88,0.917,0.74,0.31,0.99,0.656,0.71,2200,0,165,0.91,0.79,135,60,0.8383
Barcelona,0.964,0.96,0.603,0.84,0.15,0.94,0.082,0.96,0.664,0.82,0.917,0.82,0.31,0.88,0.656,0.72,2200,0,150,0.93,0.94,130,58,0.8612
London,0.423,0.94,0.362,0.97,0.363,0.91,0.18,0.95,0.214,0.98,0.948,0.76,0.486,0.98,0.227,0.55,1100,0,210,0.89,0.64,190,75,0.8486
Rome,0.423,0.97,0.362,0.99,0.363,0.96,0.18,0.78,0.214,0.91,0.948,0.62,0.486,0.76,0.227,0.48,1100,0,145,0.91,0.9,125,55,0.8285
New York,0.423,0.94,0.362,0.82,0.363,0.96,0.18,0.99,0.214,0.97,0.948,0.71,0.486,0.99,0.227,0.63,1100,0,230,0.92,0.76,210,85,0.8558
Dubai,0.038,0.96,0.337,0.63,0.766,0.91,0.131,0.92,0.377,0.72,0.162,0.68,0.831,0.99,0.771,0.91,1100,1,190,0.58,0.96,175,70,0.9
Tokyo,0.038,0.9,0.337,0.91,0.766,0.99,0.131,0.96,0.377,0.88,0.162,0.74,0.831,0.99,0.771,0.71,1100,1,165,0.91,0.79,135,60,0.9111
Amsterdam,0.038,0.91,0.337,0.88,0.766,0.79,0.131,0.92,0.377,0.95,0.162,0.78,0.831,0.86,0.771,0.65,1100,1,175,0.96,0.68,155,65,0.8613
Dubai,0.784,0.96,0.234,0.63,0.239,0.91,0.966,0.92,0.784,0.72,0.904,0.68,0.194,0.99,0.678,0.91,2600,1,190,0.58,0.96,175,70,0.8709
New York,0.784,0.94,0.234,0.82,0.239,0.96,0.966,0.99,0.784,0.97,0.904,0.71,0.194,0.99,0.678,0.63,2600,1,230,0.92,0.76,210,85,0.9019
Switzerland,0.784,0.79,0.234,0.78,0.239,0.82,0.966,0.58,0.784,0.75,0.904,0.99,0.194,0.76,0.678,0.98,2600,1,240,0.88,0.78,220,90,0.8313
Istanbul,0.784,0.94,0.234,0.98,0.239,0.94,0.966,0.89,0.784,0.84,0.904,0.71,0.194,0.91,0.678,0.58,2600,1,85,0.84,0.88,65,32,0.8513
Barcelona,0.784,0.96,0.234,0.84,0.239,0.94,0.966,0.96,0.784,0.82,0.904,0.82,0.194,0.88,0.678,0.72,2600,1,150,0.93,0.94,130,58,0.9139
Amsterdam,0.874,0.91,0.555,0.88,0.103,0.79,0.846,0.92,0.851,0.95,0.285,0.78,0.763,0.86,0.273,0.65,1100,1,175,0.96,0.68,155,65,0.914
Singapore,0.874,0.91,0.555,0.72,0.103,0.98,0.846,0.85,0.851,0.79,0.285,0.94,0.763,0.97,0.273,0.79,1100,1,155,0.9,0.94,145,50,0.8955
Tokyo,0.874,0.9,0.555,0.91,0.103,0.99,0.846,0.96,0.851,0.88,0.285,0.74,0.763,0.99,0.273,0.71,1100,1,165,0.91,0.79,135,60,0.9074
London,0.374,0.94,0.386,0.97,0.082,0.91,0.225,0.95,0.319,0.98,0.099,0.76,0.715,0.98,0.335,0.55,1100,0,210,0.89,0.64,190,75,0.8683
Singapore,0.374,0.91,0.386,0.72,0.082,0.98,0.225,0.85,0.319,0.79,0.099,0.94,0.715,0.97,0.335,0.79,1100,0,155,0.9,0.94,145,50,0.8615
Barcelona,0.374,0.96,0.386,0.84,0.082,0.94,0.225,0.96,0.319,0.82,0.099,0.82,0.715,0.88,0.335,0.72,1100,0,150,0.93,0.94,130,58,0.868
Paris,0.906,0.98,0.019,0.95,0.216,0.97,0.15,0.82,0.94,0.99,0.609,0.65,0.423,0.92,0.776,0.45,1300,1,180,0.95,0.82,160,70,0.8747
Amsterdam,0.906,0.91,0.019,0.88,0.216,0.79,0.15,0.92,0.94,0.95,0.609,0.78,0.423,0.86,0.776,0.65,1300,1,175,0.96,0.68,155,65,0.8731
Dubai,0.906,0.96,0.019,0.63,0.216,0.91,0.15,0.92,0.94,0.72,0.609,0.68,0.423,0.99,0.776,0.91,1300,1,190,0.58,0.96,175,70,0.842
Dubai,0.837,0.96,0.5,0.63,0.536,0.91,0.632,0.92,0.575,0.72,0.719,0.68,0.291,0.99,0.002,0.91,1800,0,190,0.58,0.96,175,70,0.8439
Barcelona,0.837,0.96,0.5,0.84,0.536,0.94,0.632,0.96,0.575,0.82,0.719,0.82,0.291,0.88,0.002,0.72,1800,0,150,0.93,0.94,130,58,0.8939
Rome,0.837,0.97,0.5,0.99,0.536,0.96,0.632,0.78,0.575,0.91,0.719,0.62,0.291,0.76,0.002,0.48,1800,0,145,0.91,0.9,125,55,0.8544
New York,0.837,0.94,0.5,0.82,0.536,0.96,0.632,0.99,0.575,0.97,0.719,0.71,0.291,0.99,0.002,0.63,1800,0,230,0.92,0.76,210,85,0.8437
Tokyo,0.837,0.9,0.5,0.91,0.536,0.99,0.632,0.96,0.575,0.88,0.719,0.74,0.291,0.99,0.002,0.71,1800,0,165,0.91,0.79,135,60,0.8863
Paris,0.837,0.98,0.5,0.95,0.536,0.97,0.632,0.82,0.575,0.99,0.719,0.65,0.291,0.92,0.002,0.45,1800,0,180,0.95,0.82,160,70,0.8427
London,0.837,0.94,0.5,0.97,0.536,0.91,0.632,0.95,0.575,0.98,0.719,0.76,0.291,0.98,0.002,0.55,1800,0,210,0.89,0.64,190,75,0.8591
Tokyo,0.373,0.9,0.747,0.91,0.357,0.99,0.068,0.96,0.241,0.88,0.657,0.74,0.104,0.99,0.582,0.71,1800,0,165,0.91,0.79,135,60,0.8526
New York,0.373,0.94,0.747,0.82,0.357,0.96,0.068,0.99,0.241,0.97,0.657,0.71,0.104,0.99,0.582,0.63,1800,0,230,0.92,0.76,210,85,0.7974
Istanbul,0.373,0.94,0.747,0.98,0.357,0.94,0.068,0.89,0.241,0.84,0.657,0.71,0.104,0.91,0.582,0.58,1800,0,85,0.84,0.88,65,32,0.8467
Tokyo,0.465,0.9,0.695,0.91,0.632,0.99,0.811,0.96,0.063,0.88,0.776,0.74,0.458,0.99,0.293,0.71,700,0,165,0.91,0.79,135,60,0.86
London,0.465,0.94,0.695,0.97,0.632,0.91,0.811,0.95,0.063,0.98,0.776,0.76,0.458,0.98,0.293,0.55,700,0,210,0.89,0.64,190,75,0.8618
New York,0.465,0.94,0.695,0.82,0.632,0.96,0.811,0.99,0.063,0.97,0.776,0.71,0.458,0.99,0.293,0.63,700,0,230,0.92,0.76,210,85,0.8494
Dubai,0.037,0.96,0.647,0.63,0.286,0.91,0.862,0.92,0.048,0.72,0.656,0.68,0.273,0.99,0.799,0.91,2200,1,190,0.58,0.96,175,70,0.8699
Tokyo,0.037,0.9,0.647,0.91,0.286,0.99,0.862,0.96,0.048,0.88,0.656,0.74,0.273,0.99,0.799,0.71,2200,1,165,0.91,0.79,135,60,0.8861
Barcelona,0.037,0.96,0.647,0.84,0.286,0.94,0.862,0.96,0.048,0.82,0.656,0.82,0.273,0.88,0.799,0.72,2200,1,150,0.93,0.94,130,58,0.9123
Singapore,0.037,0.91,0.647,0.72,0.286,0.98,0.862,0.85,0.048,0.79,0.656,0.94,0.273,0.97,0.799,0.79,2200,1,155,0.9,0.94,145,50,0.9047
New York,0.037,0.94,0.647,0.82,0.286,0.96,0.862,0.99,0.048,0.97,0.656,0.71,0.273,0.99,0.799,0.63,2200,1,230,0.92,0.76,210,85,0.8424
Bali,0.037,0.73,0.647,0.76,0.286,0.91,0.862,0.87,0.048,0.51,0.656,0.99,0.273,0.72,0.799,0.98,2200,1,90,0.62,0.95,70,35,0.8914
Paris,0.822,0.98,0.545,0.95,0.321,0.97,0.08,0.82,0.661,0.99,0.306,0.65,0.603,0.92,0.426,0.45,2600,1,180,0.95,0.82,160,70,0.927
Tokyo,0.822,0.9,0.545,0.91,0.321,0.99,0.08,0.96,0.661,0.88,0.306,0.74,0.603,0.99,0.426,0.71,2600,1,165,0.91,0.79,135,60,0.9245
Bali,0.822,0.73,0.545,0.76,0.321,0.91,0.08,0.87,0.661,0.51,0.306,0.99,0.603,0.72,0.426,0.98,2600,1,90,0.62,0.95,70,35,0.7929
Dubai,0.822,0.96,0.545,0.63,0.321,0.91,0.08,0.92,0.661,0.72,0.306,0.68,0.603,0.99,0.426,0.91,2600,1,190,0.58,0.96,175,70,0.8657
London,0.822,0.94,0.545,0.97,0.321,0.91,0.08,0.95,0.661,0.98,0.306,0.76,0.603,0.98,0.426,0.55,2600,1,210,0.89,0.64,190,75,0.8842
Switzerland,0.822,0.79,0.545,0.78,0.321,0.82,0.08,0.58,0.661,0.75,0.306,0.99,0.603,0.76,0.426,0.98,2600,1,240,0.88,0.78,220,90,0.8686
Bali,0.679,0.73,0.953,0.76,0.143,0.91,0.608,0.87,0.781,0.51,0.035,0.99,0.067,0.72,0.779,0.98,1800,1,90,0.62,0.95,70,35,0.8139
Paris,0.679,0.98,0.953,0.95,0.143,0.97,0.608,0.82,0.781,0.99,0.035,0.65,0.067,0.92,0.779,0.45,1800,1,180,0.95,0.82,160,70,0.8969
Istanbul,0.679,0.94,0.953,0.98,0.143,0.94,0.608,0.89,0.781,0.84,0.035,0.71,0.067,0.91,0.779,0.58,1800,1,85,0.84,0.88,65,32,0.8862
Barcelona,0.679,0.96,0.953,0.84,0.143,0.94,0.608,0.96,0.781,0.82,0.035,0.82,0.067,0.88,0.779,0.72,1800,1,150,0.93,0.94,130,58,0.9016
Singapore,0.679,0.91,0.953,0.72,0.143,0.98,0.608,0.85,0.781,0.79,0.035,0.94,0.067,0.97,0.779,0.79,1800,1,155,0.9,0.94,145,50,0.8671
New York,0.679,0.94,0.953,0.82,0.143,0.96,0.608,0.99,0.781,0.97,0.035,0.71,0.067,0.99,0.779,0.63,1800,1,230,0.92,0.76,210,85,0.8944
London,0.25,0.94,0.113,0.97,0.736,0.91,0.499,0.95,0.387,0.98,0.562,0.76,0.262,0.98,0.26,0.55,2600,0,210,0.89,0.64,190,75,0.8384
Singapore,0.25,0.91,0.113,0.72,0.736,0.98,0.499,0.85,0.387,0.79,0.562,0.94,0.262,0.97,0.26,0.79,2600,0,155,0.9,0.94,145,50,0.9011
Amsterdam,0.25,0.91,0.113,0.88,0.736,0.79,0.499,0.92,0.387,0.95,0.562,0.78,0.262,0.86,0.26,0.65,2600,0,175,0.96,0.68,155,65,0.8173
Rome,0.25,0.97,0.113,0.99,0.736,0.96,0.499,0.78,0.387,0.91,0.562,0.62,0.262,0.76,0.26,0.48,2600,0,145,0.91,0.9,125,55,0.8032
Barcelona,0.25,0.96,0.113,0.84,0.736,0.94,0.499,0.96,0.387,0.82,0.562,0.82,0.262,0.88,0.26,0.72,2600,0,150,0.93,0.94,130,58,0.8813
Dubai,0.25,0.96,0.113,0.63,0.736,0.91,0.499,0.92,0.387,0.72,0.562,0.68,0.262,0.99,0.26,0.91,2600,0,190,0.58,0.96,175,70,0.871
Paris,0.25,0.98,0.113,0.95,0.736,0.97,0.499,0.82,0.387,0.99,0.562,0.65,0.262,0.92,0.26,0.45,2600,0,180,0.95,0.82,160,70,0.8278
Amsterdam,0.347,0.91,0.065,0.88,0.542,0.79,0.891,0.92,0.851,0.95,0.712,0.78,0.927,0.86,0.638,0.65,1800,0,175,0.96,0.68,155,65,0.8388
Barcelona,0.347,0.96,0.065,0.84,0.542,0.94,0.891,0.96,0.851,0.82,0.712,0.82,0.927,0.88,0.638,0.72,1800,0,150,0.93,0.94,130,58,0.8402
Istanbul,0.347,0.94,0.065,0.98,0.542,0.94,0.891,0.89,0.851,0.84,0.712,0.71,0.927,0.91,0.638,0.58,1800,0,85,0.84,0.88,65,32,0.8385
Rome,0.369,0.97,0.804,0.99,0.552,0.96,0.612,0.78,0.086,0.91,0.309,0.62,1.0,0.76,0.719,0.48,2200,1,145,0.91,0.9,125,55,0.8585
Barcelona,0.369,0.96,0.804,0.84,0.552,0.94,0.612,0.96,0.086,0.82,0.309,0.82,1.0,0.88,0.719,0.72,2200,1,150,0.93,0.94,130,58,0.8884
Tokyo,0.369,0.9,0.804,0.91,0.552,0.99,0.612,0.96,0.086,0.88,0.309,0.74,1.0,0.99,0.719,0.71,2200,1,165,0.91,0.79,135,60,0.926
Istanbul,0.369,0.94,0.804,0.98,0.552,0.94,0.612,0.89,0.086,0.84,0.309,0.71,1.0,0.91,0.719,0.58,2200,1,85,0.84,0.88,65,32,0.8891
Singapore,0.369,0.91,0.804,0.72,0.552,0.98,0.612,0.85,0.086,0.79,0.309,0.94,1.0,0.97,0.719,0.79,2200,1,155,0.9,0.94,145,50,0.9104
Amsterdam,0.369,0.91,0.804,0.88,0.552,0.79,0.612,0.92,0.086,0.95,0.309,0.78,1.0,0.86,0.719,0.65,2200,1,175,0.96,0.68,155,65,0.8751
Bali,0.369,0.73,0.804,0.76,0.552,0.91,0.612,0.87,0.086,0.51,0.309,0.99,1.0,0.72,0.719,0.98,2200,1,90,0.62,0.95,70,35,0.8358
Amsterdam,0.503,0.91,0.868,0.88,0.831,0.79,0.518,0.92,0.304,0.95,0.162,0.78,0.935,0.86,0.225,0.65,1500,0,175,0.96,0.68,155,65,0.8378
Switzerland,0.503,0.79,0.868,0.78,0.831,0.82,0.518,0.58,0.304,0.75,0.162,0.99,0.935,0.76,0.225,0.98,1500,0,240,0.88,0.78,220,90,0.7998
New York,0.503,0.94,0.868,0.82,0.831,0.96,0.518,0.99,0.304,0.97,0.162,0.71,0.935,0.99,0.225,0.63,1500,0,230,0.92,0.76,210,85,0.8541
London,0.503,0.94,0.868,0.97,0.831,0.91,0.518,0.95,0.304,0.98,0.162,0.76,0.935,0.98,0.225,0.55,1500,0,210,0.89,0.64,190,75,0.8766
Barcelona,0.503,0.96,0.868,0.84,0.831,0.94,0.518,0.96,0.304,0.82,0.162,0.82,0.935,0.88,0.225,0.72,1500,0,150,0.93,0.94,130,58,0.8811
London,0.581,0.94,0.171,0.97,0.624,0.91,0.902,0.95,0.338,0.98,0.924,0.76,0.041,0.98,0.864,0.55,900,0,210,0.89,0.64,190,75,0.8138
Switzerland,0.581,0.79,0.171,0.78,0.624,0.82,0.902,0.58,0.338,0.75,0.924,0.99,0.041,0.76,0.864,0.98,900,0,240,0.88,0.78,220,90,0.8309
Amsterdam,0.581,0.91,0.171,0.88,0.624,0.79,0.902,0.92,0.338,0.95,0.924,0.78,0.041,0.86,0.864,0.65,900,0,175,0.96,0.68,155,65,0.7995
Dubai,0.581,0.96,0.171,0.63,0.624,0.91,0.902,0.92,0.338,0.72,0.924,0.68,0.041,0.99,0.864,0.91,900,0,190,0.58,0.96,175,70,0.841
Paris,0.581,0.98,0.171,0.95,0.624,0.97,0.902,0.82,0.338,0.99,0.924,0.65,0.041,0.92,0.864,0.45,900,0,180,0.95,0.82,160,70,0.8115
Bali,0.581,0.73,0.171,0.76,0.624,0.91,0.902,0.87,0.338,0.51,0.924,0.99,0.041,0.72,0.864,0.98,900,0,90,0.62,0.95,70,35,0.8627
Tokyo,0.581,0.9,0.171,0.91,0.624,0.99,0.902,0.96,0.338,0.88,0.924,0.74,0.041,0.99,0.864,0.71,900,0,165,0.91,0.79,135,60,0.8393
Tokyo,0.689,0.9,0.158,0.91,0.416,0.99,0.464,0.96,0.34,0.88,0.144,0.74,0.861,0.99,0.319,0.71,1800,1,165,0.91,0.79,135,60,0.9105
New York,0.689,0.94,0.158,0.82,0.416,0.96,0.464,0.99,0.34,0.97,0.144,0.71,0.861,0.99,0.319,0.63,1800,1,230,0.92,0.76,210,85,0.9186
Switzerland,0.689,0.79,0.158,0.78,0.416,0.82,0.464,0.58,0.34,0.75,0.144,0.99,0.861,0.76,0.319,0.98,1800,1,240,0.88,0.78,220,90,0.8219
Rome,0.689,0.97,0.158,0.99,0.416,0.96,0.464,0.78,0.34,0.91,0.144,0.62,0.861,0.76,0.319,0.48,1800,1,145,0.91,0.9,125,55,0.8624
Singapore,0.097,0.91,0.29,0.72,0.384,0.98,0.615,0.85,0.248,0.79,0.865,0.94,0.16,0.97,0.327,0.79,1800,0,155,0.9,0.94,145,50,0.8891
New York,0.097,0.94,0.29,0.82,0.384,0.96,0.615,0.99,0.248,0.97,0.865,0.71,0.16,0.99,0.327,0.63,1800,0,230,0.92,0.76,210,85,0.8334
Istanbul,0.097,0.94,0.29,0.98,0.384,0.94,0.615,0.89,0.248,0.84,0.865,0.71,0.16,0.91,0.327,0.58,1800,0,85,0.84,0.88,65,32,0.8081
Bali,0.097,0.73,0.29,0.76,0.384,0.91,0.615,0.87,0.248,0.51,0.865,0.99,0.16,0.72,0.327,0.98,1800,0,90,0.62,0.95,70,35,0.8609
Dubai,0.457,0.96,0.241,0.63,0.583,0.91,0.049,0.92,0.281,0.72,0.598,0.68,0.843,0.99,0.673,0.91,1500,0,190,0.58,0.96,175,70,0.8764
Barcelona,0.457,0.96,0.241,0.84,0.583,0.94,0.049,0.96,0.281,0.82,0.598,0.82,0.843,0.88,0.673,0.72,1500,0,150,0.93,0.94,130,58,0.87
London,0.457,0.94,0.241,0.97,0.583,0.91,0.049,0.95,0.281,0.98,0.598,0.76,0.843,0.98,0.673,0.55,1500,0,210,0.89,0.64,190,75,0.8174
Dubai,0.401,0.96,0.57,0.63,0.195,0.91,0.553,0.92,0.074,0.72,0.504,0.68,0.764,0.99,0.28,0.91,900,0,190,0.58,0.96,175,70,0.8585
Tokyo,0.401,0.9,0.57,0.91,0.195,0.99,0.553,0.96,0.074,0.88,0.504,0.74,0.764,0.99,0.28,0.71,900,0,165,0.91,0.79,135,60,0.8605
Switzerland,0.401,0.79,0.57,0.78,0.195,0.82,0.553,0.58,0.074,0.75,0.504,0.99,0.764,0.76,0.28,0.98,900,0,240,0.88,0.78,220,90,0.7864
Tokyo,0.602,0.9,0.401,0.91,0.04,0.99,0.039,0.96,0.714,0.88,0.804,0.74,0.519,0.99,0.149,0.71,1100,1,165,0.91,0.79,135,60,0.8906
Barcelona,0.602,0.96,0.401,0.84,0.04,0.94,0.039,0.96,0.714,0.82,0.804,0.82,0.519,0.88,0.149,0.72,1100,1,150,0.93,0.94,130,58,0.9112
Dubai,0.602,0.96,0.401,0.63,0.04,0.91,0.039,0.92,0.714,0.72,0.804,0.68,0.519,0.99,0.149,0.91,1100,1,190,0.58,0.96,175,70,0.8237
London,0.602,0.94,0.401,0.97,0.04,0.91,0.039,0.95,0.714,0.98,0.804,0.76,0.519,0.98,0.149,0.55,1100,1,210,0.89,0.64,190,75,0.9067
Istanbul,0.602,0.94,0.401,0.98,0.04,0.94,0.039,0.89,0.714,0.84,0.804,0.71,0.519,0.91,0.149,0.58,1100,1,85,0.84,0.88,65,32,0.8722
New York,0.602,0.94,0.401,0.82,0.04,0.96,0.039,0.99,0.714,0.97,0.804,0.71,0.519,0.99,0.149,0.63,1100,1,230,0.92,0.76,210,85,0.8986
Bali,0.602,0.73,0.401,0.76,0.04,0.91,0.039,0.87,0.714,0.51,0.804,0.99,0.519,0.72,0.149,0.98,1100,1,90,0.62,0.95,70,35,0.839
Singapore,0.584,0.91,0.797,0.72,0.725,0.98,0.688,0.85,0.027,0.79,0.475,0.94,0.967,0.97,0.783,0.79,1300,0,155,0.9,0.94,145,50,0.8573
Barcelona,0.584,0.96,0.797,0.84,0.725,0.94,0.688,0.96,0.027,0.82,0.475,0.82,0.967,0.88,0.783,0.72,1300,0,150,0.93,0.94,130,58,0.8706
New York,0.584,0.94,0.797,0.82,0.725,0.96,0.688,0.99,0.027,0.97,0.475,0.71,0.967,0.99,0.783,0.63,1300,0,230,0.92,0.76,210,85,0.8585
Dubai,0.584,0.96,0.797,0.63,0.725,0.91,0.688,0.92,0.027,0.72,0.475,0.68,0.967,0.99,0.783,0.91,1300,0,190,0.58,0.96,175,70,0.8499
Switzerland,0.584,0.79,0.797,0.78,0.725,0.82,0.688,0.58,0.027,0.75,0.475,0.99,0.967,0.76,0.783,0.98,1300,0,240,0.88,0.78,220,90,0.8089
Bali,0.584,0.73,0.797,0.76,0.725,0.91,0.688,0.87,0.027,0.51,0.475,0.99,0.967,0.72,0.783,0.98,1300,0,90,0.62,0.95,70,35,0.8449
Tokyo,0.584,0.9,0.797,0.91,0.725,0.99,0.688,0.96,0.027,0.88,0.475,0.74,0.967,0.99,0.783,0.71,1300,0,165,0.91,0.79,135,60,0.8618
Dubai,0.204,0.96,0.502,0.63,0.611,0.91,0.472,0.92,0.848,0.72,0.727,0.68,0.706,0.99,0.519,0.91,1800,1,190,0.58,0.96,175,70,0.8568
Tokyo,0.204,0.9,0.502,0.91,0.611,0.99,0.472,0.96,0.848,0.88,0.727,0.74,0.706,0.99,0.519,0.71,1800,1,165,0.91,0.79,135,60,0.9179
Barcelona,0.204,0.96,0.502,0.84,0.611,0.94,0.472,0.96,0.848,0.82,0.727,0.82,0.706,0.88,0.519,0.72,1800,1,150,0.93,0.94,130,58,0.9101
Singapore,0.204,0.91,0.502,0.72,0.611,0.98,0.472,0.85,0.848,0.79,0.727,0.94,0.706,0.97,0.519,0.79,1800,1,155,0.9,0.94,145,50,0.9215
Switzerland,0.204,0.79,0.502,0.78,0.611,0.82,0.472,0.58,0.848,0.75,0.727,0.99,0.706,0.76,0.519,0.98,1800,1,240,0.88,0.78,220,90,0.8417
London,0.204,0.94,0.502,0.97,0.611,0.91,0.472,0.95,0.848,0.98,0.727,0.76,0.706,0.98,0.519,0.55,1800,1,210,0.89,0.64,190,75,0.881
Bali,0.204,0.73,0.502,0.76,0.611,0.91,0.472,0.87,0.848,0.51,0.727,0.99,0.706,0.72,0.519,0.98,1800,1,90,0.62,0.95,70,35,0.8592
Istanbul,0.279,0.94,0.298,0.98,0.941,0.94,0.982,0.89,0.771,0.84,0.705,0.71,0.69,0.91,0.489,0.58,2600,1,85,0.84,0.88,65,32,0.9037
London,0.279,0.94,0.298,0.97,0.941,0.91,0.982,0.95,0.771,0.98,0.705,0.76,0.69,0.98,0.489,0.55,2600,1,210,0.89,0.64,190,75,0.901
Switzerland,0.279,0.79,0.298,0.78,0.941,0.82,0.982,0.58,0.771,0.75,0.705,0.99,0.69,0.76,0.489,0.98,2600,1,240,0.88,0.78,220,90,0.8297
Rome,0.279,0.97,0.298,0.99,0.941,0.96,0.982,0.78,0.771,0.91,0.705,0.62,0.69,0.76,0.489,0.48,2600,1,145,0.91,0.9,125,55,0.8514
Dubai,0.279,0.96,0.298,0.63,0.941,0.91,0.982,0.92,0.771,0.72,0.705,0.68,0.69,0.99,0.489,0.91,2600,1,190,0.58,0.96,175,70,0.8743
Amsterdam,0.279,0.91,0.298,0.88,0.941,0.79,0.982,0.92,0.771,0.95,0.705,0.78,0.69,0.86,0.489,0.65,2600,1,175,0.96,0.68,155,65,0.8634
Barcelona,0.279,0.96,0.298,0.84,0.941,0.94,0.982,0.96,0.771,0.82,0.705,0.82,0.69,0.88,0.489,0.72,2600,1,150,0.93,0.94,130,58,0.9096
Switzerland,0.256,0.79,0.479,0.78,0.202,0.82,0.539,0.58,0.933,0.75,0.696,0.99,0.137,0.76,0.616,0.98,1300,0,240,0.88,0.78,220,90,0.8249
New York,0.256,0.94,0.479,0.82,0.202,0.96,0.539,0.99,0.933,0.97,0.696,0.71,0.137,0.99,0.616,0.63,1300,0,230,0.92,0.76,210,85,0.8143
Amsterdam,0.256,0.91,0.479,0.88,0.202,0.79,0.539,0.92,0.933,0.95,0.696,0.78,0.137,0.86,0.616,0.65,1300,0,175,0.96,0.68,155,65,0.8203
London,0.717,0.94,0.101,0.97,0.771,0.91,0.005,0.95,0.55,0.98,0.929,0.76,0.407,0.98,0.935,0.55,2600,1,210,0.89,0.64,190,75,0.8676
Tokyo,0.717,0.9,0.101,0.91,0.771,0.99,0.005,0.96,0.55,0.88,0.929,0.74,0.407,0.99,0.935,0.71,2600,1,165,0.91,0.79,135,60,0.8582
Istanbul,0.717,0.94,0.101,0.98,0.771,0.94,0.005,0.89,0.55,0.84,0.929,0.71,0.407,0.91,0.935,0.58,2600,1,85,0.84,0.88,65,32,0.8563
Paris,0.717,0.98,0.101,0.95,0.771,0.97,0.005,0.82,0.55,0.99,0.929,0.65,0.407,0.92,0.935,0.45,2600,1,180,0.95,0.82,160,70,0.8536
Istanbul,0.723,0.94,0.937,0.98,0.913,0.94,0.175,0.89,0.882,0.84,0.176,0.71,0.92,0.91,0.997,0.58,2200,1,85,0.84,0.88,65,32,0.8749
London,0.723,0.94,0.937,0.97,0.913,0.91,0.175,0.95,0.882,0.98,0.176,0.76,0.92,0.98,0.997,0.55,2200,1,210,0.89,0.64,190,75,0.8859
Paris,0.723,0.98,0.937,0.95,0.913,0.97,0.175,0.82,0.882,0.99,0.176,0.65,0.92,0.92,0.997,0.45,2200,1,180,0.95,0.82,160,70,0.9132
Bali,0.723,0.73,0.937,0.76,0.913,0.91,0.175,0.87,0.882,0.51,0.176,0.99,0.92,0.72,0.997,0.98,2200,1,90,0.62,0.95,70,35,0.8191
Switzerland,0.454,0.79,0.641,0.78,0.524,0.82,0.889,0.58,0.134,0.75,0.504,0.99,0.273,0.76,0.809,0.98,1800,0,240,0.88,0.78,220,90,0.8008
London,0.454,0.94,0.641,0.97,0.524,0.91,0.889,0.95,0.134,0.98,0.504,0.76,0.273,0.98,0.809,0.55,1800,0,210,0.89,0.64,190,75,0.8331
Barcelona,0.454,0.96,0.641,0.84,0.524,0.94,0.889,0.96,0.134,0.82,0.504,0.82,0.273,0.88,0.809,0.72,1800,0,150,0.93,0.94,130,58,0.8489
Paris,0.454,0.98,0.641,0.95,0.524,0.97,0.889,0.82,0.134,0.99,0.504,0.65,0.273,0.92,0.809,0.45,1800,0,180,0.95,0.82,160,70,0.8153
Tokyo,0.454,0.9,0.641,0.91,0.524,0.99,0.889,0.96,0.134,0.88,0.504,0.74,0.273,0.99,0.809,0.71,1800,0,165,0.91,0.79,135,60,0.861
Dubai,0.454,0.96,0.641,0.63,0.524,0.91,0.889,0.92,0.134,0.72,0.504,0.68,0.273,0.99,0.809,0.91,1800,0,190,0.58,0.96,175,70,0.8493
London,0.428,0.94,0.328,0.97,0.401,0.91,0.095,0.95,0.982,0.98,0.477,0.76,0.936,0.98,0.007,0.55,2200,0,210,0.89,0.64,190,75,0.8688
Tokyo,0.428,0.9,0.328,0.91,0.401,0.99,0.095,0.96,0.982,0.88,0.477,0.74,0.936,0.99,0.007,0.71,2200,0,165,0.91,0.79,135,60,0.8611
Istanbul,0.428,0.94,0.328,0.98,0.401,0.94,0.095,0.89,0.982,0.84,0.477,0.71,0.936,0.91,0.007,0.58,2200,0,85,0.84,0.88,65,32,0.8726
Paris,0.428,0.98,0.328,0.95,0.401,0.97,0.095,0.82,0.982,0.99,0.477,0.65,0.936,0.92,0.007,0.45,2200,0,180,0.95,0.82,160,70,0.8794
Bali,0.428,0.73,0.328,0.76,0.401,0.91,0.095,0.87,0.982,0.51,0.477,0.99,0.936,0.72,0.007,0.98,2200,0,90,0.62,0.95,70,35,0.7653
Switzerland,0.428,0.79,0.328,0.78,0.401,0.82,0.095,0.58,0.982,0.75,0.477,0.99,0.936,0.76,0.007,0.98,2200,0,240,0.88,0.78,220,90,0.8143
Singapore,0.923,0.91,0.888,0.72,0.77,0.98,0.69,0.85,0.639,0.79,0.941,0.94,0.368,0.97,0.221,0.79,1100,1,155,0.9,0.94,145,50,0.917
Bali,0.923,0.73,0.888,0.76,0.77,0.91,0.69,0.87,0.639,0.51,0.941,0.99,0.368,0.72,0.221,0.98,1100,1,90,0.62,0.95,70,35,0.8617
Tokyo,0.923,0.9,0.888,0.91,0.77,0.99,0.69,0.96,0.639,0.88,0.941,0.74,0.368,0.99,0.221,0.71,1100,1,165,0.91,0.79,135,60,0.9171
Dubai,0.923,0.96,0.888,0.63,0.77,0.91,0.69,0.92,0.639,0.72,0.941,0.68,0.368,0.99,0.221,0.91,1100,1,190,0.58,0.96,175,70,0.8595
New York,0.826,0.94,0.762,0.82,0.68,0.96,0.596,0.99,0.787,0.97,0.526,0.71,0.528,0.99,0.362,0.63,900,0,230,0.92,0.76,210,85,0.8803
Amsterdam,0.826,0.91,0.762,0.88,0.68,0.79,0.596,0.92,0.787,0.95,0.526,0.78,0.528,0.86,0.362,0.65,900,0,175,0.96,0.68,155,65,0.8308
Bali,0.826,0.73,0.762,0.76,0.68,0.91,0.596,0.87,0.787,0.51,0.526,0.99,0.528,0.72,0.362,0.98,900,0,90,0.62,0.95,70,35,0.8249
Istanbul,0.826,0.94,0.762,0.98,0.68,0.94,0.596,0.89,0.787,0.84,0.526,0.71,0.528,0.91,0.362,0.58,900,0,85,0.84,0.88,65,32,0.872
Barcelona,0.826,0.96,0.762,0.84,0.68,0.94,0.596,0.96,0.787,0.82,0.526,0.82,0.528,0.88,0.362,0.72,900,0,150,0.93,0.94,130,58,0.8699
Rome,0.826,0.97,0.762,0.99,0.68,0.96,0.596,0.78,0.787,0.91,0.526,0.62,0.528,0.76,0.362,0.48,900,0,145,0.91,0.9,125,55,0.868
Singapore,0.826,0.91,0.762,0.72,0.68,0.98,0.596,0.85,0.787,0.79,0.526,0.94,0.528,0.97,0.362,0.79,900,0,155,0.9,0.94,145,50,0.8608
Bali,0.056,0.73,0.132,0.76,0.415,0.91,0.564,0.87,0.559,0.51,0.673,0.99,0.308,0.72,0.022,0.98,1500,0,90,0.62,0.95,70,35,0.8218
Rome,0.056,0.97,0.132,0.99,0.415,0.96,0.564,0.78,0.559,0.91,0.673,0.62,0.308,0.76,0.022,0.48,1500,0,145,0.91,0.9,125,55,0.8005
Paris,0.056,0.98,0.132,0.95,0.415,0.97,0.564,0.82,0.559,0.99,0.673,0.65,0.308,0.92,0.022,0.45,1500,0,180,0.95,0.82,160,70,0.8689
Dubai,0.056,0.96,0.132,0.63,0.415,0.91,0.564,0.92,0.559,0.72,0.673,0.68,0.308,0.99,0.022,0.91,1500,0,190,0.58,0.96,175,70,0.8555
Singapore,0.069,0.91,0.934,0.72,0.032,0.98,0.409,0.85,0.769,0.79,0.766,0.94,0.978,0.97,0.646,0.79,2200,1,155,0.9,0.94,145,50,0.9105
Dubai,0.069,0.96,0.934,0.63,0.032,0.91,0.409,0.92,0.769,0.72,0.766,0.68,0.978,0.99,0.646,0.91,2200,1,190,0.58,0.96,175,70,0.816
Switzerland,0.069,0.79,0.934,0.78,0.032,0.82,0.409,0.58,0.769,0.75,0.766,0.99,0.978,0.76,0.646,0.98,2200,1,240,0.88,0.78,220,90,0.8805
Rome,0.069,0.97,0.934,0.99,0.032,0.96,0.409,0.78,0.769,0.91,0.766,0.62,0.978,0.76,0.646,0.48,2200,1,145,0.91,0.9,125,55,0.8409
Barcelona,0.069,0.96,0.934,0.84,0.032,0.94,0.409,0.96,0.769,0.82,0.766,0.82,0.978,0.88,0.646,0.72,2200,1,150,0.93,0.94,130,58,0.8713
Tokyo,0.069,0.9,0.934,0.91,0.032,0.99,0.409,0.96,0.769,0.88,0.766,0.74,0.978,0.99,0.646,0.71,2200,1,165,0.91,0.79,135,60,0.9162
London,0.835,0.94,0.756,0.97,0.978,0.91,0.463,0.95,0.719,0.98,0.424,0.76,0.379,0.98,0.23,0.55,2600,1,210,0.89,0.64,190,75,0.9169
Amsterdam,0.835,0.91,0.756,0.88,0.978,0.79,0.463,0.92,0.719,0.95,0.424,0.78,0.379,0.86,0.23,0.65,2600,1,175,0.96,0.68,155,65,0.8758
Rome,0.835,0.97,0.756,0.99,0.978,0.96,0.463,0.78,0.719,0.91,0.424,0.62,0.379,0.76,0.23,0.48,2600,1,145,0.91,0.9,125,55,0.9178
Paris,0.835,0.98,0.756,0.95,0.978,0.97,0.463,0.82,0.719,0.99,0.424,0.65,0.379,0.92,0.23,0.45,2600,1,180,0.95,0.82,160,70,0.936
New York,0.016,0.94,0.206,0.82,0.101,0.96,0.034,0.99,0.598,0.97,0.703,0.71,0.049,0.99,0.741,0.63,2200,1,230,0.92,0.76,210,85,0.8361
Amsterdam,0.016,0.91,0.206,0.88,0.101,0.79,0.034,0.92,0.598,0.95,0.703,0.78,0.049,0.86,0.741,0.65,2200,1,175,0.96,0.68,155,65,0.8307
Paris,0.016,0.98,0.206,0.95,0.101,0.97,0.034,0.82,0.598,0.99,0.703,0.65,0.049,0.92,0.741,0.45,2200,1,180,0.95,0.82,160,70,0.8253
Barcelona,0.016,0.96,0.206,0.84,0.101,0.94,0.034,0.96,0.598,0.82,0.703,0.82,0.049,0.88,0.741,0.72,2200,1,150,0.93,0.94,130,58,0.8788
New York,0.319,0.94,0.598,0.82,0.673,0.96,0.321,0.99,0.302,0.97,0.143,0.71,0.66,0.99,0.221,0.63,1500,1,230,0.92,0.76,210,85,0.9195
Bali,0.319,0.73,0.598,0.76,0.673,0.91,0.321,0.87,0.302,0.51,0.143,0.99,0.66,0.72,0.221,0.98,1500,1,90,0.62,0.95,70,35,0.8291
Barcelona,0.319,0.96,0.598,0.84,0.673,0.94,0.321,0.96,0.302,0.82,0.143,0.82,0.66,0.88,0.221,0.72,1500,1,150,0.93,0.94,130,58,0.9158
London,0.972,0.94,0.942,0.97,0.671,0.91,0.786,0.95,0.319,0.98,0.416,0.76,0.149,0.98,0.376,0.55,2600,0,210,0.89,0.64,190,75,0.8569
Barcelona,0.972,0.96,0.942,0.84,0.671,0.94,0.786,0.96,0.319,0.82,0.416,0.82,0.149,0.88,0.376,0.72,2600,0,150,0.93,0.94,130,58,0.9004
Singapore,0.972,0.91,0.942,0.72,0.671,0.98,0.786,0.85,0.319,0.79,0.416,0.94,0.149,0.97,0.376,0.79,2600,0,155,0.9,0.94,145,50,0.8616
Paris,0.972,0.98,0.942,0.95,0.671,0.97,0.786,0.82,0.319,0.99,0.416,0.65,0.149,0.92,0.376,0.45,2600,0,180,0.95,0.82,160,70,0.8365
Bali,0.243,0.73,0.203,0.76,0.647,0.91,0.922,0.87,0.847,0.51,0.092,0.99,0.725,0.72,0.19,0.98,1500,1,90,0.62,0.95,70,35,0.8336
Paris,0.243,0.98,0.203,0.95,0.647,0.97,0.922,0.82,0.847,0.99,0.092,0.65,0.725,0.92,0.19,0.45,1500,1,180,0.95,0.82,160,70,0.9061
Rome,0.243,0.97,0.203,0.99,0.647,0.96,0.922,0.78,0.847,0.91,0.092,0.62,0.725,0.76,0.19,0.48,1500,1,145,0.91,0.9,125,55,0.9074
Amsterdam,0.243,0.91,0.203,0.88,0.647,0.79,0.922,0.92,0.847,0.95,0.092,0.78,0.725,0.86,0.19,0.65,1500,1,175,0.96,0.68,155,65,0.8643
New York,0.243,0.94,0.203,0.82,0.647,0.96,0.922,0.99,0.847,0.97,0.092,0.71,0.725,0.99,0.19,0.63,1500,1,230,0.92,0.76,210,85,0.9564
Singapore,0.243,0.91,0.203,0.72,0.647,0.98,0.922,0.85,0.847,0.79,0.092,0.94,0.725,0.97,0.19,0.79,1500,1,155,0.9,0.94,145,50,0.9334
Istanbul,0.243,0.94,0.203,0.98,0.647,0.94,0.922,0.89,0.847,0.84,0.092,0.71,0.725,0.91,0.19,0.58,1500,1,85,0.84,0.88,65,32,0.8806
Switzerland,1.0,0.79,0.479,0.78,0.243,0.82,0.604,0.58,0.205,0.75,0.915,0.99,0.552,0.76,0.776,0.98,2200,1,240,0.88,0.78,220,90,0.8611
Tokyo,1.0,0.9,0.479,0.91,0.243,0.99,0.604,0.96,0.205,0.88,0.915,0.74,0.552,0.99,0.776,0.71,2200,1,165,0.91,0.79,135,60,0.9018
London,1.0,0.94,0.479,0.97,0.243,0.91,0.604,0.95,0.205,0.98,0.915,0.76,0.552,0.98,0.776,0.55,2200,1,210,0.89,0.64,190,75,0.8748
Bali,1.0,0.73,0.479,0.76,0.243,0.91,0.604,0.87,0.205,0.51,0.915,0.99,0.552,0.72,0.776,0.98,2200,1,90,0.62,0.95,70,35,0.8739
Istanbul,1.0,0.94,0.479,0.98,0.243,0.94,0.604,0.89,0.205,0.84,0.915,0.71,0.552,0.91,0.776,0.58,2200,1,85,0.84,0.88,65,32,0.8594
New York,1.0,0.94,0.479,0.82,0.243,0.96,0.604,0.99,0.205,0.97,0.915,0.71,0.552,0.99,0.776,0.63,2200,1,230,0.92,0.76,210,85,0.8619
Amsterdam,1.0,0.91,0.479,0.88,0.243,0.79,0.604,0.92,0.205,0.95,0.915,0.78,0.552,0.86,0.776,0.65,2200,1,175,0.96,0.68,155,65,0.8532
Dubai,0.046,0.96,0.864,0.63,0.741,0.91,0.016,0.92,0.553,0.72,0.584,0.68,0.72,0.99,0.295,0.91,1300,1,190,0.58,0.96,175,70,0.8363
Bali,0.046,0.73,0.864,0.76,0.741,0.91,0.016,0.87,0.553,0.51,0.584,0.99,0.72,0.72,0.295,0.98,1300,1,90,0.62,0.95,70,35,0.8577
Amsterdam,0.046,0.91,0.864,0.88,0.741,0.79,0.016,0.92,0.553,0.95,0.584,0.78,0.72,0.86,0.295,0.65,1300,1,175,0.96,0.68,155,65,0.8577
Singapore,0.046,0.91,0.864,0.72,0.741,0.98,0.016,0.85,0.553,0.79,0.584,0.94,0.72,0.97,0.295,0.79,1300,1,155,0.9,0.94,145,50,0.9189
Paris,0.489,0.98,0.724,0.95,0.74,0.97,0.461,0.82,0.733,0.99,0.352,0.65,0.14,0.92,0.547,0.45,1100,0,180,0.95,0.82,160,70,0.8335
Rome,0.489,0.97,0.724,0.99,0.74,0.96,0.461,0.78,0.733,0.91,0.352,0.62,0.14,0.76,0.547,0.48,1100,0,145,0.91,0.9,125,55,0.8542
Istanbul,0.489,0.94,0.724,0.98,0.74,0.94,0.461,0.89,0.733,0.84,0.352,0.71,0.14,0.91,0.547,0.58,1100,0,85,0.84,0.88,65,32,0.8274
Bali,0.489,0.73,0.724,0.76,0.74,0.91,0.461,0.87,0.733,0.51,0.352,0.99,0.14,0.72,0.547,0.98,1100,0,90,0.62,0.95,70,35,0.8241
Dubai,0.489,0.96,0.724,0.63,0.74,0.91,0.461,0.92,0.733,0.72,0.352,0.68,0.14,0.99,0.547,0.91,1100,0,190,0.58,0.96,175,70,0.8308
Switzerland,0.489,0.79,0.724,0.78,0.74,0.82,0.461,0.58,0.733,0.75,0.352,0.99,0.14,0.76,0.547,0.98,1100,0,240,0.88,0.78,220,90,0.8163
Tokyo,0.489,0.9,0.724,0.91,0.74,0.99,0.461,0.96,0.733,0.88,0.352,0.74,0.14,0.99,0.547,0.71,1100,0,165,0.91,0.79,135,60,0.8686
Istanbul,0.617,0.94,0.483,0.98,0.488,0.94,0.007,0.89,0.552,0.84,0.012,0.71,0.529,0.91,0.275,0.58,1500,0,85,0.84,0.88,65,32,0.8533
Switzerland,0.617,0.79,0.483,0.78,0.488,0.82,0.007,0.58,0.552,0.75,0.012,0.99,0.529,0.76,0.275,0.98,1500,0,240,0.88,0.78,220,90,0.7917
Dubai,0.617,0.96,0.483,0.63,0.488,0.91,0.007,0.92,0.552,0.72,0.012,0.68,0.529,0.99,0.275,0.91,1500,0,190,0.58,0.96,175,70,0.859
Barcelona,0.617,0.96,0.483,0.84,0.488,0.94,0.007,0.96,0.552,0.82,0.012,0.82,0.529,0.88,0.275,0.72,1500,0,150,0.93,0.94,130,58,0.8841
Rome,0.617,0.97,0.483,0.99,0.488,0.96,0.007,0.78,0.552,0.91,0.012,0.62,0.529,0.76,0.275,0.48,1500,0,145,0.91,0.9,125,55,0.8537
Paris,0.617,0.98,0.483,0.95,0.488,0.97,0.007,0.82,0.552,0.99,0.012,0.65,0.529,0.92,0.275,0.45,1500,0,180,0.95,0.82,160,70,0.8751
London,0.617,0.94,0.483,0.97,0.488,0.91,0.007,0.95,0.552,0.98,0.012,0.76,0.529,0.98,0.275,0.55,1500,0,210,0.89,0.64,190,75,0.8582
Dubai,0.406,0.96,0.565,0.63,0.99,0.91,0.226,0.92,0.684,0.72,0.848,0.68,0.654,0.99,0.858,0.91,700,0,190,0.58,0.96,175,70,0.8206
Istanbul,0.406,0.94,0.565,0.98,0.99,0.94,0.226,0.89,0.684,0.84,0.848,0.71,0.654,0.91,0.858,0.58,700,0,85,0.84,0.88,65,32,0.819
New York,0.406,0.94,0.565,0.82,0.99,0.96,0.226,0.99,0.684,0.97,0.848,0.71,0.654,0.99,0.858,0.63,700,0,230,0.92,0.76,210,85,0.839
Singapore,0.406,0.91,0.565,0.72,0.99,0.98,0.226,0.85,0.684,0.79,0.848,0.94,0.654,0.97,0.858,0.79,700,0,155,0.9,0.94,145,50,0.867
Paris,0.406,0.98,0.565,0.95,0.99,0.97,0.226,0.82,0.684,0.99,0.848,0.65,0.654,0.92,0.858,0.45,700,0,180,0.95,0.82,160,70,0.839
Tokyo,0.406,0.9,0.565,0.91,0.99,0.99,0.226,0.96,0.684,0.88,0.848,0.74,0.654,0.99,0.858,0.71,700,0,165,0.91,0.79,135,60,0.8556
New York,0.858,0.94,0.095,0.82,0.528,0.96,0.043,0.99,0.211,0.97,0.868,0.71,0.888,0.99,0.476,0.63,700,0,230,0.92,0.76,210,85,0.8211
Bali,0.858,0.73,0.095,0.76,0.528,0.91,0.043,0.87,0.211,0.51,0.868,0.99,0.888,0.72,0.476,0.98,700,0,90,0.62,0.95,70,35,0.8278
Paris,0.858,0.98,0.095,0.95,0.528,0.97,0.043,0.82,0.211,0.99,0.868,0.65,0.888,0.92,0.476,0.45,700,0,180,0.95,0.82,160,70,0.8107
Barcelona,0.858,0.96,0.095,0.84,0.528,0.94,0.043,0.96,0.211,0.82,0.868,0.82,0.888,0.88,0.476,0.72,700,0,150,0.93,0.94,130,58,0.8818
Tokyo,0.858,0.9,0.095,0.91,0.528,0.99,0.043,0.96,0.211,0.88,0.868,0.74,0.888,0.99,0.476,0.71,700,0,165,0.91,0.79,135,60,0.8695
Istanbul,0.929,0.94,0.299,0.98,0.564,0.94,0.567,0.89,0.849,0.84,0.677,0.71,0.541,0.91,0.384,0.58,1100,0,85,0.84,0.88,65,32,0.8427
Tokyo,0.929,0.9,0.299,0.91,0.564,0.99,0.567,0.96,0.849,0.88,0.677,0.74,0.541,0.99,0.384,0.71,1100,0,165,0.91,0.79,135,60,0.8747
Paris,0.929,0.98,0.299,0.95,0.564,0.97,0.567,0.82,0.849,0.99,0.677,0.65,0.541,0.92,0.384,0.45,1100,0,180,0.95,0.82,160,70,0.8734
Rome,0.929,0.97,0.299,0.99,0.564,0.96,0.567,0.78,0.849,0.91,0.677,0.62,0.541,0.76,0.384,0.48,1100,0,145,0.91,0.9,125,55,0.8299
Dubai,0.929,0.96,0.299,0.63,0.564,0.91,0.567,0.92,0.849,0.72,0.677,0.68,0.541,0.99,0.384,0.91,1100,0,190,0.58,0.96,175,70,0.8676
New York,0.929,0.94,0.299,0.82,0.564,0.96,0.567,0.99,0.849,0.97,0.677,0.71,0.541,0.99,0.384,0.63,1100,0,230,0.92,0.76,210,85,0.8392
Bali,0.929,0.73,0.299,0.76,0.564,0.91,0.567,0.87,0.849,0.51,0.677,0.99,0.541,0.72,0.384,0.98,1100,0,90,0.62,0.95,70,35,0.8053
Rome,0.993,0.97,0.491,0.99,0.356,0.96,0.941,0.78,0.432,0.91,0.68,0.62,0.661,0.76,0.086,0.48,1500,0,145,0.91,0.9,125,55,0.8362
London,0.993,0.94,0.491,0.97,0.356,0.91,0.941,0.95,0.432,0.98,0.68,0.76,0.661,0.98,0.086,0.55,1500,0,210,0.89,0.64,190,75,0.8794
Barcelona,0.993,0.96,0.491,0.84,0.356,0.94,0.941,0.96,0.432,0.82,0.68,0.82,0.661,0.88,0.086,0.72,1500,0,150,0.93,0.94,130,58,0.8645
New York,0.39,0.94,0.361,0.82,0.092,0.96,0.943,0.99,0.445,0.97,0.761,0.71,0.102,0.99,0.087,0.63,2200,1,230,0.92,0.76,210,85,0.9012
Istanbul,0.39,0.94,0.361,0.98,0.092,0.94,0.943,0.89,0.445,0.84,0.761,0.71,0.102,0.91,0.087,0.58,2200,1,85,0.84,0.88,65,32,0.8868
Dubai,0.39,0.96,0.361,0.63,0.092,0.91,0.943,0.92,0.445,0.72,0.761,0.68,0.102,0.99,0.087,0.91,2200,1,190,0.58,0.96,175,70,0.8532
Rome,0.39,0.97,0.361,0.99,0.092,0.96,0.943,0.78,0.445,0.91,0.761,0.62,0.102,0.76,0.087,0.48,2200,1,145,0.91,0.9,125,55,0.8812
Paris,0.39,0.98,0.361,0.95,0.092,0.97,0.943,0.82,0.445,0.99,0.761,0.65,0.102,0.92,0.087,0.45,2200,1,180,0.95,0.82,160,70,0.8536
Singapore,0.39,0.91,0.361,0.72,0.092,0.98,0.943,0.85,0.445,0.79,0.761,0.94,0.102,0.97,0.087,0.79,2200,1,155,0.9,0.94,145,50,0.8967
Barcelona,0.39,0.96,0.361,0.84,0.092,0.94,0.943,0.96,0.445,0.82,0.761,0.82,0.102,0.88,0.087,0.72,2200,1,150,0.93,0.94,130,58,0.9311
Rome,0.725,0.97,0.56,0.99,0.993,0.96,0.243,0.78,0.521,0.91,0.685,0.62,0.17,0.76,0.269,0.48,1500,1,145,0.91,0.9,125,55,0.8894
Barcelona,0.725,0.96,0.56,0.84,0.993,0.94,0.243,0.96,0.521,0.82,0.685,0.82,0.17,0.88,0.269,0.72,1500,1,150,0.93,0.94,130,58,0.9141
Dubai,0.725,0.96,0.56,0.63,0.993,0.91,0.243,0.92,0.521,0.72,0.685,0.68,0.17,0.99,0.269,0.91,1500,1,190,0.58,0.96,175,70,0.8268
London,0.725,0.94,0.56,0.97,0.993,0.91,0.243,0.95,0.521,0.98,0.685,0.76,0.17,0.98,0.269,0.55,1500,1,210,0.89,0.64,190,75,0.8742
Tokyo,0.247,0.9,0.625,0.91,0.594,0.99,0.196,0.96,0.107,0.88,0.305,0.74,0.949,0.99,0.332,0.71,2200,1,165,0.91,0.79,135,60,0.9228
Dubai,0.247,0.96,0.625,0.63,0.594,0.91,0.196,0.92,0.107,0.72,0.305,0.68,0.949,0.99,0.332,0.91,2200,1,190,0.58,0.96,175,70,0.8784
Bali,0.247,0.73,0.625,0.76,0.594,0.91,0.196,0.87,0.107,0.51,0.305,0.99,0.949,0.72,0.332,0.98,2200,1,90,0.62,0.95,70,35,0.8445
Barcelona,0.247,0.96,0.625,0.84,0.594,0.94,0.196,0.96,0.107,0.82,0.305,0.82,0.949,0.88,0.332,0.72,2200,1,150,0.93,0.94,130,58,0.8932
London,0.247,0.94,0.625,0.97,0.594,0.91,0.196,0.95,0.107,0.98,0.305,0.76,0.949,0.98,0.332,0.55,2200,1,210,0.89,0.64,190,75,0.887
New York,0.247,0.94,0.625,0.82,0.594,0.96,0.196,0.99,0.107,0.97,0.305,0.71,0.949,0.99,0.332,0.63,2200,1,230,0.92,0.76,210,85,0.8915
Paris,0.735,0.98,0.633,0.95,0.968,0.97,0.782,0.82,0.326,0.99,0.28,0.65,0.786,0.92,0.365,0.45,1300,0,180,0.95,0.82,160,70,0.8389
Singapore,0.735,0.91,0.633,0.72,0.968,0.98,0.782,0.85,0.326,0.79,0.28,0.94,0.786,0.97,0.365,0.79,1300,0,155,0.9,0.94,145,50,0.8918
Amsterdam,0.735,0.91,0.633,0.88,0.968,0.79,0.782,0.92,0.326,0.95,0.28,0.78,0.786,0.86,0.365,0.65,1300,0,175,0.96,0.68,155,65,0.8437
Switzerland,0.735,0.79,0.633,0.78,0.968,0.82,0.782,0.58,0.326,0.75,0.28,0.99,0.786,0.76,0.365,0.98,1300,0,240,0.88,0.78,220,90,0.8042
London,0.735,0.94,0.633,0.97,0.968,0.91,0.782,0.95,0.326,0.98,0.28,0.76,0.786,0.98,0.365,0.55,1300,0,210,0.89,0.64,190,75,0.8414
Dubai,0.735,0.96,0.633,0.63,0.968,0.91,0.782,0.92,0.326,0.72,0.28,0.68,0.786,0.99,0.365,0.91,1300,0,190,0.58,0.96,175,70,0.858
Tokyo,0.735,0.9,0.633,0.91,0.968,0.99,0.782,0.96,0.326,0.88,0.28,0.74,0.786,0.99,0.365,0.71,1300,0,165,0.91,0.79,135,60,0.8678
Istanbul,0.154,0.94,0.423,0.98,0.377,0.94,0.449,0.89,0.598,0.84,0.582,0.71,0.534,0.91,0.923,0.58,2200,0,85,0.84,0.88,65,32,0.8341
New York,0.154,0.94,0.423,0.82,0.377,0.96,0.449,0.99,0.598,0.97,0.582,0.71,0.534,0.99,0.923,0.63,2200,0,230,0.92,0.76,210,85,0.8391
Bali,0.154,0.73,0.423,0.76,0.377,0.91,0.449,0.87,0.598,0.51,0.582,0.99,0.534,0.72,0.923,0.98,2200,0,90,0.62,0.95,70,35,0.8335
Rome,0.154,0.97,0.423,0.99,0.377,0.96,0.449,0.78,0.598,0.91,0.582,0.62,0.534,0.76,0.923,0.48,2200,0,145,0.91,0.9,125,55,0.798
Switzerland,0.154,0.79,0.423,0.78,0.377,0.82,0.449,0.58,0.598,0.75,0.582,0.99,0.534,0.76,0.923,0.98,2200,0,240,0.88,0.78,220,90,0.8037
Dubai,0.984,0.96,0.677,0.63,0.4,0.91,0.753,0.92,0.966,0.72,0.43,0.68,0.011,0.99,0.259,0.91,1300,1,190,0.58,0.96,175,70,0.8367
Singapore,0.984,0.91,0.677,0.72,0.4,0.98,0.753,0.85,0.966,0.79,0.43,0.94,0.011,0.97,0.259,0.79,1300,1,155,0.9,0.94,145,50,0.8688
Bali,0.984,0.73,0.677,0.76,0.4,0.91,0.753,0.87,0.966,0.51,0.43,0.99,0.011,0.72,0.259,0.98,1300,1,90,0.62,0.95,70,35,0.7969
New York,0.984,0.94,0.677,0.82,0.4,0.96,0.753,0.99,0.966,0.97,0.43,0.71,0.011,0.99,0.259,0.63,1300,1,230,0.92,0.76,210,85,0.903
Barcelona,0.984,0.96,0.677,0.84,0.4,0.94,0.753,0.96,0.966,0.82,0.43,0.82,0.011,0.88,0.259,0.72,1300,1,150,0.93,0.94,130,58,0.9395
Rome,0.116,0.97,0.941,0.99,0.142,0.96,0.312,0.78,0.455,0.91,0.207,0.62,0.483,0.76,0.476,0.48,2600,1,145,0.91,0.9,125,55,0.8892
London,0.116,0.94,0.941,0.97,0.142,0.91,0.312,0.95,0.455,0.98,0.207,0.76,0.483,0.98,0.476,0.55,2600,1,210,0.89,0.64,190,75,0.8941
Paris,0.116,0.98,0.941,0.95,0.142,0.97,0.312,0.82,0.455,0.99,0.207,0.65,0.483,0.92,0.476,0.45,2600,1,180,0.95,0.82,160,70,0.8925
Istanbul,0.116,0.94,0.941,0.98,0.142,0.94,0.312,0.89,0.455,0.84,0.207,0.71,0.483,0.91,0.476,0.58,2600,1,85,0.84,0.88,65,32,0.87
Bali,0.116,0.73,0.941,0.76,0.142,0.91,0.312,0.87,0.455,0.51,0.207,0.99,0.483,0.72,0.476,0.98,2600,1,90,0.62,0.95,70,35,0.8509
Istanbul,0.244,0.94,0.174,0.98,0.16,0.94,0.56,0.89,0.958,0.84,0.232,0.71,0.405,0.91,0.184,0.58,2200,1,85,0.84,0.88,65,32,0.8823
Bali,0.244,0.73,0.174,0.76,0.16,0.91,0.56,0.87,0.958,0.51,0.232,0.99,0.405,0.72,0.184,0.98,2200,1,90,0.62,0.95,70,35,0.7923
Amsterdam,0.244,0.91,0.174,0.88,0.16,0.79,0.56,0.92,0.958,0.95,0.232,0.78,0.405,0.86,0.184,0.65,2200,1,175,0.96,0.68,155,65,0.869
London,0.215,0.94,0.278,0.97,0.704,0.91,0.796,0.95,0.577,0.98,0.8,0.76,0.537,0.98,0.366,0.55,1300,1,210,0.89,0.64,190,75,0.8837
Switzerland,0.215,0.79,0.278,0.78,0.704,0.82,0.796,0.58,0.577,0.75,0.8,0.99,0.537,0.76,0.366,0.98,1300,1,240,0.88,0.78,220,90,0.8528
Singapore,0.215,0.91,0.278,0.72,0.704,0.98,0.796,0.85,0.577,0.79,0.8,0.94,0.537,0.97,0.366,0.79,1300,1,155,0.9,0.94,145,50,0.9196
Rome,0.611,0.97,0.587,0.99,0.348,0.96,0.846,0.78,0.617,0.91,0.814,0.62,0.706,0.76,0.297,0.48,900,0,145,0.91,0.9,125,55,0.8202
Amsterdam,0.611,0.91,0.587,0.88,0.348,0.79,0.846,0.92,0.617,0.95,0.814,0.78,0.706,0.86,0.297,0.65,900,0,175,0.96,0.68,155,65,0.8157
London,0.611,0.94,0.587,0.97,0.348,0.91,0.846,0.95,0.617,0.98,0.814,0.76,0.706,0.98,0.297,0.55,900,0,210,0.89,0.64,190,75,0.8483
Istanbul,0.611,0.94,0.587,0.98,0.348,0.94,0.846,0.89,0.617,0.84,0.814,0.71,0.706,0.91,0.297,0.58,900,0,85,0.84,0.88,65,32,0.8576
Barcelona,0.611,0.96,0.587,0.84,0.348,0.94,0.846,0.96,0.617,0.82,0.814,0.82,0.706,0.88,0.297,0.72,900,0,150,0.93,0.94,130,58,0.8733
Bali,0.423,0.73,0.487,0.76,0.537,0.91,0.919,0.87,0.931,0.51,0.173,0.99,0.167,0.72,0.289,0.98,1100,1,90,0.62,0.95,70,35,0.8028
Paris,0.423,0.98,0.487,0.95,0.537,0.97,0.919,0.82,0.931,0.99,0.173,0.65,0.167,0.92,0.289,0.45,1100,1,180,0.95,0.82,160,70,0.9014
Tokyo,0.423,0.9,0.487,0.91,0.537,0.99,0.919,0.96,0.931,0.88,0.173,0.74,0.167,0.99,0.289,0.71,1100,1,165,0.91,0.79,135,60,0.9165
Switzerland,0.423,0.79,0.487,0.78,0.537,0.82,0.919,0.58,0.931,0.75,0.173,0.99,0.167,0.76,0.289,0.98,1100,1,240,0.88,0.78,220,90,0.8271
Singapore,0.423,0.91,0.487,0.72,0.537,0.98,0.919,0.85,0.931,0.79,0.173,0.94,0.167,0.97,0.289,0.79,1100,1,155,0.9,0.94,145,50,0.8886
Rome,0.423,0.97,0.487,0.99,0.537,0.96,0.919,0.78,0.931,0.91,0.173,0.62,0.167,0.76,0.289,0.48,1100,1,145,0.91,0.9,125,55,0.8918
Bali,0.71,0.73,0.444,0.76,0.167,0.91,0.565,0.87,0.796,0.51,0.221,0.99,0.033,0.72,0.225,0.98,1500,0,90,0.62,0.95,70,35,0.7752
Singapore,0.71,0.91,0.444,0.72,0.167,0.98,0.565,0.85,0.796,0.79,0.221,0.94,0.033,0.97,0.225,0.79,1500,0,155,0.9,0.94,145,50,0.8619
New York,0.71,0.94,0.444,0.82,0.167,0.96,0.565,0.99,0.796,0.97,0.221,0.71,0.033,0.99,0.225,0.63,1500,0,230,0.92,0.76,210,85,0.884
Istanbul,0.71,0.94,0.444,0.98,0.167,0.94,0.565,0.89,0.796,0.84,0.221,0.71,0.033,0.91,0.225,0.58,1500,0,85,0.84,0.88,65,32,0.853
Rome,0.71,0.97,0.444,0.99,0.167,0.96,0.565,0.78,0.796,0.91,0.221,0.62,0.033,0.76,0.225,0.48,1500,0,145,0.91,0.9,125,55,0.8731
London,0.71,0.94,0.444,0.97,0.167,0.91,0.565,0.95,0.796,0.98,0.221,0.76,0.033,0.98,0.225,0.55,1500,0,210,0.89,0.64,190,75,0.8398
Rome,0.719,0.97,0.546,0.99,0.99,0.96,0.102,0.78,0.83,0.91,0.751,0.62,0.298,0.76,0.999,0.48,2600,1,145,0.91,0.9,125,55,0.8773
Singapore,0.719,0.91,0.546,0.72,0.99,0.98,0.102,0.85,0.83,0.79,0.751,0.94,0.298,0.97,0.999,0.79,2600,1,155,0.9,0.94,145,50,0.9092
Istanbul,0.719,0.94,0.546,0.98,0.99,0.94,0.102,0.89,0.83,0.84,0.751,0.71,0.298,0.91,0.999,0.58,2600,1,85,0.84,0.88,65,32,0.8589
Amsterdam,0.719,0.91,0.546,0.88,0.99,0.79,0.102,0.92,0.83,0.95,0.751,0.78,0.298,0.86,0.999,0.65,2600,1,175,0.96,0.68,155,65,0.8663
New York,0.719,0.94,0.546,0.82,0.99,0.96,0.102,0.99,0.83,0.97,0.751,0.71,0.298,0.99,0.999,0.63,2600,1,230,0.92,0.76,210,85,0.8833
Bali,0.166,0.73,0.139,0.76,0.207,0.91,0.207,0.87,0.059,0.51,0.351,0.99,0.281,0.72,0.539,0.98,1800,1,90,0.62,0.95,70,35,0.9045
London,0.166,0.94,0.139,0.97,0.207,0.91,0.207,0.95,0.059,0.98,0.351,0.76,0.281,0.98,0.539,0.55,1800,1,210,0.89,0.64,190,75,0.8513
New York,0.166,0.94,0.139,0.82,0.207,0.96,0.207,0.99,0.059,0.97,0.351,0.71,0.281,0.99,0.539,0.63,1800,1,230,0.92,0.76,210,85,0.8808
Rome,0.166,0.97,0.139,0.99,0.207,0.96,0.207,0.78,0.059,0.91,0.351,0.62,0.281,0.76,0.539,0.48,1800,1,145,0.91,0.9,125,55,0.8374
Barcelona,0.166,0.96,0.139,0.84,0.207,0.94,0.207,0.96,0.059,0.82,0.351,0.82,0.281,0.88,0.539,0.72,1800,1,150,0.93,0.94,130,58,0.9105
Singapore,0.127,0.91,0.866,0.72,0.25,0.98,0.711,0.85,0.828,0.79,0.761,0.94,0.676,0.97,0.489,0.79,1500,1,155,0.9,0.94,145,50,0.9156
Rome,0.127,0.97,0.866,0.99,0.25,0.96,0.711,0.78,0.828,0.91,0.761,0.62,0.676,0.76,0.489,0.48,1500,1,145,0.91,0.9,125,55,0.8522
Switzerland,0.127,0.79,0.866,0.78,0.25,0.82,0.711,0.58,0.828,0.75,0.761,0.99,0.676,0.76,0.489,0.98,1500,1,240,0.88,0.78,220,90,0.8678
Dubai,0.127,0.96,0.866,0.63,0.25,0.91,0.711,0.92,0.828,0.72,0.761,0.68,0.676,0.99,0.489,0.91,1500,1,190,0.58,0.96,175,70,0.8267
London,0.127,0.94,0.866,0.97,0.25,0.91,0.711,0.95,0.828,0.98,0.761,0.76,0.676,0.98,0.489,0.55,1500,1,210,0.89,0.64,190,75,0.8613
Tokyo,0.127,0.9,0.866,0.91,0.25,0.99,0.711,0.96,0.828,0.88,0.761,0.74,0.676,0.99,0.489,0.71,1500,1,165,0.91,0.79,135,60,0.9114
London,0.733,0.94,0.731,0.97,0.458,0.91,0.664,0.95,0.358,0.98,0.063,0.76,0.534,0.98,0.218,0.55,2200,0,210,0.89,0.64,190,75,0.8883
Tokyo,0.733,0.9,0.731,0.91,0.458,0.99,0.664,0.96,0.358,0.88,0.063,0.74,0.534,0.99,0.218,0.71,2200,0,165,0.91,0.79,135,60,0.8958
Istanbul,0.733,0.94,0.731,0.98,0.458,0.94,0.664,0.89,0.358,0.84,0.063,0.71,0.534,0.91,0.218,0.58,2200,0,85,0.84,0.88,65,32,0.898
Switzerland,0.733,0.79,0.731,0.78,0.458,0.82,0.664,0.58,0.358,0.75,0.063,0.99,0.534,0.76,0.218,0.98,2200,0,240,0.88,0.78,220,90,0.7977
Barcelona,0.733,0.96,0.731,0.84,0.458,0.94,0.664,0.96,0.358,0.82,0.063,0.82,0.534,0.88,0.218,0.72,2200,0,150,0.93,0.94,130,58,0.8573
Bali,0.733,0.73,0.731,0.76,0.458,0.91,0.664,0.87,0.358,0.51,0.063,0.99,0.534,0.72,0.218,0.98,2200,0,90,0.62,0.95,70,35,0.8187
London,0.837,0.94,0.016,0.97,0.929,0.91,0.158,0.95,0.457,0.98,0.992,0.76,0.428,0.98,0.996,0.55,1100,1,210,0.89,0.64,190,75,0.8266
Rome,0.837,0.97,0.016,0.99,0.929,0.96,0.158,0.78,0.457,0.91,0.992,0.62,0.428,0.76,0.996,0.48,1100,1,145,0.91,0.9,125,55,0.8476
Tokyo,0.837,0.9,0.016,0.91,0.929,0.99,0.158,0.96,0.457,0.88,0.992,0.74,0.428,0.99,0.996,0.71,1100,1,165,0.91,0.79,135,60,0.8894
Istanbul,0.837,0.94,0.016,0.98,0.929,0.94,0.158,0.89,0.457,0.84,0.992,0.71,0.428,0.91,0.996,0.58,1100,1,85,0.84,0.88,65,32,0.8322
Paris,0.626,0.98,0.726,0.95,0.755,0.97,0.429,0.82,0.091,0.99,0.095,0.65,0.213,0.92,0.078,0.45,1300,1,180,0.95,0.82,160,70,0.9531
Tokyo,0.626,0.9,0.726,0.91,0.755,0.99,0.429,0.96,0.091,0.88,0.095,0.74,0.213,0.99,0.078,0.71,1300,1,165,0.91,0.79,135,60,0.9237
Rome,0.626,0.97,0.726,0.99,0.755,0.96,0.429,0.78,0.091,0.91,0.095,0.62,0.213,0.76,0.078,0.48,1300,1,145,0.91,0.9,125,55,0.9055
New York,0.071,0.94,0.383,0.82,0.731,0.96,0.102,0.99,0.313,0.97,0.881,0.71,0.137,0.99,0.773,0.63,1100,0,230,0.92,0.76,210,85,0.8155
Bali,0.071,0.73,0.383,0.76,0.731,0.91,0.102,0.87,0.313,0.51,0.881,0.99,0.137,0.72,0.773,0.98,1100,0,90,0.62,0.95,70,35,0.8563
Paris,0.071,0.98,0.383,0.95,0.731,0.97,0.102,0.82,0.313,0.99,0.881,0.65,0.137,0.92,0.773,0.45,1100,0,180,0.95,0.82,160,70,0.7815
Dubai,0.213,0.96,0.748,0.63,0.92,0.91,0.616,0.92,0.442,0.72,0.217,0.68,0.897,0.99,0.14,0.91,900,1,190,0.58,0.96,175,70,0.8708
Tokyo,0.213,0.9,0.748,0.91,0.92,0.99,0.616,0.96,0.442,0.88,0.217,0.74,0.897,0.99,0.14,0.71,900,1,165,0.91,0.79,135,60,0.9171
Barcelona,0.213,0.96,0.748,0.84,0.92,0.94,0.616,0.96,0.442,0.82,0.217,0.82,0.897,0.88,0.14,0.72,900,1,150,0.93,0.94,130,58,0.9243
Amsterdam,0.213,0.91,0.748,0.88,0.92,0.79,0.616,0.92,0.442,0.95,0.217,0.78,0.897,0.86,0.14,0.65,900,1,175,0.96,0.68,155,65,0.8898
London,0.213,0.94,0.748,0.97,0.92,0.91,0.616,0.95,0.442,0.98,0.217,0.76,0.897,0.98,0.14,0.55,900,1,210,0.89,0.64,190,75,0.9007
Dubai,0.941,0.96,0.027,0.63,0.847,0.91,0.876,0.92,0.205,0.72,0.607,0.68,0.189,0.99,0.392,0.91,700,0,190,0.58,0.96,175,70,0.8945
Rome,0.941,0.97,0.027,0.99,0.847,0.96,0.876,0.78,0.205,0.91,0.607,0.62,0.189,0.76,0.392,0.48,700,0,145,0.91,0.9,125,55,0.8049
Amsterdam,0.941,0.91,0.027,0.88,0.847,0.79,0.876,0.92,0.205,0.95,0.607,0.78,0.189,0.86,0.392,0.65,700,0,175,0.96,0.68,155,65,0.8165
Singapore,0.941,0.91,0.027,0.72,0.847,0.98,0.876,0.85,0.205,0.79,0.607,0.94,0.189,0.97,0.392,0.79,700,0,155,0.9,0.94,145,50,0.8749
Switzerland,0.941,0.79,0.027,0.78,0.847,0.82,0.876,0.58,0.205,0.75,0.607,0.99,0.189,0.76,0.392,0.98,700,0,240,0.88,0.78,220,90,0.7997
London,0.941,0.94,0.027,0.97,0.847,0.91,0.876,0.95,0.205,0.98,0.607,0.76,0.189,0.98,0.392,0.55,700,0,210,0.89,0.64,190,75,0.8564
Dubai,0.421,0.96,0.546,0.63,0.173,0.91,0.471,0.92,0.987,0.72,0.073,0.68,0.587,0.99,0.014,0.91,1300,0,190,0.58,0.96,175,70,0.8463
New York,0.421,0.94,0.546,0.82,0.173,0.96,0.471,0.99,0.987,0.97,0.073,0.71,0.587,0.99,0.014,0.63,1300,0,230,0.92,0.76,210,85,0.8899
London,0.421,0.94,0.546,0.97,0.173,0.91,0.471,0.95,0.987,0.98,0.073,0.76,0.587,0.98,0.014,0.55,1300,0,210,0.89,0.64,190,75,0.8848
Bali,0.702,0.73,0.082,0.76,0.537,0.91,0.616,0.87,0.277,0.51,0.31,0.99,0.511,0.72,0.203,0.98,1100,1,90,0.62,0.95,70,35,0.8641
Switzerland,0.702,0.79,0.082,0.78,0.537,0.82,0.616,0.58,0.277,0.75,0.31,0.99,0.511,0.76,0.203,0.98,1100,1,240,0.88,0.78,220,90,0.8195
Rome,0.702,0.97,0.082,0.99,0.537,0.96,0.616,0.78,0.277,0.91,0.31,0.62,0.511,0.76,0.203,0.48,1100,1,145,0.91,0.9,125,55,0.8663
London,0.702,0.94,0.082,0.97,0.537,0.91,0.616,0.95,0.277,0.98,0.31,0.76,0.511,0.98,0.203,0.55,1100,1,210,0.89,0.64,190,75,0.9177
Dubai,0.702,0.96,0.082,0.63,0.537,0.91,0.616,0.92,0.277,0.72,0.31,0.68,0.511,0.99,0.203,0.91,1100,1,190,0.58,0.96,175,70,0.8688
Tokyo,0.702,0.9,0.082,0.91,0.537,0.99,0.616,0.96,0.277,0.88,0.31,0.74,0.511,0.99,0.203,0.71,1100,1,165,0.91,0.79,135,60,0.9227
Tokyo,0.055,0.9,0.666,0.91,0.658,0.99,0.176,0.96,0.013,0.88,0.137,0.74,0.011,0.99,0.496,0.71,1800,1,165,0.91,0.79,135,60,0.913
Barcelona,0.055,0.96,0.666,0.84,0.658,0.94,0.176,0.96,0.013,0.82,0.137,0.82,0.011,0.88,0.496,0.72,1800,1,150,0.93,0.94,130,58,0.876
London,0.055,0.94,0.666,0.97,0.658,0.91,0.176,0.95,0.013,0.98,0.137,0.76,0.011,0.98,0.496,0.55,1800,1,210,0.89,0.64,190,75,0.874
Rome,0.055,0.97,0.666,0.99,0.658,0.96,0.176,0.78,0.013,0.91,0.137,0.62,0.011,0.76,0.496,0.48,1800,1,145,0.91,0.9,125,55,0.8646
Rome,0.064,0.97,0.712,0.99,0.577,0.96,0.077,0.78,0.455,0.91,0.36,0.62,0.5,0.76,0.567,0.48,1800,0,145,0.91,0.9,125,55,0.801
Bali,0.064,0.73,0.712,0.76,0.577,0.91,0.077,0.87,0.455,0.51,0.36,0.99,0.5,0.72,0.567,0.98,1800,0,90,0.62,0.95,70,35,0.8494
Istanbul,0.064,0.94,0.712,0.98,0.577,0.94,0.077,0.89,0.455,0.84,0.36,0.71,0.5,0.91,0.567,0.58,1800,0,85,0.84,0.88,65,32,0.8308
Amsterdam,0.064,0.91,0.712,0.88,0.577,0.79,0.077,0.92,0.455,0.95,0.36,0.78,0.5,0.86,0.567,0.65,1800,0,175,0.96,0.68,155,65,0.8099
Paris,0.064,0.98,0.712,0.95,0.577,0.97,0.077,0.82,0.455,0.99,0.36,0.65,0.5,0.92,0.567,0.45,1800,0,180,0.95,0.82,160,70,0.8264
Rome,0.15,0.97,0.931,0.99,0.857,0.96,0.553,0.78,0.914,0.91,0.741,0.62,0.419,0.76,0.322,0.48,2200,1,145,0.91,0.9,125,55,0.8666
Bali,0.15,0.73,0.931,0.76,0.857,0.91,0.553,0.87,0.914,0.51,0.741,0.99,0.419,0.72,0.322,0.98,2200,1,90,0.62,0.95,70,35,0.8504
Tokyo,0.15,0.9,0.931,0.91,0.857,0.99,0.553,0.96,0.914,0.88,0.741,0.74,0.419,0.99,0.322,0.71,2200,1,165,0.91,0.79,135,60,0.9291
Istanbul,0.15,0.94,0.931,0.98,0.857,0.94,0.553,0.89,0.914,0.84,0.741,0.71,0.419,0.91,0.322,0.58,2200,1,85,0.84,0.88,65,32,0.912
Paris,0.15,0.98,0.931,0.95,0.857,0.97,0.553,0.82,0.914,0.99,0.741,0.65,0.419,0.92,0.322,0.45,2200,1,180,0.95,0.82,160,70,0.8752
Tokyo,0.465,0.9,0.282,0.91,0.845,0.99,0.327,0.96,0.553,0.88,0.008,0.74,0.201,0.99,0.564,0.71,1500,0,165,0.91,0.79,135,60,0.8438
Bali,0.465,0.73,0.282,0.76,0.845,0.91,0.327,0.87,0.553,0.51,0.008,0.99,0.201,0.72,0.564,0.98,1500,0,90,0.62,0.95,70,35,0.8202
Singapore,0.465,0.91,0.282,0.72,0.845,0.98,0.327,0.85,0.553,0.79,0.008,0.94,0.201,0.97,0.564,0.79,1500,0,155,0.9,0.94,145,50,0.8515
Amsterdam,0.465,0.91,0.282,0.88,0.845,0.79,0.327,0.92,0.553,0.95,0.008,0.78,0.201,0.86,0.564,0.65,1500,0,175,0.96,0.68,155,65,0.8115
New York,0.465,0.94,0.282,0.82,0.845,0.96,0.327,0.99,0.553,0.97,0.008,0.71,0.201,0.99,0.564,0.63,1500,0,230,0.92,0.76,210,85,0.8791
Rome,0.465,0.97,0.282,0.99,0.845,0.96,0.327,0.78,0.553,0.91,0.008,0.62,0.201,0.76,0.564,0.48,1500,0,145,0.91,0.9,125,55,0.8633
Istanbul,0.951,0.94,0.001,0.98,0.657,0.94,0.849,0.89,0.727,0.84,0.104,0.71,0.53,0.91,0.238,0.58,2600,0,85,0.84,0.88,65,32,0.8875
London,0.951,0.94,0.001,0.97,0.657,0.91,0.849,0.95,0.727,0.98,0.104,0.76,0.53,0.98,0.238,0.55,2600,0,210,0.89,0.64,190,75,0.8871
Rome,0.951,0.97,0.001,0.99,0.657,0.96,0.849,0.78,0.727,0.91,0.104,0.62,0.53,0.76,0.238,0.48,2600,0,145,0.91,0.9,125,55,0.8526
Paris,0.951,0.98,0.001,0.95,0.657,0.97,0.849,0.82,0.727,0.99,0.104,0.65,0.53,0.92,0.238,0.45,2600,0,180,0.95,0.82,160,70,0.8816
London,0.372,0.94,0.975,0.97,0.085,0.91,0.096,0.95,0.134,0.98,0.82,0.76,0.075,0.98,0.568,0.55,2200,0,210,0.89,0.64,190,75,0.8241
Istanbul,0.372,0.94,0.975,0.98,0.085,0.94,0.096,0.89,0.134,0.84,0.82,0.71,0.075,0.91,0.568,0.58,2200,0,85,0.84,0.88,65,32,0.8419
Tokyo,0.372,0.9,0.975,0.91,0.085,0.99,0.096,0.96,0.134,0.88,0.82,0.74,0.075,0.99,0.568,0.71,2200,0,165,0.91,0.79,135,60,0.8192
Dubai,0.372,0.96,0.975,0.63,0.085,0.91,0.096,0.92,0.134,0.72,0.82,0.68,0.075,0.99,0.568,0.91,2200,0,190,0.58,0.96,175,70,0.792
London,0.075,0.94,0.203,0.97,0.78,0.91,0.585,0.95,0.155,0.98,0.164,0.76,0.466,0.98,0.407,0.55,1800,0,210,0.89,0.64,190,75,0.8564
Singapore,0.075,0.91,0.203,0.72,0.78,0.98,0.585,0.85,0.155,0.79,0.164,0.94,0.466,0.97,0.407,0.79,1800,0,155,0.9,0.94,145,50,0.8689
Istanbul,0.075,0.94,0.203,0.98,0.78,0.94,0.585,0.89,0.155,0.84,0.164,0.71,0.466,0.91,0.407,0.58,1800,0,85,0.84,0.88,65,32,0.8625
Rome,0.075,0.97,0.203,0.99,0.78,0.96,0.585,0.78,0.155,0.91,0.164,0.62,0.466,0.76,0.407,0.48,1800,0,145,0.91,0.9,125,55,0.8258
New York,0.075,0.94,0.203,0.82,0.78,0.96,0.585,0.99,0.155,0.97,0.164,0.71,0.466,0.99,0.407,0.63,1800,0,230,0.92,0.76,210,85,0.8513
Switzerland,0.075,0.79,0.203,0.78,0.78,0.82,0.585,0.58,0.155,0.75,0.164,0.99,0.466,0.76,0.407,0.98,1800,0,240,0.88,0.78,220,90,0.8174
Istanbul,0.148,0.94,0.711,0.98,0.968,0.94,0.396,0.89,0.049,0.84,0.299,0.71,0.82,0.91,0.174,0.58,2200,1,85,0.84,0.88,65,32,0.8914
New York,0.148,0.94,0.711,0.82,0.968,0.96,0.396,0.99,0.049,0.97,0.299,0.71,0.82,0.99,0.174,0.63,2200,1,230,0.92,0.76,210,85,0.8888
Amsterdam,0.148,0.91,0.711,0.88,0.968,0.79,0.396,0.92,0.049,0.95,0.299,0.78,0.82,0.86,0.174,0.65,2200,1,175,0.96,0.68,155,65,0.8808
Rome,0.148,0.97,0.711,0.99,0.968,0.96,0.396,0.78,0.049,0.91,0.299,0.62,0.82,0.76,0.174,0.48,2200,1,145,0.91,0.9,125,55,0.8758
Singapore,0.148,0.91,0.711,0.72,0.968,0.98,0.396,0.85,0.049,0.79,0.299,0.94,0.82,0.97,0.174,0.79,2200,1,155,0.9,0.94,145,50,0.9049
Paris,0.148,0.98,0.711,0.95,0.968,0.97,0.396,0.82,0.049,0.99,0.299,0.65,0.82,0.92,0.174,0.45,2200,1,180,0.95,0.82,160,70,0.9038
Switzerland,0.148,0.79,0.711,0.78,0.968,0.82,0.396,0.58,0.049,0.75,0.299,0.99,0.82,0.76,0.174,0.98,2200,1,240,0.88,0.78,220,90,0.8502
Rome,0.938,0.97,0.084,0.99,0.586,0.96,0.917,0.78,0.075,0.91,0.997,0.62,0.198,0.76,0.646,0.48,1100,0,145,0.91,0.9,125,55,0.823
Paris,0.938,0.98,0.084,0.95,0.586,0.97,0.917,0.82,0.075,0.99,0.997,0.65,0.198,0.92,0.646,0.45,1100,0,180,0.95,0.82,160,70,0.8035
Singapore,0.938,0.91,0.084,0.72,0.586,0.98,0.917,0.85,0.075,0.79,0.997,0.94,0.198,0.97,0.646,0.79,1100,0,155,0.9,0.94,145,50,0.8911
Switzerland,0.938,0.79,0.084,0.78,0.586,0.82,0.917,0.58,0.075,0.75,0.997,0.99,0.198,0.76,0.646,0.98,1100,0,240,0.88,0.78,220,90,0.8204
Barcelona,0.938,0.96,0.084,0.84,0.586,0.94,0.917,0.96,0.075,0.82,0.997,0.82,0.198,0.88,0.646,0.72,1100,0,150,0.93,0.94,130,58,0.8678
New York,0.427,0.94,0.354,0.82,0.908,0.96,0.275,0.99,0.446,0.97,0.149,0.71,0.614,0.99,0.617,0.63,1500,1,230,0.92,0.76,210,85,0.8835
Singapore,0.427,0.91,0.354,0.72,0.908,0.98,0.275,0.85,0.446,0.79,0.149,0.94,0.614,0.97,0.617,0.79,1500,1,155,0.9,0.94,145,50,0.8981
Paris,0.427,0.98,0.354,0.95,0.908,0.97,0.275,0.82,0.446,0.99,0.149,0.65,0.614,0.92,0.617,0.45,1500,1,180,0.95,0.82,160,70,0.9095
Rome,0.427,0.97,0.354,0.99,0.908,0.96,0.275,0.78,0.446,0.91,0.149,0.62,0.614,0.76,0.617,0.48,1500,1,145,0.91,0.9,125,55,0.8749
London,0.427,0.94,0.354,0.97,0.908,0.91,0.275,0.95,0.446,0.98,0.149,0.76,0.614,0.98,0.617,0.55,1500,1,210,0.89,0.64,190,75,0.8857
Amsterdam,0.427,0.91,0.354,0.88,0.908,0.79,0.275,0.92,0.446,0.95,0.149,0.78,0.614,0.86,0.617,0.65,1500,1,175,0.96,0.68,155,65,0.8761
Paris,0.795,0.98,0.989,0.95,0.782,0.97,0.359,0.82,0.545,0.99,0.485,0.65,0.913,0.92,0.502,0.45,2200,1,180,0.95,0.82,160,70,0.8777
Tokyo,0.795,0.9,0.989,0.91,0.782,0.99,0.359,0.96,0.545,0.88,0.485,0.74,0.913,0.99,0.502,0.71,2200,1,165,0.91,0.79,135,60,0.9255
Bali,0.795,0.73,0.989,0.76,0.782,0.91,0.359,0.87,0.545,0.51,0.485,0.99,0.913,0.72,0.502,0.98,2200,1,90,0.62,0.95,70,35,0.8224
Amsterdam,0.795,0.91,0.989,0.88,0.782,0.79,0.359,0.92,0.545,0.95,0.485,0.78,0.913,0.86,0.502,0.65,2200,1,175,0.96,0.68,155,65,0.8877
Dubai,0.472,0.96,0.357,0.63,0.584,0.91,0.233,0.92,0.16,0.72,0.248,0.68,0.241,0.99,0.534,0.91,700,0,190,0.58,0.96,175,70,0.8772
Tokyo,0.472,0.9,0.357,0.91,0.584,0.99,0.233,0.96,0.16,0.88,0.248,0.74,0.241,0.99,0.534,0.71,700,0,165,0.91,0.79,135,60,0.8677
Barcelona,0.472,0.96,0.357,0.84,0.584,0.94,0.233,0.96,0.16,0.82,0.248,0.82,0.241,0.88,0.534,0.72,700,0,150,0.93,0.94,130,58,0.8858
Bali,0.472,0.73,0.357,0.76,0.584,0.91,0.233,0.87,0.16,0.51,0.248,0.99,0.241,0.72,0.534,0.98,700,0,90,0.62,0.95,70,35,0.8249
Amsterdam,0.472,0.91,0.357,0.88,0.584,0.79,0.233,0.92,0.16,0.95,0.248,0.78,0.241,0.86,0.534,0.65,700,0,175,0.96,0.68,155,65,0.8199
London,0.472,0.94,0.357,0.97,0.584,0.91,0.233,0.95,0.16,0.98,0.248,0.76,0.241,0.98,0.534,0.55,700,0,210,0.89,0.64,190,75,0.8492
New York,0.472,0.94,0.357,0.82,0.584,0.96,0.233,0.99,0.16,0.97,0.248,0.71,0.241,0.99,0.534,0.63,700,0,230,0.92,0.76,210,85,0.8454
New York,0.563,0.94,0.188,0.82,0.988,0.96,0.882,0.99,0.492,0.97,0.309,0.71,0.49,0.99,0.09,0.63,1300,0,230,0.92,0.76,210,85,0.8788
Singapore,0.563,0.91,0.188,0.72,0.988,0.98,0.882,0.85,0.492,0.79,0.309,0.94,0.49,0.97,0.09,0.79,1300,0,155,0.9,0.94,145,50,0.8881
Paris,0.563,0.98,0.188,0.95,0.988,0.97,0.882,0.82,0.492,0.99,0.309,0.65,0.49,0.92,0.09,0.45,1300,0,180,0.95,0.82,160,70,0.8857
Tokyo,0.341,0.9,0.177,0.91,0.802,0.99,0.868,0.96,0.06,0.88,0.148,0.74,0.705,0.99,0.142,0.71,900,1,165,0.91,0.79,135,60,0.9398
Switzerland,0.341,0.79,0.177,0.78,0.802,0.82,0.868,0.58,0.06,0.75,0.148,0.99,0.705,0.76,0.142,0.98,900,1,240,0.88,0.78,220,90,0.8083
Dubai,0.341,0.96,0.177,0.63,0.802,0.91,0.868,0.92,0.06,0.72,0.148,0.68,0.705,0.99,0.142,0.91,900,1,190,0.58,0.96,175,70,0.8887
Barcelona,0.976,0.96,0.732,0.84,0.437,0.94,0.639,0.96,0.487,0.82,0.317,0.82,0.707,0.88,0.562,0.72,1800,0,150,0.93,0.94,130,58,0.8456
Dubai,0.976,0.96,0.732,0.63,0.437,0.91,0.639,0.92,0.487,0.72,0.317,0.68,0.707,0.99,0.562,0.91,1800,0,190,0.58,0.96,175,70,0.8701
London,0.976,0.94,0.732,0.97,0.437,0.91,0.639,0.95,0.487,0.98,0.317,0.76,0.707,0.98,0.562,0.55,1800,0,210,0.89,0.64,190,75,0.8553
Bali,0.976,0.73,0.732,0.76,0.437,0.91,0.639,0.87,0.487,0.51,0.317,0.99,0.707,0.72,0.562,0.98,1800,0,90,0.62,0.95,70,35,0.8374
Istanbul,0.976,0.94,0.732,0.98,0.437,0.94,0.639,0.89,0.487,0.84,0.317,0.71,0.707,0.91,0.562,0.58,1800,0,85,0.84,0.88,65,32,0.8726
Rome,0.976,0.97,0.732,0.99,0.437,0.96,0.639,0.78,0.487,0.91,0.317,0.62,0.707,0.76,0.562,0.48,1800,0,145,0.91,0.9,125,55,0.842
Tokyo,0.976,0.9,0.732,0.91,0.437,0.99,0.639,0.96,0.487,0.88,0.317,0.74,0.707,0.99,0.562,0.71,1800,0,165,0.91,0.79,135,60,0.8508
Switzerland,0.318,0.79,0.809,0.78,0.611,0.82,0.64,0.58,0.104,0.75,0.496,0.99,0.331,0.76,0.078,0.98,1800,1,240,0.88,0.78,220,90,0.8113
Rome,0.318,0.97,0.809,0.99,0.611,0.96,0.64,0.78,0.104,0.91,0.496,0.62,0.331,0.76,0.078,0.48,1800,1,145,0.91,0.9,125,55,0.8778
Tokyo,0.318,0.9,0.809,0.91,0.611,0.99,0.64,0.96,0.104,0.88,0.496,0.74,0.331,0.99,0.078,0.71,1800,1,165,0.91,0.79,135,60,0.9259
Singapore,0.318,0.91,0.809,0.72,0.611,0.98,0.64,0.85,0.104,0.79,0.496,0.94,0.331,0.97,0.078,0.79,1800,1,155,0.9,0.94,145,50,0.8984
Singapore,0.787,0.91,0.72,0.72,0.048,0.98,0.438,0.85,0.42,0.79,0.166,0.94,0.414,0.97,0.882,0.79,1800,1,155,0.9,0.94,145,50,0.8688
Bali,0.787,0.73,0.72,0.76,0.048,0.91,0.438,0.87,0.42,0.51,0.166,0.99,0.414,0.72,0.882,0.98,1800,1,90,0.62,0.95,70,35,0.8137
Amsterdam,0.787,0.91,0.72,0.88,0.048,0.79,0.438,0.92,0.42,0.95,0.166,0.78,0.414,0.86,0.882,0.65,1800,1,175,0.96,0.68,155,65,0.8843
Bali,0.295,0.73,0.319,0.76,0.952,0.91,0.074,0.87,0.17,0.51,0.375,0.99,0.732,0.72,0.547,0.98,900,1,90,0.62,0.95,70,35,0.8438
Singapore,0.295,0.91,0.319,0.72,0.952,0.98,0.074,0.85,0.17,0.79,0.375,0.94,0.732,0.97,0.547,0.79,900,1,155,0.9,0.94,145,50,0.905
Paris,0.295,0.98,0.319,0.95,0.952,0.97,0.074,0.82,0.17,0.99,0.375,0.65,0.732,0.92,0.547,0.45,900,1,180,0.95,0.82,160,70,0.866
Dubai,0.295,0.96,0.319,0.63,0.952,0.91,0.074,0.92,0.17,0.72,0.375,0.68,0.732,0.99,0.547,0.91,900,1,190,0.58,0.96,175,70,0.8613
Barcelona,0.295,0.96,0.319,0.84,0.952,0.94,0.074,0.96,0.17,0.82,0.375,0.82,0.732,0.88,0.547,0.72,900,1,150,0.93,0.94,130,58,0.9168
London,0.295,0.94,0.319,0.97,0.952,0.91,0.074,0.95,0.17,0.98,0.375,0.76,0.732,0.98,0.547,0.55,900,1,210,0.89,0.64,190,75,0.8825
Amsterdam,0.295,0.91,0.319,0.88,0.952,0.79,0.074,0.92,0.17,0.95,0.375,0.78,0.732,0.86,0.547,0.65,900,1,175,0.96,0.68,155,65,0.8619
Switzerland,0.265,0.79,0.282,0.78,0.238,0.82,0.05,0.58,0.572,0.75,0.84,0.99,0.154,0.76,0.361,0.98,2200,0,240,0.88,0.78,220,90,0.8259
Istanbul,0.265,0.94,0.282,0.98,0.238,0.94,0.05,0.89,0.572,0.84,0.84,0.71,0.154,0.91,0.361,0.58,2200,0,85,0.84,0.88,65,32,0.8056
Bali,0.265,0.73,0.282,0.76,0.238,0.91,0.05,0.87,0.572,0.51,0.84,0.99,0.154,0.72,0.361,0.98,2200,0,90,0.62,0.95,70,35,0.842
Singapore,0.265,0.91,0.282,0.72,0.238,0.98,0.05,0.85,0.572,0.79,0.84,0.94,0.154,0.97,0.361,0.79,2200,0,155,0.9,0.94,145,50,0.8883
Amsterdam,0.265,0.91,0.282,0.88,0.238,0.79,0.05,0.92,0.572,0.95,0.84,0.78,0.154,0.86,0.361,0.65,2200,0,175,0.96,0.68,155,65,0.8139
Singapore,0.116,0.91,0.785,0.72,0.471,0.98,0.895,0.85,0.265,0.79,0.642,0.94,0.388,0.97,0.371,0.79,2200,1,155,0.9,0.94,145,50,0.8972
Paris,0.116,0.98,0.785,0.95,0.471,0.97,0.895,0.82,0.265,0.99,0.642,0.65,0.388,0.92,0.371,0.45,2200,1,180,0.95,0.82,160,70,0.8597
London,0.116,0.94,0.785,0.97,0.471,0.91,0.895,0.95,0.265,0.98,0.642,0.76,0.388,0.98,0.371,0.55,2200,1,210,0.89,0.64,190,75,0.8725
Istanbul,0.116,0.94,0.785,0.98,0.471,0.94,0.895,0.89,0.265,0.84,0.642,0.71,0.388,0.91,0.371,0.58,2200,1,85,0.84,0.88,65,32,0.8633
Switzerland,0.752,0.79,0.667,0.78,0.086,0.82,0.344,0.58,0.541,0.75,0.971,0.99,0.59,0.76,0.554,0.98,2200,1,240,0.88,0.78,220,90,0.8592
Singapore,0.752,0.91,0.667,0.72,0.086,0.98,0.344,0.85,0.541,0.79,0.971,0.94,0.59,0.97,0.554,0.79,2200,1,155,0.9,0.94,145,50,0.92
Bali,0.752,0.73,0.667,0.76,0.086,0.91,0.344,0.87,0.541,0.51,0.971,0.99,0.59,0.72,0.554,0.98,2200,1,90,0.62,0.95,70,35,0.8183
Amsterdam,0.752,0.91,0.667,0.88,0.086,0.79,0.344,0.92,0.541,0.95,0.971,0.78,0.59,0.86,0.554,0.65,2200,1,175,0.96,0.68,155,65,0.8729
Istanbul,0.752,0.94,0.667,0.98,0.086,0.94,0.344,0.89,0.541,0.84,0.971,0.71,0.59,0.91,0.554,0.58,2200,1,85,0.84,0.88,65,32,0.8722
Barcelona,0.752,0.96,0.667,0.84,0.086,0.94,0.344,0.96,0.541,0.82,0.971,0.82,0.59,0.88,0.554,0.72,2200,1,150,0.93,0.94,130,58,0.9035
Paris,0.752,0.98,0.667,0.95,0.086,0.97,0.344,0.82,0.541,0.99,0.971,0.65,0.59,0.92,0.554,0.45,2200,1,180,0.95,0.82,160,70,0.8933
Switzerland,0.147,0.79,0.949,0.78,0.449,0.82,0.949,0.58,0.167,0.75,0.212,0.99,0.193,0.76,0.043,0.98,900,1,240,0.88,0.78,220,90,0.8006
Barcelona,0.147,0.96,0.949,0.84,0.449,0.94,0.949,0.96,0.167,0.82,0.212,0.82,0.193,0.88,0.043,0.72,900,1,150,0.93,0.94,130,58,0.9354
Bali,0.147,0.73,0.949,0.76,0.449,0.91,0.949,0.87,0.167,0.51,0.212,0.99,0.193,0.72,0.043,0.98,900,1,90,0.62,0.95,70,35,0.8623
London,0.147,0.94,0.949,0.97,0.449,0.91,0.949,0.95,0.167,0.98,0.212,0.76,0.193,0.98,0.043,0.55,900,1,210,0.89,0.64,190,75,0.8933
Barcelona,0.556,0.96,0.552,0.84,0.857,0.94,0.52,0.96,0.917,0.82,0.012,0.82,0.7,0.88,0.588,0.72,2200,0,150,0.93,0.94,130,58,0.8816
Istanbul,0.556,0.94,0.552,0.98,0.857,0.94,0.52,0.89,0.917,0.84,0.012,0.71,0.7,0.91,0.588,0.58,2200,0,85,0.84,0.88,65,32,0.874
Bali,0.556,0.73,0.552,0.76,0.857,0.91,0.52,0.87,0.917,0.51,0.012,0.99,0.7,0.72,0.588,0.98,2200,0,90,0.62,0.95,70,35,0.825
Rome,0.556,0.97,0.552,0.99,0.857,0.96,0.52,0.78,0.917,0.91,0.012,0.62,0.7,0.76,0.588,0.48,2200,0,145,0.91,0.9,125,55,0.8656
New York,0.556,0.94,0.552,0.82,0.857,0.96,0.52,0.99,0.917,0.97,0.012,0.71,0.7,0.99,0.588,0.63,2200,0,230,0.92,0.76,210,85,0.8903
London,0.556,0.94,0.552,0.97,0.857,0.91,0.52,0.95,0.917,0.98,0.012,0.76,0.7,0.98,0.588,0.55,2200,0,210,0.89,0.64,190,75,0.8444
Paris,0.655,0.98,0.572,0.95,0.473,0.97,0.172,0.82,0.403,0.99,0.618,0.65,0.681,0.92,0.402,0.45,2200,1,180,0.95,0.82,160,70,0.8651
Singapore,0.655,0.91,0.572,0.72,0.473,0.98,0.172,0.85,0.403,0.79,0.618,0.94,0.681,0.97,0.402,0.79,2200,1,155,0.9,0.94,145,50,0.9273
London,0.655,0.94,0.572,0.97,0.473,0.91,0.172,0.95,0.403,0.98,0.618,0.76,0.681,0.98,0.402,0.55,2200,1,210,0.89,0.64,190,75,0.874
Tokyo,0.655,0.9,0.572,0.91,0.473,0.99,0.172,0.96,0.403,0.88,0.618,0.74,0.681,0.99,0.402,0.71,2200,1,165,0.91,0.79,135,60,0.8894
Switzerland,0.492,0.79,0.696,0.78,0.098,0.82,0.869,0.58,0.134,0.75,0.974,0.99,0.443,0.76,0.826,0.98,1500,1,240,0.88,0.78,220,90,0.8715
Rome,0.492,0.97,0.696,0.99,0.098,0.96,0.869,0.78,0.134,0.91,0.974,0.62,0.443,0.76,0.826,0.48,1500,1,145,0.91,0.9,125,55,0.8437
Amsterdam,0.492,0.91,0.696,0.88,0.098,0.79,0.869,0.92,0.134,0.95,0.974,0.78,0.443,0.86,0.826,0.65,1500,1,175,0.96,0.68,155,65,0.8778
Singapore,0.492,0.91,0.696,0.72,0.098,0.98,0.869,0.85,0.134,0.79,0.974,0.94,0.443,0.97,0.826,0.79,1500,1,155,0.9,0.94,145,50,0.9147
Bali,0.492,0.73,0.696,0.76,0.098,0.91,0.869,0.87,0.134,0.51,0.974,0.99,0.443,0.72,0.826,0.98,1500,1,90,0.62,0.95,70,35,0.8733
Dubai,0.492,0.96,0.696,0.63,0.098,0.91,0.869,0.92,0.134,0.72,0.974,0.68,0.443,0.99,0.826,0.91,1500,1,190,0.58,0.96,175,70,0.8332
New York,0.492,0.94,0.696,0.82,0.098,0.96,0.869,0.99,0.134,0.97,0.974,0.71,0.443,0.99,0.826,0.63,1500,1,230,0.92,0.76,210,85,0.8574
Paris,0.507,0.98,0.136,0.95,0.851,0.97,0.879,0.82,0.029,0.99,0.193,0.65,0.833,0.92,0.837,0.45,1300,0,180,0.95,0.82,160,70,0.8183
Tokyo,0.507,0.9,0.136,0.91,0.851,0.99,0.879,0.96,0.029,0.88,0.193,0.74,0.833,0.99,0.837,0.71,1300,0,165,0.91,0.79,135,60,0.866
Amsterdam,0.507,0.91,0.136,0.88,0.851,0.79,0.879,0.92,0.029,0.95,0.193,0.78,0.833,0.86,0.837,0.65,1300,0,175,0.96,0.68,155,65,0.8316
London,0.507,0.94,0.136,0.97,0.851,0.91,0.879,0.95,0.029,0.98,0.193,0.76,0.833,0.98,0.837,0.55,1300,0,210,0.89,0.64,190,75,0.8393
Switzerland,0.507,0.79,0.136,0.78,0.851,0.82,0.879,0.58,0.029,0.75,0.193,0.99,0.833,0.76,0.837,0.98,1300,0,240,0.88,0.78,220,90,0.7907
Dubai,0.507,0.96,0.136,0.63,0.851,0.91,0.879,0.92,0.029,0.72,0.193,0.68,0.833,0.99,0.837,0.91,1300,0,190,0.58,0.96,175,70,0.8932
Dubai,0.446,0.96,0.961,0.63,0.475,0.91,0.551,0.92,0.344,0.72,0.838,0.68,0.259,0.99,0.831,0.91,900,1,190,0.58,0.96,175,70,0.8567
Paris,0.446,0.98,0.961,0.95,0.475,0.97,0.551,0.82,0.344,0.99,0.838,0.65,0.259,0.92,0.831,0.45,900,1,180,0.95,0.82,160,70,0.8705
Barcelona,0.446,0.96,0.961,0.84,0.475,0.94,0.551,0.96,0.344,0.82,0.838,0.82,0.259,0.88,0.831,0.72,900,1,150,0.93,0.94,130,58,0.8836
Bali,0.221,0.73,0.225,0.76,0.207,0.91,0.652,0.87,0.513,0.51,0.865,0.99,0.967,0.72,0.682,0.98,2600,0,90,0.62,0.95,70,35,0.8449
Paris,0.221,0.98,0.225,0.95,0.207,0.97,0.652,0.82,0.513,0.99,0.865,0.65,0.967,0.92,0.682,0.45,2600,0,180,0.95,0.82,160,70,0.8296
Amsterdam,0.221,0.91,0.225,0.88,0.207,0.79,0.652,0.92,0.513,0.95,0.865,0.78,0.967,0.86,0.682,0.65,2600,0,175,0.96,0.68,155,65,0.8272
London,0.221,0.94,0.225,0.97,0.207,0.91,0.652,0.95,0.513,0.98,0.865,0.76,0.967,0.98,0.682,0.55,2600,0,210,0.89,0.64,190,75,0.8392
Switzerland,0.275,0.79,0.895,0.78,0.852,0.82,0.459,0.58,0.218,0.75,0.302,0.99,0.521,0.76,0.624,0.98,900,0,240,0.88,0.78,220,90,0.8119
Tokyo,0.275,0.9,0.895,0.91,0.852,0.99,0.459,0.96,0.218,0.88,0.302,0.74,0.521,0.99,0.624,0.71,900,0,165,0.91,0.79,135,60,0.8592
New York,0.275,0.94,0.895,0.82,0.852,0.96,0.459,0.99,0.218,0.97,0.302,0.71,0.521,0.99,0.624,0.63,900,0,230,0.92,0.76,210,85,0.8357
London,0.275,0.94,0.895,0.97,0.852,0.91,0.459,0.95,0.218,0.98,0.302,0.76,0.521,0.98,0.624,0.55,900,0,210,0.89,0.64,190,75,0.8313
Bali,0.275,0.73,0.895,0.76,0.852,0.91,0.459,0.87,0.218,0.51,0.302,0.99,0.521,0.72,0.624,0.98,900,0,90,0.62,0.95,70,35,0.8335
Istanbul,0.275,0.94,0.895,0.98,0.852,0.94,0.459,0.89,0.218,0.84,0.302,0.71,0.521,0.91,0.624,0.58,900,0,85,0.84,0.88,65,32,0.8637
Paris,0.275,0.98,0.895,0.95,0.852,0.97,0.459,0.82,0.218,0.99,0.302,0.65,0.521,0.92,0.624,0.45,900,0,180,0.95,0.82,160,70,0.8604
Switzerland,0.651,0.79,0.188,0.78,0.517,0.82,0.24,0.58,0.057,0.75,0.857,0.99,0.81,0.76,0.404,0.98,1800,0,240,0.88,0.78,220,90,0.8197
Singapore,0.651,0.91,0.188,0.72,0.517,0.98,0.24,0.85,0.057,0.79,0.857,0.94,0.81,0.97,0.404,0.79,1800,0,155,0.9,0.94,145,50,0.8867
London,0.651,0.94,0.188,0.97,0.517,0.91,0.24,0.95,0.057,0.98,0.857,0.76,0.81,0.98,0.404,0.55,1800,0,210,0.89,0.64,190,75,0.8266
Switzerland,0.035,0.79,0.708,0.78,0.572,0.82,0.19,0.58,0.727,0.75,0.222,0.99,0.535,0.76,0.785,0.98,1800,1,240,0.88,0.78,220,90,0.8387
New York,0.035,0.94,0.708,0.82,0.572,0.96,0.19,0.99,0.727,0.97,0.222,0.71,0.535,0.99,0.785,0.63,1800,1,230,0.92,0.76,210,85,0.8641
Barcelona,0.035,0.96,0.708,0.84,0.572,0.94,0.19,0.96,0.727,0.82,0.222,0.82,0.535,0.88,0.785,0.72,1800,1,150,0.93,0.94,130,58,0.8777
London,0.035,0.94,0.708,0.97,0.572,0.91,0.19,0.95,0.727,0.98,0.222,0.76,0.535,0.98,0.785,0.55,1800,1,210,0.89,0.64,190,75,0.8864
Bali,0.763,0.73,0.183,0.76,0.68,0.91,0.336,0.87,0.089,0.51,0.355,0.99,0.744,0.72,0.307,0.98,1800,1,90,0.62,0.95,70,35,0.8277
London,0.763,0.94,0.183,0.97,0.68,0.91,0.336,0.95,0.089,0.98,0.355,0.76,0.744,0.98,0.307,0.55,1800,1,210,0.89,0.64,190,75,0.8956
Singapore,0.763,0.91,0.183,0.72,0.68,0.98,0.336,0.85,0.089,0.79,0.355,0.94,0.744,0.97,0.307,0.79,1800,1,155,0.9,0.94,145,50,0.9341
Rome,0.763,0.97,0.183,0.99,0.68,0.96,0.336,0.78,0.089,0.91,0.355,0.62,0.744,0.76,0.307,0.48,1800,1,145,0.91,0.9,125,55,0.8817
Istanbul,0.763,0.94,0.183,0.98,0.68,0.94,0.336,0.89,0.089,0.84,0.355,0.71,0.744,0.91,0.307,0.58,1800,1,85,0.84,0.88,65,32,0.8942
Singapore,0.195,0.91,0.12,0.72,0.681,0.98,0.53,0.85,0.413,0.79,0.871,0.94,0.151,0.97,0.992,0.79,1800,1,155,0.9,0.94,145,50,0.9153
Barcelona,0.195,0.96,0.12,0.84,0.681,0.94,0.53,0.96,0.413,0.82,0.871,0.82,0.151,0.88,0.992,0.72,1800,1,150,0.93,0.94,130,58,0.8773
Tokyo,0.195,0.9,0.12,0.91,0.681,0.99,0.53,0.96,0.413,0.88,0.871,0.74,0.151,0.99,0.992,0.71,1800,1,165,0.91,0.79,135,60,0.8821
Switzerland,0.195,0.79,0.12,0.78,0.681,0.82,0.53,0.58,0.413,0.75,0.871,0.99,0.151,0.76,0.992,0.98,1800,1,240,0.88,0.78,220,90,0.8531
Rome,0.195,0.97,0.12,0.99,0.681,0.96,0.53,0.78,0.413,0.91,0.871,0.62,0.151,0.76,0.992,0.48,1800,1,145,0.91,0.9,125,55,0.8071
Amsterdam,0.195,0.91,0.12,0.88,0.681,0.79,0.53,0.92,0.413,0.95,0.871,0.78,0.151,0.86,0.992,0.65,1800,1,175,0.96,0.68,155,65,0.8559
New York,0.195,0.94,0.12,0.82,0.681,0.96,0.53,0.99,0.413,0.97,0.871,0.71,0.151,0.99,0.992,0.63,1800,1,230,0.92,0.76,210,85,0.8453
New York,0.764,0.94,0.49,0.82,0.764,0.96,0.088,0.99,0.614,0.97,0.633,0.71,0.403,0.99,0.965,0.63,2200,0,230,0.92,0.76,210,85,0.8559
Amsterdam,0.764,0.91,0.49,0.88,0.764,0.79,0.088,0.92,0.614,0.95,0.633,0.78,0.403,0.86,0.965,0.65,2200,0,175,0.96,0.68,155,65,0.8284
Tokyo,0.764,0.9,0.49,0.91,0.764,0.99,0.088,0.96,0.614,0.88,0.633,0.74,0.403,0.99,0.965,0.71,2200,0,165,0.91,0.79,135,60,0.8587
Paris,0.531,0.98,0.018,0.95,0.004,0.97,0.734,0.82,0.226,0.99,0.877,0.65,0.312,0.92,0.103,0.45,1500,0,180,0.95,0.82,160,70,0.8154
London,0.531,0.94,0.018,0.97,0.004,0.91,0.734,0.95,0.226,0.98,0.877,0.76,0.312,0.98,0.103,0.55,1500,0,210,0.89,0.64,190,75,0.8429
Switzerland,0.531,0.79,0.018,0.78,0.004,0.82,0.734,0.58,0.226,0.75,0.877,0.99,0.312,0.76,0.103,0.98,1500,0,240,0.88,0.78,220,90,0.808
Amsterdam,0.434,0.91,0.687,0.88,0.134,0.79,0.996,0.92,0.49,0.95,0.75,0.78,0.165,0.86,0.907,0.65,2200,0,175,0.96,0.68,155,65,0.8226
Barcelona,0.434,0.96,0.687,0.84,0.134,0.94,0.996,0.96,0.49,0.82,0.75,0.82,0.165,0.88,0.907,0.72,2200,0,150,0.93,0.94,130,58,0.8391
Istanbul,0.434,0.94,0.687,0.98,0.134,0.94,0.996,0.89,0.49,0.84,0.75,0.71,0.165,0.91,0.907,0.58,2200,0,85,0.84,0.88,65,32,0.8197
Paris,0.434,0.98,0.687,0.95,0.134,0.97,0.996,0.82,0.49,0.99,0.75,0.65,0.165,0.92,0.907,0.45,2200,0,180,0.95,0.82,160,70,0.8073
Dubai,0.037,0.96,0.877,0.63,0.256,0.91,0.535,0.92,0.049,0.72,0.995,0.68,0.662,0.99,0.654,0.91,700,0,190,0.58,0.96,175,70,0.8107
Singapore,0.037,0.91,0.877,0.72,0.256,0.98,0.535,0.85,0.049,0.79,0.995,0.94,0.662,0.97,0.654,0.79,700,0,155,0.9,0.94,145,50,0.8488
Istanbul,0.037,0.94,0.877,0.98,0.256,0.94,0.535,0.89,0.049,0.84,0.995,0.71,0.662,0.91,0.654,0.58,700,0,85,0.84,0.88,65,32,0.8411
Istanbul,0.205,0.94,0.686,0.98,0.009,0.94,0.421,0.89,0.101,0.84,0.52,0.71,0.623,0.91,0.701,0.58,2200,0,85,0.84,0.88,65,32,0.8294
Bali,0.205,0.73,0.686,0.76,0.009,0.91,0.421,0.87,0.101,0.51,0.52,0.99,0.623,0.72,0.701,0.98,2200,0,90,0.62,0.95,70,35,0.8552
Rome,0.205,0.97,0.686,0.99,0.009,0.96,0.421,0.78,0.101,0.91,0.52,0.62,0.623,0.76,0.701,0.48,2200,0,145,0.91,0.9,125,55,0.802
London,0.205,0.94,0.686,0.97,0.009,0.91,0.421,0.95,0.101,0.98,0.52,0.76,0.623,0.98,0.701,0.55,2200,0,210,0.89,0.64,190,75,0.837
Switzerland,0.205,0.79,0.686,0.78,0.009,0.82,0.421,0.58,0.101,0.75,0.52,0.99,0.623,0.76,0.701,0.98,2200,0,240,0.88,0.78,220,90,0.8476
Dubai,0.205,0.96,0.686,0.63,0.009,0.91,0.421,0.92,0.101,0.72,0.52,0.68,0.623,0.99,0.701,0.91,2200,0,190,0.58,0.96,175,70,0.8359
Paris,0.205,0.98,0.686,0.95,0.009,0.97,0.421,0.82,0.101,0.99,0.52,0.65,0.623,0.92,0.701,0.45,2200,0,180,0.95,0.82,160,70,0.7929
Rome,0.16,0.97,0.548,0.99,0.91,0.96,0.688,0.78,0.481,0.91,0.235,0.62,0.013,0.76,0.089,0.48,900,1,145,0.91,0.9,125,55,0.9282
New York,0.16,0.94,0.548,0.82,0.91,0.96,0.688,0.99,0.481,0.97,0.235,0.71,0.013,0.99,0.089,0.63,900,1,230,0.92,0.76,210,85,0.9239
Istanbul,0.16,0.94,0.548,0.98,0.91,0.94,0.688,0.89,0.481,0.84,0.235,0.71,0.013,0.91,0.089,0.58,900,1,85,0.84,0.88,65,32,0.9056
Bali,0.16,0.73,0.548,0.76,0.91,0.91,0.688,0.87,0.481,0.51,0.235,0.99,0.013,0.72,0.089,0.98,900,1,90,0.62,0.95,70,35,0.8676
Paris,0.264,0.98,0.05,0.95,0.813,0.97,0.874,0.82,0.852,0.99,0.36,0.65,0.677,0.92,0.426,0.45,900,0,180,0.95,0.82,160,70,0.8383
Barcelona,0.264,0.96,0.05,0.84,0.813,0.94,0.874,0.96,0.852,0.82,0.36,0.82,0.677,0.88,0.426,0.72,900,0,150,0.93,0.94,130,58,0.8913
Switzerland,0.264,0.79,0.05,0.78,0.813,0.82,0.874,0.58,0.852,0.75,0.36,0.99,0.677,0.76,0.426,0.98,900,0,240,0.88,0.78,220,90,0.8163
Rome,0.268,0.97,0.733,0.99,0.373,0.96,0.343,0.78,0.114,0.91,0.4,0.62,0.457,0.76,0.836,0.48,2600,1,145,0.91,0.9,125,55,0.8229
Barcelona,0.268,0.96,0.733,0.84,0.373,0.94,0.343,0.96,0.114,0.82,0.4,0.82,0.457,0.88,0.836,0.72,2600,1,150,0.93,0.94,130,58,0.9147
Paris,0.268,0.98,0.733,0.95,0.373,0.97,0.343,0.82,0.114,0.99,0.4,0.65,0.457,0.92,0.836,0.45,2600,1,180,0.95,0.82,160,70,0.848
Switzerland,0.268,0.79,0.733,0.78,0.373,0.82,0.343,0.58,0.114,0.75,0.4,0.99,0.457,0.76,0.836,0.98,2600,1,240,0.88,0.78,220,90,0.8694
Dubai,0.438,0.96,0.611,0.63,0.779,0.91,0.611,0.92,0.863,0.72,0.88,0.68,0.727,0.99,0.892,0.91,2600,1,190,0.58,0.96,175,70,0.8315
Singapore,0.438,0.91,0.611,0.72,0.779,0.98,0.611,0.85,0.863,0.79,0.88,0.94,0.727,0.97,0.892,0.79,2600,1,155,0.9,0.94,145,50,0.913
Paris,0.438,0.98,0.611,0.95,0.779,0.97,0.611,0.82,0.863,0.99,0.88,0.65,0.727,0.92,0.892,0.45,2600,1,180,0.95,0.82,160,70,0.8453
Singapore,0.868,0.91,0.525,0.72,0.744,0.98,0.724,0.85,0.224,0.79,0.956,0.94,0.873,0.97,0.519,0.79,900,1,155,0.9,0.94,145,50,0.936
Tokyo,0.868,0.9,0.525,0.91,0.744,0.99,0.724,0.96,0.224,0.88,0.956,0.74,0.873,0.99,0.519,0.71,900,1,165,0.91,0.79,135,60,0.9061
Dubai,0.868,0.96,0.525,0.63,0.744,0.91,0.724,0.92,0.224,0.72,0.956,0.68,0.873,0.99,0.519,0.91,900,1,190,0.58,0.96,175,70,0.8925
Barcelona,0.868,0.96,0.525,0.84,0.744,0.94,0.724,0.96,0.224,0.82,0.956,0.82,0.873,0.88,0.519,0.72,900,1,150,0.93,0.94,130,58,0.8924
Amsterdam,0.643,0.91,0.157,0.88,0.849,0.79,0.852,0.92,0.869,0.95,0.075,0.78,0.492,0.86,0.241,0.65,1500,0,175,0.96,0.68,155,65,0.8382
New York,0.643,0.94,0.157,0.82,0.849,0.96,0.852,0.99,0.869,0.97,0.075,0.71,0.492,0.99,0.241,0.63,1500,0,230,0.92,0.76,210,85,0.8936
Dubai,0.643,0.96,0.157,0.63,0.849,0.91,0.852,0.92,0.869,0.72,0.075,0.68,0.492,0.99,0.241,0.91,1500,0,190,0.58,0.96,175,70,0.8504
Bali,0.643,0.73,0.157,0.76,0.849,0.91,0.852,0.87,0.869,0.51,0.075,0.99,0.492,0.72,0.241,0.98,1500,0,90,0.62,0.95,70,35,0.806
Istanbul,0.643,0.94,0.157,0.98,0.849,0.94,0.852,0.89,0.869,0.84,0.075,0.71,0.492,0.91,0.241,0.58,1500,0,85,0.84,0.88,65,32,0.8581
Paris,0.643,0.98,0.157,0.95,0.849,0.97,0.852,0.82,0.869,0.99,0.075,0.65,0.492,0.92,0.241,0.45,1500,0,180,0.95,0.82,160,70,0.8977
Singapore,0.643,0.91,0.157,0.72,0.849,0.98,0.852,0.85,0.869,0.79,0.075,0.94,0.492,0.97,0.241,0.79,1500,0,155,0.9,0.94,145,50,0.8846
Tokyo,0.018,0.9,0.403,0.91,0.036,0.99,0.549,0.96,0.826,0.88,0.792,0.74,0.963,0.99,0.638,0.71,1300,1,165,0.91,0.79,135,60,0.8935
Paris,0.018,0.98,0.403,0.95,0.036,0.97,0.549,0.82,0.826,0.99,0.792,0.65,0.963,0.92,0.638,0.45,1300,1,180,0.95,0.82,160,70,0.8646
Amsterdam,0.018,0.91,0.403,0.88,0.036,0.79,0.549,0.92,0.826,0.95,0.792,0.78,0.963,0.86,0.638,0.65,1300,1,175,0.96,0.68,155,65,0.8668
Singapore,0.018,0.91,0.403,0.72,0.036,0.98,0.549,0.85,0.826,0.79,0.792,0.94,0.963,0.97,0.638,0.79,1300,1,155,0.9,0.94,145,50,0.9093
Istanbul,0.018,0.94,0.403,0.98,0.036,0.94,0.549,0.89,0.826,0.84,0.792,0.71,0.963,0.91,0.638,0.58,1300,1,85,0.84,0.88,65,32,0.8709
Singapore,0.114,0.91,0.759,0.72,0.222,0.98,0.341,0.85,0.83,0.79,0.964,0.94,0.292,0.97,0.522,0.79,900,0,155,0.9,0.94,145,50,0.8384
Barcelona,0.114,0.96,0.759,0.84,0.222,0.94,0.341,0.96,0.83,0.82,0.964,0.82,0.292,0.88,0.522,0.72,900,0,150,0.93,0.94,130,58,0.8313
Dubai,0.114,0.96,0.759,0.63,0.222,0.91,0.341,0.92,0.83,0.72,0.964,0.68,0.292,0.99,0.522,0.91,900,0,190,0.58,0.96,175,70,0.79
Rome,0.114,0.97,0.759,0.99,0.222,0.96,0.341,0.78,0.83,0.91,0.964,0.62,0.292,0.76,0.522,0.48,900,0,145,0.91,0.9,125,55,0.8274
Switzerland,0.216,0.79,0.825,0.78,0.191,0.82,0.338,0.58,0.757,0.75,0.047,0.99,0.633,0.76,0.672,0.98,900,1,240,0.88,0.78,220,90,0.8439
Bali,0.216,0.73,0.825,0.76,0.191,0.91,0.338,0.87,0.757,0.51,0.047,0.99,0.633,0.72,0.672,0.98,900,1,90,0.62,0.95,70,35,0.791
New York,0.216,0.94,0.825,0.82,0.191,0.96,0.338,0.99,0.757,0.97,0.047,0.71,0.633,0.99,0.672,0.63,900,1,230,0.92,0.76,210,85,0.9141
Barcelona,0.216,0.96,0.825,0.84,0.191,0.94,0.338,0.96,0.757,0.82,0.047,0.82,0.633,0.88,0.672,0.72,900,1,150,0.93,0.94,130,58,0.9103
Singapore,0.216,0.91,0.825,0.72,0.191,0.98,0.338,0.85,0.757,0.79,0.047,0.94,0.633,0.97,0.672,0.79,900,1,155,0.9,0.94,145,50,0.8809
Paris,0.216,0.98,0.825,0.95,0.191,0.97,0.338,0.82,0.757,0.99,0.047,0.65,0.633,0.92,0.672,0.45,900,1,180,0.95,0.82,160,70,0.8867
Istanbul,0.921,0.94,0.177,0.98,0.579,0.94,0.73,0.89,0.128,0.84,0.387,0.71,0.601,0.91,0.883,0.58,2200,1,85,0.84,0.88,65,32,0.8876
Amsterdam,0.921,0.91,0.177,0.88,0.579,0.79,0.73,0.92,0.128,0.95,0.387,0.78,0.601,0.86,0.883,0.65,2200,1,175,0.96,0.68,155,65,0.8412
London,0.921,0.94,0.177,0.97,0.579,0.91,0.73,0.95,0.128,0.98,0.387,0.76,0.601,0.98,0.883,0.55,2200,1,210,0.89,0.64,190,75,0.8691
Dubai,0.921,0.96,0.177,0.63,0.579,0.91,0.73,0.92,0.128,0.72,0.387,0.68,0.601,0.99,0.883,0.91,2200,1,190,0.58,0.96,175,70,0.911
Tokyo,0.921,0.9,0.177,0.91,0.579,0.99,0.73,0.96,0.128,0.88,0.387,0.74,0.601,0.99,0.883,0.71,2200,1,165,0.91,0.79,135,60,0.8997
Barcelona,0.921,0.96,0.177,0.84,0.579,0.94,0.73,0.96,0.128,0.82,0.387,0.82,0.601,0.88,0.883,0.72,2200,1,150,0.93,0.94,130,58,0.9305
Switzerland,0.921,0.79,0.177,0.78,0.579,0.82,0.73,0.58,0.128,0.75,0.387,0.99,0.601,0.76,0.883,0.98,2200,1,240,0.88,0.78,220,90,0.8539
New York,0.314,0.94,0.737,0.82,0.554,0.96,0.217,0.99,0.21,0.97,0.714,0.71,0.687,0.99,0.921,0.63,1100,0,230,0.92,0.76,210,85,0.8286
Switzerland,0.314,0.79,0.737,0.78,0.554,0.82,0.217,0.58,0.21,0.75,0.714,0.99,0.687,0.76,0.921,0.98,1100,0,240,0.88,0.78,220,90,0.8589
Tokyo,0.314,0.9,0.737,0.91,0.554,0.99,0.217,0.96,0.21,0.88,0.714,0.74,0.687,0.99,0.921,0.71,1100,0,165,0.91,0.79,135,60,0.8573
Rome,0.314,0.97,0.737,0.99,0.554,0.96,0.217,0.78,0.21,0.91,0.714,0.62,0.687,0.76,0.921,0.48,1100,0,145,0.91,0.9,125,55,0.8081
Bali,0.314,0.73,0.737,0.76,0.554,0.91,0.217,0.87,0.21,0.51,0.714,0.99,0.687,0.72,0.921,0.98,1100,0,90,0.62,0.95,70,35,0.8737
London,0.314,0.94,0.737,0.97,0.554,0.91,0.217,0.95,0.21,0.98,0.714,0.76,0.687,0.98,0.921,0.55,1100,0,210,0.89,0.64,190,75,0.8185
Amsterdam,0.314,0.91,0.737,0.88,0.554,0.79,0.217,0.92,0.21,0.95,0.714,0.78,0.687,0.86,0.921,0.65,1100,0,175,0.96,0.68,155,65,0.8216
Paris,0.422,0.98,0.013,0.95,0.106,0.97,0.381,0.82,0.053,0.99,0.057,0.65,0.267,0.92,0.786,0.45,1500,1,180,0.95,0.82,160,70,0.7939
London,0.422,0.94,0.013,0.97,0.106,0.91,0.381,0.95,0.053,0.98,0.057,0.76,0.267,0.98,0.786,0.55,1500,1,210,0.89,0.64,190,75,0.8455
Amsterdam,0.422,0.91,0.013,0.88,0.106,0.79,0.381,0.92,0.053,0.95,0.057,0.78,0.267,0.86,0.786,0.65,1500,1,175,0.96,0.68,155,65,0.8233
New York,0.422,0.94,0.013,0.82,0.106,0.96,0.381,0.99,0.053,0.97,0.057,0.71,0.267,0.99,0.786,0.63,1500,1,230,0.92,0.76,210,85,0.8865
Dubai,0.739,0.96,0.865,0.63,0.742,0.91,0.561,0.92,0.238,0.72,0.784,0.68,0.799,0.99,0.288,0.91,700,1,190,0.58,0.96,175,70,0.869
Switzerland,0.739,0.79,0.865,0.78,0.742,0.82,0.561,0.58,0.238,0.75,0.784,0.99,0.799,0.76,0.288,0.98,700,1,240,0.88,0.78,220,90,0.834
Tokyo,0.739,0.9,0.865,0.91,0.742,0.99,0.561,0.96,0.238,0.88,0.784,0.74,0.799,0.99,0.288,0.71,700,1,165,0.91,0.79,135,60,0.928
New York,0.739,0.94,0.865,0.82,0.742,0.96,0.561,0.99,0.238,0.97,0.784,0.71,0.799,0.99,0.288,0.63,700,1,230,0.92,0.76,210,85,0.9161
Paris,0.739,0.98,0.865,0.95,0.742,0.97,0.561,0.82,0.238,0.99,0.784,0.65,0.799,0.92,0.288,0.45,700,1,180,0.95,0.82,160,70,0.8928
Singapore,0.739,0.91,0.865,0.72,0.742,0.98,0.561,0.85,0.238,0.79,0.784,0.94,0.799,0.97,0.288,0.79,700,1,155,0.9,0.94,145,50,0.8998
Barcelona,0.634,0.96,0.71,0.84,0.368,0.94,0.588,0.96,0.738,0.82,0.196,0.82,0.725,0.88,0.193,0.72,2600,0,150,0.93,0.94,130,58,0.8536
Istanbul,0.634,0.94,0.71,0.98,0.368,0.94,0.588,0.89,0.738,0.84,0.196,0.71,0.725,0.91,0.193,0.58,2600,0,85,0.84,0.88,65,32,0.8485
New York,0.634,0.94,0.71,0.82,0.368,0.96,0.588,0.99,0.738,0.97,0.196,0.71,0.725,0.99,0.193,0.63,2600,0,230,0.92,0.76,210,85,0.8652
Bali,0.264,0.73,0.161,0.76,0.846,0.91,0.006,0.87,0.466,0.51,0.937,0.99,0.04,0.72,0.929,0.98,700,1,90,0.62,0.95,70,35,0.8683
New York,0.264,0.94,0.161,0.82,0.846,0.96,0.006,0.99,0.466,0.97,0.937,0.71,0.04,0.99,0.929,0.63,700,1,230,0.92,0.76,210,85,0.8357
Tokyo,0.264,0.9,0.161,0.91,0.846,0.99,0.006,0.96,0.466,0.88,0.937,0.74,0.04,0.99,0.929,0.71,700,1,165,0.91,0.79,135,60,0.8466
Rome,0.264,0.97,0.161,0.99,0.846,0.96,0.006,0.78,0.466,0.91,0.937,0.62,0.04,0.76,0.929,0.48,700,1,145,0.91,0.9,125,55,0.8275
Istanbul,0.264,0.94,0.161,0.98,0.846,0.94,0.006,0.89,0.466,0.84,0.937,0.71,0.04,0.91,0.929,0.58,700,1,85,0.84,0.88,65,32,0.8345
London,0.264,0.94,0.161,0.97,0.846,0.91,0.006,0.95,0.466,0.98,0.937,0.76,0.04,0.98,0.929,0.55,700,1,210,0.89,0.64,190,75,0.8315
Singapore,0.092,0.91,0.221,0.72,0.213,0.98,0.332,0.85,0.361,0.79,0.218,0.94,0.753,0.97,0.53,0.79,700,0,155,0.9,0.94,145,50,0.8766
Amsterdam,0.092,0.91,0.221,0.88,0.213,0.79,0.332,0.92,0.361,0.95,0.218,0.78,0.753,0.86,0.53,0.65,700,0,175,0.96,0.68,155,65,0.8069
Bali,0.092,0.73,0.221,0.76,0.213,0.91,0.332,0.87,0.361,0.51,0.218,0.99,0.753,0.72,0.53,0.98,700,0,90,0.62,0.95,70,35,0.8465
Switzerland,0.092,0.79,0.221,0.78,0.213,0.82,0.332,0.58,0.361,0.75,0.218,0.99,0.753,0.76,0.53,0.98,700,0,240,0.88,0.78,220,90,0.8335
Paris,0.092,0.98,0.221,0.95,0.213,0.97,0.332,0.82,0.361,0.99,0.218,0.65,0.753,0.92,0.53,0.45,700,0,180,0.95,0.82,160,70,0.8136
Rome,0.54,0.97,0.283,0.99,0.911,0.96,0.822,0.78,0.375,0.91,0.803,0.62,0.446,0.76,0.044,0.48,1300,1,145,0.91,0.9,125,55,0.8664
Istanbul,0.54,0.94,0.283,0.98,0.911,0.94,0.822,0.89,0.375,0.84,0.803,0.71,0.446,0.91,0.044,0.58,1300,1,85,0.84,0.88,65,32,0.9025
Barcelona,0.54,0.96,0.283,0.84,0.911,0.94,0.822,0.96,0.375,0.82,0.803,0.82,0.446,0.88,0.044,0.72,1300,1,150,0.93,0.94,130,58,0.9113
New York,0.54,0.94,0.283,0.82,0.911,0.96,0.822,0.99,0.375,0.97,0.803,0.71,0.446,0.99,0.044,0.63,1300,1,230,0.92,0.76,210,85,0.9215
Paris,0.54,0.98,0.283,0.95,0.911,0.97,0.822,0.82,0.375,0.99,0.803,0.65,0.446,0.92,0.044,0.45,1300,1,180,0.95,0.82,160,70,0.9164
Tokyo,0.54,0.9,0.283,0.91,0.911,0.99,0.822,0.96,0.375,0.88,0.803,0.74,0.446,0.99,0.044,0.71,1300,1,165,0.91,0.79,135,60,0.8995
Singapore,0.54,0.91,0.283,0.72,0.911,0.98,0.822,0.85,0.375,0.79,0.803,0.94,0.446,0.97,0.044,0.79,1300,1,155,0.9,0.94,145,50,0.9409
Paris,0.879,0.98,0.741,0.95,0.435,0.97,0.817,0.82,0.072,0.99,0.686,0.65,0.024,0.92,0.717,0.45,700,0,180,0.95,0.82,160,70,0.818
Barcelona,0.879,0.96,0.741,0.84,0.435,0.94,0.817,0.96,0.072,0.82,0.686,0.82,0.024,0.88,0.717,0.72,700,0,150,0.93,0.94,130,58,0.8719
London,0.879,0.94,0.741,0.97,0.435,0.91,0.817,0.95,0.072,0.98,0.686,0.76,0.024,0.98,0.717,0.55,700,0,210,0.89,0.64,190,75,0.812
Tokyo,0.259,0.9,0.388,0.91,0.63,0.99,0.433,0.96,0.017,0.88,0.673,0.74,0.535,0.99,0.641,0.71,900,0,165,0.91,0.79,135,60,0.8425
New York,0.259,0.94,0.388,0.82,0.63,0.96,0.433,0.99,0.017,0.97,0.673,0.71,0.535,0.99,0.641,0.63,900,0,230,0.92,0.76,210,85,0.8425
Rome,0.259,0.97,0.388,0.99,0.63,0.96,0.433,0.78,0.017,0.91,0.673,0.62,0.535,0.76,0.641,0.48,900,0,145,0.91,0.9,125,55,0.8025
Switzerland,0.282,0.79,0.927,0.78,0.381,0.82,0.822,0.58,0.031,0.75,0.156,0.99,0.22,0.76,0.747,0.98,1500,0,240,0.88,0.78,220,90,0.7823
Istanbul,0.282,0.94,0.927,0.98,0.381,0.94,0.822,0.89,0.031,0.84,0.156,0.71,0.22,0.91,0.747,0.58,1500,0,85,0.84,0.88,65,32,0.8237
Tokyo,0.282,0.9,0.927,0.91,0.381,0.99,0.822,0.96,0.031,0.88,0.156,0.74,0.22,0.99,0.747,0.71,1500,0,165,0.91,0.79,135,60,0.8646
Paris,0.282,0.98,0.927,0.95,0.381,0.97,0.822,0.82,0.031,0.99,0.156,0.65,0.22,0.92,0.747,0.45,1500,0,180,0.95,0.82,160,70,0.817
Barcelona,0.282,0.96,0.927,0.84,0.381,0.94,0.822,0.96,0.031,0.82,0.156,0.82,0.22,0.88,0.747,0.72,1500,0,150,0.93,0.94,130,58,0.8848
Rome,0.305,0.97,0.748,0.99,0.904,0.96,0.344,0.78,0.413,0.91,0.646,0.62,0.513,0.76,0.161,0.48,1300,1,145,0.91,0.9,125,55,0.9067
Barcelona,0.305,0.96,0.748,0.84,0.904,0.94,0.344,0.96,0.413,0.82,0.646,0.82,0.513,0.88,0.161,0.72,1300,1,150,0.93,0.94,130,58,0.9347
Bali,0.305,0.73,0.748,0.76,0.904,0.91,0.344,0.87,0.413,0.51,0.646,0.99,0.513,0.72,0.161,0.98,1300,1,90,0.62,0.95,70,35,0.8711
Paris,0.305,0.98,0.748,0.95,0.904,0.97,0.344,0.82,0.413,0.99,0.646,0.65,0.513,0.92,0.161,0.45,1300,1,180,0.95,0.82,160,70,0.9018
Bali,0.55,0.73,0.291,0.76,0.067,0.91,0.098,0.87,0.726,0.51,0.487,0.99,0.331,0.72,0.128,0.98,1300,0,90,0.62,0.95,70,35,0.7873
Rome,0.55,0.97,0.291,0.99,0.067,0.96,0.098,0.78,0.726,0.91,0.487,0.62,0.331,0.76,0.128,0.48,1300,0,145,0.91,0.9,125,55,0.8472
Amsterdam,0.55,0.91,0.291,0.88,0.067,0.79,0.098,0.92,0.726,0.95,0.487,0.78,0.331,0.86,0.128,0.65,1300,0,175,0.96,0.68,155,65,0.8319
Tokyo,0.55,0.9,0.291,0.91,0.067,0.99,0.098,0.96,0.726,0.88,0.487,0.74,0.331,0.99,0.128,0.71,1300,0,165,0.91,0.79,135,60,0.857
Singapore,0.55,0.91,0.291,0.72,0.067,0.98,0.098,0.85,0.726,0.79,0.487,0.94,0.331,0.97,0.128,0.79,1300,0,155,0.9,0.94,145,50,0.8654
Singapore,0.364,0.91,0.316,0.72,0.428,0.98,0.005,0.85,0.246,0.79,0.222,0.94,0.74,0.97,0.436,0.79,1800,0,155,0.9,0.94,145,50,0.876
Istanbul,0.364,0.94,0.316,0.98,0.428,0.94,0.005,0.89,0.246,0.84,0.222,0.71,0.74,0.91,0.436,0.58,1800,0,85,0.84,0.88,65,32,0.8297
Switzerland,0.364,0.79,0.316,0.78,0.428,0.82,0.005,0.58,0.246,0.75,0.222,0.99,0.74,0.76,0.436,0.98,1800,0,240,0.88,0.78,220,90,0.8319
Tokyo,0.364,0.9,0.316,0.91,0.428,0.99,0.005,0.96,0.246,0.88,0.222,0.74,0.74,0.99,0.436,0.71,1800,0,165,0.91,0.79,135,60,0.8449
London,0.364,0.94,0.316,0.97,0.428,0.91,0.005,0.95,0.246,0.98,0.222,0.76,0.74,0.98,0.436,0.55,1800,0,210,0.89,0.64,190,75,0.8292
Amsterdam,0.826,0.91,0.891,0.88,0.196,0.79,0.734,0.92,0.627,0.95,0.727,0.78,0.892,0.86,0.85,0.65,700,1,175,0.96,0.68,155,65,0.8638
Paris,0.826,0.98,0.891,0.95,0.196,0.97,0.734,0.82,0.627,0.99,0.727,0.65,0.892,0.92,0.85,0.45,700,1,180,0.95,0.82,160,70,0.8588
New York,0.826,0.94,0.891,0.82,0.196,0.96,0.734,0.99,0.627,0.97,0.727,0.71,0.892,0.99,0.85,0.63,700,1,230,0.92,0.76,210,85,0.9003
London,0.826,0.94,0.891,0.97,0.196,0.91,0.734,0.95,0.627,0.98,0.727,0.76,0.892,0.98,0.85,0.55,700,1,210,0.89,0.64,190,75,0.8896
Singapore,0.826,0.91,0.891,0.72,0.196,0.98,0.734,0.85,0.627,0.79,0.727,0.94,0.892,0.97,0.85,0.79,700,1,155,0.9,0.94,145,50,0.888
Tokyo,0.826,0.9,0.891,0.91,0.196,0.99,0.734,0.96,0.627,0.88,0.727,0.74,0.892,0.99,0.85,0.71,700,1,165,0.91,0.79,135,60,0.8937
Rome,0.826,0.97,0.891,0.99,0.196,0.96,0.734,0.78,0.627,0.91,0.727,0.62,0.892,0.76,0.85,0.48,700,1,145,0.91,0.9,125,55,0.857
Bali,0.397,0.73,0.502,0.76,0.663,0.91,0.848,0.87,0.807,0.51,0.614,0.99,0.166,0.72,0.514,0.98,2600,0,90,0.62,0.95,70,35,0.8531
Istanbul,0.397,0.94,0.502,0.98,0.663,0.94,0.848,0.89,0.807,0.84,0.614,0.71,0.166,0.91,0.514,0.58,2600,0,85,0.84,0.88,65,32,0.8213
Barcelona,0.397,0.96,0.502,0.84,0.663,0.94,0.848,0.96,0.807,0.82,0.614,0.82,0.166,0.88,0.514,0.72,2600,0,150,0.93,0.94,130,58,0.8787
Singapore,0.397,0.91,0.502,0.72,0.663,0.98,0.848,0.85,0.807,0.79,0.614,0.94,0.166,0.97,0.514,0.79,2600,0,155,0.9,0.94,145,50,0.846
Istanbul,0.264,0.94,0.234,0.98,0.669,0.94,0.518,0.89,0.791,0.84,0.388,0.71,0.918,0.91,0.882,0.58,700,1,85,0.84,0.88,65,32,0.8846
New York,0.264,0.94,0.234,0.82,0.669,0.96,0.518,0.99,0.791,0.97,0.388,0.71,0.918,0.99,0.882,0.63,700,1,230,0.92,0.76,210,85,0.8839
London,0.264,0.94,0.234,0.97,0.669,0.91,0.518,0.95,0.791,0.98,0.388,0.76,0.918,0.98,0.882,0.55,700,1,210,0.89,0.64,190,75,0.8738
Singapore,0.174,0.91,0.654,0.72,0.365,0.98,0.653,0.85,0.835,0.79,0.517,0.94,0.376,0.97,0.907,0.79,2200,1,155,0.9,0.94,145,50,0.8856
Istanbul,0.174,0.94,0.654,0.98,0.365,0.94,0.653,0.89,0.835,0.84,0.517,0.71,0.376,0.91,0.907,0.58,2200,1,85,0.84,0.88,65,32,0.8493
Bali,0.174,0.73,0.654,0.76,0.365,0.91,0.653,0.87,0.835,0.51,0.517,0.99,0.376,0.72,0.907,0.98,2200,1,90,0.62,0.95,70,35,0.8427
Paris,0.174,0.98,0.654,0.95,0.365,0.97,0.653,0.82,0.835,0.99,0.517,0.65,0.376,0.92,0.907,0.45,2200,1,180,0.95,0.82,160,70,0.8478
Barcelona,0.174,0.96,0.654,0.84,0.365,0.94,0.653,0.96,0.835,0.82,0.517,0.82,0.376,0.88,0.907,0.72,2200,1,150,0.93,0.94,130,58,0.8755
Barcelona,0.157,0.96,0.602,0.84,0.817,0.94,0.661,0.96,0.415,0.82,0.33,0.82,0.113,0.88,0.675,0.72,2600,0,150,0.93,0.94,130,58,0.8658
Switzerland,0.157,0.79,0.602,0.78,0.817,0.82,0.661,0.58,0.415,0.75,0.33,0.99,0.113,0.76,0.675,0.98,2600,0,240,0.88,0.78,220,90,0.7936
Dubai,0.157,0.96,0.602,0.63,0.817,0.91,0.661,0.92,0.415,0.72,0.33,0.68,0.113,0.99,0.675,0.91,2600,0,190,0.58,0.96,175,70,0.8508
Paris,0.157,0.98,0.602,0.95,0.817,0.97,0.661,0.82,0.415,0.99,0.33,0.65,0.113,0.92,0.675,0.45,2600,0,180,0.95,0.82,160,70,0.8013
Amsterdam,0.157,0.91,0.602,0.88,0.817,0.79,0.661,0.92,0.415,0.95,0.33,0.78,0.113,0.86,0.675,0.65,2600,0,175,0.96,0.68,155,65,0.8172
New York,0.157,0.94,0.602,0.82,0.817,0.96,0.661,0.99,0.415,0.97,0.33,0.71,0.113,0.99,0.675,0.63,2600,0,230,0.92,0.76,210,85,0.8217
Rome,0.157,0.97,0.602,0.99,0.817,0.96,0.661,0.78,0.415,0.91,0.33,0.62,0.113,0.76,0.675,0.48,2600,0,145,0.91,0.9,125,55,0.8118
Bali,0.18,0.73,0.958,0.76,0.599,0.91,0.564,0.87,0.019,0.51,0.72,0.99,0.662,0.72,0.283,0.98,900,0,90,0.62,0.95,70,35,0.8482
Singapore,0.18,0.91,0.958,0.72,0.599,0.98,0.564,0.85,0.019,0.79,0.72,0.94,0.662,0.97,0.283,0.79,900,0,155,0.9,0.94,145,50,0.8497
Switzerland,0.18,0.79,0.958,0.78,0.599,0.82,0.564,0.58,0.019,0.75,0.72,0.99,0.662,0.76,0.283,0.98,900,0,240,0.88,0.78,220,90,0.8162
Barcelona,0.18,0.96,0.958,0.84,0.599,0.94,0.564,0.96,0.019,0.82,0.72,0.82,0.662,0.88,0.283,0.72,900,0,150,0.93,0.94,130,58,0.8805
Amsterdam,0.18,0.91,0.958,0.88,0.599,0.79,0.564,0.92,0.019,0.95,0.72,0.78,0.662,0.86,0.283,0.65,900,0,175,0.96,0.68,155,65,0.8258
Dubai,0.18,0.96,0.958,0.63,0.599,0.91,0.564,0.92,0.019,0.72,0.72,0.68,0.662,0.99,0.283,0.91,900,0,190,0.58,0.96,175,70,0.8369
Rome,0.168,0.97,0.686,0.99,0.922,0.96,0.597,0.78,0.069,0.91,0.378,0.62,0.132,0.76,0.017,0.48,2200,0,145,0.91,0.9,125,55,0.8731
Barcelona,0.168,0.96,0.686,0.84,0.922,0.94,0.597,0.96,0.069,0.82,0.378,0.82,0.132,0.88,0.017,0.72,2200,0,150,0.93,0.94,130,58,0.9041
Singapore,0.168,0.91,0.686,0.72,0.922,0.98,0.597,0.85,0.069,0.79,0.378,0.94,0.132,0.97,0.017,0.79,2200,0,155,0.9,0.94,145,50,0.8732
Paris,0.168,0.98,0.686,0.95,0.922,0.97,0.597,0.82,0.069,0.99,0.378,0.65,0.132,0.92,0.017,0.45,2200,0,180,0.95,0.82,160,70,0.8412
Istanbul,0.168,0.94,0.686,0.98,0.922,0.94,0.597,0.89,0.069,0.84,0.378,0.71,0.132,0.91,0.017,0.58,2200,0,85,0.84,0.88,65,32,0.9024
New York,0.168,0.94,0.686,0.82,0.922,0.96,0.597,0.99,0.069,0.97,0.378,0.71,0.132,0.99,0.017,0.63,2200,0,230,0.92,0.76,210,85,0.8752
Amsterdam,0.168,0.91,0.686,0.88,0.922,0.79,0.597,0.92,0.069,0.95,0.378,0.78,0.132,0.86,0.017,0.65,2200,0,175,0.96,0.68,155,65,0.8237
London,0.421,0.94,0.875,0.97,0.698,0.91,0.429,0.95,0.938,0.98,0.482,0.76,0.769,0.98,0.351,0.55,900,1,210,0.89,0.64,190,75,0.8885
Singapore,0.421,0.91,0.875,0.72,0.698,0.98,0.429,0.85,0.938,0.79,0.482,0.94,0.769,0.97,0.351,0.79,900,1,155,0.9,0.94,145,50,0.9202
Amsterdam,0.421,0.91,0.875,0.88,0.698,0.79,0.429,0.92,0.938,0.95,0.482,0.78,0.769,0.86,0.351,0.65,900,1,175,0.96,0.68,155,65,0.8739
Rome,0.421,0.97,0.875,0.99,0.698,0.96,0.429,0.78,0.938,0.91,0.482,0.62,0.769,0.76,0.351,0.48,900,1,145,0.91,0.9,125,55,0.8714
Dubai,0.709,0.96,0.789,0.63,0.578,0.91,0.118,0.92,0.007,0.72,0.655,0.68,0.688,0.99,0.316,0.91,1800,0,190,0.58,0.96,175,70,0.8364
Switzerland,0.709,0.79,0.789,0.78,0.578,0.82,0.118,0.58,0.007,0.75,0.655,0.99,0.688,0.76,0.316,0.98,1800,0,240,0.88,0.78,220,90,0.8279
Bali,0.709,0.73,0.789,0.76,0.578,0.91,0.118,0.87,0.007,0.51,0.655,0.99,0.688,0.72,0.316,0.98,1800,0,90,0.62,0.95,70,35,0.8461
London,0.709,0.94,0.789,0.97,0.578,0.91,0.118,0.95,0.007,0.98,0.655,0.76,0.688,0.98,0.316,0.55,1800,0,210,0.89,0.64,190,75,0.8516
Istanbul,0.992,0.94,0.397,0.98,0.204,0.94,0.552,0.89,0.558,0.84,0.179,0.71,0.559,0.91,0.484,0.58,1500,1,85,0.84,0.88,65,32,0.9002
Barcelona,0.992,0.96,0.397,0.84,0.204,0.94,0.552,0.96,0.558,0.82,0.179,0.82,0.559,0.88,0.484,0.72,1500,1,150,0.93,0.94,130,58,0.8978
Rome,0.992,0.97,0.397,0.99,0.204,0.96,0.552,0.78,0.558,0.91,0.179,0.62,0.559,0.76,0.484,0.48,1500,1,145,0.91,0.9,125,55,0.8647
Amsterdam,0.992,0.91,0.397,0.88,0.204,0.79,0.552,0.92,0.558,0.95,0.179,0.78,0.559,0.86,0.484,0.65,1500,1,175,0.96,0.68,155,65,0.8767
Singapore,0.992,0.91,0.397,0.72,0.204,0.98,0.552,0.85,0.558,0.79,0.179,0.94,0.559,0.97,0.484,0.79,1500,1,155,0.9,0.94,145,50,0.8943
Dubai,0.992,0.96,0.397,0.63,0.204,0.91,0.552,0.92,0.558,0.72,0.179,0.68,0.559,0.99,0.484,0.91,1500,1,190,0.58,0.96,175,70,0.8783
London,0.697,0.94,0.707,0.97,0.161,0.91,0.965,0.95,0.005,0.98,0.091,0.76,0.145,0.98,0.926,0.55,2200,0,210,0.89,0.64,190,75,0.8009
Amsterdam,0.697,0.91,0.707,0.88,0.161,0.79,0.965,0.92,0.005,0.95,0.091,0.78,0.145,0.86,0.926,0.65,2200,0,175,0.96,0.68,155,65,0.7937
Tokyo,0.697,0.9,0.707,0.91,0.161,0.99,0.965,0.96,0.005,0.88,0.091,0.74,0.145,0.99,0.926,0.71,2200,0,165,0.91,0.79,135,60,0.8473
Switzerland,0.984,0.79,0.614,0.78,0.521,0.82,0.712,0.58,0.597,0.75,0.946,0.99,0.82,0.76,0.64,0.98,2600,0,240,0.88,0.78,220,90,0.7913
New York,0.984,0.94,0.614,0.82,0.521,0.96,0.712,0.99,0.597,0.97,0.946,0.71,0.82,0.99,0.64,0.63,2600,0,230,0.92,0.76,210,85,0.8554
London,0.984,0.94,0.614,0.97,0.521,0.91,0.712,0.95,0.597,0.98,0.946,0.76,0.82,0.98,0.64,0.55,2600,0,210,0.89,0.64,190,75,0.8425
Amsterdam,0.984,0.91,0.614,0.88,0.521,0.79,0.712,0.92,0.597,0.95,0.946,0.78,0.82,0.86,0.64,0.65,2600,0,175,0.96,0.68,155,65,0.8115
Amsterdam,0.169,0.91,0.036,0.88,0.239,0.79,0.0,0.92,0.157,0.95,0.997,0.78,0.78,0.86,0.353,0.65,2200,1,175,0.96,0.68,155,65,0.8589
New York,0.169,0.94,0.036,0.82,0.239,0.96,0.0,0.99,0.157,0.97,0.997,0.71,0.78,0.99,0.353,0.63,2200,1,230,0.92,0.76,210,85,0.8702
Paris,0.169,0.98,0.036,0.95,0.239,0.97,0.0,0.82,0.157,0.99,0.997,0.65,0.78,0.92,0.353,0.45,2200,1,180,0.95,0.82,160,70,0.8451
Rome,0.169,0.97,0.036,0.99,0.239,0.96,0.0,0.78,0.157,0.91,0.997,0.62,0.78,0.76,0.353,0.48,2200,1,145,0.91,0.9,125,55,0.8023
Switzerland,0.169,0.79,0.036,0.78,0.239,0.82,0.0,0.58,0.157,0.75,0.997,0.99,0.78,0.76,0.353,0.98,2200,1,240,0.88,0.78,220,90,0.9093
London,0.169,0.94,0.036,0.97,0.239,0.91,0.0,0.95,0.157,0.98,0.997,0.76,0.78,0.98,0.353,0.55,2200,1,210,0.89,0.64,190,75,0.8405
Barcelona,0.169,0.96,0.036,0.84,0.239,0.94,0.0,0.96,0.157,0.82,0.997,0.82,0.78,0.88,0.353,0.72,2200,1,150,0.93,0.94,130,58,0.9163
Bali,0.455,0.73,0.404,0.76,0.005,0.91,0.175,0.87,0.506,0.51,0.559,0.99,0.503,0.72,0.34,0.98,900,1,90,0.62,0.95,70,35,0.8387
London,0.455,0.94,0.404,0.97,0.005,0.91,0.175,0.95,0.506,0.98,0.559,0.76,0.503,0.98,0.34,0.55,900,1,210,0.89,0.64,190,75,0.9036
Singapore,0.455,0.91,0.404,0.72,0.005,0.98,0.175,0.85,0.506,0.79,0.559,0.94,0.503,0.97,0.34,0.79,900,1,155,0.9,0.94,145,50,0.8991
Dubai,0.455,0.96,0.404,0.63,0.005,0.91,0.175,0.92,0.506,0.72,0.559,0.68,0.503,0.99,0.34,0.91,900,1,190,0.58,0.96,175,70,0.8424
Istanbul,0.455,0.94,0.404,0.98,0.005,0.94,0.175,0.89,0.506,0.84,0.559,0.71,0.503,0.91,0.34,0.58,900,1,85,0.84,0.88,65,32,0.8774
New York,0.455,0.94,0.404,0.82,0.005,0.96,0.175,0.99,0.506,0.97,0.559,0.71,0.503,0.99,0.34,0.63,900,1,230,0.92,0.76,210,85,0.8609
Rome,0.455,0.97,0.404,0.99,0.005,0.96,0.175,0.78,0.506,0.91,0.559,0.62,0.503,0.76,0.34,0.48,900,1,145,0.91,0.9,125,55,0.8372
London,0.068,0.94,0.634,0.97,0.994,0.91,0.677,0.95,0.23,0.98,0.316,0.76,0.955,0.98,0.517,0.55,700,1,210,0.89,0.64,190,75,0.8664
Rome,0.068,0.97,0.634,0.99,0.994,0.96,0.677,0.78,0.23,0.91,0.316,0.62,0.955,0.76,0.517,0.48,700,1,145,0.91,0.9,125,55,0.8883
Dubai,0.068,0.96,0.634,0.63,0.994,0.91,0.677,0.92,0.23,0.72,0.316,0.68,0.955,0.99,0.517,0.91,700,1,190,0.58,0.96,175,70,0.8705
Tokyo,0.068,0.9,0.634,0.91,0.994,0.99,0.677,0.96,0.23,0.88,0.316,0.74,0.955,0.99,0.517,0.71,700,1,165,0.91,0.79,135,60,0.9121
Amsterdam,0.894,0.91,0.269,0.88,0.947,0.79,0.683,0.92,0.91,0.95,0.499,0.78,0.2,0.86,0.735,0.65,1500,0,175,0.96,0.68,155,65,0.8066
Istanbul,0.894,0.94,0.269,0.98,0.947,0.94,0.683,0.89,0.91,0.84,0.499,0.71,0.2,0.91,0.735,0.58,1500,0,85,0.84,0.88,65,32,0.824
Bali,0.894,0.73,0.269,0.76,0.947,0.91,0.683,0.87,0.91,0.51,0.499,0.99,0.2,0.72,0.735,0.98,1500,0,90,0.62,0.95,70,35,0.849
Tokyo,0.894,0.9,0.269,0.91,0.947,0.99,0.683,0.96,0.91,0.88,0.499,0.74,0.2,0.99,0.735,0.71,1500,0,165,0.91,0.79,135,60,0.8672
New York,0.663,0.94,0.614,0.82,0.764,0.96,0.541,0.99,0.042,0.97,0.482,0.71,0.621,0.99,0.492,0.63,1500,1,230,0.92,0.76,210,85,0.9072
London,0.663,0.94,0.614,0.97,0.764,0.91,0.541,0.95,0.042,0.98,0.482,0.76,0.621,0.98,0.492,0.55,1500,1,210,0.89,0.64,190,75,0.8627
Dubai,0.663,0.96,0.614,0.63,0.764,0.91,0.541,0.92,0.042,0.72,0.482,0.68,0.621,0.99,0.492,0.91,1500,1,190,0.58,0.96,175,70,0.8725
Amsterdam,0.663,0.91,0.614,0.88,0.764,0.79,0.541,0.92,0.042,0.95,0.482,0.78,0.621,0.86,0.492,0.65,1500,1,175,0.96,0.68,155,65,0.86
Switzerland,0.94,0.79,0.033,0.78,0.347,0.82,0.86,0.58,0.776,0.75,0.457,0.99,0.12,0.76,0.518,0.98,1800,0,240,0.88,0.78,220,90,0.8038
Amsterdam,0.94,0.91,0.033,0.88,0.347,0.79,0.86,0.92,0.776,0.95,0.457,0.78,0.12,0.86,0.518,0.65,1800,0,175,0.96,0.68,155,65,0.8252
Dubai,0.94,0.96,0.033,0.63,0.347,0.91,0.86,0.92,0.776,0.72,0.457,0.68,0.12,0.99,0.518,0.91,1800,0,190,0.58,0.96,175,70,0.8685
London,0.26,0.94,0.549,0.97,0.237,0.91,0.471,0.95,0.613,0.98,0.366,0.76,0.499,0.98,0.211,0.55,1800,1,210,0.89,0.64,190,75,0.8802
Singapore,0.26,0.91,0.549,0.72,0.237,0.98,0.471,0.85,0.613,0.79,0.366,0.94,0.499,0.97,0.211,0.79,1800,1,155,0.9,0.94,145,50,0.8859
Barcelona,0.26,0.96,0.549,0.84,0.237,0.94,0.471,0.96,0.613,0.82,0.366,0.82,0.499,0.88,0.211,0.72,1800,1,150,0.93,0.94,130,58,0.894
Bali,0.26,0.73,0.549,0.76,0.237,0.91,0.471,0.87,0.613,0.51,0.366,0.99,0.499,0.72,0.211,0.98,1800,1,90,0.62,0.95,70,35,0.8165
Amsterdam,0.26,0.91,0.549,0.88,0.237,0.79,0.471,0.92,0.613,0.95,0.366,0.78,0.499,0.86,0.211,0.65,1800,1,175,0.96,0.68,155,65,0.8773
Dubai,0.26,0.96,0.549,0.63,0.237,0.91,0.471,0.92,0.613,0.72,0.366,0.68,0.499,0.99,0.211,0.91,1800,1,190,0.58,0.96,175,70,0.8268
London,0.959,0.94,0.15,0.97,0.806,0.91,0.177,0.95,0.5,0.98,0.996,0.76,0.849,0.98,0.517,0.55,1800,1,210,0.89,0.64,190,75,0.8552
New York,0.959,0.94,0.15,0.82,0.806,0.96,0.177,0.99,0.5,0.97,0.996,0.71,0.849,0.99,0.517,0.63,1800,1,230,0.92,0.76,210,85,0.8758
Bali,0.959,0.73,0.15,0.76,0.806,0.91,0.177,0.87,0.5,0.51,0.996,0.99,0.849,0.72,0.517,0.98,1800,1,90,0.62,0.95,70,35,0.8346
Paris,0.959,0.98,0.15,0.95,0.806,0.97,0.177,0.82,0.5,0.99,0.996,0.65,0.849,0.92,0.517,0.45,1800,1,180,0.95,0.82,160,70,0.8692
Dubai,0.959,0.96,0.15,0.63,0.806,0.91,0.177,0.92,0.5,0.72,0.996,0.68,0.849,0.99,0.517,0.91,1800,1,190,0.58,0.96,175,70,0.8869
Bali,0.096,0.73,0.745,0.76,0.26,0.91,0.36,0.87,0.557,0.51,0.81,0.99,0.344,0.72,0.412,0.98,1800,0,90,0.62,0.95,70,35,0.8431
Switzerland,0.096,0.79,0.745,0.78,0.26,0.82,0.36,0.58,0.557,0.75,0.81,0.99,0.344,0.76,0.412,0.98,1800,0,240,0.88,0.78,220,90,0.8235
New York,0.096,0.94,0.745,0.82,0.26,0.96,0.36,0.99,0.557,0.97,0.81,0.71,0.344,0.99,0.412,0.63,1800,0,230,0.92,0.76,210,85,0.8439
Barcelona,0.096,0.96,0.745,0.84,0.26,0.94,0.36,0.96,0.557,0.82,0.81,0.82,0.344,0.88,0.412,0.72,1800,0,150,0.93,0.94,130,58,0.8704
London,0.096,0.94,0.745,0.97,0.26,0.91,0.36,0.95,0.557,0.98,0.81,0.76,0.344,0.98,0.412,0.55,1800,0,210,0.89,0.64,190,75,0.8298
Istanbul,0.096,0.94,0.745,0.98,0.26,0.94,0.36,0.89,0.557,0.84,0.81,0.71,0.344,0.91,0.412,0.58,1800,0,85,0.84,0.88,65,32,0.8262
Dubai,0.096,0.96,0.745,0.63,0.26,0.91,0.36,0.92,0.557,0.72,0.81,0.68,0.344,0.99,0.412,0.91,1800,0,190,0.58,0.96,175,70,0.8208
Tokyo,0.145,0.9,0.168,0.91,0.808,0.99,0.337,0.96,0.631,0.88,0.572,0.74,0.849,0.99,0.071,0.71,1100,1,165,0.91,0.79,135,60,0.9242
Istanbul,0.145,0.94,0.168,0.98,0.808,0.94,0.337,0.89,0.631,0.84,0.572,0.71,0.849,0.91,0.071,0.58,1100,1,85,0.84,0.88,65,32,0.8879
London,0.145,0.94,0.168,0.97,0.808,0.91,0.337,0.95,0.631,0.98,0.572,0.76,0.849,0.98,0.071,0.55,1100,1,210,0.89,0.64,190,75,0.9218
Bali,0.145,0.73,0.168,0.76,0.808,0.91,0.337,0.87,0.631,0.51,0.572,0.99,0.849,0.72,0.071,0.98,1100,1,90,0.62,0.95,70,35,0.8454
Barcelona,0.939,0.96,0.748,0.84,0.521,0.94,0.45,0.96,0.167,0.82,0.854,0.82,0.125,0.88,0.235,0.72,1500,0,150,0.93,0.94,130,58,0.8522
Dubai,0.939,0.96,0.748,0.63,0.521,0.91,0.45,0.92,0.167,0.72,0.854,0.68,0.125,0.99,0.235,0.91,1500,0,190,0.58,0.96,175,70,0.8551
Rome,0.939,0.97,0.748,0.99,0.521,0.96,0.45,0.78,0.167,0.91,0.854,0.62,0.125,0.76,0.235,0.48,1500,0,145,0.91,0.9,125,55,0.8463
Bali,0.939,0.73,0.748,0.76,0.521,0.91,0.45,0.87,0.167,0.51,0.854,0.99,0.125,0.72,0.235,0.98,1500,0,90,0.62,0.95,70,35,0.822
Switzerland,0.397,0.79,0.765,0.78,0.083,0.82,0.262,0.58,0.155,0.75,0.655,0.99,0.885,0.76,0.309,0.98,1300,1,240,0.88,0.78,220,90,0.8333
Barcelona,0.397,0.96,0.765,0.84,0.083,0.94,0.262,0.96,0.155,0.82,0.655,0.82,0.885,0.88,0.309,0.72,1300,1,150,0.93,0.94,130,58,0.8957
Istanbul,0.397,0.94,0.765,0.98,0.083,0.94,0.262,0.89,0.155,0.84,0.655,0.71,0.885,0.91,0.309,0.58,1300,1,85,0.84,0.88,65,32,0.9078
New York,0.397,0.94,0.765,0.82,0.083,0.96,0.262,0.99,0.155,0.97,0.655,0.71,0.885,0.99,0.309,0.63,1300,1,230,0.92,0.76,210,85,0.9033
Bali,0.397,0.73,0.765,0.76,0.083,0.91,0.262,0.87,0.155,0.51,0.655,0.99,0.885,0.72,0.309,0.98,1300,1,90,0.62,0.95,70,35,0.8411
Paris,0.397,0.98,0.765,0.95,0.083,0.97,0.262,0.82,0.155,0.99,0.655,0.65,0.885,0.92,0.309,0.45,1300,1,180,0.95,0.82,160,70,0.8986
Singapore,0.935,0.91,0.549,0.72,0.135,0.98,0.948,0.85,0.539,0.79,0.591,0.94,0.457,0.97,0.749,0.79,2200,1,155,0.9,0.94,145,50,0.8884
New York,0.935,0.94,0.549,0.82,0.135,0.96,0.948,0.99,0.539,0.97,0.591,0.71,0.457,0.99,0.749,0.63,2200,1,230,0.92,0.76,210,85,0.8854
Amsterdam,0.935,0.91,0.549,0.88,0.135,0.79,0.948,0.92,0.539,0.95,0.591,0.78,0.457,0.86,0.749,0.65,2200,1,175,0.96,0.68,155,65,0.8566
Rome,0.935,0.97,0.549,0.99,0.135,0.96,0.948,0.78,0.539,0.91,0.591,0.62,0.457,0.76,0.749,0.48,2200,1,145,0.91,0.9,125,55,0.8317
Istanbul,0.935,0.94,0.549,0.98,0.135,0.94,0.948,0.89,0.539,0.84,0.591,0.71,0.457,0.91,0.749,0.58,2200,1,85,0.84,0.88,65,32,0.8761
Amsterdam,0.758,0.91,0.136,0.88,0.287,0.79,0.535,0.92,0.688,0.95,0.492,0.78,0.755,0.86,0.3,0.65,2200,1,175,0.96,0.68,155,65,0.8787
Paris,0.758,0.98,0.136,0.95,0.287,0.97,0.535,0.82,0.688,0.99,0.492,0.65,0.755,0.92,0.3,0.45,2200,1,180,0.95,0.82,160,70,0.8838
New York,0.758,0.94,0.136,0.82,0.287,0.96,0.535,0.99,0.688,0.97,0.492,0.71,0.755,0.99,0.3,0.63,2200,1,230,0.92,0.76,210,85,0.9228
Tokyo,0.758,0.9,0.136,0.91,0.287,0.99,0.535,0.96,0.688,0.88,0.492,0.74,0.755,0.99,0.3,0.71,2200,1,165,0.91,0.79,135,60,0.9139
Istanbul,0.758,0.94,0.136,0.98,0.287,0.94,0.535,0.89,0.688,0.84,0.492,0.71,0.755,0.91,0.3,0.58,2200,1,85,0.84,0.88,65,32,0.9017
Singapore,0.758,0.91,0.136,0.72,0.287,0.98,0.535,0.85,0.688,0.79,0.492,0.94,0.755,0.97,0.3,0.79,2200,1,155,0.9,0.94,145,50,0.9014
London,0.758,0.94,0.136,0.97,0.287,0.91,0.535,0.95,0.688,0.98,0.492,0.76,0.755,0.98,0.3,0.55,2200,1,210,0.89,0.64,190,75,0.8736
Rome,0.625,0.97,0.517,0.99,0.8,0.96,0.613,0.78,0.694,0.91,0.272,0.62,0.648,0.76,0.532,0.48,1500,1,145,0.91,0.9,125,55,0.8608
Barcelona,0.625,0.96,0.517,0.84,0.8,0.94,0.613,0.96,0.694,0.82,0.272,0.82,0.648,0.88,0.532,0.72,1500,1,150,0.93,0.94,130,58,0.9106
Switzerland,0.625,0.79,0.517,0.78,0.8,0.82,0.613,0.58,0.694,0.75,0.272,0.99,0.648,0.76,0.532,0.98,1500,1,240,0.88,0.78,220,90,0.8374
London,0.625,0.94,0.517,0.97,0.8,0.91,0.613,0.95,0.694,0.98,0.272,0.76,0.648,0.98,0.532,0.55,1500,1,210,0.89,0.64,190,75,0.9008
Rome,0.492,0.97,0.321,0.99,0.152,0.96,0.97,0.78,0.022,0.91,0.972,0.62,0.282,0.76,0.125,0.48,2600,0,145,0.91,0.9,125,55,0.7925
Barcelona,0.492,0.96,0.321,0.84,0.152,0.94,0.97,0.96,0.022,0.82,0.972,0.82,0.282,0.88,0.125,0.72,2600,0,150,0.93,0.94,130,58,0.8741
Paris,0.492,0.98,0.321,0.95,0.152,0.97,0.97,0.82,0.022,0.99,0.972,0.65,0.282,0.92,0.125,0.45,2600,0,180,0.95,0.82,160,70,0.8318
Singapore,0.492,0.91,0.321,0.72,0.152,0.98,0.97,0.85,0.022,0.79,0.972,0.94,0.282,0.97,0.125,0.79,2600,0,155,0.9,0.94,145,50,0.8755
London,0.371,0.94,0.697,0.97,0.032,0.91,0.08,0.95,0.751,0.98,0.146,0.76,0.267,0.98,0.392,0.55,2600,0,210,0.89,0.64,190,75,0.8759
Dubai,0.371,0.96,0.697,0.63,0.032,0.91,0.08,0.92,0.751,0.72,0.146,0.68,0.267,0.99,0.392,0.91,2600,0,190,0.58,0.96,175,70,0.8302
Paris,0.371,0.98,0.697,0.95,0.032,0.97,0.08,0.82,0.751,0.99,0.146,0.65,0.267,0.92,0.392,0.45,2600,0,180,0.95,0.82,160,70,0.8488
Rome,0.371,0.97,0.697,0.99,0.032,0.96,0.08,0.78,0.751,0.91,0.146,0.62,0.267,0.76,0.392,0.48,2600,0,145,0.91,0.9,125,55,0.8699
Switzerland,0.247,0.79,0.995,0.78,0.199,0.82,0.735,0.58,0.094,0.75,0.666,0.99,0.208,0.76,0.389,0.98,1500,1,240,0.88,0.78,220,90,0.8277
Paris,0.247,0.98,0.995,0.95,0.199,0.97,0.735,0.82,0.094,0.99,0.666,0.65,0.208,0.92,0.389,0.45,1500,1,180,0.95,0.82,160,70,0.8644
New York,0.247,0.94,0.995,0.82,0.199,0.96,0.735,0.99,0.094,0.97,0.666,0.71,0.208,0.99,0.389,0.63,1500,1,230,0.92,0.76,210,85,0.8643
Bali,0.247,0.73,0.995,0.76,0.199,0.91,0.735,0.87,0.094,0.51,0.666,0.99,0.208,0.72,0.389,0.98,1500,1,90,0.62,0.95,70,35,0.8587
Paris,0.052,0.98,0.667,0.95,0.973,0.97,0.236,0.82,0.434,0.99,0.015,0.65,0.794,0.92,0.585,0.45,2200,0,180,0.95,0.82,160,70,0.8614
Bali,0.052,0.73,0.667,0.76,0.973,0.91,0.236,0.87,0.434,0.51,0.015,0.99,0.794,0.72,0.585,0.98,2200,0,90,0.62,0.95,70,35,0.8097
Singapore,0.052,0.91,0.667,0.72,0.973,0.98,0.236,0.85,0.434,0.79,0.015,0.94,0.794,0.97,0.585,0.79,2200,0,155,0.9,0.94,145,50,0.8801
Singapore,0.249,0.91,0.5,0.72,0.686,0.98,0.338,0.85,0.97,0.79,0.76,0.94,0.06,0.97,0.356,0.79,1100,0,155,0.9,0.94,145,50,0.8738
Amsterdam,0.249,0.91,0.5,0.88,0.686,0.79,0.338,0.92,0.97,0.95,0.76,0.78,0.06,0.86,0.356,0.65,1100,0,175,0.96,0.68,155,65,0.8386
Tokyo,0.249,0.9,0.5,0.91,0.686,0.99,0.338,0.96,0.97,0.88,0.76,0.74,0.06,0.99,0.356,0.71,1100,0,165,0.91,0.79,135,60,0.8665
New York,0.249,0.94,0.5,0.82,0.686,0.96,0.338,0.99,0.97,0.97,0.76,0.71,0.06,0.99,0.356,0.63,1100,0,230,0.92,0.76,210,85,0.8437
Barcelona,0.193,0.96,0.689,0.84,0.358,0.94,0.135,0.96,0.899,0.82,0.485,0.82,0.438,0.88,0.295,0.72,2600,0,150,0.93,0.94,130,58,0.8738
New York,0.193,0.94,0.689,0.82,0.358,0.96,0.135,0.99,0.899,0.97,0.485,0.71,0.438,0.99,0.295,0.63,2600,0,230,0.92,0.76,210,85,0.8544
Tokyo,0.193,0.9,0.689,0.91,0.358,0.99,0.135,0.96,0.899,0.88,0.485,0.74,0.438,0.99,0.295,0.71,2600,0,165,0.91,0.79,135,60,0.8363
Bali,0.193,0.73,0.689,0.76,0.358,0.91,0.135,0.87,0.899,0.51,0.485,0.99,0.438,0.72,0.295,0.98,2600,0,90,0.62,0.95,70,35,0.7832
Singapore,0.193,0.91,0.689,0.72,0.358,0.98,0.135,0.85,0.899,0.79,0.485,0.94,0.438,0.97,0.295,0.79,2600,0,155,0.9,0.94,145,50,0.8426
Istanbul,0.193,0.94,0.689,0.98,0.358,0.94,0.135,0.89,0.899,0.84,0.485,0.71,0.438,0.91,0.295,0.58,2600,0,85,0.84,0.88,65,32,0.8386
London,0.193,0.94,0.689,0.97,0.358,0.91,0.135,0.95,0.899,0.98,0.485,0.76,0.438,0.98,0.295,0.55,2600,0,210,0.89,0.64,190,75,0.8477
New York,0.001,0.94,0.638,0.82,0.379,0.96,0.186,0.99,0.019,0.97,0.857,0.71,0.776,0.99,0.239,0.63,900,1,230,0.92,0.76,210,85,0.8582
Switzerland,0.001,0.79,0.638,0.78,0.379,0.82,0.186,0.58,0.019,0.75,0.857,0.99,0.776,0.76,0.239,0.98,900,1,240,0.88,0.78,220,90,0.8599
Singapore,0.001,0.91,0.638,0.72,0.379,0.98,0.186,0.85,0.019,0.79,0.857,0.94,0.776,0.97,0.239,0.79,900,1,155,0.9,0.94,145,50,0.913
Istanbul,0.001,0.94,0.638,0.98,0.379,0.94,0.186,0.89,0.019,0.84,0.857,0.71,0.776,0.91,0.239,0.58,900,1,85,0.84,0.88,65,32,0.8705
New York,0.096,0.94,0.659,0.82,0.044,0.96,0.938,0.99,0.179,0.97,0.031,0.71,0.107,0.99,0.192,0.63,700,1,230,0.92,0.76,210,85,0.8947
Bali,0.096,0.73,0.659,0.76,0.044,0.91,0.938,0.87,0.179,0.51,0.031,0.99,0.107,0.72,0.192,0.98,700,1,90,0.62,0.95,70,35,0.8525
Switzerland,0.096,0.79,0.659,0.78,0.044,0.82,0.938,0.58,0.179,0.75,0.031,0.99,0.107,0.76,0.192,0.98,700,1,240,0.88,0.78,220,90,0.7703
London,0.096,0.94,0.659,0.97,0.044,0.91,0.938,0.95,0.179,0.98,0.031,0.76,0.107,0.98,0.192,0.55,700,1,210,0.89,0.64,190,75,0.927
Paris,0.096,0.98,0.659,0.95,0.044,0.97,0.938,0.82,0.179,0.99,0.031,0.65,0.107,0.92,0.192,0.45,700,1,180,0.95,0.82,160,70,0.8961
Barcelona,0.096,0.96,0.659,0.84,0.044,0.94,0.938,0.96,0.179,0.82,0.031,0.82,0.107,0.88,0.192,0.72,700,1,150,0.93,0.94,130,58,0.9406
Paris,0.832,0.98,0.468,0.95,0.639,0.97,0.361,0.82,0.743,0.99,0.89,0.65,0.822,0.92,0.794,0.45,700,1,180,0.95,0.82,160,70,0.8548
Rome,0.832,0.97,0.468,0.99,0.639,0.96,0.361,0.78,0.743,0.91,0.89,0.62,0.822,0.76,0.794,0.48,700,1,145,0.91,0.9,125,55,0.8432
London,0.832,0.94,0.468,0.97,0.639,0.91,0.361,0.95,0.743,0.98,0.89,0.76,0.822,0.98,0.794,0.55,700,1,210,0.89,0.64,190,75,0.8671
Switzerland,0.832,0.79,0.468,0.78,0.639,0.82,0.361,0.58,0.743,0.75,0.89,0.99,0.822,0.76,0.794,0.98,700,1,240,0.88,0.78,220,90,0.8477
Amsterdam,0.832,0.91,0.468,0.88,0.639,0.79,0.361,0.92,0.743,0.95,0.89,0.78,0.822,0.86,0.794,0.65,700,1,175,0.96,0.68,155,65,0.8724
Bali,0.832,0.73,0.468,0.76,0.639,0.91,0.361,0.87,0.743,0.51,0.89,0.99,0.822,0.72,0.794,0.98,700,1,90,0.62,0.95,70,35,0.8458
Istanbul,0.832,0.94,0.468,0.98,0.639,0.94,0.361,0.89,0.743,0.84,0.89,0.71,0.822,0.91,0.794,0.58,700,1,85,0.84,0.88,65,32,0.8947
New York,0.558,0.94,0.558,0.82,0.746,0.96,0.766,0.99,0.577,0.97,0.674,0.71,0.703,0.99,0.427,0.63,900,0,230,0.92,0.76,210,85,0.8681
Dubai,0.558,0.96,0.558,0.63,0.746,0.91,0.766,0.92,0.577,0.72,0.674,0.68,0.703,0.99,0.427,0.91,900,0,190,0.58,0.96,175,70,0.8543
Istanbul,0.558,0.94,0.558,0.98,0.746,0.94,0.766,0.89,0.577,0.84,0.674,0.71,0.703,0.91,0.427,0.58,900,0,85,0.84,0.88,65,32,0.8587
Tokyo,0.558,0.9,0.558,0.91,0.746,0.99,0.766,0.96,0.577,0.88,0.674,0.74,0.703,0.99,0.427,0.71,900,0,165,0.91,0.79,135,60,0.8885
New York,0.902,0.94,0.55,0.82,0.997,0.96,0.845,0.99,0.412,0.97,0.633,0.71,0.826,0.99,0.323,0.63,1300,0,230,0.92,0.76,210,85,0.8436
London,0.902,0.94,0.55,0.97,0.997,0.91,0.845,0.95,0.412,0.98,0.633,0.76,0.826,0.98,0.323,0.55,1300,0,210,0.89,0.64,190,75,0.8334
Tokyo,0.902,0.9,0.55,0.91,0.997,0.99,0.845,0.96,0.412,0.88,0.633,0.74,0.826,0.99,0.323,0.71,1300,0,165,0.91,0.79,135,60,0.8636
Singapore,0.902,0.91,0.55,0.72,0.997,0.98,0.845,0.85,0.412,0.79,0.633,0.94,0.826,0.97,0.323,0.79,1300,0,155,0.9,0.94,145,50,0.8543
Istanbul,0.902,0.94,0.55,0.98,0.997,0.94,0.845,0.89,0.412,0.84,0.633,0.71,0.826,0.91,0.323,0.58,1300,0,85,0.84,0.88,65,32,0.8457
Amsterdam,0.902,0.91,0.55,0.88,0.997,0.79,0.845,0.92,0.412,0.95,0.633,0.78,0.826,0.86,0.323,0.65,1300,0,175,0.96,0.68,155,65,0.8487
Singapore,0.007,0.91,0.984,0.72,0.215,0.98,0.315,0.85,0.772,0.79,0.943,0.94,0.822,0.97,0.919,0.79,1100,0,155,0.9,0.94,145,50,0.8338
Tokyo,0.007,0.9,0.984,0.91,0.215,0.99,0.315,0.96,0.772,0.88,0.943,0.74,0.822,0.99,0.919,0.71,1100,0,165,0.91,0.79,135,60,0.836
Barcelona,0.007,0.96,0.984,0.84,0.215,0.94,0.315,0.96,0.772,0.82,0.943,0.82,0.822,0.88,0.919,0.72,1100,0,150,0.93,0.94,130,58,0.8459
Rome,0.233,0.97,0.811,0.99,0.092,0.96,0.4,0.78,0.918,0.91,0.734,0.62,0.724,0.76,0.793,0.48,1100,1,145,0.91,0.9,125,55,0.8676
Bali,0.233,0.73,0.811,0.76,0.092,0.91,0.4,0.87,0.918,0.51,0.734,0.99,0.724,0.72,0.793,0.98,1100,1,90,0.62,0.95,70,35,0.822
London,0.233,0.94,0.811,0.97,0.092,0.91,0.4,0.95,0.918,0.98,0.734,0.76,0.724,0.98,0.793,0.55,1100,1,210,0.89,0.64,190,75,0.8913
Paris,0.233,0.98,0.811,0.95,0.092,0.97,0.4,0.82,0.918,0.99,0.734,0.65,0.724,0.92,0.793,0.45,1100,1,180,0.95,0.82,160,70,0.8615
Dubai,0.233,0.96,0.811,0.63,0.092,0.91,0.4,0.92,0.918,0.72,0.734,0.68,0.724,0.99,0.793,0.91,1100,1,190,0.58,0.96,175,70,0.8582
New York,0.233,0.94,0.811,0.82,0.092,0.96,0.4,0.99,0.918,0.97,0.734,0.71,0.724,0.99,0.793,0.63,1100,1,230,0.92,0.76,210,85,0.8587
Singapore,0.233,0.91,0.811,0.72,0.092,0.98,0.4,0.85,0.918,0.79,0.734,0.94,0.724,0.97,0.793,0.79,1100,1,155,0.9,0.94,145,50,0.9038
Istanbul,0.748,0.94,0.849,0.98,0.929,0.94,0.634,0.89,0.632,0.84,0.054,0.71,0.524,0.91,0.319,0.58,1100,1,85,0.84,0.88,65,32,0.9137
Amsterdam,0.748,0.91,0.849,0.88,0.929,0.79,0.634,0.92,0.632,0.95,0.054,0.78,0.524,0.86,0.319,0.65,1100,1,175,0.96,0.68,155,65,0.8612
Barcelona,0.748,0.96,0.849,0.84,0.929,0.94,0.634,0.96,0.632,0.82,0.054,0.82,0.524,0.88,0.319,0.72,1100,1,150,0.93,0.94,130,58,0.9167
Paris,0.748,0.98,0.849,0.95,0.929,0.97,0.634,0.82,0.632,0.99,0.054,0.65,0.524,0.92,0.319,0.45,1100,1,180,0.95,0.82,160,70,0.9348
Dubai,0.748,0.96,0.849,0.63,0.929,0.91,0.634,0.92,0.632,0.72,0.054,0.68,0.524,0.99,0.319,0.91,1100,1,190,0.58,0.96,175,70,0.846
Switzerland,0.748,0.79,0.849,0.78,0.929,0.82,0.634,0.58,0.632,0.75,0.054,0.99,0.524,0.76,0.319,0.98,1100,1,240,0.88,0.78,220,90,0.8211
London,0.748,0.94,0.849,0.97,0.929,0.91,0.634,0.95,0.632,0.98,0.054,0.76,0.524,0.98,0.319,0.55,1100,1,210,0.89,0.64,190,75,0.9051
Switzerland,0.745,0.79,0.548,0.78,0.263,0.82,0.399,0.58,0.434,0.75,0.698,0.99,0.762,0.76,0.481,0.98,1300,1,240,0.88,0.78,220,90,0.8337
Bali,0.745,0.73,0.548,0.76,0.263,0.91,0.399,0.87,0.434,0.51,0.698,0.99,0.762,0.72,0.481,0.98,1300,1,90,0.62,0.95,70,35,0.8529
Amsterdam,0.745,0.91,0.548,0.88,0.263,0.79,0.399,0.92,0.434,0.95,0.698,0.78,0.762,0.86,0.481,0.65,1300,1,175,0.96,0.68,155,65,0.8623
New York,0.745,0.94,0.548,0.82,0.263,0.96,0.399,0.99,0.434,0.97,0.698,0.71,0.762,0.99,0.481,0.63,1300,1,230,0.92,0.76,210,85,0.9118
Istanbul,0.745,0.94,0.548,0.98,0.263,0.94,0.399,0.89,0.434,0.84,0.698,0.71,0.762,0.91,0.481,0.58,1300,1,85,0.84,0.88,65,32,0.8603
Rome,0.745,0.97,0.548,0.99,0.263,0.96,0.399,0.78,0.434,0.91,0.698,0.62,0.762,0.76,0.481,0.48,1300,1,145,0.91,0.9,125,55,0.8699
Paris,0.424,0.98,0.348,0.95,0.321,0.97,0.594,0.82,0.024,0.99,0.305,0.65,0.988,0.92,0.616,0.45,2600,0,180,0.95,0.82,160,70,0.8328
Amsterdam,0.424,0.91,0.348,0.88,0.321,0.79,0.594,0.92,0.024,0.95,0.305,0.78,0.988,0.86,0.616,0.65,2600,0,175,0.96,0.68,155,65,0.795
Switzerland,0.424,0.79,0.348,0.78,0.321,0.82,0.594,0.58,0.024,0.75,0.305,0.99,0.988,0.76,0.616,0.98,2600,0,240,0.88,0.78,220,90,0.8188
Tokyo,0.424,0.9,0.348,0.91,0.321,0.99,0.594,0.96,0.024,0.88,0.305,0.74,0.988,0.99,0.616,0.71,2600,0,165,0.91,0.79,135,60,0.8546
Barcelona,0.424,0.96,0.348,0.84,0.321,0.94,0.594,0.96,0.024,0.82,0.305,0.82,0.988,0.88,0.616,0.72,2600,0,150,0.93,0.94,130,58,0.8728
Dubai,0.424,0.96,0.348,0.63,0.321,0.91,0.594,0.92,0.024,0.72,0.305,0.68,0.988,0.99,0.616,0.91,2600,0,190,0.58,0.96,175,70,0.8634
New York,0.832,0.94,0.288,0.82,0.343,0.96,0.804,0.99,0.305,0.97,0.471,0.71,0.332,0.99,0.74,0.63,1300,0,230,0.92,0.76,210,85,0.8547
London,0.832,0.94,0.288,0.97,0.343,0.91,0.804,0.95,0.305,0.98,0.471,0.76,0.332,0.98,0.74,0.55,1300,0,210,0.89,0.64,190,75,0.822
Istanbul,0.832,0.94,0.288,0.98,0.343,0.94,0.804,0.89,0.305,0.84,0.471,0.71,0.332,0.91,0.74,0.58,1300,0,85,0.84,0.88,65,32,0.8576
Singapore,0.832,0.91,0.288,0.72,0.343,0.98,0.804,0.85,0.305,0.79,0.471,0.94,0.332,0.97,0.74,0.79,1300,0,155,0.9,0.94,145,50,0.8665
Barcelona,0.832,0.96,0.288,0.84,0.343,0.94,0.804,0.96,0.305,0.82,0.471,0.82,0.332,0.88,0.74,0.72,1300,0,150,0.93,0.94,130,58,0.8561
Tokyo,0.832,0.9,0.288,0.91,0.343,0.99,0.804,0.96,0.305,0.88,0.471,0.74,0.332,0.99,0.74,0.71,1300,0,165,0.91,0.79,135,60,0.8309
Dubai,0.832,0.96,0.288,0.63,0.343,0.91,0.804,0.92,0.305,0.72,0.471,0.68,0.332,0.99,0.74,0.91,1300,0,190,0.58,0.96,175,70,0.8521
London,0.697,0.94,0.271,0.97,0.465,0.91,0.945,0.95,0.067,0.98,0.66,0.76,0.663,0.98,0.913,0.55,1800,0,210,0.89,0.64,190,75,0.8079
Switzerland,0.697,0.79,0.271,0.78,0.465,0.82,0.945,0.58,0.067,0.75,0.66,0.99,0.663,0.76,0.913,0.98,1800,0,240,0.88,0.78,220,90,0.8083
Dubai,0.697,0.96,0.271,0.63,0.465,0.91,0.945,0.92,0.067,0.72,0.66,0.68,0.663,0.99,0.913,0.91,1800,0,190,0.58,0.96,175,70,0.8975
New York,0.1,0.94,0.315,0.82,0.867,0.96,0.532,0.99,0.186,0.97,0.501,0.71,0.458,0.99,0.926,0.63,700,0,230,0.92,0.76,210,85,0.8279
London,0.1,0.94,0.315,0.97,0.867,0.91,0.532,0.95,0.186,0.98,0.501,0.76,0.458,0.98,0.926,0.55,700,0,210,0.89,0.64,190,75,0.7934
Tokyo,0.1,0.9,0.315,0.91,0.867,0.99,0.532,0.96,0.186,0.88,0.501,0.74,0.458,0.99,0.926,0.71,700,0,165,0.91,0.79,135,60,0.845
Singapore,0.1,0.91,0.315,0.72,0.867,0.98,0.532,0.85,0.186,0.79,0.501,0.94,0.458,0.97,0.926,0.79,700,0,155,0.9,0.94,145,50,0.8638
Barcelona,0.625,0.96,0.236,0.84,0.978,0.94,0.501,0.96,0.812,0.82,0.626,0.82,0.879,0.88,0.89,0.72,700,1,150,0.93,0.94,130,58,0.8847
Tokyo,0.625,0.9,0.236,0.91,0.978,0.99,0.501,0.96,0.812,0.88,0.626,0.74,0.879,0.99,0.89,0.71,700,1,165,0.91,0.79,135,60,0.8948
Dubai,0.625,0.96,0.236,0.63,0.978,0.91,0.501,0.92,0.812,0.72,0.626,0.68,0.879,0.99,0.89,0.91,700,1,190,0.58,0.96,175,70,0.8951
Istanbul,0.625,0.94,0.236,0.98,0.978,0.94,0.501,0.89,0.812,0.84,0.626,0.71,0.879,0.91,0.89,0.58,700,1,85,0.84,0.88,65,32,0.8781
New York,0.626,0.94,0.227,0.82,0.24,0.96,0.153,0.99,0.971,0.97,0.91,0.71,0.329,0.99,0.542,0.63,1300,0,230,0.92,0.76,210,85,0.8579
Switzerland,0.626,0.79,0.227,0.78,0.24,0.82,0.153,0.58,0.971,0.75,0.91,0.99,0.329,0.76,0.542,0.98,1300,0,240,0.88,0.78,220,90,0.8539
Amsterdam,0.626,0.91,0.227,0.88,0.24,0.79,0.153,0.92,0.971,0.95,0.91,0.78,0.329,0.86,0.542,0.65,1300,0,175,0.96,0.68,155,65,0.8198
Barcelona,0.626,0.96,0.227,0.84,0.24,0.94,0.153,0.96,0.971,0.82,0.91,0.82,0.329,0.88,0.542,0.72,1300,0,150,0.93,0.94,130,58,0.8726
London,0.626,0.94,0.227,0.97,0.24,0.91,0.153,0.95,0.971,0.98,0.91,0.76,0.329,0.98,0.542,0.55,1300,0,210,0.89,0.64,190,75,0.8432
Tokyo,0.626,0.9,0.227,0.91,0.24,0.99,0.153,0.96,0.971,0.88,0.91,0.74,0.329,0.99,0.542,0.71,1300,0,165,0.91,0.79,135,60,0.846
Dubai,0.626,0.96,0.227,0.63,0.24,0.91,0.153,0.92,0.971,0.72,0.91,0.68,0.329,0.99,0.542,0.91,1300,0,190,0.58,0.96,175,70,0.8355
London,0.158,0.94,0.068,0.97,0.533,0.91,0.719,0.95,0.184,0.98,0.84,0.76,0.146,0.98,0.029,0.55,1800,1,210,0.89,0.64,190,75,0.8636
Singapore,0.158,0.91,0.068,0.72,0.533,0.98,0.719,0.85,0.184,0.79,0.84,0.94,0.146,0.97,0.029,0.79,1800,1,155,0.9,0.94,145,50,0.904
Istanbul,0.158,0.94,0.068,0.98,0.533,0.94,0.719,0.89,0.184,0.84,0.84,0.71,0.146,0.91,0.029,0.58,1800,1,85,0.84,0.88,65,32,0.9021
Barcelona,0.158,0.96,0.068,0.84,0.533,0.94,0.719,0.96,0.184,0.82,0.84,0.82,0.146,0.88,0.029,0.72,1800,1,150,0.93,0.94,130,58,0.9283
Amsterdam,0.158,0.91,0.068,0.88,0.533,0.79,0.719,0.92,0.184,0.95,0.84,0.78,0.146,0.86,0.029,0.65,1800,1,175,0.96,0.68,155,65,0.8759
Paris,0.158,0.98,0.068,0.95,0.533,0.97,0.719,0.82,0.184,0.99,0.84,0.65,0.146,0.92,0.029,0.45,1800,1,180,0.95,0.82,160,70,0.8761
Singapore,0.596,0.91,0.231,0.72,0.026,0.98,0.079,0.85,0.78,0.79,0.134,0.94,0.846,0.97,0.469,0.79,1800,0,155,0.9,0.94,145,50,0.8397
Istanbul,0.596,0.94,0.231,0.98,0.026,0.94,0.079,0.89,0.78,0.84,0.134,0.71,0.846,0.91,0.469,0.58,1800,0,85,0.84,0.88,65,32,0.8587
Barcelona,0.596,0.96,0.231,0.84,0.026,0.94,0.079,0.96,0.78,0.82,0.134,0.82,0.846,0.88,0.469,0.72,1800,0,150,0.93,0.94,130,58,0.8319
Bali,0.596,0.73,0.231,0.76,0.026,0.91,0.079,0.87,0.78,0.51,0.134,0.99,0.846,0.72,0.469,0.98,1800,0,90,0.62,0.95,70,35,0.7705
Amsterdam,0.596,0.91,0.231,0.88,0.026,0.79,0.079,0.92,0.78,0.95,0.134,0.78,0.846,0.86,0.469,0.65,1800,0,175,0.96,0.68,155,65,0.8293
Rome,0.596,0.97,0.231,0.99,0.026,0.96,0.079,0.78,0.78,0.91,0.134,0.62,0.846,0.76,0.469,0.48,1800,0,145,0.91,0.9,125,55,0.837
Dubai,0.988,0.96,0.758,0.63,0.066,0.91,0.927,0.92,0.986,0.72,0.867,0.68,0.49,0.99,0.325,0.91,2600,0,190,0.58,0.96,175,70,0.842
Paris,0.988,0.98,0.758,0.95,0.066,0.97,0.927,0.82,0.986,0.99,0.867,0.65,0.49,0.92,0.325,0.45,2600,0,180,0.95,0.82,160,70,0.86
Bali,0.988,0.73,0.758,0.76,0.066,0.91,0.927,0.87,0.986,0.51,0.867,0.99,0.49,0.72,0.325,0.98,2600,0,90,0.62,0.95,70,35,0.8153
Istanbul,0.988,0.94,0.758,0.98,0.066,0.94,0.927,0.89,0.986,0.84,0.867,0.71,0.49,0.91,0.325,0.58,2600,0,85,0.84,0.88,65,32,0.8538
Tokyo,0.988,0.9,0.758,0.91,0.066,0.99,0.927,0.96,0.986,0.88,0.867,0.74,0.49,0.99,0.325,0.71,2600,0,165,0.91,0.79,135,60,0.8759
Amsterdam,0.988,0.91,0.758,0.88,0.066,0.79,0.927,0.92,0.986,0.95,0.867,0.78,0.49,0.86,0.325,0.65,2600,0,175,0.96,0.68,155,65,0.8557
London,0.521,0.94,0.452,0.97,0.827,0.91,0.042,0.95,0.996,0.98,0.519,0.76,0.396,0.98,0.735,0.55,2200,0,210,0.89,0.64,190,75,0.8469
Singapore,0.521,0.91,0.452,0.72,0.827,0.98,0.042,0.85,0.996,0.79,0.519,0.94,0.396,0.97,0.735,0.79,2200,0,155,0.9,0.94,145,50,0.8527
Dubai,0.521,0.96,0.452,0.63,0.827,0.91,0.042,0.92,0.996,0.72,0.519,0.68,0.396,0.99,0.735,0.91,2200,0,190,0.58,0.96,175,70,0.8249
Istanbul,0.521,0.94,0.452,0.98,0.827,0.94,0.042,0.89,0.996,0.84,0.519,0.71,0.396,0.91,0.735,0.58,2200,0,85,0.84,0.88,65,32,0.8276
Tokyo,0.919,0.9,0.69,0.91,0.904,0.99,0.464,0.96,0.646,0.88,0.09,0.74,0.501,0.99,0.18,0.71,1100,1,165,0.91,0.79,135,60,0.9434
Singapore,0.919,0.91,0.69,0.72,0.904,0.98,0.464,0.85,0.646,0.79,0.09,0.94,0.501,0.97,0.18,0.79,1100,1,155,0.9,0.94,145,50,0.9277
Paris,0.919,0.98,0.69,0.95,0.904,0.97,0.464,0.82,0.646,0.99,0.09,0.65,0.501,0.92,0.18,0.45,1100,1,180,0.95,0.82,160,70,0.9496
Barcelona,0.919,0.96,0.69,0.84,0.904,0.94,0.464,0.96,0.646,0.82,0.09,0.82,0.501,0.88,0.18,0.72,1100,1,150,0.93,0.94,130,58,0.9033
Switzerland,0.919,0.79,0.69,0.78,0.904,0.82,0.464,0.58,0.646,0.75,0.09,0.99,0.501,0.76,0.18,0.98,1100,1,240,0.88,0.78,220,90,0.8222
London,0.919,0.94,0.69,0.97,0.904,0.91,0.464,0.95,0.646,0.98,0.09,0.76,0.501,0.98,0.18,0.55,1100,1,210,0.89,0.64,190,75,0.9187
Dubai,0.711,0.96,0.164,0.63,0.733,0.91,0.091,0.92,0.706,0.72,0.634,0.68,0.085,0.99,0.707,0.91,1100,1,190,0.58,0.96,175,70,0.8397
Paris,0.711,0.98,0.164,0.95,0.733,0.97,0.091,0.82,0.706,0.99,0.634,0.65,0.085,0.92,0.707,0.45,1100,1,180,0.95,0.82,160,70,0.8803
Barcelona,0.711,0.96,0.164,0.84,0.733,0.94,0.091,0.96,0.706,0.82,0.634,0.82,0.085,0.88,0.707,0.72,1100,1,150,0.93,0.94,130,58,0.8966
Tokyo,0.711,0.9,0.164,0.91,0.733,0.99,0.091,0.96,0.706,0.88,0.634,0.74,0.085,0.99,0.707,0.71,1100,1,165,0.91,0.79,135,60,0.874
Bali,0.711,0.73,0.164,0.76,0.733,0.91,0.091,0.87,0.706,0.51,0.634,0.99,0.085,0.72,0.707,0.98,1100,1,90,0.62,0.95,70,35,0.8609
Rome,0.711,0.97,0.164,0.99,0.733,0.96,0.091,0.78,0.706,0.91,0.634,0.62,0.085,0.76,0.707,0.48,1100,1,145,0.91,0.9,125,55,0.8585
Istanbul,0.711,0.94,0.164,0.98,0.733,0.94,0.091,0.89,0.706,0.84,0.634,0.71,0.085,0.91,0.707,0.58,1100,1,85,0.84,0.88,65,32,0.8685
Amsterdam,0.118,0.91,0.132,0.88,0.203,0.79,0.623,0.92,0.253,0.95,0.459,0.78,0.855,0.86,0.544,0.65,700,1,175,0.96,0.68,155,65,0.8573
Bali,0.118,0.73,0.132,0.76,0.203,0.91,0.623,0.87,0.253,0.51,0.459,0.99,0.855,0.72,0.544,0.98,700,1,90,0.62,0.95,70,35,0.834
Singapore,0.118,0.91,0.132,0.72,0.203,0.98,0.623,0.85,0.253,0.79,0.459,0.94,0.855,0.97,0.544,0.79,700,1,155,0.9,0.94,145,50,0.9202
Switzerland,0.118,0.79,0.132,0.78,0.203,0.82,0.623,0.58,0.253,0.75,0.459,0.99,0.855,0.76,0.544,0.98,700,1,240,0.88,0.78,220,90,0.8335
Rome,0.547,0.97,0.62,0.99,0.558,0.96,0.825,0.78,0.049,0.91,0.148,0.62,0.653,0.76,0.037,0.48,700,1,145,0.91,0.9,125,55,0.8832
Paris,0.547,0.98,0.62,0.95,0.558,0.97,0.825,0.82,0.049,0.99,0.148,0.65,0.653,0.92,0.037,0.45,700,1,180,0.95,0.82,160,70,0.9083
Istanbul,0.547,0.94,0.62,0.98,0.558,0.94,0.825,0.89,0.049,0.84,0.148,0.71,0.653,0.91,0.037,0.58,700,1,85,0.84,0.88,65,32,0.9286
Dubai,0.547,0.96,0.62,0.63,0.558,0.91,0.825,0.92,0.049,0.72,0.148,0.68,0.653,0.99,0.037,0.91,700,1,190,0.58,0.96,175,70,0.8875
Barcelona,0.547,0.96,0.62,0.84,0.558,0.94,0.825,0.96,0.049,0.82,0.148,0.82,0.653,0.88,0.037,0.72,700,1,150,0.93,0.94,130,58,0.9362
Rome,0.562,0.97,0.966,0.99,0.749,0.96,0.36,0.78,0.036,0.91,0.769,0.62,0.323,0.76,0.898,0.48,900,1,145,0.91,0.9,125,55,0.8469
London,0.562,0.94,0.966,0.97,0.749,0.91,0.36,0.95,0.036,0.98,0.769,0.76,0.323,0.98,0.898,0.55,900,1,210,0.89,0.64,190,75,0.853
Singapore,0.562,0.91,0.966,0.72,0.749,0.98,0.36,0.85,0.036,0.79,0.769,0.94,0.323,0.97,0.898,0.79,900,1,155,0.9,0.94,145,50,0.8869
Barcelona,0.562,0.96,0.966,0.84,0.749,0.94,0.36,0.96,0.036,0.82,0.769,0.82,0.323,0.88,0.898,0.72,900,1,150,0.93,0.94,130,58,0.8861
Istanbul,0.562,0.94,0.966,0.98,0.749,0.94,0.36,0.89,0.036,0.84,0.769,0.71,0.323,0.91,0.898,0.58,900,1,85,0.84,0.88,65,32,0.8505
Tokyo,0.562,0.9,0.966,0.91,0.749,0.99,0.36,0.96,0.036,0.88,0.769,0.74,0.323,0.99,0.898,0.71,900,1,165,0.91,0.79,135,60,0.8921
New York,0.562,0.94,0.966,0.82,0.749,0.96,0.36,0.99,0.036,0.97,0.769,0.71,0.323,0.99,0.898,0.63,900,1,230,0.92,0.76,210,85,0.8889
Bali,0.529,0.73,0.088,0.76,0.724,0.91,0.605,0.87,0.788,0.51,0.707,0.99,0.427,0.72,0.848,0.98,1500,1,90,0.62,0.95,70,35,0.8619
Istanbul,0.529,0.94,0.088,0.98,0.724,0.94,0.605,0.89,0.788,0.84,0.707,0.71,0.427,0.91,0.848,0.58,1500,1,85,0.84,0.88,65,32,0.8613
Singapore,0.529,0.91,0.088,0.72,0.724,0.98,0.605,0.85,0.788,0.79,0.707,0.94,0.427,0.97,0.848,0.79,1500,1,155,0.9,0.94,145,50,0.9261
New York,0.529,0.94,0.088,0.82,0.724,0.96,0.605,0.99,0.788,0.97,0.707,0.71,0.427,0.99,0.848,0.63,1500,1,230,0.92,0.76,210,85,0.9071
Tokyo,0.233,0.9,0.29,0.91,0.194,0.99,0.118,0.96,0.465,0.88,0.797,0.74,0.737,0.99,0.207,0.71,2200,1,165,0.91,0.79,135,60,0.909
Istanbul,0.233,0.94,0.29,0.98,0.194,0.94,0.118,0.89,0.465,0.84,0.797,0.71,0.737,0.91,0.207,0.58,2200,1,85,0.84,0.88,65,32,0.8583
New York,0.233,0.94,0.29,0.82,0.194,0.96,0.118,0.99,0.465,0.97,0.797,0.71,0.737,0.99,0.207,0.63,2200,1,230,0.92,0.76,210,85,0.8953
Amsterdam,0.69,0.91,0.254,0.88,0.068,0.79,0.3,0.92,0.55,0.95,0.767,0.78,0.114,0.86,0.333,0.65,2200,0,175,0.96,0.68,155,65,0.8492
Tokyo,0.69,0.9,0.254,0.91,0.068,0.99,0.3,0.96,0.55,0.88,0.767,0.74,0.114,0.99,0.333,0.71,2200,0,165,0.91,0.79,135,60,0.8526
Switzerland,0.69,0.79,0.254,0.78,0.068,0.82,0.3,0.58,0.55,0.75,0.767,0.99,0.114,0.76,0.333,0.98,2200,0,240,0.88,0.78,220,90,0.8342
Singapore,0.69,0.91,0.254,0.72,0.068,0.98,0.3,0.85,0.55,0.79,0.767,0.94,0.114,0.97,0.333,0.79,2200,0,155,0.9,0.94,145,50,0.8622
New York,0.627,0.94,0.892,0.82,0.537,0.96,0.335,0.99,0.784,0.97,0.414,0.71,0.743,0.99,0.835,0.63,1500,1,230,0.92,0.76,210,85,0.8777
Paris,0.627,0.98,0.892,0.95,0.537,0.97,0.335,0.82,0.784,0.99,0.414,0.65,0.743,0.92,0.835,0.45,1500,1,180,0.95,0.82,160,70,0.8601
Amsterdam,0.627,0.91,0.892,0.88,0.537,0.79,0.335,0.92,0.784,0.95,0.414,0.78,0.743,0.86,0.835,0.65,1500,1,175,0.96,0.68,155,65,0.8918
Tokyo,0.627,0.9,0.892,0.91,0.537,0.99,0.335,0.96,0.784,0.88,0.414,0.74,0.743,0.99,0.835,0.71,1500,1,165,0.91,0.79,135,60,0.9051
Istanbul,0.627,0.94,0.892,0.98,0.537,0.94,0.335,0.89,0.784,0.84,0.414,0.71,0.743,0.91,0.835,0.58,1500,1,85,0.84,0.88,65,32,0.8977
Switzerland,0.627,0.79,0.892,0.78,0.537,0.82,0.335,0.58,0.784,0.75,0.414,0.99,0.743,0.76,0.835,0.98,1500,1,240,0.88,0.78,220,90,0.858
Rome,0.627,0.97,0.892,0.99,0.537,0.96,0.335,0.78,0.784,0.91,0.414,0.62,0.743,0.76,0.835,0.48,1500,1,145,0.91,0.9,125,55,0.8636
London,0.595,0.94,0.865,0.97,0.752,0.91,0.705,0.95,0.314,0.98,0.032,0.76,0.414,0.98,0.497,0.55,1300,1,210,0.89,0.64,190,75,0.8877
Amsterdam,0.595,0.91,0.865,0.88,0.752,0.79,0.705,0.92,0.314,0.95,0.032,0.78,0.414,0.86,0.497,0.65,1300,1,175,0.96,0.68,155,65,0.8508
New York,0.595,0.94,0.865,0.82,0.752,0.96,0.705,0.99,0.314,0.97,0.032,0.71,0.414,0.99,0.497,0.63,1300,1,230,0.92,0.76,210,85,0.8905
Istanbul,0.595,0.94,0.865,0.98,0.752,0.94,0.705,0.89,0.314,0.84,0.032,0.71,0.414,0.91,0.497,0.58,1300,1,85,0.84,0.88,65,32,0.8825
Barcelona,0.595,0.96,0.865,0.84,0.752,0.94,0.705,0.96,0.314,0.82,0.032,0.82,0.414,0.88,0.497,0.72,1300,1,150,0.93,0.94,130,58,0.9173
Paris,0.595,0.98,0.865,0.95,0.752,0.97,0.705,0.82,0.314,0.99,0.032,0.65,0.414,0.92,0.497,0.45,1300,1,180,0.95,0.82,160,70,0.9164
Istanbul,0.905,0.94,0.154,0.98,0.34,0.94,0.483,0.89,0.874,0.84,0.31,0.71,0.327,0.91,0.769,0.58,900,0,85,0.84,0.88,65,32,0.8459
Paris,0.905,0.98,0.154,0.95,0.34,0.97,0.483,0.82,0.874,0.99,0.31,0.65,0.327,0.92,0.769,0.45,900,0,180,0.95,0.82,160,70,0.8337
Singapore,0.905,0.91,0.154,0.72,0.34,0.98,0.483,0.85,0.874,0.79,0.31,0.94,0.327,0.97,0.769,0.79,900,0,155,0.9,0.94,145,50,0.836
Dubai,0.905,0.96,0.154,0.63,0.34,0.91,0.483,0.92,0.874,0.72,0.31,0.68,0.327,0.99,0.769,0.91,900,0,190,0.58,0.96,175,70,0.8842
Amsterdam,0.687,0.91,0.594,0.88,0.087,0.79,0.467,0.92,0.046,0.95,0.521,0.78,0.659,0.86,0.312,0.65,1500,0,175,0.96,0.68,155,65,0.8414
Istanbul,0.687,0.94,0.594,0.98,0.087,0.94,0.467,0.89,0.046,0.84,0.521,0.71,0.659,0.91,0.312,0.58,1500,0,85,0.84,0.88,65,32,0.865
London,0.687,0.94,0.594,0.97,0.087,0.91,0.467,0.95,0.046,0.98,0.521,0.76,0.659,0.98,0.312,0.55,1500,0,210,0.89,0.64,190,75,0.8369
Bali,0.687,0.73,0.594,0.76,0.087,0.91,0.467,0.87,0.046,0.51,0.521,0.99,0.659,0.72,0.312,0.98,1500,0,90,0.62,0.95,70,35,0.8185
Tokyo,0.687,0.9,0.594,0.91,0.087,0.99,0.467,0.96,0.046,0.88,0.521,0.74,0.659,0.99,0.312,0.71,1500,0,165,0.91,0.79,135,60,0.8422
London,0.958,0.94,0.56,0.97,0.102,0.91,0.543,0.95,0.549,0.98,0.271,0.76,0.943,0.98,0.804,0.55,1300,0,210,0.89,0.64,190,75,0.8441
Bali,0.958,0.73,0.56,0.76,0.102,0.91,0.543,0.87,0.549,0.51,0.271,0.99,0.943,0.72,0.804,0.98,1300,0,90,0.62,0.95,70,35,0.7926
Tokyo,0.958,0.9,0.56,0.91,0.102,0.99,0.543,0.96,0.549,0.88,0.271,0.74,0.943,0.99,0.804,0.71,1300,0,165,0.91,0.79,135,60,0.836
Tokyo,0.903,0.9,0.05,0.91,0.384,0.99,0.086,0.96,0.392,0.88,0.705,0.74,0.891,0.99,0.629,0.71,2600,1,165,0.91,0.79,135,60,0.8956
Amsterdam,0.903,0.91,0.05,0.88,0.384,0.79,0.086,0.92,0.392,0.95,0.705,0.78,0.891,0.86,0.629,0.65,2600,1,175,0.96,0.68,155,65,0.8405
New York,0.903,0.94,0.05,0.82,0.384,0.96,0.086,0.99,0.392,0.97,0.705,0.71,0.891,0.99,0.629,0.63,2600,1,230,0.92,0.76,210,85,0.9033
Rome,0.903,0.97,0.05,0.99,0.384,0.96,0.086,0.78,0.392,0.91,0.705,0.62,0.891,0.76,0.629,0.48,2600,1,145,0.91,0.9,125,55,0.8564
Singapore,0.903,0.91,0.05,0.72,0.384,0.98,0.086,0.85,0.392,0.79,0.705,0.94,0.891,0.97,0.629,0.79,2600,1,155,0.9,0.94,145,50,0.9046
Istanbul,0.31,0.94,0.644,0.98,0.766,0.94,0.471,0.89,0.947,0.84,0.144,0.71,0.896,0.91,0.258,0.58,1800,1,85,0.84,0.88,65,32,0.9005
Switzerland,0.31,0.79,0.644,0.78,0.766,0.82,0.471,0.58,0.947,0.75,0.144,0.99,0.896,0.76,0.258,0.98,1800,1,240,0.88,0.78,220,90,0.8071
Tokyo,0.31,0.9,0.644,0.91,0.766,0.99,0.471,0.96,0.947,0.88,0.144,0.74,0.896,0.99,0.258,0.71,1800,1,165,0.91,0.79,135,60,0.9214
Bali,0.31,0.73,0.644,0.76,0.766,0.91,0.471,0.87,0.947,0.51,0.144,0.99,0.896,0.72,0.258,0.98,1800,1,90,0.62,0.95,70,35,0.8022
New York,0.461,0.94,0.171,0.82,0.768,0.96,0.604,0.99,0.127,0.97,0.103,0.71,0.818,0.99,0.797,0.63,1800,0,230,0.92,0.76,210,85,0.8647
Singapore,0.461,0.91,0.171,0.72,0.768,0.98,0.604,0.85,0.127,0.79,0.103,0.94,0.818,0.97,0.797,0.79,1800,0,155,0.9,0.94,145,50,0.8809
Dubai,0.461,0.96,0.171,0.63,0.768,0.91,0.604,0.92,0.127,0.72,0.103,0.68,0.818,0.99,0.797,0.91,1800,0,190,0.58,0.96,175,70,0.9155
Bali,0.461,0.73,0.171,0.76,0.768,0.91,0.604,0.87,0.127,0.51,0.103,0.99,0.818,0.72,0.797,0.98,1800,0,90,0.62,0.95,70,35,0.8423
Amsterdam,0.461,0.91,0.171,0.88,0.768,0.79,0.604,0.92,0.127,0.95,0.103,0.78,0.818,0.86,0.797,0.65,1800,0,175,0.96,0.68,155,65,0.8018
Bali,0.814,0.73,0.591,0.76,0.784,0.91,0.435,0.87,0.787,0.51,0.545,0.99,0.236,0.72,0.663,0.98,900,1,90,0.62,0.95,70,35,0.8297
Istanbul,0.814,0.94,0.591,0.98,0.784,0.94,0.435,0.89,0.787,0.84,0.545,0.71,0.236,0.91,0.663,0.58,900,1,85,0.84,0.88,65,32,0.8605
Singapore,0.814,0.91,0.591,0.72,0.784,0.98,0.435,0.85,0.787,0.79,0.545,0.94,0.236,0.97,0.663,0.79,900,1,155,0.9,0.94,145,50,0.8992
Barcelona,0.308,0.96,0.406,0.84,0.598,0.94,0.686,0.96,0.596,0.82,0.82,0.82,0.327,0.88,0.645,0.72,700,0,150,0.93,0.94,130,58,0.8679
Bali,0.308,0.73,0.406,0.76,0.598,0.91,0.686,0.87,0.596,0.51,0.82,0.99,0.327,0.72,0.645,0.98,700,0,90,0.62,0.95,70,35,0.843
Paris,0.308,0.98,0.406,0.95,0.598,0.97,0.686,0.82,0.596,0.99,0.82,0.65,0.327,0.92,0.645,0.45,700,0,180,0.95,0.82,160,70,0.8064
Istanbul,0.308,0.94,0.406,0.98,0.598,0.94,0.686,0.89,0.596,0.84,0.82,0.71,0.327,0.91,0.645,0.58,700,0,85,0.84,0.88,65,32,0.8382
Paris,0.447,0.98,0.206,0.95,0.877,0.97,0.3,0.82,0.794,0.99,0.68,0.65,0.919,0.92,0.937,0.45,1800,0,180,0.95,0.82,160,70,0.8015
Bali,0.447,0.73,0.206,0.76,0.877,0.91,0.3,0.87,0.794,0.51,0.68,0.99,0.919,0.72,0.937,0.98,1800,0,90,0.62,0.95,70,35,0.8534
New York,0.447,0.94,0.206,0.82,0.877,0.96,0.3,0.99,0.794,0.97,0.68,0.71,0.919,0.99,0.937,0.63,1800,0,230,0.92,0.76,210,85,0.8705
Dubai,0.447,0.96,0.206,0.63,0.877,0.91,0.3,0.92,0.794,0.72,0.68,0.68,0.919,0.99,0.937,0.91,1800,0,190,0.58,0.96,175,70,0.8361
Barcelona,0.447,0.96,0.206,0.84,0.877,0.94,0.3,0.96,0.794,0.82,0.68,0.82,0.919,0.88,0.937,0.72,1800,0,150,0.93,0.94,130,58,0.8594
Switzerland,0.447,0.79,0.206,0.78,0.877,0.82,0.3,0.58,0.794,0.75,0.68,0.99,0.919,0.76,0.937,0.98,1800,0,240,0.88,0.78,220,90,0.851
Singapore,0.447,0.91,0.206,0.72,0.877,0.98,0.3,0.85,0.794,0.79,0.68,0.94,0.919,0.97,0.937,0.79,1800,0,155,0.9,0.94,145,50,0.8556
Barcelona,0.282,0.96,0.031,0.84,0.432,0.94,0.59,0.96,0.625,0.82,0.712,0.82,0.406,0.88,0.435,0.72,1300,0,150,0.93,0.94,130,58,0.8584
Amsterdam,0.282,0.91,0.031,0.88,0.432,0.79,0.59,0.92,0.625,0.95,0.712,0.78,0.406,0.86,0.435,0.65,1300,0,175,0.96,0.68,155,65,0.8111
New York,0.282,0.94,0.031,0.82,0.432,0.96,0.59,0.99,0.625,0.97,0.712,0.71,0.406,0.99,0.435,0.63,1300,0,230,0.92,0.76,210,85,0.8702
Dubai,0.282,0.96,0.031,0.63,0.432,0.91,0.59,0.92,0.625,0.72,0.712,0.68,0.406,0.99,0.435,0.91,1300,0,190,0.58,0.96,175,70,0.8325
Tokyo,0.282,0.9,0.031,0.91,0.432,0.99,0.59,0.96,0.625,0.88,0.712,0.74,0.406,0.99,0.435,0.71,1300,0,165,0.91,0.79,135,60,0.8279
Bali,0.282,0.73,0.031,0.76,0.432,0.91,0.59,0.87,0.625,0.51,0.712,0.99,0.406,0.72,0.435,0.98,1300,0,90,0.62,0.95,70,35,0.844
New York,0.144,0.94,0.885,0.82,0.658,0.96,0.975,0.99,0.136,0.97,0.137,0.71,0.806,0.99,0.86,0.63,2200,0,230,0.92,0.76,210,85,0.8374
Dubai,0.144,0.96,0.885,0.63,0.658,0.91,0.975,0.92,0.136,0.72,0.137,0.68,0.806,0.99,0.86,0.91,2200,0,190,0.58,0.96,175,70,0.8591
Istanbul,0.144,0.94,0.885,0.98,0.658,0.94,0.975,0.89,0.136,0.84,0.137,0.71,0.806,0.91,0.86,0.58,2200,0,85,0.84,0.88,65,32,0.8262
Singapore,0.144,0.91,0.885,0.72,0.658,0.98,0.975,0.85,0.136,0.79,0.137,0.94,0.806,0.97,0.86,0.79,2200,0,155,0.9,0.94,145,50,0.8576
Switzerland,0.144,0.79,0.885,0.78,0.658,0.82,0.975,0.58,0.136,0.75,0.137,0.99,0.806,0.76,0.86,0.98,2200,0,240,0.88,0.78,220,90,0.8093
Barcelona,0.144,0.96,0.885,0.84,0.658,0.94,0.975,0.96,0.136,0.82,0.137,0.82,0.806,0.88,0.86,0.72,2200,0,150,0.93,0.94,130,58,0.8747
London,0.269,0.94,0.927,0.97,0.576,0.91,0.033,0.95,0.038,0.98,0.483,0.76,0.369,0.98,0.58,0.55,900,0,210,0.89,0.64,190,75,0.8321
Singapore,0.269,0.91,0.927,0.72,0.576,0.98,0.033,0.85,0.038,0.79,0.483,0.94,0.369,0.97,0.58,0.79,900,0,155,0.9,0.94,145,50,0.8661
New York,0.269,0.94,0.927,0.82,0.576,0.96,0.033,0.99,0.038,0.97,0.483,0.71,0.369,0.99,0.58,0.63,900,0,230,0.92,0.76,210,85,0.8308
Rome,0.269,0.97,0.927,0.99,0.576,0.96,0.033,0.78,0.038,0.91,0.483,0.62,0.369,0.76,0.58,0.48,900,0,145,0.91,0.9,125,55,0.8347
Bali,0.269,0.73,0.927,0.76,0.576,0.91,0.033,0.87,0.038,0.51,0.483,0.99,0.369,0.72,0.58,0.98,900,0,90,0.62,0.95,70,35,0.8573
Switzerland,0.269,0.79,0.927,0.78,0.576,0.82,0.033,0.58,0.038,0.75,0.483,0.99,0.369,0.76,0.58,0.98,900,0,240,0.88,0.78,220,90,0.8418
Amsterdam,0.269,0.91,0.927,0.88,0.576,0.79,0.033,0.92,0.038,0.95,0.483,0.78,0.369,0.86,0.58,0.65,900,0,175,0.96,0.68,155,65,0.8097
Paris,0.904,0.98,0.535,0.95,0.011,0.97,0.454,0.82,0.906,0.99,0.574,0.65,0.332,0.92,0.353,0.45,1500,1,180,0.95,0.82,160,70,0.8729
Bali,0.904,0.73,0.535,0.76,0.011,0.91,0.454,0.87,0.906,0.51,0.574,0.99,0.332,0.72,0.353,0.98,1500,1,90,0.62,0.95,70,35,0.8108
London,0.904,0.94,0.535,0.97,0.011,0.91,0.454,0.95,0.906,0.98,0.574,0.76,0.332,0.98,0.353,0.55,1500,1,210,0.89,0.64,190,75,0.8752
Switzerland,0.904,0.79,0.535,0.78,0.011,0.82,0.454,0.58,0.906,0.75,0.574,0.99,0.332,0.76,0.353,0.98,1500,1,240,0.88,0.78,220,90,0.8228
London,0.99,0.94,0.809,0.97,0.624,0.91,0.287,0.95,0.083,0.98,0.506,0.76,0.851,0.98,0.278,0.55,1100,1,210,0.89,0.64,190,75,0.9041
Paris,0.99,0.98,0.809,0.95,0.624,0.97,0.287,0.82,0.083,0.99,0.506,0.65,0.851,0.92,0.278,0.45,1100,1,180,0.95,0.82,160,70,0.8987
Rome,0.99,0.97,0.809,0.99,0.624,0.96,0.287,0.78,0.083,0.91,0.506,0.62,0.851,0.76,0.278,0.48,1100,1,145,0.91,0.9,125,55,0.8734
Barcelona,0.99,0.96,0.809,0.84,0.624,0.94,0.287,0.96,0.083,0.82,0.506,0.82,0.851,0.88,0.278,0.72,1100,1,150,0.93,0.94,130,58,0.9328
New York,0.99,0.94,0.809,0.82,0.624,0.96,0.287,0.99,0.083,0.97,0.506,0.71,0.851,0.99,0.278,0.63,1100,1,230,0.92,0.76,210,85,0.8879
Switzerland,0.181,0.79,0.527,0.78,0.033,0.82,0.984,0.58,0.967,0.75,0.596,0.99,0.822,0.76,0.838,0.98,2200,1,240,0.88,0.78,220,90,0.8444
Singapore,0.181,0.91,0.527,0.72,0.033,0.98,0.984,0.85,0.967,0.79,0.596,0.94,0.822,0.97,0.838,0.79,2200,1,155,0.9,0.94,145,50,0.91
Barcelona,0.181,0.96,0.527,0.84,0.033,0.94,0.984,0.96,0.967,0.82,0.596,0.82,0.822,0.88,0.838,0.72,2200,1,150,0.93,0.94,130,58,0.8741
Amsterdam,0.181,0.91,0.527,0.88,0.033,0.79,0.984,0.92,0.967,0.95,0.596,0.78,0.822,0.86,0.838,0.65,2200,1,175,0.96,0.68,155,65,0.8609
Barcelona,0.82,0.96,0.053,0.84,0.464,0.94,0.476,0.96,0.476,0.82,0.948,0.82,0.922,0.88,0.234,0.72,2200,1,150,0.93,0.94,130,58,0.9373
New York,0.82,0.94,0.053,0.82,0.464,0.96,0.476,0.99,0.476,0.97,0.948,0.71,0.922,0.99,0.234,0.63,2200,1,230,0.92,0.76,210,85,0.9016
Dubai,0.82,0.96,0.053,0.63,0.464,0.91,0.476,0.92,0.476,0.72,0.948,0.68,0.922,0.99,0.234,0.91,2200,1,190,0.58,0.96,175,70,0.8811
Paris,0.82,0.98,0.053,0.95,0.464,0.97,0.476,0.82,0.476,0.99,0.948,0.65,0.922,0.92,0.234,0.45,2200,1,180,0.95,0.82,160,70,0.9103
London,0.82,0.94,0.053,0.97,0.464,0.91,0.476,0.95,0.476,0.98,0.948,0.76,0.922,0.98,0.234,0.55,2200,1,210,0.89,0.64,190,75,0.897
Switzerland,0.041,0.79,0.918,0.78,0.637,0.82,0.956,0.58,0.432,0.75,0.918,0.99,0.858,0.76,0.335,0.98,1500,0,240,0.88,0.78,220,90,0.8153
Bali,0.041,0.73,0.918,0.76,0.637,0.91,0.956,0.87,0.432,0.51,0.918,0.99,0.858,0.72,0.335,0.98,1500,0,90,0.62,0.95,70,35,0.8457
Dubai,0.041,0.96,0.918,0.63,0.637,0.91,0.956,0.92,0.432,0.72,0.918,0.68,0.858,0.99,0.335,0.91,1500,0,190,0.58,0.96,175,70,0.8214
Singapore,0.041,0.91,0.918,0.72,0.637,0.98,0.956,0.85,0.432,0.79,0.918,0.94,0.858,0.97,0.335,0.79,1500,0,155,0.9,0.94,145,50,0.8583
Amsterdam,0.041,0.91,0.918,0.88,0.637,0.79,0.956,0.92,0.432,0.95,0.918,0.78,0.858,0.86,0.335,0.65,1500,0,175,0.96,0.68,155,65,0.8351
Amsterdam,0.18,0.91,0.548,0.88,0.673,0.79,0.832,0.92,0.012,0.95,0.098,0.78,0.104,0.86,0.446,0.65,1300,1,175,0.96,0.68,155,65,0.8858
Paris,0.18,0.98,0.548,0.95,0.673,0.97,0.832,0.82,0.012,0.99,0.098,0.65,0.104,0.92,0.446,0.45,1300,1,180,0.95,0.82,160,70,0.8834
Switzerland,0.18,0.79,0.548,0.78,0.673,0.82,0.832,0.58,0.012,0.75,0.098,0.99,0.104,0.76,0.446,0.98,1300,1,240,0.88,0.78,220,90,0.8445
Rome,0.18,0.97,0.548,0.99,0.673,0.96,0.832,0.78,0.012,0.91,0.098,0.62,0.104,0.76,0.446,0.48,1300,1,145,0.91,0.9,125,55,0.8965
Bali,0.18,0.73,0.548,0.76,0.673,0.91,0.832,0.87,0.012,0.51,0.098,0.99,0.104,0.72,0.446,0.98,1300,1,90,0.62,0.95,70,35,0.8822
London,0.708,0.94,0.12,0.97,0.856,0.91,0.13,0.95,0.656,0.98,0.9,0.76,0.566,0.98,0.967,0.55,900,0,210,0.89,0.64,190,75,0.8289
Singapore,0.708,0.91,0.12,0.72,0.856,0.98,0.13,0.85,0.656,0.79,0.9,0.94,0.566,0.97,0.967,0.79,900,0,155,0.9,0.94,145,50,0.8868
Rome,0.708,0.97,0.12,0.99,0.856,0.96,0.13,0.78,0.656,0.91,0.9,0.62,0.566,0.76,0.967,0.48,900,0,145,0.91,0.9,125,55,0.8107
Switzerland,0.708,0.79,0.12,0.78,0.856,0.82,0.13,0.58,0.656,0.75,0.9,0.99,0.566,0.76,0.967,0.98,900,0,240,0.88,0.78,220,90,0.8544
Istanbul,0.708,0.94,0.12,0.98,0.856,0.94,0.13,0.89,0.656,0.84,0.9,0.71,0.566,0.91,0.967,0.58,900,0,85,0.84,0.88,65,32,0.8116
Bali,0.781,0.73,0.277,0.76,0.062,0.91,0.389,0.87,0.996,0.51,0.258,0.99,0.813,0.72,0.178,0.98,900,1,90,0.62,0.95,70,35,0.7688
Dubai,0.781,0.96,0.277,0.63,0.062,0.91,0.389,0.92,0.996,0.72,0.258,0.68,0.813,0.99,0.178,0.91,900,1,190,0.58,0.96,175,70,0.8672
Barcelona,0.781,0.96,0.277,0.84,0.062,0.94,0.389,0.96,0.996,0.82,0.258,0.82,0.813,0.88,0.178,0.72,900,1,150,0.93,0.94,130,58,0.9088
Singapore,0.781,0.91,0.277,0.72,0.062,0.98,0.389,0.85,0.996,0.79,0.258,0.94,0.813,0.97,0.178,0.79,900,1,155,0.9,0.94,145,50,0.9108
Paris,0.106,0.98,0.442,0.95,0.259,0.97,0.035,0.82,0.07,0.99,0.728,0.65,0.777,0.92,0.019,0.45,2600,0,180,0.95,0.82,160,70,0.8301
Switzerland,0.106,0.79,0.442,0.78,0.259,0.82,0.035,0.58,0.07,0.75,0.728,0.99,0.777,0.76,0.019,0.98,2600,0,240,0.88,0.78,220,90,0.8413
Dubai,0.106,0.96,0.442,0.63,0.259,0.91,0.035,0.92,0.07,0.72,0.728,0.68,0.777,0.99,0.019,0.91,2600,0,190,0.58,0.96,175,70,0.8539
Istanbul,0.575,0.94,0.515,0.98,0.94,0.94,0.491,0.89,0.436,0.84,0.844,0.71,0.781,0.91,0.785,0.58,1300,0,85,0.84,0.88,65,32,0.8499
Singapore,0.575,0.91,0.515,0.72,0.94,0.98,0.491,0.85,0.436,0.79,0.844,0.94,0.781,0.97,0.785,0.79,1300,0,155,0.9,0.94,145,50,0.8698
Rome,0.575,0.97,0.515,0.99,0.94,0.96,0.491,0.78,0.436,0.91,0.844,0.62,0.781,0.76,0.785,0.48,1300,0,145,0.91,0.9,125,55,0.821
New York,0.575,0.94,0.515,0.82,0.94,0.96,0.491,0.99,0.436,0.97,0.844,0.71,0.781,0.99,0.785,0.63,1300,0,230,0.92,0.76,210,85,0.8678
Tokyo,0.575,0.9,0.515,0.91,0.94,0.99,0.491,0.96,0.436,0.88,0.844,0.74,0.781,0.99,0.785,0.71,1300,0,165,0.91,0.79,135,60,0.837
Barcelona,0.575,0.96,0.515,0.84,0.94,0.94,0.491,0.96,0.436,0.82,0.844,0.82,0.781,0.88,0.785,0.72,1300,0,150,0.93,0.94,130,58,0.8646
Rome,0.961,0.97,0.08,0.99,0.46,0.96,0.767,0.78,0.648,0.91,0.177,0.62,0.039,0.76,0.384,0.48,1300,1,145,0.91,0.9,125,55,0.8838
Switzerland,0.961,0.79,0.08,0.78,0.46,0.82,0.767,0.58,0.648,0.75,0.177,0.99,0.039,0.76,0.384,0.98,1300,1,240,0.88,0.78,220,90,0.8131
Tokyo,0.961,0.9,0.08,0.91,0.46,0.99,0.767,0.96,0.648,0.88,0.177,0.74,0.039,0.99,0.384,0.71,1300,1,165,0.91,0.79,135,60,0.8829
Singapore,0.961,0.91,0.08,0.72,0.46,0.98,0.767,0.85,0.648,0.79,0.177,0.94,0.039,0.97,0.384,0.79,1300,1,155,0.9,0.94,145,50,0.8815
Istanbul,0.961,0.94,0.08,0.98,0.46,0.94,0.767,0.89,0.648,0.84,0.177,0.71,0.039,0.91,0.384,0.58,1300,1,85,0.84,0.88,65,32,0.913
Bali,0.961,0.73,0.08,0.76,0.46,0.91,0.767,0.87,0.648,0.51,0.177,0.99,0.039,0.72,0.384,0.98,1300,1,90,0.62,0.95,70,35,0.8146
Istanbul,0.389,0.94,0.793,0.98,0.643,0.94,0.5,0.89,0.965,0.84,0.812,0.71,0.967,0.91,0.016,0.58,1800,0,85,0.84,0.88,65,32,0.8806
Paris,0.389,0.98,0.793,0.95,0.643,0.97,0.5,0.82,0.965,0.99,0.812,0.65,0.967,0.92,0.016,0.45,1800,0,180,0.95,0.82,160,70,0.877
Dubai,0.389,0.96,0.793,0.63,0.643,0.91,0.5,0.92,0.965,0.72,0.812,0.68,0.967,0.99,0.016,0.91,1800,0,190,0.58,0.96,175,70,0.8321
Rome,0.389,0.97,0.793,0.99,0.643,0.96,0.5,0.78,0.965,0.91,0.812,0.62,0.967,0.76,0.016,0.48,1800,0,145,0.91,0.9,125,55,0.8556
Amsterdam,0.389,0.91,0.793,0.88,0.643,0.79,0.5,0.92,0.965,0.95,0.812,0.78,0.967,0.86,0.016,0.65,1800,0,175,0.96,0.68,155,65,0.8573
Paris,0.149,0.98,0.579,0.95,0.925,0.97,0.037,0.82,0.142,0.99,0.654,0.65,0.471,0.92,0.918,0.45,700,0,180,0.95,0.82,160,70,0.8181
Barcelona,0.149,0.96,0.579,0.84,0.925,0.94,0.037,0.96,0.142,0.82,0.654,0.82,0.471,0.88,0.918,0.72,700,0,150,0.93,0.94,130,58,0.829
Istanbul,0.149,0.94,0.579,0.98,0.925,0.94,0.037,0.89,0.142,0.84,0.654,0.71,0.471,0.91,0.918,0.58,700,0,85,0.84,0.88,65,32,0.832
London,0.149,0.94,0.579,0.97,0.925,0.91,0.037,0.95,0.142,0.98,0.654,0.76,0.471,0.98,0.918,0.55,700,0,210,0.89,0.64,190,75,0.8234
Switzerland,0.064,0.79,0.817,0.78,0.114,0.82,0.595,0.58,0.616,0.75,0.063,0.99,0.203,0.76,0.337,0.98,2200,1,240,0.88,0.78,220,90,0.804
Bali,0.064,0.73,0.817,0.76,0.114,0.91,0.595,0.87,0.616,0.51,0.063,0.99,0.203,0.72,0.337,0.98,2200,1,90,0.62,0.95,70,35,0.8313
New York,0.064,0.94,0.817,0.82,0.114,0.96,0.595,0.99,0.616,0.97,0.063,0.71,0.203,0.99,0.337,0.63,2200,1,230,0.92,0.76,210,85,0.9133
Paris,0.764,0.98,0.593,0.95,0.336,0.97,0.121,0.82,0.141,0.99,0.415,0.65,0.696,0.92,0.553,0.45,2600,0,180,0.95,0.82,160,70,0.8143
Barcelona,0.764,0.96,0.593,0.84,0.336,0.94,0.121,0.96,0.141,0.82,0.415,0.82,0.696,0.88,0.553,0.72,2600,0,150,0.93,0.94,130,58,0.8383
Rome,0.764,0.97,0.593,0.99,0.336,0.96,0.121,0.78,0.141,0.91,0.415,0.62,0.696,0.76,0.553,0.48,2600,0,145,0.91,0.9,125,55,0.8463
Dubai,0.764,0.96,0.593,0.63,0.336,0.91,0.121,0.92,0.141,0.72,0.415,0.68,0.696,0.99,0.553,0.91,2600,0,190,0.58,0.96,175,70,0.8703
Switzerland,0.764,0.79,0.593,0.78,0.336,0.82,0.121,0.58,0.141,0.75,0.415,0.99,0.696,0.76,0.553,0.98,2600,0,240,0.88,0.78,220,90,0.8299
Istanbul,0.764,0.94,0.593,0.98,0.336,0.94,0.121,0.89,0.141,0.84,0.415,0.71,0.696,0.91,0.553,0.58,2600,0,85,0.84,0.88,65,32,0.8395
Amsterdam,0.764,0.91,0.593,0.88,0.336,0.79,0.121,0.92,0.141,0.95,0.415,0.78,0.696,0.86,0.553,0.65,2600,0,175,0.96,0.68,155,65,0.8266
Bali,0.792,0.73,0.476,0.76,0.127,0.91,0.143,0.87,0.271,0.51,0.45,0.99,0.239,0.72,0.175,0.98,700,0,90,0.62,0.95,70,35,0.8209
Rome,0.792,0.97,0.476,0.99,0.127,0.96,0.143,0.78,0.271,0.91,0.45,0.62,0.239,0.76,0.175,0.48,700,0,145,0.91,0.9,125,55,0.8328
London,0.792,0.94,0.476,0.97,0.127,0.91,0.143,0.95,0.271,0.98,0.45,0.76,0.239,0.98,0.175,0.55,700,0,210,0.89,0.64,190,75,0.8761
Tokyo,0.792,0.9,0.476,0.91,0.127,0.99,0.143,0.96,0.271,0.88,0.45,0.74,0.239,0.99,0.175,0.71,700,0,165,0.91,0.79,135,60,0.8784
Dubai,0.792,0.96,0.476,0.63,0.127,0.91,0.143,0.92,0.271,0.72,0.45,0.68,0.239,0.99,0.175,0.91,700,0,190,0.58,0.96,175,70,0.8467
Paris,0.792,0.98,0.476,0.95,0.127,0.97,0.143,0.82,0.271,0.99,0.45,0.65,0.239,0.92,0.175,0.45,700,0,180,0.95,0.82,160,70,0.8727
Barcelona,0.987,0.96,0.508,0.84,0.464,0.94,0.626,0.96,0.208,0.82,0.053,0.82,0.113,0.88,0.149,0.72,2600,1,150,0.93,0.94,130,58,0.941
Switzerland,0.987,0.79,0.508,0.78,0.464,0.82,0.626,0.58,0.208,0.75,0.053,0.99,0.113,0.76,0.149,0.98,2600,1,240,0.88,0.78,220,90,0.8108
Paris,0.987,0.98,0.508,0.95,0.464,0.97,0.626,0.82,0.208,0.99,0.053,0.65,0.113,0.92,0.149,0.45,2600,1,180,0.95,0.82,160,70,0.919
Bali,0.987,0.73,0.508,0.76,0.464,0.91,0.626,0.87,0.208,0.51,0.053,0.99,0.113,0.72,0.149,0.98,2600,1,90,0.62,0.95,70,35,0.8235
Istanbul,0.805,0.94,0.758,0.98,0.043,0.94,0.74,0.89,0.925,0.84,0.176,0.71,0.785,0.91,0.485,0.58,900,0,85,0.84,0.88,65,32,0.855
Singapore,0.805,0.91,0.758,0.72,0.043,0.98,0.74,0.85,0.925,0.79,0.176,0.94,0.785,0.97,0.485,0.79,900,0,155,0.9,0.94,145,50,0.8639
Bali,0.805,0.73,0.758,0.76,0.043,0.91,0.74,0.87,0.925,0.51,0.176,0.99,0.785,0.72,0.485,0.98,900,0,90,0.62,0.95,70,35,0.8143
Tokyo,0.805,0.9,0.758,0.91,0.043,0.99,0.74,0.96,0.925,0.88,0.176,0.74,0.785,0.99,0.485,0.71,900,0,165,0.91,0.79,135,60,0.8539
Amsterdam,0.11,0.91,0.228,0.88,0.237,0.79,0.413,0.92,0.2,0.95,0.891,0.78,0.074,0.86,0.585,0.65,700,1,175,0.96,0.68,155,65,0.8398
Bali,0.11,0.73,0.228,0.76,0.237,0.91,0.413,0.87,0.2,0.51,0.891,0.99,0.074,0.72,0.585,0.98,700,1,90,0.62,0.95,70,35,0.8733
Singapore,0.11,0.91,0.228,0.72,0.237,0.98,0.413,0.85,0.2,0.79,0.891,0.94,0.074,0.97,0.585,0.79,700,1,155,0.9,0.94,145,50,0.9159
Barcelona,0.11,0.96,0.228,0.84,0.237,0.94,0.413,0.96,0.2,0.82,0.891,0.82,0.074,0.88,0.585,0.72,700,1,150,0.93,0.94,130,58,0.897
London,0.976,0.94,0.202,0.97,0.127,0.91,0.692,0.95,0.06,0.98,0.137,0.76,0.852,0.98,0.459,0.55,1100,1,210,0.89,0.64,190,75,0.8939
Bali,0.976,0.73,0.202,0.76,0.127,0.91,0.692,0.87,0.06,0.51,0.137,0.99,0.852,0.72,0.459,0.98,1100,1,90,0.62,0.95,70,35,0.8412
Barcelona,0.976,0.96,0.202,0.84,0.127,0.94,0.692,0.96,0.06,0.82,0.137,0.82,0.852,0.88,0.459,0.72,1100,1,150,0.93,0.94,130,58,0.9097
Switzerland,0.976,0.79,0.202,0.78,0.127,0.82,0.692,0.58,0.06,0.75,0.137,0.99,0.852,0.76,0.459,0.98,1100,1,240,0.88,0.78,220,90,0.8258
Bali,0.522,0.73,0.862,0.76,0.216,0.91,0.473,0.87,0.463,0.51,0.015,0.99,0.428,0.72,0.873,0.98,1300,1,90,0.62,0.95,70,35,0.8575
Amsterdam,0.522,0.91,0.862,0.88,0.216,0.79,0.473,0.92,0.463,0.95,0.015,0.78,0.428,0.86,0.873,0.65,1300,1,175,0.96,0.68,155,65,0.8436
Istanbul,0.522,0.94,0.862,0.98,0.216,0.94,0.473,0.89,0.463,0.84,0.015,0.71,0.428,0.91,0.873,0.58,1300,1,85,0.84,0.88,65,32,0.8775
Barcelona,0.522,0.96,0.862,0.84,0.216,0.94,0.473,0.96,0.463,0.82,0.015,0.82,0.428,0.88,0.873,0.72,1300,1,150,0.93,0.94,130,58,0.9113
Paris,0.522,0.98,0.862,0.95,0.216,0.97,0.473,0.82,0.463,0.99,0.015,0.65,0.428,0.92,0.873,0.45,1300,1,180,0.95,0.82,160,70,0.8494
Switzerland,0.522,0.79,0.862,0.78,0.216,0.82,0.473,0.58,0.463,0.75,0.015,0.99,0.428,0.76,0.873,0.98,1300,1,240,0.88,0.78,220,90,0.8472
London,0.479,0.94,0.798,0.97,0.821,0.91,0.452,0.95,0.241,0.98,0.558,0.76,0.012,0.98,0.732,0.55,1300,0,210,0.89,0.64,190,75,0.8319
Amsterdam,0.479,0.91,0.798,0.88,0.821,0.79,0.452,0.92,0.241,0.95,0.558,0.78,0.012,0.86,0.732,0.65,1300,0,175,0.96,0.68,155,65,0.7926
Rome,0.479,0.97,0.798,0.99,0.821,0.96,0.452,0.78,0.241,0.91,0.558,0.62,0.012,0.76,0.732,0.48,1300,0,145,0.91,0.9,125,55,0.8248
Paris,0.479,0.98,0.798,0.95,0.821,0.97,0.452,0.82,0.241,0.99,0.558,0.65,0.012,0.92,0.732,0.45,1300,0,180,0.95,0.82,160,70,0.8246
Singapore,0.479,0.91,0.798,0.72,0.821,0.98,0.452,0.85,0.241,0.79,0.558,0.94,0.012,0.97,0.732,0.79,1300,0,155,0.9,0.94,145,50,0.8618
Istanbul,0.976,0.94,0.464,0.98,0.139,0.94,0.703,0.89,0.185,0.84,0.872,0.71,0.627,0.91,0.704,0.58,700,0,85,0.84,0.88,65,32,0.8494
Tokyo,0.976,0.9,0.464,0.91,0.139,0.99,0.703,0.96,0.185,0.88,0.872,0.74,0.627,0.99,0.704,0.71,700,0,165,0.91,0.79,135,60,0.8582
New York,0.976,0.94,0.464,0.82,0.139,0.96,0.703,0.99,0.185,0.97,0.872,0.71,0.627,0.99,0.704,0.63,700,0,230,0.92,0.76,210,85,0.8443
Paris,0.976,0.98,0.464,0.95,0.139,0.97,0.703,0.82,0.185,0.99,0.872,0.65,0.627,0.92,0.704,0.45,700,0,180,0.95,0.82,160,70,0.8178
London,0.976,0.94,0.464,0.97,0.139,0.91,0.703,0.95,0.185,0.98,0.872,0.76,0.627,0.98,0.704,0.55,700,0,210,0.89,0.64,190,75,0.8142
Amsterdam,0.976,0.91,0.464,0.88,0.139,0.79,0.703,0.92,0.185,0.95,0.872,0.78,0.627,0.86,0.704,0.65,700,0,175,0.96,0.68,155,65,0.829
Tokyo,0.62,0.9,0.336,0.91,0.932,0.99,0.515,0.96,0.91,0.88,0.364,0.74,0.052,0.99,0.383,0.71,2600,0,165,0.91,0.79,135,60,0.8471
Barcelona,0.62,0.96,0.336,0.84,0.932,0.94,0.515,0.96,0.91,0.82,0.364,0.82,0.052,0.88,0.383,0.72,2600,0,150,0.93,0.94,130,58,0.8631
New York,0.62,0.94,0.336,0.82,0.932,0.96,0.515,0.99,0.91,0.97,0.364,0.71,0.052,0.99,0.383,0.63,2600,0,230,0.92,0.76,210,85,0.8674
Rome,0.62,0.97,0.336,0.99,0.932,0.96,0.515,0.78,0.91,0.91,0.364,0.62,0.052,0.76,0.383,0.48,2600,0,145,0.91,0.9,125,55,0.8593
Amsterdam,0.62,0.91,0.336,0.88,0.932,0.79,0.515,0.92,0.91,0.95,0.364,0.78,0.052,0.86,0.383,0.65,2600,0,175,0.96,0.68,155,65,0.8423
Rome,0.752,0.97,0.871,0.99,0.703,0.96,0.753,0.78,0.761,0.91,0.32,0.62,0.898,0.76,0.504,0.48,2200,1,145,0.91,0.9,125,55,0.8823
Tokyo,0.752,0.9,0.871,0.91,0.703,0.99,0.753,0.96,0.761,0.88,0.32,0.74,0.898,0.99,0.504,0.71,2200,1,165,0.91,0.79,135,60,0.9139
Switzerland,0.752,0.79,0.871,0.78,0.703,0.82,0.753,0.58,0.761,0.75,0.32,0.99,0.898,0.76,0.504,0.98,2200,1,240,0.88,0.78,220,90,0.8518
Rome,0.47,0.97,0.532,0.99,0.825,0.96,0.899,0.78,0.452,0.91,0.368,0.62,0.673,0.76,0.693,0.48,900,0,145,0.91,0.9,125,55,0.8041
Istanbul,0.47,0.94,0.532,0.98,0.825,0.94,0.899,0.89,0.452,0.84,0.368,0.71,0.673,0.91,0.693,0.58,900,0,85,0.84,0.88,65,32,0.8391
Dubai,0.47,0.96,0.532,0.63,0.825,0.91,0.899,0.92,0.452,0.72,0.368,0.68,0.673,0.99,0.693,0.91,900,0,190,0.58,0.96,175,70,0.8734
Barcelona,0.47,0.96,0.532,0.84,0.825,0.94,0.899,0.96,0.452,0.82,0.368,0.82,0.673,0.88,0.693,0.72,900,0,150,0.93,0.94,130,58,0.8691
London,0.47,0.94,0.532,0.97,0.825,0.91,0.899,0.95,0.452,0.98,0.368,0.76,0.673,0.98,0.693,0.55,900,0,210,0.89,0.64,190,75,0.8612
Paris,0.47,0.98,0.532,0.95,0.825,0.97,0.899,0.82,0.452,0.99,0.368,0.65,0.673,0.92,0.693,0.45,900,0,180,0.95,0.82,160,70,0.8364
Paris,0.627,0.98,0.293,0.95,0.97,0.97,0.541,0.82,0.132,0.99,0.347,0.65,0.444,0.92,0.645,0.45,1500,0,180,0.95,0.82,160,70,0.8392
Amsterdam,0.627,0.91,0.293,0.88,0.97,0.79,0.541,0.92,0.132,0.95,0.347,0.78,0.444,0.86,0.645,0.65,1500,0,175,0.96,0.68,155,65,0.8071
New York,0.627,0.94,0.293,0.82,0.97,0.96,0.541,0.99,0.132,0.97,0.347,0.71,0.444,0.99,0.645,0.63,1500,0,230,0.92,0.76,210,85,0.8458
Amsterdam,0.646,0.91,0.326,0.88,0.593,0.79,0.697,0.92,0.842,0.95,0.445,0.78,0.304,0.86,0.132,0.65,1500,0,175,0.96,0.68,155,65,0.8242
Singapore,0.646,0.91,0.326,0.72,0.593,0.98,0.697,0.85,0.842,0.79,0.445,0.94,0.304,0.97,0.132,0.79,1500,0,155,0.9,0.94,145,50,0.857
Tokyo,0.646,0.9,0.326,0.91,0.593,0.99,0.697,0.96,0.842,0.88,0.445,0.74,0.304,0.99,0.132,0.71,1500,0,165,0.91,0.79,135,60,0.8937
London,0.646,0.94,0.326,0.97,0.593,0.91,0.697,0.95,0.842,0.98,0.445,0.76,0.304,0.98,0.132,0.55,1500,0,210,0.89,0.64,190,75,0.8709
Paris,0.646,0.98,0.326,0.95,0.593,0.97,0.697,0.82,0.842,0.99,0.445,0.65,0.304,0.92,0.132,0.45,1500,0,180,0.95,0.82,160,70,0.8498
London,0.535,0.94,0.182,0.97,0.175,0.91,0.708,0.95,0.905,0.98,0.794,0.76,0.161,0.98,0.117,0.55,1800,0,210,0.89,0.64,190,75,0.8456
Tokyo,0.535,0.9,0.182,0.91,0.175,0.99,0.708,0.96,0.905,0.88,0.794,0.74,0.161,0.99,0.117,0.71,1800,0,165,0.91,0.79,135,60,0.8456
Barcelona,0.535,0.96,0.182,0.84,0.175,0.94,0.708,0.96,0.905,0.82,0.794,0.82,0.161,0.88,0.117,0.72,1800,0,150,0.93,0.94,130,58,0.8626
Amsterdam,0.535,0.91,0.182,0.88,0.175,0.79,0.708,0.92,0.905,0.95,0.794,0.78,0.161,0.86,0.117,0.65,1800,0,175,0.96,0.68,155,65,0.845
Paris,0.535,0.98,0.182,0.95,0.175,0.97,0.708,0.82,0.905,0.99,0.794,0.65,0.161,0.92,0.117,0.45,1800,0,180,0.95,0.82,160,70,0.8285
Switzerland,0.535,0.79,0.182,0.78,0.175,0.82,0.708,0.58,0.905,0.75,0.794,0.99,0.161,0.76,0.117,0.98,1800,0,240,0.88,0.78,220,90,0.7912
London,0.92,0.94,0.405,0.97,0.499,0.91,0.145,0.95,0.458,0.98,0.32,0.76,0.004,0.98,0.738,0.55,1800,1,210,0.89,0.64,190,75,0.8412
Bali,0.92,0.73,0.405,0.76,0.499,0.91,0.145,0.87,0.458,0.51,0.32,0.99,0.004,0.72,0.738,0.98,1800,1,90,0.62,0.95,70,35,0.8437
Barcelona,0.92,0.96,0.405,0.84,0.499,0.94,0.145,0.96,0.458,0.82,0.32,0.82,0.004,0.88,0.738,0.72,1800,1,150,0.93,0.94,130,58,0.8807
Singapore,0.92,0.91,0.405,0.72,0.499,0.98,0.145,0.85,0.458,0.79,0.32,0.94,0.004,0.97,0.738,0.79,1800,1,155,0.9,0.94,145,50,0.9072
Tokyo,0.92,0.9,0.405,0.91,0.499,0.99,0.145,0.96,0.458,0.88,0.32,0.74,0.004,0.99,0.738,0.71,1800,1,165,0.91,0.79,135,60,0.8663
New York,0.92,0.94,0.405,0.82,0.499,0.96,0.145,0.99,0.458,0.97,0.32,0.71,0.004,0.99,0.738,0.63,1800,1,230,0.92,0.76,210,85,0.8532
Rome,0.618,0.97,0.22,0.99,0.357,0.96,0.326,0.78,0.608,0.91,0.195,0.62,0.526,0.76,0.781,0.48,1500,0,145,0.91,0.9,125,55,0.822
New York,0.618,0.94,0.22,0.82,0.357,0.96,0.326,0.99,0.608,0.97,0.195,0.71,0.526,0.99,0.781,0.63,1500,0,230,0.92,0.76,210,85,0.8723
Singapore,0.618,0.91,0.22,0.72,0.357,0.98,0.326,0.85,0.608,0.79,0.195,0.94,0.526,0.97,0.781,0.79,1500,0,155,0.9,0.94,145,50,0.8864
Tokyo,0.394,0.9,0.49,0.91,0.603,0.99,0.512,0.96,0.056,0.88,0.667,0.74,0.398,0.99,0.716,0.71,2200,1,165,0.91,0.79,135,60,0.9154
Paris,0.394,0.98,0.49,0.95,0.603,0.97,0.512,0.82,0.056,0.99,0.667,0.65,0.398,0.92,0.716,0.45,2200,1,180,0.95,0.82,160,70,0.8702
London,0.394,0.94,0.49,0.97,0.603,0.91,0.512,0.95,0.056,0.98,0.667,0.76,0.398,0.98,0.716,0.55,2200,1,210,0.89,0.64,190,75,0.837
Istanbul,0.394,0.94,0.49,0.98,0.603,0.94,0.512,0.89,0.056,0.84,0.667,0.71,0.398,0.91,0.716,0.58,2200,1,85,0.84,0.88,65,32,0.8794
New York,0.394,0.94,0.49,0.82,0.603,0.96,0.512,0.99,0.056,0.97,0.667,0.71,0.398,0.99,0.716,0.63,2200,1,230,0.92,0.76,210,85,0.8706
Barcelona,0.394,0.96,0.49,0.84,0.603,0.94,0.512,0.96,0.056,0.82,0.667,0.82,0.398,0.88,0.716,0.72,2200,1,150,0.93,0.94,130,58,0.9289
London,0.804,0.94,0.289,0.97,0.806,0.91,0.97,0.95,0.424,0.98,0.896,0.76,0.14,0.98,0.587,0.55,900,0,210,0.89,0.64,190,75,0.8107
Singapore,0.804,0.91,0.289,0.72,0.806,0.98,0.97,0.85,0.424,0.79,0.896,0.94,0.14,0.97,0.587,0.79,900,0,155,0.9,0.94,145,50,0.8956
New York,0.804,0.94,0.289,0.82,0.806,0.96,0.97,0.99,0.424,0.97,0.896,0.71,0.14,0.99,0.587,0.63,900,0,230,0.92,0.76,210,85,0.8615
Tokyo,0.804,0.9,0.289,0.91,0.806,0.99,0.97,0.96,0.424,0.88,0.896,0.74,0.14,0.99,0.587,0.71,900,0,165,0.91,0.79,135,60,0.8341
Singapore,0.409,0.91,0.914,0.72,0.415,0.98,0.556,0.85,0.71,0.79,0.755,0.94,0.137,0.97,0.186,0.79,2200,1,155,0.9,0.94,145,50,0.8907
Paris,0.409,0.98,0.914,0.95,0.415,0.97,0.556,0.82,0.71,0.99,0.755,0.65,0.137,0.92,0.186,0.45,2200,1,180,0.95,0.82,160,70,0.8723
London,0.409,0.94,0.914,0.97,0.415,0.91,0.556,0.95,0.71,0.98,0.755,0.76,0.137,0.98,0.186,0.55,2200,1,210,0.89,0.64,190,75,0.8695
Bali,0.409,0.73,0.914,0.76,0.415,0.91,0.556,0.87,0.71,0.51,0.755,0.99,0.137,0.72,0.186,0.98,2200,1,90,0.62,0.95,70,35,0.8221
Istanbul,0.409,0.94,0.914,0.98,0.415,0.94,0.556,0.89,0.71,0.84,0.755,0.71,0.137,0.91,0.186,0.58,2200,1,85,0.84,0.88,65,32,0.9137
New York,0.409,0.94,0.914,0.82,0.415,0.96,0.556,0.99,0.71,0.97,0.755,0.71,0.137,0.99,0.186,0.63,2200,1,230,0.92,0.76,210,85,0.908
Tokyo,0.409,0.9,0.914,0.91,0.415,0.99,0.556,0.96,0.71,0.88,0.755,0.74,0.137,0.99,0.186,0.71,2200,1,165,0.91,0.79,135,60,0.8971
Singapore,0.654,0.91,0.893,0.72,0.417,0.98,0.492,0.85,0.688,0.79,0.245,0.94,0.119,0.97,0.277,0.79,900,1,155,0.9,0.94,145,50,0.8807
Bali,0.654,0.73,0.893,0.76,0.417,0.91,0.492,0.87,0.688,0.51,0.245,0.99,0.119,0.72,0.277,0.98,900,1,90,0.62,0.95,70,35,0.8306
Dubai,0.654,0.96,0.893,0.63,0.417,0.91,0.492,0.92,0.688,0.72,0.245,0.68,0.119,0.99,0.277,0.91,900,1,190,0.58,0.96,175,70,0.8141
London,0.654,0.94,0.893,0.97,0.417,0.91,0.492,0.95,0.688,0.98,0.245,0.76,0.119,0.98,0.277,0.55,900,1,210,0.89,0.64,190,75,0.889
Istanbul,0.654,0.94,0.893,0.98,0.417,0.94,0.492,0.89,0.688,0.84,0.245,0.71,0.119,0.91,0.277,0.58,900,1,85,0.84,0.88,65,32,0.9056
Tokyo,0.654,0.9,0.893,0.91,0.417,0.99,0.492,0.96,0.688,0.88,0.245,0.74,0.119,0.99,0.277,0.71,900,1,165,0.91,0.79,135,60,0.8893
Paris,0.654,0.98,0.893,0.95,0.417,0.97,0.492,0.82,0.688,0.99,0.245,0.65,0.119,0.92,0.277,0.45,900,1,180,0.95,0.82,160,70,0.9095
Rome,0.693,0.97,0.357,0.99,0.053,0.96,0.361,0.78,0.636,0.91,0.955,0.62,0.049,0.76,0.292,0.48,900,0,145,0.91,0.9,125,55,0.8093
Bali,0.693,0.73,0.357,0.76,0.053,0.91,0.361,0.87,0.636,0.51,0.955,0.99,0.049,0.72,0.292,0.98,900,0,90,0.62,0.95,70,35,0.8183
Barcelona,0.693,0.96,0.357,0.84,0.053,0.94,0.361,0.96,0.636,0.82,0.955,0.82,0.049,0.88,0.292,0.72,900,0,150,0.93,0.94,130,58,0.8771
New York,0.693,0.94,0.357,0.82,0.053,0.96,0.361,0.99,0.636,0.97,0.955,0.71,0.049,0.99,0.292,0.63,900,0,230,0.92,0.76,210,85,0.8498
Barcelona,0.271,0.96,0.698,0.84,0.363,0.94,0.534,0.96,0.352,0.82,0.144,0.82,0.137,0.88,0.281,0.72,2600,1,150,0.93,0.94,130,58,0.928
Rome,0.271,0.97,0.698,0.99,0.363,0.96,0.534,0.78,0.352,0.91,0.144,0.62,0.137,0.76,0.281,0.48,2600,1,145,0.91,0.9,125,55,0.9067
Amsterdam,0.271,0.91,0.698,0.88,0.363,0.79,0.534,0.92,0.352,0.95,0.144,0.78,0.137,0.86,0.281,0.65,2600,1,175,0.96,0.68,155,65,0.8819
Istanbul,0.271,0.94,0.698,0.98,0.363,0.94,0.534,0.89,0.352,0.84,0.144,0.71,0.137,0.91,0.281,0.58,2600,1,85,0.84,0.88,65,32,0.9083
Bali,0.271,0.73,0.698,0.76,0.363,0.91,0.534,0.87,0.352,0.51,0.144,0.99,0.137,0.72,0.281,0.98,2600,1,90,0.62,0.95,70,35,0.8586
London,0.846,0.94,0.713,0.97,0.702,0.91,0.803,0.95,0.417,0.98,0.916,0.76,0.117,0.98,0.131,0.55,700,1,210,0.89,0.64,190,75,0.8766
Tokyo,0.846,0.9,0.713,0.91,0.702,0.99,0.803,0.96,0.417,0.88,0.916,0.74,0.117,0.99,0.131,0.71,700,1,165,0.91,0.79,135,60,0.8937
Barcelona,0.846,0.96,0.713,0.84,0.702,0.94,0.803,0.96,0.417,0.82,0.916,0.82,0.117,0.88,0.131,0.72,700,1,150,0.93,0.94,130,58,0.933
Singapore,0.846,0.91,0.713,0.72,0.702,0.98,0.803,0.85,0.417,0.79,0.916,0.94,0.117,0.97,0.131,0.79,700,1,155,0.9,0.94,145,50,0.8895
Switzerland,0.846,0.79,0.713,0.78,0.702,0.82,0.803,0.58,0.417,0.75,0.916,0.99,0.117,0.76,0.131,0.98,700,1,240,0.88,0.78,220,90,0.8257
Paris,0.694,0.98,0.688,0.95,0.307,0.97,0.21,0.82,0.981,0.99,0.425,0.65,0.763,0.92,0.112,0.45,700,1,180,0.95,0.82,160,70,0.9039
Amsterdam,0.694,0.91,0.688,0.88,0.307,0.79,0.21,0.92,0.981,0.95,0.425,0.78,0.763,0.86,0.112,0.65,700,1,175,0.96,0.68,155,65,0.8777
Rome,0.694,0.97,0.688,0.99,0.307,0.96,0.21,0.78,0.981,0.91,0.425,0.62,0.763,0.76,0.112,0.48,700,1,145,0.91,0.9,125,55,0.8764
Istanbul,0.694,0.94,0.688,0.98,0.307,0.94,0.21,0.89,0.981,0.84,0.425,0.71,0.763,0.91,0.112,0.58,700,1,85,0.84,0.88,65,32,0.9096
New York,0.694,0.94,0.688,0.82,0.307,0.96,0.21,0.99,0.981,0.97,0.425,0.71,0.763,0.99,0.112,0.63,700,1,230,0.92,0.76,210,85,0.926
Switzerland,0.694,0.79,0.688,0.78,0.307,0.82,0.21,0.58,0.981,0.75,0.425,0.99,0.763,0.76,0.112,0.98,700,1,240,0.88,0.78,220,90,0.8545
New York,0.92,0.94,0.205,0.82,0.901,0.96,0.185,0.99,0.352,0.97,0.091,0.71,0.846,0.99,0.942,0.63,1800,1,230,0.92,0.76,210,85,0.9007
Bali,0.92,0.73,0.205,0.76,0.901,0.91,0.185,0.87,0.352,0.51,0.091,0.99,0.846,0.72,0.942,0.98,1800,1,90,0.62,0.95,70,35,0.8246
Amsterdam,0.92,0.91,0.205,0.88,0.901,0.79,0.185,0.92,0.352,0.95,0.091,0.78,0.846,0.86,0.942,0.65,1800,1,175,0.96,0.68,155,65,0.8602
Istanbul,0.92,0.94,0.205,0.98,0.901,0.94,0.185,0.89,0.352,0.84,0.091,0.71,0.846,0.91,0.942,0.58,1800,1,85,0.84,0.88,65,32,0.8547
Barcelona,0.217,0.96,0.192,0.84,0.282,0.94,0.902,0.96,0.537,0.82,0.974,0.82,0.099,0.88,0.214,0.72,2600,1,150,0.93,0.94,130,58,0.8961
Singapore,0.217,0.91,0.192,0.72,0.282,0.98,0.902,0.85,0.537,0.79,0.974,0.94,0.099,0.97,0.214,0.79,2600,1,155,0.9,0.94,145,50,0.8943
Rome,0.217,0.97,0.192,0.99,0.282,0.96,0.902,0.78,0.537,0.91,0.974,0.62,0.099,0.76,0.214,0.48,2600,1,145,0.91,0.9,125,55,0.8261
Istanbul,0.217,0.94,0.192,0.98,0.282,0.94,0.902,0.89,0.537,0.84,0.974,0.71,0.099,0.91,0.214,0.58,2600,1,85,0.84,0.88,65,32,0.8908
Tokyo,0.217,0.9,0.192,0.91,0.282,0.99,0.902,0.96,0.537,0.88,0.974,0.74,0.099,0.99,0.214,0.71,2600,1,165,0.91,0.79,135,60,0.8707
Amsterdam,0.217,0.91,0.192,0.88,0.282,0.79,0.902,0.92,0.537,0.95,0.974,0.78,0.099,0.86,0.214,0.65,2600,1,175,0.96,0.68,155,65,0.856
Dubai,0.217,0.96,0.192,0.63,0.282,0.91,0.902,0.92,0.537,0.72,0.974,0.68,0.099,0.99,0.214,0.91,2600,1,190,0.58,0.96,175,70,0.82
New York,0.762,0.94,0.705,0.82,0.557,0.96,0.041,0.99,0.328,0.97,0.116,0.71,0.284,0.99,0.6,0.63,1500,1,230,0.92,0.76,210,85,0.8705
Dubai,0.762,0.96,0.705,0.63,0.557,0.91,0.041,0.92,0.328,0.72,0.116,0.68,0.284,0.99,0.6,0.91,1500,1,190,0.58,0.96,175,70,0.8387
London,0.762,0.94,0.705,0.97,0.557,0.91,0.041,0.95,0.328,0.98,0.116,0.76,0.284,0.98,0.6,0.55,1500,1,210,0.89,0.64,190,75,0.8942
Switzerland,0.762,0.79,0.705,0.78,0.557,0.82,0.041,0.58,0.328,0.75,0.116,0.99,0.284,0.76,0.6,0.98,1500,1,240,0.88,0.78,220,90,0.8594
Istanbul,0.679,0.94,0.179,0.98,0.999,0.94,0.492,0.89,0.105,0.84,0.438,0.71,0.659,0.91,0.085,0.58,1100,1,85,0.84,0.88,65,32,0.9302
Bali,0.679,0.73,0.179,0.76,0.999,0.91,0.492,0.87,0.105,0.51,0.438,0.99,0.659,0.72,0.085,0.98,1100,1,90,0.62,0.95,70,35,0.8463
Rome,0.679,0.97,0.179,0.99,0.999,0.96,0.492,0.78,0.105,0.91,0.438,0.62,0.659,0.76,0.085,0.48,1100,1,145,0.91,0.9,125,55,0.8952
Barcelona,0.679,0.96,0.179,0.84,0.999,0.94,0.492,0.96,0.105,0.82,0.438,0.82,0.659,0.88,0.085,0.72,1100,1,150,0.93,0.94,130,58,0.9561
Switzerland,0.679,0.79,0.179,0.78,0.999,0.82,0.492,0.58,0.105,0.75,0.438,0.99,0.659,0.76,0.085,0.98,1100,1,240,0.88,0.78,220,90,0.8219
New York,0.679,0.94,0.179,0.82,0.999,0.96,0.492,0.99,0.105,0.97,0.438,0.71,0.659,0.99,0.085,0.63,1100,1,230,0.92,0.76,210,85,0.9377
New York,0.725,0.94,0.279,0.82,0.713,0.96,0.582,0.99,0.273,0.97,0.789,0.71,0.644,0.99,0.4,0.63,2600,1,230,0.92,0.76,210,85,0.8848
London,0.725,0.94,0.279,0.97,0.713,0.91,0.582,0.95,0.273,0.98,0.789,0.76,0.644,0.98,0.4,0.55,2600,1,210,0.89,0.64,190,75,0.8803
Barcelona,0.725,0.96,0.279,0.84,0.713,0.94,0.582,0.96,0.273,0.82,0.789,0.82,0.644,0.88,0.4,0.72,2600,1,150,0.93,0.94,130,58,0.9226
Singapore,0.725,0.91,0.279,0.72,0.713,0.98,0.582,0.85,0.273,0.79,0.789,0.94,0.644,0.97,0.4,0.79,2600,1,155,0.9,0.94,145,50,0.904
Rome,0.725,0.97,0.279,0.99,0.713,0.96,0.582,0.78,0.273,0.91,0.789,0.62,0.644,0.76,0.4,0.48,2600,1,145,0.91,0.9,125,55,0.8427
Paris,0.725,0.98,0.279,0.95,0.713,0.97,0.582,0.82,0.273,0.99,0.789,0.65,0.644,0.92,0.4,0.45,2600,1,180,0.95,0.82,160,70,0.8586
Amsterdam,0.068,0.91,0.678,0.88,0.972,0.79,0.383,0.92,0.679,0.95,0.153,0.78,0.622,0.86,0.096,0.65,900,1,175,0.96,0.68,155,65,0.8723
London,0.068,0.94,0.678,0.97,0.972,0.91,0.383,0.95,0.679,0.98,0.153,0.76,0.622,0.98,0.096,0.55,900,1,210,0.89,0.64,190,75,0.932
Singapore,0.068,0.91,0.678,0.72,0.972,0.98,0.383,0.85,0.679,0.79,0.153,0.94,0.622,0.97,0.096,0.79,900,1,155,0.9,0.94,145,50,0.9102
Bali,0.068,0.73,0.678,0.76,0.972,0.91,0.383,0.87,0.679,0.51,0.153,0.99,0.622,0.72,0.096,0.98,900,1,90,0.62,0.95,70,35,0.8434
Switzerland,0.068,0.79,0.678,0.78,0.972,0.82,0.383,0.58,0.679,0.75,0.153,0.99,0.622,0.76,0.096,0.98,900,1,240,0.88,0.78,220,90,0.8075
New York,0.068,0.94,0.678,0.82,0.972,0.96,0.383,0.99,0.679,0.97,0.153,0.71,0.622,0.99,0.096,0.63,900,1,230,0.92,0.76,210,85,0.9193
Dubai,0.915,0.96,0.384,0.63,0.315,0.91,0.376,0.92,0.46,0.72,0.033,0.68,0.557,0.99,0.86,0.91,1500,0,190,0.58,0.96,175,70,0.8558
Barcelona,0.915,0.96,0.384,0.84,0.315,0.94,0.376,0.96,0.46,0.82,0.033,0.82,0.557,0.88,0.86,0.72,1500,0,150,0.93,0.94,130,58,0.8715
London,0.915,0.94,0.384,0.97,0.315,0.91,0.376,0.95,0.46,0.98,0.033,0.76,0.557,0.98,0.86,0.55,1500,0,210,0.89,0.64,190,75,0.8406
Istanbul,0.915,0.94,0.384,0.98,0.315,0.94,0.376,0.89,0.46,0.84,0.033,0.71,0.557,0.91,0.86,0.58,1500,0,85,0.84,0.88,65,32,0.8523
Singapore,0.915,0.91,0.384,0.72,0.315,0.98,0.376,0.85,0.46,0.79,0.033,0.94,0.557,0.97,0.86,0.79,1500,0,155,0.9,0.94,145,50,0.8632
New York,0.915,0.94,0.384,0.82,0.315,0.96,0.376,0.99,0.46,0.97,0.033,0.71,0.557,0.99,0.86,0.63,1500,0,230,0.92,0.76,210,85,0.8498
Bali,0.854,0.73,0.507,0.76,0.391,0.91,0.495,0.87,0.971,0.51,0.617,0.99,0.353,0.72,0.978,0.98,1800,0,90,0.62,0.95,70,35,0.8396
Paris,0.854,0.98,0.507,0.95,0.391,0.97,0.495,0.82,0.971,0.99,0.617,0.65,0.353,0.92,0.978,0.45,1800,0,180,0.95,0.82,160,70,0.8158
Barcelona,0.854,0.96,0.507,0.84,0.391,0.94,0.495,0.96,0.971,0.82,0.617,0.82,0.353,0.88,0.978,0.72,1800,0,150,0.93,0.94,130,58,0.8678
Bali,0.027,0.73,0.891,0.76,0.341,0.91,0.097,0.87,0.345,0.51,0.357,0.99,0.351,0.72,0.661,0.98,1300,0,90,0.62,0.95,70,35,0.8297
Rome,0.027,0.97,0.891,0.99,0.341,0.96,0.097,0.78,0.345,0.91,0.357,0.62,0.351,0.76,0.661,0.48,1300,0,145,0.91,0.9,125,55,0.791
Switzerland,0.027,0.79,0.891,0.78,0.341,0.82,0.097,0.58,0.345,0.75,0.357,0.99,0.351,0.76,0.661,0.98,1300,0,240,0.88,0.78,220,90,0.8233
London,0.027,0.94,0.891,0.97,0.341,0.91,0.097,0.95,0.345,0.98,0.357,0.76,0.351,0.98,0.661,0.55,1300,0,210,0.89,0.64,190,75,0.822
Istanbul,0.027,0.94,0.891,0.98,0.341,0.94,0.097,0.89,0.345,0.84,0.357,0.71,0.351,0.91,0.661,0.58,1300,0,85,0.84,0.88,65,32,0.8548
Istanbul,0.568,0.94,0.901,0.98,0.267,0.94,0.696,0.89,0.588,0.84,0.986,0.71,0.378,0.91,0.39,0.58,900,1,85,0.84,0.88,65,32,0.873
Switzerland,0.568,0.79,0.901,0.78,0.267,0.82,0.696,0.58,0.588,0.75,0.986,0.99,0.378,0.76,0.39,0.98,900,1,240,0.88,0.78,220,90,0.8514
Amsterdam,0.568,0.91,0.901,0.88,0.267,0.79,0.696,0.92,0.588,0.95,0.986,0.78,0.378,0.86,0.39,0.65,900,1,175,0.96,0.68,155,65,0.8884
Paris,0.34,0.98,0.615,0.95,0.363,0.97,0.436,0.82,0.497,0.99,0.847,0.65,0.787,0.92,0.84,0.45,1300,1,180,0.95,0.82,160,70,0.8622
London,0.34,0.94,0.615,0.97,0.363,0.91,0.436,0.95,0.497,0.98,0.847,0.76,0.787,0.98,0.84,0.55,1300,1,210,0.89,0.64,190,75,0.887
Bali,0.34,0.73,0.615,0.76,0.363,0.91,0.436,0.87,0.497,0.51,0.847,0.99,0.787,0.72,0.84,0.98,1300,1,90,0.62,0.95,70,35,0.864
Dubai,0.34,0.96,0.615,0.63,0.363,0.91,0.436,0.92,0.497,0.72,0.847,0.68,0.787,0.99,0.84,0.91,1300,1,190,0.58,0.96,175,70,0.856
Amsterdam,0.34,0.91,0.615,0.88,0.363,0.79,0.436,0.92,0.497,0.95,0.847,0.78,0.787,0.86,0.84,0.65,1300,1,175,0.96,0.68,155,65,0.8631
Tokyo,0.273,0.9,0.566,0.91,0.531,0.99,0.427,0.96,0.347,0.88,0.077,0.74,0.824,0.99,0.505,0.71,1500,1,165,0.91,0.79,135,60,0.9141
Amsterdam,0.273,0.91,0.566,0.88,0.531,0.79,0.427,0.92,0.347,0.95,0.077,0.78,0.824,0.86,0.505,0.65,1500,1,175,0.96,0.68,155,65,0.8818
Dubai,0.273,0.96,0.566,0.63,0.531,0.91,0.427,0.92,0.347,0.72,0.077,0.68,0.824,0.99,0.505,0.91,1500,1,190,0.58,0.96,175,70,0.8573
Bali,0.273,0.73,0.566,0.76,0.531,0.91,0.427,0.87,0.347,0.51,0.077,0.99,0.824,0.72,0.505,0.98,1500,1,90,0.62,0.95,70,35,0.8105
London,0.273,0.94,0.566,0.97,0.531,0.91,0.427,0.95,0.347,0.98,0.077,0.76,0.824,0.98,0.505,0.55,1500,1,210,0.89,0.64,190,75,0.9004
Singapore,0.273,0.91,0.566,0.72,0.531,0.98,0.427,0.85,0.347,0.79,0.077,0.94,0.824,0.97,0.505,0.79,1500,1,155,0.9,0.94,145,50,0.9234
New York,0.273,0.94,0.566,0.82,0.531,0.96,0.427,0.99,0.347,0.97,0.077,0.71,0.824,0.99,0.505,0.63,1500,1,230,0.92,0.76,210,85,0.909
Amsterdam,0.213,0.91,0.962,0.88,0.742,0.79,0.467,0.92,0.937,0.95,0.533,0.78,0.614,0.86,0.769,0.65,2200,0,175,0.96,0.68,155,65,0.8302
Tokyo,0.213,0.9,0.962,0.91,0.742,0.99,0.467,0.96,0.937,0.88,0.533,0.74,0.614,0.99,0.769,0.71,2200,0,165,0.91,0.79,135,60,0.8487
Singapore,0.213,0.91,0.962,0.72,0.742,0.98,0.467,0.85,0.937,0.79,0.533,0.94,0.614,0.97,0.769,0.79,2200,0,155,0.9,0.94,145,50,0.8512
Barcelona,0.213,0.96,0.962,0.84,0.742,0.94,0.467,0.96,0.937,0.82,0.533,0.82,0.614,0.88,0.769,0.72,2200,0,150,0.93,0.94,130,58,0.8457
Istanbul,0.213,0.94,0.962,0.98,0.742,0.94,0.467,0.89,0.937,0.84,0.533,0.71,0.614,0.91,0.769,0.58,2200,0,85,0.84,0.88,65,32,0.8616
Rome,0.213,0.97,0.962,0.99,0.742,0.96,0.467,0.78,0.937,0.91,0.533,0.62,0.614,0.76,0.769,0.48,2200,0,145,0.91,0.9,125,55,0.8057
Switzerland,0.213,0.79,0.962,0.78,0.742,0.82,0.467,0.58,0.937,0.75,0.533,0.99,0.614,0.76,0.769,0.98,2200,0,240,0.88,0.78,220,90,0.7999
Singapore,0.412,0.91,0.824,0.72,0.646,0.98,0.256,0.85,0.601,0.79,0.406,0.94,0.114,0.97,0.192,0.79,1300,1,155,0.9,0.94,145,50,0.8777
New York,0.412,0.94,0.824,0.82,0.646,0.96,0.256,0.99,0.601,0.97,0.406,0.71,0.114,0.99,0.192,0.63,1300,1,230,0.92,0.76,210,85,0.8786
Dubai,0.412,0.96,0.824,0.63,0.646,0.91,0.256,0.92,0.601,0.72,0.406,0.68,0.114,0.99,0.192,0.91,1300,1,190,0.58,0.96,175,70,0.8173
Bali,0.412,0.73,0.824,0.76,0.646,0.91,0.256,0.87,0.601,0.51,0.406,0.99,0.114,0.72,0.192,0.98,1300,1,90,0.62,0.95,70,35,0.8444
Paris,0.412,0.98,0.824,0.95,0.646,0.97,0.256,0.82,0.601,0.99,0.406,0.65,0.114,0.92,0.192,0.45,1300,1,180,0.95,0.82,160,70,0.9193
Rome,0.412,0.97,0.824,0.99,0.646,0.96,0.256,0.78,0.601,0.91,0.406,0.62,0.114,0.76,0.192,0.48,1300,1,145,0.91,0.9,125,55,0.8886
Dubai,0.853,0.96,0.964,0.63,0.486,0.91,0.02,0.92,0.86,0.72,0.084,0.68,0.602,0.99,0.867,0.91,2200,1,190,0.58,0.96,175,70,0.8348
Barcelona,0.853,0.96,0.964,0.84,0.486,0.94,0.02,0.96,0.86,0.82,0.084,0.82,0.602,0.88,0.867,0.72,2200,1,150,0.93,0.94,130,58,0.9096
Amsterdam,0.853,0.91,0.964,0.88,0.486,0.79,0.02,0.92,0.86,0.95,0.084,0.78,0.602,0.86,0.867,0.65,2200,1,175,0.96,0.68,155,65,0.8912
Istanbul,0.522,0.94,0.829,0.98,0.95,0.94,0.932,0.89,0.252,0.84,0.885,0.71,0.238,0.91,0.122,0.58,1800,1,85,0.84,0.88,65,32,0.8826
Dubai,0.522,0.96,0.829,0.63,0.95,0.91,0.932,0.92,0.252,0.72,0.885,0.68,0.238,0.99,0.122,0.91,1800,1,190,0.58,0.96,175,70,0.8691
Amsterdam,0.522,0.91,0.829,0.88,0.95,0.79,0.932,0.92,0.252,0.95,0.885,0.78,0.238,0.86,0.122,0.65,1800,1,175,0.96,0.68,155,65,0.8717
Switzerland,0.522,0.79,0.829,0.78,0.95,0.82,0.932,0.58,0.252,0.75,0.885,0.99,0.238,0.76,0.122,0.98,1800,1,240,0.88,0.78,220,90,0.8287
Bali,0.522,0.73,0.829,0.76,0.95,0.91,0.932,0.87,0.252,0.51,0.885,0.99,0.238,0.72,0.122,0.98,1800,1,90,0.62,0.95,70,35,0.8666
Rome,0.522,0.97,0.829,0.99,0.95,0.96,0.932,0.78,0.252,0.91,0.885,0.62,0.238,0.76,0.122,0.48,1800,1,145,0.91,0.9,125,55,0.8858
Paris,0.522,0.98,0.829,0.95,0.95,0.97,0.932,0.82,0.252,0.99,0.885,0.65,0.238,0.92,0.122,0.45,1800,1,180,0.95,0.82,160,70,0.8887
Switzerland,0.949,0.79,0.316,0.78,0.424,0.82,0.683,0.58,0.963,0.75,0.879,0.99,0.937,0.76,0.363,0.98,1800,1,240,0.88,0.78,220,90,0.8619
Bali,0.949,0.73,0.316,0.76,0.424,0.91,0.683,0.87,0.963,0.51,0.879,0.99,0.937,0.72,0.363,0.98,1800,1,90,0.62,0.95,70,35,0.8335
Paris,0.949,0.98,0.316,0.95,0.424,0.97,0.683,0.82,0.963,0.99,0.879,0.65,0.937,0.92,0.363,0.45,1800,1,180,0.95,0.82,160,70,0.9161
Dubai,0.691,0.96,0.789,0.63,0.24,0.91,0.553,0.92,0.309,0.72,0.958,0.68,0.363,0.99,0.812,0.91,900,0,190,0.58,0.96,175,70,0.859
Paris,0.691,0.98,0.789,0.95,0.24,0.97,0.553,0.82,0.309,0.99,0.958,0.65,0.363,0.92,0.812,0.45,900,0,180,0.95,0.82,160,70,0.8209
Istanbul,0.691,0.94,0.789,0.98,0.24,0.94,0.553,0.89,0.309,0.84,0.958,0.71,0.363,0.91,0.812,0.58,900,0,85,0.84,0.88,65,32,0.8218
London,0.691,0.94,0.789,0.97,0.24,0.91,0.553,0.95,0.309,0.98,0.958,0.76,0.363,0.98,0.812,0.55,900,0,210,0.89,0.64,190,75,0.8399
New York,0.691,0.94,0.789,0.82,0.24,0.96,0.553,0.99,0.309,0.97,0.958,0.71,0.363,0.99,0.812,0.63,900,0,230,0.92,0.76,210,85,0.8085
Switzerland,0.691,0.79,0.789,0.78,0.24,0.82,0.553,0.58,0.309,0.75,0.958,0.99,0.363,0.76,0.812,0.98,900,0,240,0.88,0.78,220,90,0.8251
Rome,0.317,0.97,0.812,0.99,0.644,0.96,0.789,0.78,0.274,0.91,0.08,0.62,0.779,0.76,0.492,0.48,2200,1,145,0.91,0.9,125,55,0.8746
Barcelona,0.317,0.96,0.812,0.84,0.644,0.94,0.789,0.96,0.274,0.82,0.08,0.82,0.779,0.88,0.492,0.72,2200,1,150,0.93,0.94,130,58,0.9257
London,0.317,0.94,0.812,0.97,0.644,0.91,0.789,0.95,0.274,0.98,0.08,0.76,0.779,0.98,0.492,0.55,2200,1,210,0.89,0.64,190,75,0.8977
New York,0.317,0.94,0.812,0.82,0.644,0.96,0.789,0.99,0.274,0.97,0.08,0.71,0.779,0.99,0.492,0.63,2200,1,230,0.92,0.76,210,85,0.8991
Istanbul,0.317,0.94,0.812,0.98,0.644,0.94,0.789,0.89,0.274,0.84,0.08,0.71,0.779,0.91,0.492,0.58,2200,1,85,0.84,0.88,65,32,0.9095
Switzerland,0.317,0.79,0.812,0.78,0.644,0.82,0.789,0.58,0.274,0.75,0.08,0.99,0.779,0.76,0.492,0.98,2200,1,240,0.88,0.78,220,90,0.8417
New York,0.641,0.94,0.184,0.82,0.443,0.96,0.641,0.99,0.003,0.97,0.2,0.71,0.306,0.99,0.576,0.63,900,0,230,0.92,0.76,210,85,0.8665
Switzerland,0.641,0.79,0.184,0.78,0.443,0.82,0.641,0.58,0.003,0.75,0.2,0.99,0.306,0.76,0.576,0.98,900,0,240,0.88,0.78,220,90,0.7964
Barcelona,0.641,0.96,0.184,0.84,0.443,0.94,0.641,0.96,0.003,0.82,0.2,0.82,0.306,0.88,0.576,0.72,900,0,150,0.93,0.94,130,58,0.8744
Dubai,0.641,0.96,0.184,0.63,0.443,0.91,0.641,0.92,0.003,0.72,0.2,0.68,0.306,0.99,0.576,0.91,900,0,190,0.58,0.96,175,70,0.8967
New York,0.261,0.94,0.687,0.82,0.827,0.96,0.8,0.99,0.199,0.97,0.414,0.71,0.182,0.99,0.876,0.63,1300,0,230,0.92,0.76,210,85,0.843
Switzerland,0.261,0.79,0.687,0.78,0.827,0.82,0.8,0.58,0.199,0.75,0.414,0.99,0.182,0.76,0.876,0.98,1300,0,240,0.88,0.78,220,90,0.8345
Bali,0.261,0.73,0.687,0.76,0.827,0.91,0.8,0.87,0.199,0.51,0.414,0.99,0.182,0.72,0.876,0.98,1300,0,90,0.62,0.95,70,35,0.8862
Dubai,0.198,0.96,0.701,0.63,0.169,0.91,0.401,0.92,0.429,0.72,0.26,0.68,0.089,0.99,0.368,0.91,900,0,190,0.58,0.96,175,70,0.8039
Singapore,0.198,0.91,0.701,0.72,0.169,0.98,0.401,0.85,0.429,0.79,0.26,0.94,0.089,0.97,0.368,0.79,900,0,155,0.9,0.94,145,50,0.8558
Switzerland,0.198,0.79,0.701,0.78,0.169,0.82,0.401,0.58,0.429,0.75,0.26,0.99,0.089,0.76,0.368,0.98,900,0,240,0.88,0.78,220,90,0.8198
Rome,0.198,0.97,0.701,0.99,0.169,0.96,0.401,0.78,0.429,0.91,0.26,0.62,0.089,0.76,0.368,0.48,900,0,145,0.91,0.9,125,55,0.8243
Amsterdam,0.198,0.91,0.701,0.88,0.169,0.79,0.401,0.92,0.429,0.95,0.26,0.78,0.089,0.86,0.368,0.65,900,0,175,0.96,0.68,155,65,0.8284
Tokyo,0.198,0.9,0.701,0.91,0.169,0.99,0.401,0.96,0.429,0.88,0.26,0.74,0.089,0.99,0.368,0.71,900,0,165,0.91,0.79,135,60,0.8354
New York,0.198,0.94,0.701,0.82,0.169,0.96,0.401,0.99,0.429,0.97,0.26,0.71,0.089,0.99,0.368,0.63,900,0,230,0.92,0.76,210,85,0.858
Singapore,0.6,0.91,0.995,0.72,0.283,0.98,0.677,0.85,0.418,0.79,0.409,0.94,0.146,0.97,0.29,0.79,1500,0,155,0.9,0.94,145,50,0.8286
Amsterdam,0.6,0.91,0.995,0.88,0.283,0.79,0.677,0.92,0.418,0.95,0.409,0.78,0.146,0.86,0.29,0.65,1500,0,175,0.96,0.68,155,65,0.8275
Tokyo,0.6,0.9,0.995,0.91,0.283,0.99,0.677,0.96,0.418,0.88,0.409,0.74,0.146,0.99,0.29,0.71,1500,0,165,0.91,0.79,135,60,0.8724
Istanbul,0.6,0.94,0.995,0.98,0.283,0.94,0.677,0.89,0.418,0.84,0.409,0.71,0.146,0.91,0.29,0.58,1500,0,85,0.84,0.88,65,32,0.8738
Rome,0.6,0.97,0.995,0.99,0.283,0.96,0.677,0.78,0.418,0.91,0.409,0.62,0.146,0.76,0.29,0.48,1500,0,145,0.91,0.9,125,55,0.8615
Paris,0.6,0.98,0.995,0.95,0.283,0.97,0.677,0.82,0.418,0.99,0.409,0.65,0.146,0.92,0.29,0.45,1500,0,180,0.95,0.82,160,70,0.8622
Switzerland,0.6,0.79,0.995,0.78,0.283,0.82,0.677,0.58,0.418,0.75,0.409,0.99,0.146,0.76,0.29,0.98,1500,0,240,0.88,0.78,220,90,0.8094
New York,0.256,0.94,0.095,0.82,0.059,0.96,0.333,0.99,0.235,0.97,0.908,0.71,0.997,0.99,0.939,0.63,700,0,230,0.92,0.76,210,85,0.83
Bali,0.256,0.73,0.095,0.76,0.059,0.91,0.333,0.87,0.235,0.51,0.908,0.99,0.997,0.72,0.939,0.98,700,0,90,0.62,0.95,70,35,0.8383
Dubai,0.256,0.96,0.095,0.63,0.059,0.91,0.333,0.92,0.235,0.72,0.908,0.68,0.997,0.99,0.939,0.91,700,0,190,0.58,0.96,175,70,0.8827
London,0.256,0.94,0.095,0.97,0.059,0.91,0.333,0.95,0.235,0.98,0.908,0.76,0.997,0.98,0.939,0.55,700,0,210,0.89,0.64,190,75,0.7803
Switzerland,0.256,0.79,0.095,0.78,0.059,0.82,0.333,0.58,0.235,0.75,0.908,0.99,0.997,0.76,0.939,0.98,700,0,240,0.88,0.78,220,90,0.8255
Singapore,0.17,0.91,0.493,0.72,0.339,0.98,0.468,0.85,0.09,0.79,0.71,0.94,0.433,0.97,0.26,0.79,1800,0,155,0.9,0.94,145,50,0.8604
London,0.17,0.94,0.493,0.97,0.339,0.91,0.468,0.95,0.09,0.98,0.71,0.76,0.433,0.98,0.26,0.55,1800,0,210,0.89,0.64,190,75,0.8566
Tokyo,0.17,0.9,0.493,0.91,0.339,0.99,0.468,0.96,0.09,0.88,0.71,0.74,0.433,0.99,0.26,0.71,1800,0,165,0.91,0.79,135,60,0.862
Dubai,0.17,0.96,0.493,0.63,0.339,0.91,0.468,0.92,0.09,0.72,0.71,0.68,0.433,0.99,0.26,0.91,1800,0,190,0.58,0.96,175,70,0.8503
Barcelona,0.264,0.96,0.313,0.84,0.893,0.94,0.316,0.96,0.995,0.82,0.764,0.82,0.151,0.88,0.853,0.72,2600,0,150,0.93,0.94,130,58,0.8284
Paris,0.264,0.98,0.313,0.95,0.893,0.97,0.316,0.82,0.995,0.99,0.764,0.65,0.151,0.92,0.853,0.45,2600,0,180,0.95,0.82,160,70,0.8062
Amsterdam,0.264,0.91,0.313,0.88,0.893,0.79,0.316,0.92,0.995,0.95,0.764,0.78,0.151,0.86,0.853,0.65,2600,0,175,0.96,0.68,155,65,0.8212
Istanbul,0.264,0.94,0.313,0.98,0.893,0.94,0.316,0.89,0.995,0.84,0.764,0.71,0.151,0.91,0.853,0.58,2600,0,85,0.84,0.88,65,32,0.821
Rome,0.995,0.97,0.927,0.99,0.041,0.96,0.357,0.78,0.709,0.91,0.485,0.62,0.493,0.76,0.846,0.48,1100,0,145,0.91,0.9,125,55,0.8381
Amsterdam,0.995,0.91,0.927,0.88,0.041,0.79,0.357,0.92,0.709,0.95,0.485,0.78,0.493,0.86,0.846,0.65,1100,0,175,0.96,0.68,155,65,0.842
London,0.995,0.94,0.927,0.97,0.041,0.91,0.357,0.95,0.709,0.98,0.485,0.76,0.493,0.98,0.846,0.55,1100,0,210,0.89,0.64,190,75,0.8392
Barcelona,0.995,0.96,0.927,0.84,0.041,0.94,0.357,0.96,0.709,0.82,0.485,0.82,0.493,0.88,0.846,0.72,1100,0,150,0.93,0.94,130,58,0.8637
New York,0.995,0.94,0.927,0.82,0.041,0.96,0.357,0.99,0.709,0.97,0.485,0.71,0.493,0.99,0.846,0.63,1100,0,230,0.92,0.76,210,85,0.8236
Switzerland,0.998,0.79,0.004,0.78,0.767,0.82,0.181,0.58,0.92,0.75,0.246,0.99,0.498,0.76,0.094,0.98,1800,0,240,0.88,0.78,220,90,0.8066
Istanbul,0.998,0.94,0.004,0.98,0.767,0.94,0.181,0.89,0.92,0.84,0.246,0.71,0.498,0.91,0.094,0.58,1800,0,85,0.84,0.88,65,32,0.8912
Rome,0.998,0.97,0.004,0.99,0.767,0.96,0.181,0.78,0.92,0.91,0.246,0.62,0.498,0.76,0.094,0.48,1800,0,145,0.91,0.9,125,55,0.8848
Dubai,0.998,0.96,0.004,0.63,0.767,0.91,0.181,0.92,0.92,0.72,0.246,0.68,0.498,0.99,0.094,0.91,1800,0,190,0.58,0.96,175,70,0.8519
Tokyo,0.998,0.9,0.004,0.91,0.767,0.99,0.181,0.96,0.92,0.88,0.246,0.74,0.498,0.99,0.094,0.71,1800,0,165,0.91,0.79,135,60,0.856
Barcelona,0.831,0.96,0.66,0.84,0.454,0.94,0.955,0.96,0.594,0.82,0.006,0.82,0.97,0.88,0.656,0.72,2600,1,150,0.93,0.94,130,58,0.9275
Amsterdam,0.831,0.91,0.66,0.88,0.454,0.79,0.955,0.92,0.594,0.95,0.006,0.78,0.97,0.86,0.656,0.65,2600,1,175,0.96,0.68,155,65,0.8818
Paris,0.831,0.98,0.66,0.95,0.454,0.97,0.955,0.82,0.594,0.99,0.006,0.65,0.97,0.92,0.656,0.45,2600,1,180,0.95,0.82,160,70,0.9023
London,0.831,0.94,0.66,0.97,0.454,0.91,0.955,0.95,0.594,0.98,0.006,0.76,0.97,0.98,0.656,0.55,2600,1,210,0.89,0.64,190,75,0.8757
Tokyo,0.831,0.9,0.66,0.91,0.454,0.99,0.955,0.96,0.594,0.88,0.006,0.74,0.97,0.99,0.656,0.71,2600,1,165,0.91,0.79,135,60,0.9041
Dubai,0.831,0.96,0.66,0.63,0.454,0.91,0.955,0.92,0.594,0.72,0.006,0.68,0.97,0.99,0.656,0.91,2600,1,190,0.58,0.96,175,70,0.8671
Bali,0.831,0.73,0.66,0.76,0.454,0.91,0.955,0.87,0.594,0.51,0.006,0.99,0.97,0.72,0.656,0.98,2600,1,90,0.62,0.95,70,35,0.839
Istanbul,0.399,0.94,0.021,0.98,0.208,0.94,0.389,0.89,0.402,0.84,0.647,0.71,0.954,0.91,0.154,0.58,1500,1,85,0.84,0.88,65,32,0.8607
London,0.399,0.94,0.021,0.97,0.208,0.91,0.389,0.95,0.402,0.98,0.647,0.76,0.954,0.98,0.154,0.55,1500,1,210,0.89,0.64,190,75,0.8869
Bali,0.399,0.73,0.021,0.76,0.208,0.91,0.389,0.87,0.402,0.51,0.647,0.99,0.954,0.72,0.154,0.98,1500,1,90,0.62,0.95,70,35,0.818
Barcelona,0.399,0.96,0.021,0.84,0.208,0.94,0.389,0.96,0.402,0.82,0.647,0.82,0.954,0.88,0.154,0.72,1500,1,150,0.93,0.94,130,58,0.9098
Tokyo,0.399,0.9,0.021,0.91,0.208,0.99,0.389,0.96,0.402,0.88,0.647,0.74,0.954,0.99,0.154,0.71,1500,1,165,0.91,0.79,135,60,0.902
Singapore,0.399,0.91,0.021,0.72,0.208,0.98,0.389,0.85,0.402,0.79,0.647,0.94,0.954,0.97,0.154,0.79,1500,1,155,0.9,0.94,145,50,0.9179
Singapore,0.6,0.91,0.09,0.72,0.423,0.98,0.368,0.85,0.186,0.79,0.631,0.94,0.093,0.97,0.513,0.79,2600,0,155,0.9,0.94,145,50,0.8653
New York,0.6,0.94,0.09,0.82,0.423,0.96,0.368,0.99,0.186,0.97,0.631,0.71,0.093,0.99,0.513,0.63,2600,0,230,0.92,0.76,210,85,0.8295
Switzerland,0.6,0.79,0.09,0.78,0.423,0.82,0.368,0.58,0.186,0.75,0.631,0.99,0.093,0.76,0.513,0.98,2600,0,240,0.88,0.78,220,90,0.8529
Rome,0.6,0.97,0.09,0.99,0.423,0.96,0.368,0.78,0.186,0.91,0.631,0.62,0.093,0.76,0.513,0.48,2600,0,145,0.91,0.9,125,55,0.802
Dubai,0.149,0.96,0.128,0.63,0.903,0.91,0.842,0.92,0.523,0.72,0.295,0.68,0.048,0.99,0.077,0.91,700,0,190,0.58,0.96,175,70,0.8592
Istanbul,0.149,0.94,0.128,0.98,0.903,0.94,0.842,0.89,0.523,0.84,0.295,0.71,0.048,0.91,0.077,0.58,700,0,85,0.84,0.88,65,32,0.8777
Rome,0.149,0.97,0.128,0.99,0.903,0.96,0.842,0.78,0.523,0.91,0.295,0.62,0.048,0.76,0.077,0.48,700,0,145,0.91,0.9,125,55,0.8272
Singapore,0.149,0.91,0.128,0.72,0.903,0.98,0.842,0.85,0.523,0.79,0.295,0.94,0.048,0.97,0.077,0.79,700,0,155,0.9,0.94,145,50,0.8875
London,0.149,0.94,0.128,0.97,0.903,0.91,0.842,0.95,0.523,0.98,0.295,0.76,0.048,0.98,0.077,0.55,700,0,210,0.89,0.64,190,75,0.8609
Barcelona,0.149,0.96,0.128,0.84,0.903,0.94,0.842,0.96,0.523,0.82,0.295,0.82,0.048,0.88,0.077,0.72,700,0,150,0.93,0.94,130,58,0.8999
Switzerland,0.149,0.79,0.128,0.78,0.903,0.82,0.842,0.58,0.523,0.75,0.295,0.99,0.048,0.76,0.077,0.98,700,0,240,0.88,0.78,220,90,0.799
Barcelona,0.045,0.96,0.416,0.84,0.704,0.94,0.314,0.96,0.724,0.82,0.757,0.82,0.45,0.88,0.808,0.72,1800,0,150,0.93,0.94,130,58,0.8673
Rome,0.045,0.97,0.416,0.99,0.704,0.96,0.314,0.78,0.724,0.91,0.757,0.62,0.45,0.76,0.808,0.48,1800,0,145,0.91,0.9,125,55,0.7804
Bali,0.045,0.73,0.416,0.76,0.704,0.91,0.314,0.87,0.724,0.51,0.757,0.99,0.45,0.72,0.808,0.98,1800,0,90,0.62,0.95,70,35,0.8442
London,0.045,0.94,0.416,0.97,0.704,0.91,0.314,0.95,0.724,0.98,0.757,0.76,0.45,0.98,0.808,0.55,1800,0,210,0.89,0.64,190,75,0.795
Rome,0.117,0.97,0.172,0.99,0.477,0.96,0.692,0.78,0.869,0.91,0.966,0.62,0.602,0.76,0.487,0.48,1800,1,145,0.91,0.9,125,55,0.822
Barcelona,0.117,0.96,0.172,0.84,0.477,0.94,0.692,0.96,0.869,0.82,0.966,0.82,0.602,0.88,0.487,0.72,1800,1,150,0.93,0.94,130,58,0.8769
Switzerland,0.117,0.79,0.172,0.78,0.477,0.82,0.692,0.58,0.869,0.75,0.966,0.99,0.602,0.76,0.487,0.98,1800,1,240,0.88,0.78,220,90,0.8772
Paris,0.117,0.98,0.172,0.95,0.477,0.97,0.692,0.82,0.869,0.99,0.966,0.65,0.602,0.92,0.487,0.45,1800,1,180,0.95,0.82,160,70,0.8837
Amsterdam,0.117,0.91,0.172,0.88,0.477,0.79,0.692,0.92,0.869,0.95,0.966,0.78,0.602,0.86,0.487,0.65,1800,1,175,0.96,0.68,155,65,0.854
Rome,0.649,0.97,0.65,0.99,0.436,0.96,0.626,0.78,0.79,0.91,0.191,0.62,0.301,0.76,0.463,0.48,2600,1,145,0.91,0.9,125,55,0.8997
Barcelona,0.649,0.96,0.65,0.84,0.436,0.94,0.626,0.96,0.79,0.82,0.191,0.82,0.301,0.88,0.463,0.72,2600,1,150,0.93,0.94,130,58,0.9078
Switzerland,0.649,0.79,0.65,0.78,0.436,0.82,0.626,0.58,0.79,0.75,0.191,0.99,0.301,0.76,0.463,0.98,2600,1,240,0.88,0.78,220,90,0.8335
Istanbul,0.02,0.94,0.45,0.98,0.243,0.94,0.295,0.89,0.829,0.84,0.392,0.71,0.334,0.91,0.103,0.58,2200,1,85,0.84,0.88,65,32,0.8866
Bali,0.02,0.73,0.45,0.76,0.243,0.91,0.295,0.87,0.829,0.51,0.392,0.99,0.334,0.72,0.103,0.98,2200,1,90,0.62,0.95,70,35,0.8034
Switzerland,0.02,0.79,0.45,0.78,0.243,0.82,0.295,0.58,0.829,0.75,0.392,0.99,0.334,0.76,0.103,0.98,2200,1,240,0.88,0.78,220,90,0.8436
New York,0.02,0.94,0.45,0.82,0.243,0.96,0.295,0.99,0.829,0.97,0.392,0.71,0.334,0.99,0.103,0.63,2200,1,230,0.92,0.76,210,85,0.9117
London,0.02,0.94,0.45,0.97,0.243,0.91,0.295,0.95,0.829,0.98,0.392,0.76,0.334,0.98,0.103,0.55,2200,1,210,0.89,0.64,190,75,0.9135
Paris,0.02,0.98,0.45,0.95,0.243,0.97,0.295,0.82,0.829,0.99,0.392,0.65,0.334,0.92,0.103,0.45,2200,1,180,0.95,0.82,160,70,0.9226
Bali,0.488,0.73,0.714,0.76,0.528,0.91,0.422,0.87,0.316,0.51,0.064,0.99,0.893,0.72,0.417,0.98,2600,0,90,0.62,0.95,70,35,0.8001
Switzerland,0.488,0.79,0.714,0.78,0.528,0.82,0.422,0.58,0.316,0.75,0.064,0.99,0.893,0.76,0.417,0.98,2600,0,240,0.88,0.78,220,90,0.809
Tokyo,0.488,0.9,0.714,0.91,0.528,0.99,0.422,0.96,0.316,0.88,0.064,0.74,0.893,0.99,0.417,0.71,2600,0,165,0.91,0.79,135,60,0.8775
Singapore,0.488,0.91,0.714,0.72,0.528,0.98,0.422,0.85,0.316,0.79,0.064,0.94,0.893,0.97,0.417,0.79,2600,0,155,0.9,0.94,145,50,0.8625
Dubai,0.488,0.96,0.714,0.63,0.528,0.91,0.422,0.92,0.316,0.72,0.064,0.68,0.893,0.99,0.417,0.91,2600,0,190,0.58,0.96,175,70,0.8651
Paris,0.488,0.98,0.714,0.95,0.528,0.97,0.422,0.82,0.316,0.99,0.064,0.65,0.893,0.92,0.417,0.45,2600,0,180,0.95,0.82,160,70,0.864
Barcelona,0.685,0.96,0.922,0.84,0.853,0.94,0.715,0.96,0.468,0.82,0.883,0.82,0.723,0.88,0.39,0.72,2200,1,150,0.93,0.94,130,58,0.9123
Bali,0.685,0.73,0.922,0.76,0.853,0.91,0.715,0.87,0.468,0.51,0.883,0.99,0.723,0.72,0.39,0.98,2200,1,90,0.62,0.95,70,35,0.8317
Amsterdam,0.685,0.91,0.922,0.88,0.853,0.79,0.715,0.92,0.468,0.95,0.883,0.78,0.723,0.86,0.39,0.65,2200,1,175,0.96,0.68,155,65,0.8549
London,0.685,0.94,0.922,0.97,0.853,0.91,0.715,0.95,0.468,0.98,0.883,0.76,0.723,0.98,0.39,0.55,2200,1,210,0.89,0.64,190,75,0.8896
Rome,0.685,0.97,0.922,0.99,0.853,0.96,0.715,0.78,0.468,0.91,0.883,0.62,0.723,0.76,0.39,0.48,2200,1,145,0.91,0.9,125,55,0.8919
Tokyo,0.685,0.9,0.922,0.91,0.853,0.99,0.715,0.96,0.468,0.88,0.883,0.74,0.723,0.99,0.39,0.71,2200,1,165,0.91,0.79,135,60,0.9289
Dubai,0.494,0.96,0.235,0.63,0.557,0.91,0.999,0.92,0.359,0.72,0.261,0.68,0.677,0.99,0.175,0.91,700,0,190,0.58,0.96,175,70,0.8783
Rome,0.494,0.97,0.235,0.99,0.557,0.96,0.999,0.78,0.359,0.91,0.261,0.62,0.677,0.76,0.175,0.48,700,0,145,0.91,0.9,125,55,0.8364
Bali,0.494,0.73,0.235,0.76,0.557,0.91,0.999,0.87,0.359,0.51,0.261,0.99,0.677,0.72,0.175,0.98,700,0,90,0.62,0.95,70,35,0.8513
Amsterdam,0.494,0.91,0.235,0.88,0.557,0.79,0.999,0.92,0.359,0.95,0.261,0.78,0.677,0.86,0.175,0.65,700,0,175,0.96,0.68,155,65,0.8522
Switzerland,0.494,0.79,0.235,0.78,0.557,0.82,0.999,0.58,0.359,0.75,0.261,0.99,0.677,0.76,0.175,0.98,700,0,240,0.88,0.78,220,90,0.7924
Rome,0.77,0.97,0.557,0.99,0.896,0.96,0.853,0.78,0.874,0.91,0.604,0.62,0.104,0.76,0.05,0.48,2600,1,145,0.91,0.9,125,55,0.9172
Bali,0.77,0.73,0.557,0.76,0.896,0.91,0.853,0.87,0.874,0.51,0.604,0.99,0.104,0.72,0.05,0.98,2600,1,90,0.62,0.95,70,35,0.8522
Switzerland,0.77,0.79,0.557,0.78,0.896,0.82,0.853,0.58,0.874,0.75,0.604,0.99,0.104,0.76,0.05,0.98,2600,1,240,0.88,0.78,220,90,0.8478
Switzerland,0.042,0.79,0.105,0.78,0.63,0.82,0.871,0.58,0.911,0.75,0.157,0.99,0.292,0.76,0.442,0.98,2600,0,240,0.88,0.78,220,90,0.7666
Tokyo,0.042,0.9,0.105,0.91,0.63,0.99,0.871,0.96,0.911,0.88,0.157,0.74,0.292,0.99,0.442,0.71,2600,0,165,0.91,0.79,135,60,0.8557
Istanbul,0.042,0.94,0.105,0.98,0.63,0.94,0.871,0.89,0.911,0.84,0.157,0.71,0.292,0.91,0.442,0.58,2600,0,85,0.84,0.88,65,32,0.8673
Barcelona,0.042,0.96,0.105,0.84,0.63,0.94,0.871,0.96,0.911,0.82,0.157,0.82,0.292,0.88,0.442,0.72,2600,0,150,0.93,0.94,130,58,0.8806
Dubai,0.007,0.96,0.835,0.63,0.474,0.91,0.287,0.92,0.171,0.72,0.266,0.68,0.715,0.99,0.415,0.91,1300,0,190,0.58,0.96,175,70,0.864
Amsterdam,0.007,0.91,0.835,0.88,0.474,0.79,0.287,0.92,0.171,0.95,0.266,0.78,0.715,0.86,0.415,0.65,1300,0,175,0.96,0.68,155,65,0.8174
Barcelona,0.007,0.96,0.835,0.84,0.474,0.94,0.287,0.96,0.171,0.82,0.266,0.82,0.715,0.88,0.415,0.72,1300,0,150,0.93,0.94,130,58,0.8671
Istanbul,0.007,0.94,0.835,0.98,0.474,0.94,0.287,0.89,0.171,0.84,0.266,0.71,0.715,0.91,0.415,0.58,1300,0,85,0.84,0.88,65,32,0.8806
New York,0.007,0.94,0.835,0.82,0.474,0.96,0.287,0.99,0.171,0.97,0.266,0.71,0.715,0.99,0.415,0.63,1300,0,230,0.92,0.76,210,85,0.8445
Switzerland,0.007,0.79,0.835,0.78,0.474,0.82,0.287,0.58,0.171,0.75,0.266,0.99,0.715,0.76,0.415,0.98,1300,0,240,0.88,0.78,220,90,0.8249
Singapore,0.007,0.91,0.835,0.72,0.474,0.98,0.287,0.85,0.171,0.79,0.266,0.94,0.715,0.97,0.415,0.79,1300,0,155,0.9,0.94,145,50,0.8702
London,0.517,0.94,0.07,0.97,0.338,0.91,0.402,0.95,0.772,0.98,0.434,0.76,0.393,0.98,0.037,0.55,1100,0,210,0.89,0.64,190,75,0.8586
Dubai,0.517,0.96,0.07,0.63,0.338,0.91,0.402,0.92,0.772,0.72,0.434,0.68,0.393,0.99,0.037,0.91,1100,0,190,0.58,0.96,175,70,0.8427
Switzerland,0.517,0.79,0.07,0.78,0.338,0.82,0.402,0.58,0.772,0.75,0.434,0.99,0.393,0.76,0.037,0.98,1100,0,240,0.88,0.78,220,90,0.8135
New York,0.517,0.94,0.07,0.82,0.338,0.96,0.402,0.99,0.772,0.97,0.434,0.71,0.393,0.99,0.037,0.63,1100,0,230,0.92,0.76,210,85,0.8999
Istanbul,0.517,0.94,0.07,0.98,0.338,0.94,0.402,0.89,0.772,0.84,0.434,0.71,0.393,0.91,0.037,0.58,1100,0,85,0.84,0.88,65,32,0.8631
Tokyo,0.517,0.9,0.07,0.91,0.338,0.99,0.402,0.96,0.772,0.88,0.434,0.74,0.393,0.99,0.037,0.71,1100,0,165,0.91,0.79,135,60,0.8511
Bali,0.517,0.73,0.07,0.76,0.338,0.91,0.402,0.87,0.772,0.51,0.434,0.99,0.393,0.72,0.037,0.98,1100,0,90,0.62,0.95,70,35,0.7919
Paris,0.644,0.98,0.888,0.95,0.624,0.97,0.618,0.82,0.442,0.99,0.345,0.65,0.812,0.92,0.649,0.45,1300,1,180,0.95,0.82,160,70,0.8838
New York,0.644,0.94,0.888,0.82,0.624,0.96,0.618,0.99,0.442,0.97,0.345,0.71,0.812,0.99,0.649,0.63,1300,1,230,0.92,0.76,210,85,0.9083
Tokyo,0.644,0.9,0.888,0.91,0.624,0.99,0.618,0.96,0.442,0.88,0.345,0.74,0.812,0.99,0.649,0.71,1300,1,165,0.91,0.79,135,60,0.9275
Istanbul,0.52,0.94,0.541,0.98,0.214,0.94,0.512,0.89,0.312,0.84,0.341,0.71,0.636,0.91,0.023,0.58,1500,0,85,0.84,0.88,65,32,0.8918
Dubai,0.52,0.96,0.541,0.63,0.214,0.91,0.512,0.92,0.312,0.72,0.341,0.68,0.636,0.99,0.023,0.91,1500,0,190,0.58,0.96,175,70,0.8399
New York,0.52,0.94,0.541,0.82,0.214,0.96,0.512,0.99,0.312,0.97,0.341,0.71,0.636,0.99,0.023,0.63,1500,0,230,0.92,0.76,210,85,0.875
Rome,0.52,0.97,0.541,0.99,0.214,0.96,0.512,0.78,0.312,0.91,0.341,0.62,0.636,0.76,0.023,0.48,1500,0,145,0.91,0.9,125,55,0.8313
Paris,0.52,0.98,0.541,0.95,0.214,0.97,0.512,0.82,0.312,0.99,0.341,0.65,0.636,0.92,0.023,0.45,1500,0,180,0.95,0.82,160,70,0.8825
London,0.941,0.94,0.449,0.97,0.572,0.91,0.005,0.95,0.339,0.98,0.236,0.76,0.746,0.98,0.582,0.55,1300,1,210,0.89,0.64,190,75,0.8824
Switzerland,0.941,0.79,0.449,0.78,0.572,0.82,0.005,0.58,0.339,0.75,0.236,0.99,0.746,0.76,0.582,0.98,1300,1,240,0.88,0.78,220,90,0.8481
Bali,0.941,0.73,0.449,0.76,0.572,0.91,0.005,0.87,0.339,0.51,0.236,0.99,0.746,0.72,0.582,0.98,1300,1,90,0.62,0.95,70,35,0.8239
Barcelona,0.941,0.96,0.449,0.84,0.572,0.94,0.005,0.96,0.339,0.82,0.236,0.82,0.746,0.88,0.582,0.72,1300,1,150,0.93,0.94,130,58,0.9136
Dubai,0.941,0.96,0.449,0.63,0.572,0.91,0.005,0.92,0.339,0.72,0.236,0.68,0.746,0.99,0.582,0.91,1300,1,190,0.58,0.96,175,70,0.8948
Switzerland,0.361,0.79,0.098,0.78,0.712,0.82,0.828,0.58,0.082,0.75,0.062,0.99,0.889,0.76,0.476,0.98,2600,0,240,0.88,0.78,220,90,0.8068
New York,0.361,0.94,0.098,0.82,0.712,0.96,0.828,0.99,0.082,0.97,0.062,0.71,0.889,0.99,0.476,0.63,2600,0,230,0.92,0.76,210,85,0.8821
Dubai,0.361,0.96,0.098,0.63,0.712,0.91,0.828,0.92,0.082,0.72,0.062,0.68,0.889,0.99,0.476,0.91,2600,0,190,0.58,0.96,175,70,0.9057
Istanbul,0.361,0.94,0.098,0.98,0.712,0.94,0.828,0.89,0.082,0.84,0.062,0.71,0.889,0.91,0.476,0.58,2600,0,85,0.84,0.88,65,32,0.8827
Bali,0.361,0.73,0.098,0.76,0.712,0.91,0.828,0.87,0.082,0.51,0.062,0.99,0.889,0.72,0.476,0.98,2600,0,90,0.62,0.95,70,35,0.8532
Singapore,0.948,0.91,0.732,0.72,0.417,0.98,0.163,0.85,0.506,0.79,0.485,0.94,0.458,0.97,0.968,0.79,900,0,155,0.9,0.94,145,50,0.8624
Paris,0.948,0.98,0.732,0.95,0.417,0.97,0.163,0.82,0.506,0.99,0.485,0.65,0.458,0.92,0.968,0.45,900,0,180,0.95,0.82,160,70,0.8195
Barcelona,0.948,0.96,0.732,0.84,0.417,0.94,0.163,0.96,0.506,0.82,0.485,0.82,0.458,0.88,0.968,0.72,900,0,150,0.93,0.94,130,58,0.8364
New York,0.948,0.94,0.732,0.82,0.417,0.96,0.163,0.99,0.506,0.97,0.485,0.71,0.458,0.99,0.968,0.63,900,0,230,0.92,0.76,210,85,0.8365
Tokyo,0.948,0.9,0.732,0.91,0.417,0.99,0.163,0.96,0.506,0.88,0.485,0.74,0.458,0.99,0.968,0.71,900,0,165,0.91,0.79,135,60,0.8235
Switzerland,0.948,0.79,0.732,0.78,0.417,0.82,0.163,0.58,0.506,0.75,0.485,0.99,0.458,0.76,0.968,0.98,900,0,240,0.88,0.78,220,90,0.8126
Barcelona,0.371,0.96,0.991,0.84,0.303,0.94,0.486,0.96,0.791,0.82,0.142,0.82,0.59,0.88,0.049,0.72,1500,1,150,0.93,0.94,130,58,0.9147
Singapore,0.371,0.91,0.991,0.72,0.303,0.98,0.486,0.85,0.791,0.79,0.142,0.94,0.59,0.97,0.049,0.79,1500,1,155,0.9,0.94,145,50,0.8669
Paris,0.371,0.98,0.991,0.95,0.303,0.97,0.486,0.82,0.791,0.99,0.142,0.65,0.59,0.92,0.049,0.45,1500,1,180,0.95,0.82,160,70,0.9083
Rome,0.371,0.97,0.991,0.99,0.303,0.96,0.486,0.78,0.791,0.91,0.142,0.62,0.59,0.76,0.049,0.48,1500,1,145,0.91,0.9,125,55,0.9104
Barcelona,0.31,0.96,0.452,0.84,0.338,0.94,0.377,0.96,0.834,0.82,0.834,0.82,0.133,0.88,0.139,0.72,2600,1,150,0.93,0.94,130,58,0.9236
Tokyo,0.31,0.9,0.452,0.91,0.338,0.99,0.377,0.96,0.834,0.88,0.834,0.74,0.133,0.99,0.139,0.71,2600,1,165,0.91,0.79,135,60,0.8832
Rome,0.31,0.97,0.452,0.99,0.338,0.96,0.377,0.78,0.834,0.91,0.834,0.62,0.133,0.76,0.139,0.48,2600,1,145,0.91,0.9,125,55,0.8518
Dubai,0.31,0.96,0.452,0.63,0.338,0.91,0.377,0.92,0.834,0.72,0.834,0.68,0.133,0.99,0.139,0.91,2600,1,190,0.58,0.96,175,70,0.83
New York,0.31,0.94,0.452,0.82,0.338,0.96,0.377,0.99,0.834,0.97,0.834,0.71,0.133,0.99,0.139,0.63,2600,1,230,0.92,0.76,210,85,0.8884
Bali,0.31,0.73,0.452,0.76,0.338,0.91,0.377,0.87,0.834,0.51,0.834,0.99,0.133,0.72,0.139,0.98,2600,1,90,0.62,0.95,70,35,0.8179
New York,0.089,0.94,0.166,0.82,0.025,0.96,0.63,0.99,0.772,0.97,0.309,0.71,0.645,0.99,0.644,0.63,900,0,230,0.92,0.76,210,85,0.853
Bali,0.089,0.73,0.166,0.76,0.025,0.91,0.63,0.87,0.772,0.51,0.309,0.99,0.645,0.72,0.644,0.98,900,0,90,0.62,0.95,70,35,0.7887
Paris,0.089,0.98,0.166,0.95,0.025,0.97,0.63,0.82,0.772,0.99,0.309,0.65,0.645,0.92,0.644,0.45,900,0,180,0.95,0.82,160,70,0.8218
Istanbul,0.089,0.94,0.166,0.98,0.025,0.94,0.63,0.89,0.772,0.84,0.309,0.71,0.645,0.91,0.644,0.58,900,0,85,0.84,0.88,65,32,0.826
Amsterdam,0.089,0.91,0.166,0.88,0.025,0.79,0.63,0.92,0.772,0.95,0.309,0.78,0.645,0.86,0.644,0.65,900,0,175,0.96,0.68,155,65,0.8486
Dubai,0.089,0.96,0.166,0.63,0.025,0.91,0.63,0.92,0.772,0.72,0.309,0.68,0.645,0.99,0.644,0.91,900,0,190,0.58,0.96,175,70,0.8438
Singapore,0.089,0.91,0.166,0.72,0.025,0.98,0.63,0.85,0.772,0.79,0.309,0.94,0.645,0.97,0.644,0.79,900,0,155,0.9,0.94,145,50,0.8406
Barcelona,0.83,0.96,0.839,0.84,0.58,0.94,0.085,0.96,0.534,0.82,0.32,0.82,0.589,0.88,0.491,0.72,700,1,150,0.93,0.94,130,58,0.8951
Dubai,0.83,0.96,0.839,0.63,0.58,0.91,0.085,0.92,0.534,0.72,0.32,0.68,0.589,0.99,0.491,0.91,700,1,190,0.58,0.96,175,70,0.8357
Paris,0.83,0.98,0.839,0.95,0.58,0.97,0.085,0.82,0.534,0.99,0.32,0.65,0.589,0.92,0.491,0.45,700,1,180,0.95,0.82,160,70,0.8831
New York,0.83,0.94,0.839,0.82,0.58,0.96,0.085,0.99,0.534,0.97,0.32,0.71,0.589,0.99,0.491,0.63,700,1,230,0.92,0.76,210,85,0.8781
Tokyo,0.83,0.9,0.839,0.91,0.58,0.99,0.085,0.96,0.534,0.88,0.32,0.74,0.589,0.99,0.491,0.71,700,1,165,0.91,0.79,135,60,0.8871
Amsterdam,0.83,0.91,0.839,0.88,0.58,0.79,0.085,0.92,0.534,0.95,0.32,0.78,0.589,0.86,0.491,0.65,700,1,175,0.96,0.68,155,65,0.8596
Barcelona,0.09,0.96,0.307,0.84,0.407,0.94,0.169,0.96,0.614,0.82,0.325,0.82,0.027,0.88,0.059,0.72,2200,0,150,0.93,0.94,130,58,0.8842
Dubai,0.09,0.96,0.307,0.63,0.407,0.91,0.169,0.92,0.614,0.72,0.325,0.68,0.027,0.99,0.059,0.91,2200,0,190,0.58,0.96,175,70,0.8312
Tokyo,0.09,0.9,0.307,0.91,0.407,0.99,0.169,0.96,0.614,0.88,0.325,0.74,0.027,0.99,0.059,0.71,2200,0,165,0.91,0.79,135,60,0.8396
London,0.09,0.94,0.307,0.97,0.407,0.91,0.169,0.95,0.614,0.98,0.325,0.76,0.027,0.98,0.059,0.55,2200,0,210,0.89,0.64,190,75,0.8478
Switzerland,0.09,0.79,0.307,0.78,0.407,0.82,0.169,0.58,0.614,0.75,0.325,0.99,0.027,0.76,0.059,0.98,2200,0,240,0.88,0.78,220,90,0.8142
Paris,0.236,0.98,0.509,0.95,0.504,0.97,0.949,0.82,0.269,0.99,0.318,0.65,0.553,0.92,0.065,0.45,700,1,180,0.95,0.82,160,70,0.892
London,0.236,0.94,0.509,0.97,0.504,0.91,0.949,0.95,0.269,0.98,0.318,0.76,0.553,0.98,0.065,0.55,700,1,210,0.89,0.64,190,75,0.9127
New York,0.236,0.94,0.509,0.82,0.504,0.96,0.949,0.99,0.269,0.97,0.318,0.71,0.553,0.99,0.065,0.63,700,1,230,0.92,0.76,210,85,0.9355
Rome,0.236,0.97,0.509,0.99,0.504,0.96,0.949,0.78,0.269,0.91,0.318,0.62,0.553,0.76,0.065,0.48,700,1,145,0.91,0.9,125,55,0.8738
Paris,0.407,0.98,0.084,0.95,0.636,0.97,0.203,0.82,0.968,0.99,0.373,0.65,0.985,0.92,0.782,0.45,2200,1,180,0.95,0.82,160,70,0.8695
Singapore,0.407,0.91,0.084,0.72,0.636,0.98,0.203,0.85,0.968,0.79,0.373,0.94,0.985,0.97,0.782,0.79,2200,1,155,0.9,0.94,145,50,0.9369
Bali,0.407,0.73,0.084,0.76,0.636,0.91,0.203,0.87,0.968,0.51,0.373,0.99,0.985,0.72,0.782,0.98,2200,1,90,0.62,0.95,70,35,0.7991
Istanbul,0.934,0.94,0.482,0.98,0.598,0.94,0.839,0.89,0.38,0.84,0.351,0.71,0.632,0.91,0.585,0.58,1500,0,85,0.84,0.88,65,32,0.8457
New York,0.934,0.94,0.482,0.82,0.598,0.96,0.839,0.99,0.38,0.97,0.351,0.71,0.632,0.99,0.585,0.63,1500,0,230,0.92,0.76,210,85,0.8569
Bali,0.934,0.73,0.482,0.76,0.598,0.91,0.839,0.87,0.38,0.51,0.351,0.99,0.632,0.72,0.585,0.98,1500,0,90,0.62,0.95,70,35,0.8125
Rome,0.934,0.97,0.482,0.99,0.598,0.96,0.839,0.78,0.38,0.91,0.351,0.62,0.632,0.76,0.585,0.48,1500,0,145,0.91,0.9,125,55,0.8139
Amsterdam,0.556,0.91,0.279,0.88,0.432,0.79,0.61,0.92,0.957,0.95,0.318,0.78,0.682,0.86,0.343,0.65,1500,1,175,0.96,0.68,155,65,0.8821
Switzerland,0.556,0.79,0.279,0.78,0.432,0.82,0.61,0.58,0.957,0.75,0.318,0.99,0.682,0.76,0.343,0.98,1500,1,240,0.88,0.78,220,90,0.8381
Tokyo,0.556,0.9,0.279,0.91,0.432,0.99,0.61,0.96,0.957,0.88,0.318,0.74,0.682,0.99,0.343,0.71,1500,1,165,0.91,0.79,135,60,0.8864
Bali,0.556,0.73,0.279,0.76,0.432,0.91,0.61,0.87,0.957,0.51,0.318,0.99,0.682,0.72,0.343,0.98,1500,1,90,0.62,0.95,70,35,0.8222
Istanbul,0.556,0.94,0.279,0.98,0.432,0.94,0.61,0.89,0.957,0.84,0.318,0.71,0.682,0.91,0.343,0.58,1500,1,85,0.84,0.88,65,32,0.8956
Paris,0.002,0.98,0.477,0.95,0.901,0.97,0.673,0.82,0.413,0.99,0.895,0.65,0.703,0.92,0.762,0.45,900,0,180,0.95,0.82,160,70,0.8284
Switzerland,0.002,0.79,0.477,0.78,0.901,0.82,0.673,0.58,0.413,0.75,0.895,0.99,0.703,0.76,0.762,0.98,900,0,240,0.88,0.78,220,90,0.8157
Singapore,0.002,0.91,0.477,0.72,0.901,0.98,0.673,0.85,0.413,0.79,0.895,0.94,0.703,0.97,0.762,0.79,900,0,155,0.9,0.94,145,50,0.8565
Rome,0.002,0.97,0.477,0.99,0.901,0.96,0.673,0.78,0.413,0.91,0.895,0.62,0.703,0.76,0.762,0.48,900,0,145,0.91,0.9,125,55,0.8128
Tokyo,0.002,0.9,0.477,0.91,0.901,0.99,0.673,0.96,0.413,0.88,0.895,0.74,0.703,0.99,0.762,0.71,900,0,165,0.91,0.79,135,60,0.8656
Dubai,0.002,0.96,0.477,0.63,0.901,0.91,0.673,0.92,0.413,0.72,0.895,0.68,0.703,0.99,0.762,0.91,900,0,190,0.58,0.96,175,70,0.8233
Amsterdam,0.002,0.91,0.477,0.88,0.901,0.79,0.673,0.92,0.413,0.95,0.895,0.78,0.703,0.86,0.762,0.65,900,0,175,0.96,0.68,155,65,0.8063
Singapore,0.936,0.91,0.445,0.72,0.222,0.98,0.02,0.85,0.281,0.79,0.921,0.94,0.358,0.97,0.09,0.79,1500,0,155,0.9,0.94,145,50,0.8776
Tokyo,0.936,0.9,0.445,0.91,0.222,0.99,0.02,0.96,0.281,0.88,0.921,0.74,0.358,0.99,0.09,0.71,1500,0,165,0.91,0.79,135,60,0.8586
Paris,0.936,0.98,0.445,0.95,0.222,0.97,0.02,0.82,0.281,0.99,0.921,0.65,0.358,0.92,0.09,0.45,1500,0,180,0.95,0.82,160,70,0.854
London,0.936,0.94,0.445,0.97,0.222,0.91,0.02,0.95,0.281,0.98,0.921,0.76,0.358,0.98,0.09,0.55,1500,0,210,0.89,0.64,190,75,0.8225
Barcelona,0.984,0.96,0.638,0.84,0.111,0.94,0.277,0.96,0.5,0.82,0.17,0.82,0.194,0.88,0.739,0.72,1100,0,150,0.93,0.94,130,58,0.8734
Rome,0.984,0.97,0.638,0.99,0.111,0.96,0.277,0.78,0.5,0.91,0.17,0.62,0.194,0.76,0.739,0.48,1100,0,145,0.91,0.9,125,55,0.818
Istanbul,0.984,0.94,0.638,0.98,0.111,0.94,0.277,0.89,0.5,0.84,0.17,0.71,0.194,0.91,0.739,0.58,1100,0,85,0.84,0.88,65,32,0.8529
London,0.984,0.94,0.638,0.97,0.111,0.91,0.277,0.95,0.5,0.98,0.17,0.76,0.194,0.98,0.739,0.55,1100,0,210,0.89,0.64,190,75,0.8573
Amsterdam,0.984,0.91,0.638,0.88,0.111,0.79,0.277,0.92,0.5,0.95,0.17,0.78,0.194,0.86,0.739,0.65,1100,0,175,0.96,0.68,155,65,0.8349
New York,0.984,0.94,0.638,0.82,0.111,0.96,0.277,0.99,0.5,0.97,0.17,0.71,0.194,0.99,0.739,0.63,1100,0,230,0.92,0.76,210,85,0.8412
Tokyo,0.984,0.9,0.638,0.91,0.111,0.99,0.277,0.96,0.5,0.88,0.17,0.74,0.194,0.99,0.739,0.71,1100,0,165,0.91,0.79,135,60,0.8355
Switzerland,0.56,0.79,0.454,0.78,0.938,0.82,0.641,0.58,0.943,0.75,0.052,0.99,0.939,0.76,0.433,0.98,2200,1,240,0.88,0.78,220,90,0.8296
New York,0.56,0.94,0.454,0.82,0.938,0.96,0.641,0.99,0.943,0.97,0.052,0.71,0.939,0.99,0.433,0.63,2200,1,230,0.92,0.76,210,85,0.9238
Singapore,0.56,0.91,0.454,0.72,0.938,0.98,0.641,0.85,0.943,0.79,0.052,0.94,0.939,0.97,0.433,0.79,2200,1,155,0.9,0.94,145,50,0.8871
Rome,0.721,0.97,0.047,0.99,0.918,0.96,0.532,0.78,0.316,0.91,0.392,0.62,0.335,0.76,0.88,0.48,700,0,145,0.91,0.9,125,55,0.789
Amsterdam,0.721,0.91,0.047,0.88,0.918,0.79,0.532,0.92,0.316,0.95,0.392,0.78,0.335,0.86,0.88,0.65,700,0,175,0.96,0.68,155,65,0.8137
Switzerland,0.721,0.79,0.047,0.78,0.918,0.82,0.532,0.58,0.316,0.75,0.392,0.99,0.335,0.76,0.88,0.98,700,0,240,0.88,0.78,220,90,0.7984
Barcelona,0.721,0.96,0.047,0.84,0.918,0.94,0.532,0.96,0.316,0.82,0.392,0.82,0.335,0.88,0.88,0.72,700,0,150,0.93,0.94,130,58,0.8643
Tokyo,0.721,0.9,0.047,0.91,0.918,0.99,0.532,0.96,0.316,0.88,0.392,0.74,0.335,0.99,0.88,0.71,700,0,165,0.91,0.79,135,60,0.832
New York,0.721,0.94,0.047,0.82,0.918,0.96,0.532,0.99,0.316,0.97,0.392,0.71,0.335,0.99,0.88,0.63,700,0,230,0.92,0.76,210,85,0.8618
Bali,0.935,0.73,0.841,0.76,0.247,0.91,0.474,0.87,0.959,0.51,0.833,0.99,0.822,0.72,0.52,0.98,1300,0,90,0.62,0.95,70,35,0.8319
Singapore,0.935,0.91,0.841,0.72,0.247,0.98,0.474,0.85,0.959,0.79,0.833,0.94,0.822,0.97,0.52,0.79,1300,0,155,0.9,0.94,145,50,0.8547
Rome,0.935,0.97,0.841,0.99,0.247,0.96,0.474,0.78,0.959,0.91,0.833,0.62,0.822,0.76,0.52,0.48,1300,0,145,0.91,0.9,125,55,0.8507
Switzerland,0.935,0.79,0.841,0.78,0.247,0.82,0.474,0.58,0.959,0.75,0.833,0.99,0.822,0.76,0.52,0.98,1300,0,240,0.88,0.78,220,90,0.8225
Istanbul,0.935,0.94,0.841,0.98,0.247,0.94,0.474,0.89,0.959,0.84,0.833,0.71,0.822,0.91,0.52,0.58,1300,0,85,0.84,0.88,65,32,0.864
Paris,0.935,0.98,0.841,0.95,0.247,0.97,0.474,0.82,0.959,0.99,0.833,0.65,0.822,0.92,0.52,0.45,1300,0,180,0.95,0.82,160,70,0.8242
Dubai,0.935,0.96,0.841,0.63,0.247,0.91,0.474,0.92,0.959,0.72,0.833,0.68,0.822,0.99,0.52,0.91,1300,0,190,0.58,0.96,175,70,0.8547
Switzerland,0.055,0.79,0.611,0.78,0.432,0.82,0.102,0.58,0.056,0.75,0.052,0.99,0.85,0.76,0.402,0.98,2200,0,240,0.88,0.78,220,90,0.8314
Bali,0.055,0.73,0.611,0.76,0.432,0.91,0.102,0.87,0.056,0.51,0.052,0.99,0.85,0.72,0.402,0.98,2200,0,90,0.62,0.95,70,35,0.8367
Paris,0.055,0.98,0.611,0.95,0.432,0.97,0.102,0.82,0.056,0.99,0.052,0.65,0.85,0.92,0.402,0.45,2200,0,180,0.95,0.82,160,70,0.8371
Singapore,0.055,0.91,0.611,0.72,0.432,0.98,0.102,0.85,0.056,0.79,0.052,0.94,0.85,0.97,0.402,0.79,2200,0,155,0.9,0.94,145,50,0.8898
Dubai,0.055,0.96,0.611,0.63,0.432,0.91,0.102,0.92,0.056,0.72,0.052,0.68,0.85,0.99,0.402,0.91,2200,0,190,0.58,0.96,175,70,0.8776
Amsterdam,0.055,0.91,0.611,0.88,0.432,0.79,0.102,0.92,0.056,0.95,0.052,0.78,0.85,0.86,0.402,0.65,2200,0,175,0.96,0.68,155,65,0.81
New York,0.055,0.94,0.611,0.82,0.432,0.96,0.102,0.99,0.056,0.97,0.052,0.71,0.85,0.99,0.402,0.63,2200,0,230,0.92,0.76,210,85,0.8458
Singapore,0.192,0.91,0.103,0.72,0.595,0.98,0.068,0.85,0.789,0.79,0.194,0.94,0.573,0.97,0.637,0.79,1500,1,155,0.9,0.94,145,50,0.9233
Bali,0.192,0.73,0.103,0.76,0.595,0.91,0.068,0.87,0.789,0.51,0.194,0.99,0.573,0.72,0.637,0.98,1500,1,90,0.62,0.95,70,35,0.8016
Istanbul,0.192,0.94,0.103,0.98,0.595,0.94,0.068,0.89,0.789,0.84,0.194,0.71,0.573,0.91,0.637,0.58,1500,1,85,0.84,0.88,65,32,0.8563
Barcelona,0.192,0.96,0.103,0.84,0.595,0.94,0.068,0.96,0.789,0.82,0.194,0.82,0.573,0.88,0.637,0.72,1500,1,150,0.93,0.94,130,58,0.8911
Amsterdam,0.192,0.91,0.103,0.88,0.595,0.79,0.068,0.92,0.789,0.95,0.194,0.78,0.573,0.86,0.637,0.65,1500,1,175,0.96,0.68,155,65,0.8831
Rome,0.192,0.97,0.103,0.99,0.595,0.96,0.068,0.78,0.789,0.91,0.194,0.62,0.573,0.76,0.637,0.48,1500,1,145,0.91,0.9,125,55,0.8682
New York,0.311,0.94,0.885,0.82,0.775,0.96,0.147,0.99,0.309,0.97,0.343,0.71,0.369,0.99,0.008,0.63,1100,0,230,0.92,0.76,210,85,0.8561
Istanbul,0.311,0.94,0.885,0.98,0.775,0.94,0.147,0.89,0.309,0.84,0.343,0.71,0.369,0.91,0.008,0.58,1100,0,85,0.84,0.88,65,32,0.9076
Paris,0.311,0.98,0.885,0.95,0.775,0.97,0.147,0.82,0.309,0.99,0.343,0.65,0.369,0.92,0.008,0.45,1100,0,180,0.95,0.82,160,70,0.89
Dubai,0.311,0.96,0.885,0.63,0.775,0.91,0.147,0.92,0.309,0.72,0.343,0.68,0.369,0.99,0.008,0.91,1100,0,190,0.58,0.96,175,70,0.8125
Tokyo,0.068,0.9,0.189,0.91,0.476,0.99,0.692,0.96,0.467,0.88,0.692,0.74,0.852,0.99,0.566,0.71,1800,1,165,0.91,0.79,135,60,0.8863
Barcelona,0.068,0.96,0.189,0.84,0.476,0.94,0.692,0.96,0.467,0.82,0.692,0.82,0.852,0.88,0.566,0.72,1800,1,150,0.93,0.94,130,58,0.8784
Rome,0.068,0.97,0.189,0.99,0.476,0.96,0.692,0.78,0.467,0.91,0.692,0.62,0.852,0.76,0.566,0.48,1800,1,145,0.91,0.9,125,55,0.8204
Singapore,0.068,0.91,0.189,0.72,0.476,0.98,0.692,0.85,0.467,0.79,0.692,0.94,0.852,0.97,0.566,0.79,1800,1,155,0.9,0.94,145,50,0.9021
Paris,0.068,0.98,0.189,0.95,0.476,0.97,0.692,0.82,0.467,0.99,0.692,0.65,0.852,0.92,0.566,0.45,1800,1,180,0.95,0.82,160,70,0.8669
Amsterdam,0.068,0.91,0.189,0.88,0.476,0.79,0.692,0.92,0.467,0.95,0.692,0.78,0.852,0.86,0.566,0.65,1800,1,175,0.96,0.68,155,65,0.8494
New York,0.735,0.94,0.953,0.82,0.332,0.96,0.74,0.99,0.205,0.97,0.184,0.71,0.99,0.99,0.363,0.63,900,1,230,0.92,0.76,210,85,0.8989
Rome,0.735,0.97,0.953,0.99,0.332,0.96,0.74,0.78,0.205,0.91,0.184,0.62,0.99,0.76,0.363,0.48,900,1,145,0.91,0.9,125,55,0.8694
Barcelona,0.735,0.96,0.953,0.84,0.332,0.94,0.74,0.96,0.205,0.82,0.184,0.82,0.99,0.88,0.363,0.72,900,1,150,0.93,0.94,130,58,0.9217
Paris,0.766,0.98,0.044,0.95,0.03,0.97,0.198,0.82,0.174,0.99,0.885,0.65,0.719,0.92,0.34,0.45,1300,0,180,0.95,0.82,160,70,0.7921
Barcelona,0.766,0.96,0.044,0.84,0.03,0.94,0.198,0.96,0.174,0.82,0.885,0.82,0.719,0.88,0.34,0.72,1300,0,150,0.93,0.94,130,58,0.8731
London,0.766,0.94,0.044,0.97,0.03,0.91,0.198,0.95,0.174,0.98,0.885,0.76,0.719,0.98,0.34,0.55,1300,0,210,0.89,0.64,190,75,0.8237
Rome,0.766,0.97,0.044,0.99,0.03,0.96,0.198,0.78,0.174,0.91,0.885,0.62,0.719,0.76,0.34,0.48,1300,0,145,0.91,0.9,125,55,0.8081
Barcelona,0.111,0.96,0.936,0.84,0.305,0.94,0.24,0.96,0.809,0.82,0.661,0.82,0.941,0.88,0.977,0.72,2200,0,150,0.93,0.94,130,58,0.8282
Istanbul,0.111,0.94,0.936,0.98,0.305,0.94,0.24,0.89,0.809,0.84,0.661,0.71,0.941,0.91,0.977,0.58,2200,0,85,0.84,0.88,65,32,0.8251
Amsterdam,0.111,0.91,0.936,0.88,0.305,0.79,0.24,0.92,0.809,0.95,0.661,0.78,0.941,0.86,0.977,0.65,2200,0,175,0.96,0.68,155,65,0.8075
Switzerland,0.6,0.79,0.977,0.78,0.245,0.82,0.046,0.58,0.616,0.75,0.189,0.99,0.535,0.76,0.79,0.98,1800,0,240,0.88,0.78,220,90,0.8399
London,0.6,0.94,0.977,0.97,0.245,0.91,0.046,0.95,0.616,0.98,0.189,0.76,0.535,0.98,0.79,0.55,1800,0,210,0.89,0.64,190,75,0.8603
Barcelona,0.6,0.96,0.977,0.84,0.245,0.94,0.046,0.96,0.616,0.82,0.189,0.82,0.535,0.88,0.79,0.72,1800,0,150,0.93,0.94,130,58,0.8692
Singapore,0.209,0.91,0.081,0.72,0.471,0.98,0.664,0.85,0.065,0.79,0.509,0.94,0.751,0.97,0.645,0.79,1800,1,155,0.9,0.94,145,50,0.9204
Barcelona,0.209,0.96,0.081,0.84,0.471,0.94,0.664,0.96,0.065,0.82,0.509,0.82,0.751,0.88,0.645,0.72,1800,1,150,0.93,0.94,130,58,0.9115
Tokyo,0.209,0.9,0.081,0.91,0.471,0.99,0.664,0.96,0.065,0.88,0.509,0.74,0.751,0.99,0.645,0.71,1800,1,165,0.91,0.79,135,60,0.9072
Bali,0.209,0.73,0.081,0.76,0.471,0.91,0.664,0.87,0.065,0.51,0.509,0.99,0.751,0.72,0.645,0.98,1800,1,90,0.62,0.95,70,35,0.8894
Istanbul,0.209,0.94,0.081,0.98,0.471,0.94,0.664,0.89,0.065,0.84,0.509,0.71,0.751,0.91,0.645,0.58,1800,1,85,0.84,0.88,65,32,0.8713
New York,0.209,0.94,0.081,0.82,0.471,0.96,0.664,0.99,0.065,0.97,0.509,0.71,0.751,0.99,0.645,0.63,1800,1,230,0.92,0.76,210,85,0.8741
Amsterdam,0.209,0.91,0.081,0.88,0.471,0.79,0.664,0.92,0.065,0.95,0.509,0.78,0.751,0.86,0.645,0.65,1800,1,175,0.96,0.68,155,65,0.873
London,0.452,0.94,0.234,0.97,0.219,0.91,0.425,0.95,0.377,0.98,0.157,0.76,0.842,0.98,0.255,0.55,900,0,210,0.89,0.64,190,75,0.8555
Singapore,0.452,0.91,0.234,0.72,0.219,0.98,0.425,0.85,0.377,0.79,0.157,0.94,0.842,0.97,0.255,0.79,900,0,155,0.9,0.94,145,50,0.879
New York,0.452,0.94,0.234,0.82,0.219,0.96,0.425,0.99,0.377,0.97,0.157,0.71,0.842,0.99,0.255,0.63,900,0,230,0.92,0.76,210,85,0.8753
Tokyo,0.621,0.9,0.426,0.91,0.468,0.99,0.409,0.96,0.805,0.88,0.317,0.74,0.382,0.99,0.18,0.71,1300,1,165,0.91,0.79,135,60,0.9278
Rome,0.621,0.97,0.426,0.99,0.468,0.96,0.409,0.78,0.805,0.91,0.317,0.62,0.382,0.76,0.18,0.48,1300,1,145,0.91,0.9,125,55,0.8969
London,0.621,0.94,0.426,0.97,0.468,0.91,0.409,0.95,0.805,0.98,0.317,0.76,0.382,0.98,0.18,0.55,1300,1,210,0.89,0.64,190,75,0.9114
Istanbul,0.786,0.94,0.927,0.98,0.098,0.94,0.071,0.89,0.038,0.84,0.2,0.71,0.197,0.91,0.329,0.58,1500,1,85,0.84,0.88,65,32,0.9247
Bali,0.786,0.73,0.927,0.76,0.098,0.91,0.071,0.87,0.038,0.51,0.2,0.99,0.197,0.72,0.329,0.98,1500,1,90,0.62,0.95,70,35,0.8111
Barcelona,0.786,0.96,0.927,0.84,0.098,0.94,0.071,0.96,0.038,0.82,0.2,0.82,0.197,0.88,0.329,0.72,1500,1,150,0.93,0.94,130,58,0.8983
New York,0.786,0.94,0.927,0.82,0.098,0.96,0.071,0.99,0.038,0.97,0.2,0.71,0.197,0.99,0.329,0.63,1500,1,230,0.92,0.76,210,85,0.8931
Amsterdam,0.783,0.91,0.404,0.88,0.406,0.79,0.58,0.92,0.655,0.95,0.472,0.78,0.513,0.86,0.761,0.65,1100,1,175,0.96,0.68,155,65,0.8696
Istanbul,0.783,0.94,0.404,0.98,0.406,0.94,0.58,0.89,0.655,0.84,0.472,0.71,0.513,0.91,0.761,0.58,1100,1,85,0.84,0.88,65,32,0.8878
Singapore,0.783,0.91,0.404,0.72,0.406,0.98,0.58,0.85,0.655,0.79,0.472,0.94,0.513,0.97,0.761,0.79,1100,1,155,0.9,0.94,145,50,0.9156
Switzerland,0.783,0.79,0.404,0.78,0.406,0.82,0.58,0.58,0.655,0.75,0.472,0.99,0.513,0.76,0.761,0.98,1100,1,240,0.88,0.78,220,90,0.8621
Bali,0.461,0.73,0.792,0.76,0.313,0.91,0.188,0.87,0.77,0.51,0.698,0.99,0.21,0.72,0.45,0.98,700,1,90,0.62,0.95,70,35,0.8304
Barcelona,0.461,0.96,0.792,0.84,0.313,0.94,0.188,0.96,0.77,0.82,0.698,0.82,0.21,0.88,0.45,0.72,700,1,150,0.93,0.94,130,58,0.9042
London,0.461,0.94,0.792,0.97,0.313,0.91,0.188,0.95,0.77,0.98,0.698,0.76,0.21,0.98,0.45,0.55,700,1,210,0.89,0.64,190,75,0.8718
Paris,0.461,0.98,0.792,0.95,0.313,0.97,0.188,0.82,0.77,0.99,0.698,0.65,0.21,0.92,0.45,0.45,700,1,180,0.95,0.82,160,70,0.8692
Bali,0.426,0.73,0.753,0.76,0.763,0.91,0.691,0.87,0.3,0.51,0.587,0.99,0.568,0.72,0.032,0.98,1100,0,90,0.62,0.95,70,35,0.8185
Switzerland,0.426,0.79,0.753,0.78,0.763,0.82,0.691,0.58,0.3,0.75,0.587,0.99,0.568,0.76,0.032,0.98,1100,0,240,0.88,0.78,220,90,0.7914
Istanbul,0.426,0.94,0.753,0.98,0.763,0.94,0.691,0.89,0.3,0.84,0.587,0.71,0.568,0.91,0.032,0.58,1100,0,85,0.84,0.88,65,32,0.8749
Dubai,0.426,0.96,0.753,0.63,0.763,0.91,0.691,0.92,0.3,0.72,0.587,0.68,0.568,0.99,0.032,0.91,1100,0,190,0.58,0.96,175,70,0.8285
New York,0.426,0.94,0.753,0.82,0.763,0.96,0.691,0.99,0.3,0.97,0.587,0.71,0.568,0.99,0.032,0.63,1100,0,230,0.92,0.76,210,85,0.8489
Amsterdam,0.57,0.91,0.452,0.88,0.895,0.79,0.093,0.92,0.104,0.95,0.553,0.78,0.032,0.86,0.689,0.65,2600,0,175,0.96,0.68,155,65,0.784
Rome,0.57,0.97,0.452,0.99,0.895,0.96,0.093,0.78,0.104,0.91,0.553,0.62,0.032,0.76,0.689,0.48,2600,0,145,0.91,0.9,125,55,0.8121
Dubai,0.57,0.96,0.452,0.63,0.895,0.91,0.093,0.92,0.104,0.72,0.553,0.68,0.032,0.99,0.689,0.91,2600,0,190,0.58,0.96,175,70,0.8504
London,0.57,0.94,0.452,0.97,0.895,0.91,0.093,0.95,0.104,0.98,0.553,0.76,0.032,0.98,0.689,0.55,2600,0,210,0.89,0.64,190,75,0.8093
Barcelona,0.369,0.96,0.011,0.84,0.327,0.94,0.91,0.96,0.391,0.82,0.99,0.82,0.129,0.88,0.418,0.72,900,1,150,0.93,0.94,130,58,0.9261
Amsterdam,0.369,0.91,0.011,0.88,0.327,0.79,0.91,0.92,0.391,0.95,0.99,0.78,0.129,0.86,0.418,0.65,900,1,175,0.96,0.68,155,65,0.8745
London,0.369,0.94,0.011,0.97,0.327,0.91,0.91,0.95,0.391,0.98,0.99,0.76,0.129,0.98,0.418,0.55,900,1,210,0.89,0.64,190,75,0.8456
Dubai,0.369,0.96,0.011,0.63,0.327,0.91,0.91,0.92,0.391,0.72,0.99,0.68,0.129,0.99,0.418,0.91,900,1,190,0.58,0.96,175,70,0.8585
Singapore,0.31,0.91,0.203,0.72,0.717,0.98,0.459,0.85,0.202,0.79,0.991,0.94,0.446,0.97,0.825,0.79,1300,1,155,0.9,0.94,145,50,0.9371
Istanbul,0.31,0.94,0.203,0.98,0.717,0.94,0.459,0.89,0.202,0.84,0.991,0.71,0.446,0.91,0.825,0.58,1300,1,85,0.84,0.88,65,32,0.851
Switzerland,0.31,0.79,0.203,0.78,0.717,0.82,0.459,0.58,0.202,0.75,0.991,0.99,0.446,0.76,0.825,0.98,1300,1,240,0.88,0.78,220,90,0.8871
Paris,0.31,0.98,0.203,0.95,0.717,0.97,0.459,0.82,0.202,0.99,0.991,0.65,0.446,0.92,0.825,0.45,1300,1,180,0.95,0.82,160,70,0.8491
Rome,0.31,0.97,0.203,0.99,0.717,0.96,0.459,0.78,0.202,0.91,0.991,0.62,0.446,0.76,0.825,0.48,1300,1,145,0.91,0.9,125,55,0.816
Barcelona,0.31,0.96,0.203,0.84,0.717,0.94,0.459,0.96,0.202,0.82,0.991,0.82,0.446,0.88,0.825,0.72,1300,1,150,0.93,0.94,130,58,0.9052
Tokyo,0.31,0.9,0.203,0.91,0.717,0.99,0.459,0.96,0.202,0.88,0.991,0.74,0.446,0.99,0.825,0.71,1300,1,165,0.91,0.79,135,60,0.8988
Barcelona,0.175,0.96,0.249,0.84,0.9,0.94,0.733,0.96,0.458,0.82,0.911,0.82,0.183,0.88,0.569,0.72,2200,0,150,0.93,0.94,130,58,0.8722
London,0.175,0.94,0.249,0.97,0.9,0.91,0.733,0.95,0.458,0.98,0.911,0.76,0.183,0.98,0.569,0.55,2200,0,210,0.89,0.64,190,75,0.8028
New York,0.175,0.94,0.249,0.82,0.9,0.96,0.733,0.99,0.458,0.97,0.911,0.71,0.183,0.99,0.569,0.63,2200,0,230,0.92,0.76,210,85,0.8527
Switzerland,0.175,0.79,0.249,0.78,0.9,0.82,0.733,0.58,0.458,0.75,0.911,0.99,0.183,0.76,0.569,0.98,2200,0,240,0.88,0.78,220,90,0.8418
London,0.909,0.94,0.411,0.97,0.762,0.91,0.121,0.95,0.369,0.98,0.755,0.76,0.504,0.98,0.78,0.55,2200,1,210,0.89,0.64,190,75,0.8612
Amsterdam,0.909,0.91,0.411,0.88,0.762,0.79,0.121,0.92,0.369,0.95,0.755,0.78,0.504,0.86,0.78,0.65,2200,1,175,0.96,0.68,155,65,0.8348
New York,0.909,0.94,0.411,0.82,0.762,0.96,0.121,0.99,0.369,0.97,0.755,0.71,0.504,0.99,0.78,0.63,2200,1,230,0.92,0.76,210,85,0.8887
Paris,0.909,0.98,0.411,0.95,0.762,0.97,0.121,0.82,0.369,0.99,0.755,0.65,0.504,0.92,0.78,0.45,2200,1,180,0.95,0.82,160,70,0.8827
Rome,0.381,0.97,0.746,0.99,0.856,0.96,0.397,0.78,0.011,0.91,0.115,0.62,0.917,0.76,0.327,0.48,2600,1,145,0.91,0.9,125,55,0.8875
Istanbul,0.381,0.94,0.746,0.98,0.856,0.94,0.397,0.89,0.011,0.84,0.115,0.71,0.917,0.91,0.327,0.58,2600,1,85,0.84,0.88,65,32,0.8989
New York,0.381,0.94,0.746,0.82,0.856,0.96,0.397,0.99,0.011,0.97,0.115,0.71,0.917,0.99,0.327,0.63,2600,1,230,0.92,0.76,210,85,0.8936
Amsterdam,0.381,0.91,0.746,0.88,0.856,0.79,0.397,0.92,0.011,0.95,0.115,0.78,0.917,0.86,0.327,0.65,2600,1,175,0.96,0.68,155,65,0.8843
Singapore,0.381,0.91,0.746,0.72,0.856,0.98,0.397,0.85,0.011,0.79,0.115,0.94,0.917,0.97,0.327,0.79,2600,1,155,0.9,0.94,145,50,0.9213
Switzerland,0.381,0.79,0.746,0.78,0.856,0.82,0.397,0.58,0.011,0.75,0.115,0.99,0.917,0.76,0.327,0.98,2600,1,240,0.88,0.78,220,90,0.8226
Istanbul,0.124,0.94,0.741,0.98,0.168,0.94,0.671,0.89,0.011,0.84,0.273,0.71,0.441,0.91,0.178,0.58,700,0,85,0.84,0.88,65,32,0.859
Paris,0.124,0.98,0.741,0.95,0.168,0.97,0.671,0.82,0.011,0.99,0.273,0.65,0.441,0.92,0.178,0.45,700,0,180,0.95,0.82,160,70,0.8189
New York,0.124,0.94,0.741,0.82,0.168,0.96,0.671,0.99,0.011,0.97,0.273,0.71,0.441,0.99,0.178,0.63,700,0,230,0.92,0.76,210,85,0.8313
Rome,0.124,0.97,0.741,0.99,0.168,0.96,0.671,0.78,0.011,0.91,0.273,0.62,0.441,0.76,0.178,0.48,700,0,145,0.91,0.9,125,55,0.8458
Dubai,0.124,0.96,0.741,0.63,0.168,0.91,0.671,0.92,0.011,0.72,0.273,0.68,0.441,0.99,0.178,0.91,700,0,190,0.58,0.96,175,70,0.8538
Tokyo,0.124,0.9,0.741,0.91,0.168,0.99,0.671,0.96,0.011,0.88,0.273,0.74,0.441,0.99,0.178,0.71,700,0,165,0.91,0.79,135,60,0.8961
Istanbul,0.375,0.94,0.239,0.98,0.091,0.94,0.422,0.89,0.989,0.84,0.337,0.71,0.192,0.91,0.669,0.58,1300,0,85,0.84,0.88,65,32,0.8239
Barcelona,0.375,0.96,0.239,0.84,0.091,0.94,0.422,0.96,0.989,0.82,0.337,0.82,0.192,0.88,0.669,0.72,1300,0,150,0.93,0.94,130,58,0.8648
Paris,0.375,0.98,0.239,0.95,0.091,0.97,0.422,0.82,0.989,0.99,0.337,0.65,0.192,0.92,0.669,0.45,1300,0,180,0.95,0.82,160,70,0.8128
Dubai,0.375,0.96,0.239,0.63,0.091,0.91,0.422,0.92,0.989,0.72,0.337,0.68,0.192,0.99,0.669,0.91,1300,0,190,0.58,0.96,175,70,0.8451
Amsterdam,0.625,0.91,0.934,0.88,0.395,0.79,0.428,0.92,0.232,0.95,0.106,0.78,0.323,0.86,0.015,0.65,1800,0,175,0.96,0.68,155,65,0.8514
Singapore,0.625,0.91,0.934,0.72,0.395,0.98,0.428,0.85,0.232,0.79,0.106,0.94,0.323,0.97,0.015,0.79,1800,0,155,0.9,0.94,145,50,0.8314
Istanbul,0.625,0.94,0.934,0.98,0.395,0.94,0.428,0.89,0.232,0.84,0.106,0.71,0.323,0.91,0.015,0.58,1800,0,85,0.84,0.88,65,32,0.9121
Rome,0.625,0.97,0.934,0.99,0.395,0.96,0.428,0.78,0.232,0.91,0.106,0.62,0.323,0.76,0.015,0.48,1800,0,145,0.91,0.9,125,55,0.8797
London,0.625,0.94,0.934,0.97,0.395,0.91,0.428,0.95,0.232,0.98,0.106,0.76,0.323,0.98,0.015,0.55,1800,0,210,0.89,0.64,190,75,0.8949
Tokyo,0.625,0.9,0.934,0.91,0.395,0.99,0.428,0.96,0.232,0.88,0.106,0.74,0.323,0.99,0.015,0.71,1800,0,165,0.91,0.79,135,60,0.8837
Barcelona,0.99,0.96,0.713,0.84,0.791,0.94,0.922,0.96,0.569,0.82,0.252,0.82,0.095,0.88,0.324,0.72,2200,0,150,0.93,0.94,130,58,0.8729
Switzerland,0.99,0.79,0.713,0.78,0.791,0.82,0.922,0.58,0.569,0.75,0.252,0.99,0.095,0.76,0.324,0.98,2200,0,240,0.88,0.78,220,90,0.7957
Tokyo,0.99,0.9,0.713,0.91,0.791,0.99,0.922,0.96,0.569,0.88,0.252,0.74,0.095,0.99,0.324,0.71,2200,0,165,0.91,0.79,135,60,0.877
Singapore,0.99,0.91,0.713,0.72,0.791,0.98,0.922,0.85,0.569,0.79,0.252,0.94,0.095,0.97,0.324,0.79,2200,0,155,0.9,0.94,145,50,0.8546
Rome,0.99,0.97,0.713,0.99,0.791,0.96,0.922,0.78,0.569,0.91,0.252,0.62,0.095,0.76,0.324,0.48,2200,0,145,0.91,0.9,125,55,0.8685
Barcelona,0.232,0.96,0.587,0.84,0.988,0.94,0.233,0.96,0.616,0.82,0.897,0.82,0.309,0.88,0.738,0.72,1300,0,150,0.93,0.94,130,58,0.8441
Tokyo,0.232,0.9,0.587,0.91,0.988,0.99,0.233,0.96,0.616,0.88,0.897,0.74,0.309,0.99,0.738,0.71,1300,0,165,0.91,0.79,135,60,0.8308
Singapore,0.232,0.91,0.587,0.72,0.988,0.98,0.233,0.85,0.616,0.79,0.897,0.94,0.309,0.97,0.738,0.79,1300,0,155,0.9,0.94,145,50,0.8526
Paris,0.038,0.98,0.923,0.95,0.598,0.97,0.946,0.82,0.739,0.99,0.329,0.65,0.278,0.92,0.644,0.45,700,1,180,0.95,0.82,160,70,0.8643
Amsterdam,0.038,0.91,0.923,0.88,0.598,0.79,0.946,0.92,0.739,0.95,0.329,0.78,0.278,0.86,0.644,0.65,700,1,175,0.96,0.68,155,65,0.8497
Tokyo,0.038,0.9,0.923,0.91,0.598,0.99,0.946,0.96,0.739,0.88,0.329,0.74,0.278,0.99,0.644,0.71,700,1,165,0.91,0.79,135,60,0.9249
Bali,0.038,0.73,0.923,0.76,0.598,0.91,0.946,0.87,0.739,0.51,0.329,0.99,0.278,0.72,0.644,0.98,700,1,90,0.62,0.95,70,35,0.866
Switzerland,0.038,0.79,0.923,0.78,0.598,0.82,0.946,0.58,0.739,0.75,0.329,0.99,0.278,0.76,0.644,0.98,700,1,240,0.88,0.78,220,90,0.8498
Amsterdam,0.696,0.91,0.222,0.88,0.873,0.79,0.521,0.92,0.184,0.95,0.63,0.78,0.065,0.86,0.492,0.65,1300,0,175,0.96,0.68,155,65,0.8178
Barcelona,0.696,0.96,0.222,0.84,0.873,0.94,0.521,0.96,0.184,0.82,0.63,0.82,0.065,0.88,0.492,0.72,1300,0,150,0.93,0.94,130,58,0.8907
Rome,0.696,0.97,0.222,0.99,0.873,0.96,0.521,0.78,0.184,0.91,0.63,0.62,0.065,0.76,0.492,0.48,1300,0,145,0.91,0.9,125,55,0.8475
Switzerland,0.696,0.79,0.222,0.78,0.873,0.82,0.521,0.58,0.184,0.75,0.63,0.99,0.065,0.76,0.492,0.98,1300,0,240,0.88,0.78,220,90,0.8091
Singapore,0.078,0.91,0.725,0.72,0.311,0.98,0.722,0.85,0.245,0.79,0.176,0.94,0.249,0.97,0.285,0.79,2600,0,155,0.9,0.94,145,50,0.8298
Rome,0.078,0.97,0.725,0.99,0.311,0.96,0.722,0.78,0.245,0.91,0.176,0.62,0.249,0.76,0.285,0.48,2600,0,145,0.91,0.9,125,55,0.8344
Tokyo,0.078,0.9,0.725,0.91,0.311,0.99,0.722,0.96,0.245,0.88,0.176,0.74,0.249,0.99,0.285,0.71,2600,0,165,0.91,0.79,135,60,0.8722
Dubai,0.078,0.96,0.725,0.63,0.311,0.91,0.722,0.92,0.245,0.72,0.176,0.68,0.249,0.99,0.285,0.91,2600,0,190,0.58,0.96,175,70,0.8481
New York,0.078,0.94,0.725,0.82,0.311,0.96,0.722,0.99,0.245,0.97,0.176,0.71,0.249,0.99,0.285,0.63,2600,0,230,0.92,0.76,210,85,0.87
Dubai,0.82,0.96,0.794,0.63,0.02,0.91,0.381,0.92,0.854,0.72,0.759,0.68,0.922,0.99,0.595,0.91,1100,0,190,0.58,0.96,175,70,0.8344
Singapore,0.82,0.91,0.794,0.72,0.02,0.98,0.381,0.85,0.854,0.79,0.759,0.94,0.922,0.97,0.595,0.79,1100,0,155,0.9,0.94,145,50,0.864
London,0.82,0.94,0.794,0.97,0.02,0.91,0.381,0.95,0.854,0.98,0.759,0.76,0.922,0.98,0.595,0.55,1100,0,210,0.89,0.64,190,75,0.825
Switzerland,0.82,0.79,0.794,0.78,0.02,0.82,0.381,0.58,0.854,0.75,0.759,0.99,0.922,0.76,0.595,0.98,1100,0,240,0.88,0.78,220,90,0.7973
Bali,0.82,0.73,0.794,0.76,0.02,0.91,0.381,0.87,0.854,0.51,0.759,0.99,0.922,0.72,0.595,0.98,1100,0,90,0.62,0.95,70,35,0.8083
London,0.155,0.94,0.19,0.97,0.013,0.91,0.501,0.95,0.725,0.98,0.491,0.76,0.926,0.98,0.94,0.55,1800,1,210,0.89,0.64,190,75,0.884
Switzerland,0.155,0.79,0.19,0.78,0.013,0.82,0.501,0.58,0.725,0.75,0.491,0.99,0.926,0.76,0.94,0.98,1800,1,240,0.88,0.78,220,90,0.8385
Bali,0.155,0.73,0.19,0.76,0.013,0.91,0.501,0.87,0.725,0.51,0.491,0.99,0.926,0.72,0.94,0.98,1800,1,90,0.62,0.95,70,35,0.858
Rome,0.155,0.97,0.19,0.99,0.013,0.96,0.501,0.78,0.725,0.91,0.491,0.62,0.926,0.76,0.94,0.48,1800,1,145,0.91,0.9,125,55,0.7997
Dubai,0.155,0.96,0.19,0.63,0.013,0.91,0.501,0.92,0.725,0.72,0.491,0.68,0.926,0.99,0.94,0.91,1800,1,190,0.58,0.96,175,70,0.8801
Paris,0.155,0.98,0.19,0.95,0.013,0.97,0.501,0.82,0.725,0.99,0.491,0.65,0.926,0.92,0.94,0.45,1800,1,180,0.95,0.82,160,70,0.8669
Singapore,0.771,0.91,0.752,0.72,0.349,0.98,0.709,0.85,0.635,0.79,0.368,0.94,0.058,0.97,0.385,0.79,2200,0,155,0.9,0.94,145,50,0.8598
Paris,0.771,0.98,0.752,0.95,0.349,0.97,0.709,0.82,0.635,0.99,0.368,0.65,0.058,0.92,0.385,0.45,2200,0,180,0.95,0.82,160,70,0.8584
Tokyo,0.771,0.9,0.752,0.91,0.349,0.99,0.709,0.96,0.635,0.88,0.368,0.74,0.058,0.99,0.385,0.71,2200,0,165,0.91,0.79,135,60,0.8484
Switzerland,0.771,0.79,0.752,0.78,0.349,0.82,0.709,0.58,0.635,0.75,0.368,0.99,0.058,0.76,0.385,0.98,2200,0,240,0.88,0.78,220,90,0.7959
Rome,0.681,0.97,0.254,0.99,0.602,0.96,0.952,0.78,0.842,0.91,0.012,0.62,0.771,0.76,0.644,0.48,2200,1,145,0.91,0.9,125,55,0.8606
New York,0.681,0.94,0.254,0.82,0.602,0.96,0.952,0.99,0.842,0.97,0.012,0.71,0.771,0.99,0.644,0.63,2200,1,230,0.92,0.76,210,85,0.9083
Amsterdam,0.681,0.91,0.254,0.88,0.602,0.79,0.952,0.92,0.842,0.95,0.012,0.78,0.771,0.86,0.644,0.65,2200,1,175,0.96,0.68,155,65,0.9026
Dubai,0.681,0.96,0.254,0.63,0.602,0.91,0.952,0.92,0.842,0.72,0.012,0.68,0.771,0.99,0.644,0.91,2200,1,190,0.58,0.96,175,70,0.8917
Barcelona,0.681,0.96,0.254,0.84,0.602,0.94,0.952,0.96,0.842,0.82,0.012,0.82,0.771,0.88,0.644,0.72,2200,1,150,0.93,0.94,130,58,0.9094
Switzerland,0.681,0.79,0.254,0.78,0.602,0.82,0.952,0.58,0.842,0.75,0.012,0.99,0.771,0.76,0.644,0.98,2200,1,240,0.88,0.78,220,90,0.8157
Bali,0.681,0.73,0.254,0.76,0.602,0.91,0.952,0.87,0.842,0.51,0.012,0.99,0.771,0.72,0.644,0.98,2200,1,90,0.62,0.95,70,35,0.8184
Barcelona,0.876,0.96,0.728,0.84,0.089,0.94,0.636,0.96,0.777,0.82,0.344,0.82,0.143,0.88,0.749,0.72,2200,1,150,0.93,0.94,130,58,0.8824
Singapore,0.876,0.91,0.728,0.72,0.089,0.98,0.636,0.85,0.777,0.79,0.344,0.94,0.143,0.97,0.749,0.79,2200,1,155,0.9,0.94,145,50,0.8975
Paris,0.876,0.98,0.728,0.95,0.089,0.97,0.636,0.82,0.777,0.99,0.344,0.65,0.143,0.92,0.749,0.45,2200,1,180,0.95,0.82,160,70,0.873
Amsterdam,0.417,0.91,0.288,0.88,0.431,0.79,0.176,0.92,0.186,0.95,0.134,0.78,0.486,0.86,0.503,0.65,900,1,175,0.96,0.68,155,65,0.8468
Barcelona,0.417,0.96,0.288,0.84,0.431,0.94,0.176,0.96,0.186,0.82,0.134,0.82,0.486,0.88,0.503,0.72,900,1,150,0.93,0.94,130,58,0.9264
Istanbul,0.417,0.94,0.288,0.98,0.431,0.94,0.176,0.89,0.186,0.84,0.134,0.71,0.486,0.91,0.503,0.58,900,1,85,0.84,0.88,65,32,0.876
Paris,0.417,0.98,0.288,0.95,0.431,0.97,0.176,0.82,0.186,0.99,0.134,0.65,0.486,0.92,0.503,0.45,900,1,180,0.95,0.82,160,70,0.8845
Switzerland,0.417,0.79,0.288,0.78,0.431,0.82,0.176,0.58,0.186,0.75,0.134,0.99,0.486,0.76,0.503,0.98,900,1,240,0.88,0.78,220,90,0.863
Dubai,0.417,0.96,0.288,0.63,0.431,0.91,0.176,0.92,0.186,0.72,0.134,0.68,0.486,0.99,0.503,0.91,900,1,190,0.58,0.96,175,70,0.8989
Rome,0.417,0.97,0.288,0.99,0.431,0.96,0.176,0.78,0.186,0.91,0.134,0.62,0.486,0.76,0.503,0.48,900,1,145,0.91,0.9,125,55,0.8459
Switzerland,0.293,0.79,0.378,0.78,0.277,0.82,0.342,0.58,0.586,0.75,0.478,0.99,0.673,0.76,0.101,0.98,700,1,240,0.88,0.78,220,90,0.8206
Bali,0.293,0.73,0.378,0.76,0.277,0.91,0.342,0.87,0.586,0.51,0.478,0.99,0.673,0.72,0.101,0.98,700,1,90,0.62,0.95,70,35,0.8197
Paris,0.293,0.98,0.378,0.95,0.277,0.97,0.342,0.82,0.586,0.99,0.478,0.65,0.673,0.92,0.101,0.45,700,1,180,0.95,0.82,160,70,0.88
Tokyo,0.603,0.9,0.987,0.91,0.761,0.99,0.932,0.96,0.473,0.88,0.337,0.74,0.429,0.99,0.371,0.71,1800,1,165,0.91,0.79,135,60,0.9203
Switzerland,0.603,0.79,0.987,0.78,0.761,0.82,0.932,0.58,0.473,0.75,0.337,0.99,0.429,0.76,0.371,0.98,1800,1,240,0.88,0.78,220,90,0.8544
Dubai,0.603,0.96,0.987,0.63,0.761,0.91,0.932,0.92,0.473,0.72,0.337,0.68,0.429,0.99,0.371,0.91,1800,1,190,0.58,0.96,175,70,0.8733
Bali,0.603,0.73,0.987,0.76,0.761,0.91,0.932,0.87,0.473,0.51,0.337,0.99,0.429,0.72,0.371,0.98,1800,1,90,0.62,0.95,70,35,0.8556
Bali,0.003,0.73,0.871,0.76,0.402,0.91,0.835,0.87,0.925,0.51,0.026,0.99,0.123,0.72,0.531,0.98,1300,1,90,0.62,0.95,70,35,0.8036
Switzerland,0.003,0.79,0.871,0.78,0.402,0.82,0.835,0.58,0.925,0.75,0.026,0.99,0.123,0.76,0.531,0.98,1300,1,240,0.88,0.78,220,90,0.8471
Singapore,0.003,0.91,0.871,0.72,0.402,0.98,0.835,0.85,0.925,0.79,0.026,0.94,0.123,0.97,0.531,0.79,1300,1,155,0.9,0.94,145,50,0.8957
New York,0.003,0.94,0.871,0.82,0.402,0.96,0.835,0.99,0.925,0.97,0.026,0.71,0.123,0.99,0.531,0.63,1300,1,230,0.92,0.76,210,85,0.9167
Dubai,0.003,0.96,0.871,0.63,0.402,0.91,0.835,0.92,0.925,0.72,0.026,0.68,0.123,0.99,0.531,0.91,1300,1,190,0.58,0.96,175,70,0.8101
Tokyo,0.003,0.9,0.871,0.91,0.402,0.99,0.835,0.96,0.925,0.88,0.026,0.74,0.123,0.99,0.531,0.71,1300,1,165,0.91,0.79,135,60,0.9002
Istanbul,0.046,0.94,0.808,0.98,0.326,0.94,0.444,0.89,0.607,0.84,0.4,0.71,0.613,0.91,0.081,0.58,2200,1,85,0.84,0.88,65,32,0.907
Dubai,0.046,0.96,0.808,0.63,0.326,0.91,0.444,0.92,0.607,0.72,0.4,0.68,0.613,0.99,0.081,0.91,2200,1,190,0.58,0.96,175,70,0.8424
London,0.046,0.94,0.808,0.97,0.326,0.91,0.444,0.95,0.607,0.98,0.4,0.76,0.613,0.98,0.081,0.55,2200,1,210,0.89,0.64,190,75,0.929
Rome,0.876,0.97,0.785,0.99,0.717,0.96,0.032,0.78,0.498,0.91,0.087,0.62,0.832,0.76,0.996,0.48,2600,0,145,0.91,0.9,125,55,0.8159
Singapore,0.876,0.91,0.785,0.72,0.717,0.98,0.032,0.85,0.498,0.79,0.087,0.94,0.832,0.97,0.996,0.79,2600,0,155,0.9,0.94,145,50,0.8839
New York,0.876,0.94,0.785,0.82,0.717,0.96,0.032,0.99,0.498,0.97,0.087,0.71,0.832,0.99,0.996,0.63,2600,0,230,0.92,0.76,210,85,0.8564
Amsterdam,0.876,0.91,0.785,0.88,0.717,0.79,0.032,0.92,0.498,0.95,0.087,0.78,0.832,0.86,0.996,0.65,2600,0,175,0.96,0.68,155,65,0.7944
Bali,0.876,0.73,0.785,0.76,0.717,0.91,0.032,0.87,0.498,0.51,0.087,0.99,0.832,0.72,0.996,0.98,2600,0,90,0.62,0.95,70,35,0.8463
Istanbul,0.876,0.94,0.785,0.98,0.717,0.94,0.032,0.89,0.498,0.84,0.087,0.71,0.832,0.91,0.996,0.58,2600,0,85,0.84,0.88,65,32,0.8258
Istanbul,0.929,0.94,0.327,0.98,0.383,0.94,0.28,0.89,0.719,0.84,0.666,0.71,0.952,0.91,0.671,0.58,1100,1,85,0.84,0.88,65,32,0.8972
Tokyo,0.929,0.9,0.327,0.91,0.383,0.99,0.28,0.96,0.719,0.88,0.666,0.74,0.952,0.99,0.671,0.71,1100,1,165,0.91,0.79,135,60,0.9101
Amsterdam,0.929,0.91,0.327,0.88,0.383,0.79,0.28,0.92,0.719,0.95,0.666,0.78,0.952,0.86,0.671,0.65,1100,1,175,0.96,0.68,155,65,0.8745
Rome,0.644,0.97,0.377,0.99,0.717,0.96,0.736,0.78,0.382,0.91,0.642,0.62,0.562,0.76,0.856,0.48,1300,0,145,0.91,0.9,125,55,0.8012
London,0.644,0.94,0.377,0.97,0.717,0.91,0.736,0.95,0.382,0.98,0.642,0.76,0.562,0.98,0.856,0.55,1300,0,210,0.89,0.64,190,75,0.832
Istanbul,0.644,0.94,0.377,0.98,0.717,0.94,0.736,0.89,0.382,0.84,0.642,0.71,0.562,0.91,0.856,0.58,1300,0,85,0.84,0.88,65,32,0.8214
Bali,0.644,0.73,0.377,0.76,0.717,0.91,0.736,0.87,0.382,0.51,0.642,0.99,0.562,0.72,0.856,0.98,1300,0,90,0.62,0.95,70,35,0.8704
New York,0.644,0.94,0.377,0.82,0.717,0.96,0.736,0.99,0.382,0.97,0.642,0.71,0.562,0.99,0.856,0.63,1300,0,230,0.92,0.76,210,85,0.8488
Switzerland,0.127,0.79,0.313,0.78,0.38,0.82,0.737,0.58,0.311,0.75,0.59,0.99,0.19,0.76,0.388,0.98,2200,1,240,0.88,0.78,220,90,0.8401
Barcelona,0.127,0.96,0.313,0.84,0.38,0.94,0.737,0.96,0.311,0.82,0.59,0.82,0.19,0.88,0.388,0.72,2200,1,150,0.93,0.94,130,58,0.9097
New York,0.127,0.94,0.313,0.82,0.38,0.96,0.737,0.99,0.311,0.97,0.59,0.71,0.19,0.99,0.388,0.63,2200,1,230,0.92,0.76,210,85,0.8845
Amsterdam,0.127,0.91,0.313,0.88,0.38,0.79,0.737,0.92,0.311,0.95,0.59,0.78,0.19,0.86,0.388,0.65,2200,1,175,0.96,0.68,155,65,0.8483
Rome,0.127,0.97,0.313,0.99,0.38,0.96,0.737,0.78,0.311,0.91,0.59,0.62,0.19,0.76,0.388,0.48,2200,1,145,0.91,0.9,125,55,0.868
Istanbul,0.837,0.94,0.5,0.98,0.456,0.94,0.601,0.89,0.146,0.84,0.665,0.71,0.801,0.91,0.703,0.58,1800,1,85,0.84,0.88,65,32,0.8883
Rome,0.837,0.97,0.5,0.99,0.456,0.96,0.601,0.78,0.146,0.91,0.665,0.62,0.801,0.76,0.703,0.48,1800,1,145,0.91,0.9,125,55,0.8469
London,0.837,0.94,0.5,0.97,0.456,0.91,0.601,0.95,0.146,0.98,0.665,0.76,0.801,0.98,0.703,0.55,1800,1,210,0.89,0.64,190,75,0.8966
Singapore,0.837,0.91,0.5,0.72,0.456,0.98,0.601,0.85,0.146,0.79,0.665,0.94,0.801,0.97,0.703,0.79,1800,1,155,0.9,0.94,145,50,0.9047
Amsterdam,0.837,0.91,0.5,0.88,0.456,0.79,0.601,0.92,0.146,0.95,0.665,0.78,0.801,0.86,0.703,0.65,1800,1,175,0.96,0.68,155,65,0.8796
New York,0.837,0.94,0.5,0.82,0.456,0.96,0.601,0.99,0.146,0.97,0.665,0.71,0.801,0.99,0.703,0.63,1800,1,230,0.92,0.76,210,85,0.8733
Barcelona,0.837,0.96,0.5,0.84,0.456,0.94,0.601,0.96,0.146,0.82,0.665,0.82,0.801,0.88,0.703,0.72,1800,1,150,0.93,0.94,130,58,0.9217
Dubai,0.81,0.96,0.7,0.63,0.053,0.91,0.865,0.92,0.179,0.72,0.488,0.68,0.392,0.99,0.984,0.91,1100,0,190,0.58,0.96,175,70,0.8514
Tokyo,0.81,0.9,0.7,0.91,0.053,0.99,0.865,0.96,0.179,0.88,0.488,0.74,0.392,0.99,0.984,0.71,1100,0,165,0.91,0.79,135,60,0.8476
Istanbul,0.81,0.94,0.7,0.98,0.053,0.94,0.865,0.89,0.179,0.84,0.488,0.71,0.392,0.91,0.984,0.58,1100,0,85,0.84,0.88,65,32,0.8225
Singapore,0.81,0.91,0.7,0.72,0.053,0.98,0.865,0.85,0.179,0.79,0.488,0.94,0.392,0.97,0.984,0.79,1100,0,155,0.9,0.94,145,50,0.8619
Switzerland,0.81,0.79,0.7,0.78,0.053,0.82,0.865,0.58,0.179,0.75,0.488,0.99,0.392,0.76,0.984,0.98,1100,0,240,0.88,0.78,220,90,0.7973
Bali,0.81,0.73,0.7,0.76,0.053,0.91,0.865,0.87,0.179,0.51,0.488,0.99,0.392,0.72,0.984,0.98,1100,0,90,0.62,0.95,70,35,0.8654
Amsterdam,0.81,0.91,0.7,0.88,0.053,0.79,0.865,0.92,0.179,0.95,0.488,0.78,0.392,0.86,0.984,0.65,1100,0,175,0.96,0.68,155,65,0.8117
London,0.131,0.94,0.752,0.97,0.58,0.91,0.805,0.95,0.85,0.98,0.71,0.76,0.458,0.98,0.164,0.55,1100,1,210,0.89,0.64,190,75,0.9075
Barcelona,0.131,0.96,0.752,0.84,0.58,0.94,0.805,0.96,0.85,0.82,0.71,0.82,0.458,0.88,0.164,0.72,1100,1,150,0.93,0.94,130,58,0.9027
Amsterdam,0.131,0.91,0.752,0.88,0.58,0.79,0.805,0.92,0.85,0.95,0.71,0.78,0.458,0.86,0.164,0.65,1100,1,175,0.96,0.68,155,65,0.8998
Bali,0.131,0.73,0.752,0.76,0.58,0.91,0.805,0.87,0.85,0.51,0.71,0.99,0.458,0.72,0.164,0.98,1100,1,90,0.62,0.95,70,35,0.812
New York,0.131,0.94,0.752,0.82,0.58,0.96,0.805,0.99,0.85,0.97,0.71,0.71,0.458,0.99,0.164,0.63,1100,1,230,0.92,0.76,210,85,0.9188
Tokyo,0.131,0.9,0.752,0.91,0.58,0.99,0.805,0.96,0.85,0.88,0.71,0.74,0.458,0.99,0.164,0.71,1100,1,165,0.91,0.79,135,60,0.9262
Dubai,0.377,0.96,0.983,0.63,0.679,0.91,0.168,0.92,0.056,0.72,0.356,0.68,0.474,0.99,0.945,0.91,900,1,190,0.58,0.96,175,70,0.8489
Barcelona,0.377,0.96,0.983,0.84,0.679,0.94,0.168,0.96,0.056,0.82,0.356,0.82,0.474,0.88,0.945,0.72,900,1,150,0.93,0.94,130,58,0.8857
Istanbul,0.377,0.94,0.983,0.98,0.679,0.94,0.168,0.89,0.056,0.84,0.356,0.71,0.474,0.91,0.945,0.58,900,1,85,0.84,0.88,65,32,0.8797
Amsterdam,0.377,0.91,0.983,0.88,0.679,0.79,0.168,0.92,0.056,0.95,0.356,0.78,0.474,0.86,0.945,0.65,900,1,175,0.96,0.68,155,65,0.8308
Paris,0.377,0.98,0.983,0.95,0.679,0.97,0.168,0.82,0.056,0.99,0.356,0.65,0.474,0.92,0.945,0.45,900,1,180,0.95,0.82,160,70,0.8719
Singapore,0.377,0.91,0.983,0.72,0.679,0.98,0.168,0.85,0.056,0.79,0.356,0.94,0.474,0.97,0.945,0.79,900,1,155,0.9,0.94,145,50,0.9096
Rome,0.377,0.97,0.983,0.99,0.679,0.96,0.168,0.78,0.056,0.91,0.356,0.62,0.474,0.76,0.945,0.48,900,1,145,0.91,0.9,125,55,0.8821
Singapore,0.671,0.91,0.09,0.72,0.464,0.98,0.818,0.85,0.382,0.79,0.632,0.94,0.445,0.97,0.012,0.79,900,0,155,0.9,0.94,145,50,0.8702
Switzerland,0.671,0.79,0.09,0.78,0.464,0.82,0.818,0.58,0.382,0.75,0.632,0.99,0.445,0.76,0.012,0.98,900,0,240,0.88,0.78,220,90,0.7963
New York,0.671,0.94,0.09,0.82,0.464,0.96,0.818,0.99,0.382,0.97,0.632,0.71,0.445,0.99,0.012,0.63,900,0,230,0.92,0.76,210,85,0.9014
Rome,0.479,0.97,0.694,0.99,0.095,0.96,0.593,0.78,0.384,0.91,1.0,0.62,0.703,0.76,0.298,0.48,1100,0,145,0.91,0.9,125,55,0.8084
New York,0.479,0.94,0.694,0.82,0.095,0.96,0.593,0.99,0.384,0.97,1.0,0.71,0.703,0.99,0.298,0.63,1100,0,230,0.92,0.76,210,85,0.8596
Barcelona,0.479,0.96,0.694,0.84,0.095,0.94,0.593,0.96,0.384,0.82,1.0,0.82,0.703,0.88,0.298,0.72,1100,0,150,0.93,0.94,130,58,0.8767
Dubai,0.479,0.96,0.694,0.63,0.095,0.91,0.593,0.92,0.384,0.72,1.0,0.68,0.703,0.99,0.298,0.91,1100,0,190,0.58,0.96,175,70,0.8354
Paris,0.479,0.98,0.694,0.95,0.095,0.97,0.593,0.82,0.384,0.99,1.0,0.65,0.703,0.92,0.298,0.45,1100,0,180,0.95,0.82,160,70,0.8073
Singapore,0.837,0.91,0.539,0.72,0.819,0.98,0.652,0.85,0.754,0.79,0.207,0.94,0.659,0.97,0.117,0.79,1100,0,155,0.9,0.94,145,50,0.8789
Tokyo,0.837,0.9,0.539,0.91,0.819,0.99,0.652,0.96,0.754,0.88,0.207,0.74,0.659,0.99,0.117,0.71,1100,0,165,0.91,0.79,135,60,0.8624
Rome,0.837,0.97,0.539,0.99,0.819,0.96,0.652,0.78,0.754,0.91,0.207,0.62,0.659,0.76,0.117,0.48,1100,0,145,0.91,0.9,125,55,0.8529
Paris,0.837,0.98,0.539,0.95,0.819,0.97,0.652,0.82,0.754,0.99,0.207,0.65,0.659,0.92,0.117,0.45,1100,0,180,0.95,0.82,160,70,0.8946
Barcelona,0.837,0.96,0.539,0.84,0.819,0.94,0.652,0.96,0.754,0.82,0.207,0.82,0.659,0.88,0.117,0.72,1100,0,150,0.93,0.94,130,58,0.8604
London,0.837,0.94,0.539,0.97,0.819,0.91,0.652,0.95,0.754,0.98,0.207,0.76,0.659,0.98,0.117,0.55,1100,0,210,0.89,0.64,190,75,0.8555
Bali,0.837,0.73,0.539,0.76,0.819,0.91,0.652,0.87,0.754,0.51,0.207,0.99,0.659,0.72,0.117,0.98,1100,0,90,0.62,0.95,70,35,0.7946
Bali,0.966,0.73,0.172,0.76,0.977,0.91,0.658,0.87,0.248,0.51,0.046,0.99,0.946,0.72,0.905,0.98,1500,1,90,0.62,0.95,70,35,0.8701
Singapore,0.966,0.91,0.172,0.72,0.977,0.98,0.658,0.85,0.248,0.79,0.046,0.94,0.946,0.97,0.905,0.79,1500,1,155,0.9,0.94,145,50,0.9446
Tokyo,0.966,0.9,0.172,0.91,0.977,0.99,0.658,0.96,0.248,0.88,0.046,0.74,0.946,0.99,0.905,0.71,1500,1,165,0.91,0.79,135,60,0.919
New York,0.966,0.94,0.172,0.82,0.977,0.96,0.658,0.99,0.248,0.97,0.046,0.71,0.946,0.99,0.905,0.63,1500,1,230,0.92,0.76,210,85,0.9076
Barcelona,0.688,0.96,0.663,0.84,0.045,0.94,0.037,0.96,0.142,0.82,0.856,0.82,0.215,0.88,0.134,0.72,1300,1,150,0.93,0.94,130,58,0.8929
Bali,0.688,0.73,0.663,0.76,0.045,0.91,0.037,0.87,0.142,0.51,0.856,0.99,0.215,0.72,0.134,0.98,1300,1,90,0.62,0.95,70,35,0.8577
Dubai,0.688,0.96,0.663,0.63,0.045,0.91,0.037,0.92,0.142,0.72,0.856,0.68,0.215,0.99,0.134,0.91,1300,1,190,0.58,0.96,175,70,0.806
Rome,0.688,0.97,0.663,0.99,0.045,0.96,0.037,0.78,0.142,0.91,0.856,0.62,0.215,0.76,0.134,0.48,1300,1,145,0.91,0.9,125,55,0.8716
London,0.688,0.94,0.663,0.97,0.045,0.91,0.037,0.95,0.142,0.98,0.856,0.76,0.215,0.98,0.134,0.55,1300,1,210,0.89,0.64,190,75,0.9019
Barcelona,0.677,0.96,0.94,0.84,0.143,0.94,0.204,0.96,0.63,0.82,0.269,0.82,0.633,0.88,0.646,0.72,1800,0,150,0.93,0.94,130,58,0.8426
Tokyo,0.677,0.9,0.94,0.91,0.143,0.99,0.204,0.96,0.63,0.88,0.269,0.74,0.633,0.99,0.646,0.71,1800,0,165,0.91,0.79,135,60,0.8449
Dubai,0.677,0.96,0.94,0.63,0.143,0.91,0.204,0.92,0.63,0.72,0.269,0.68,0.633,0.99,0.646,0.91,1800,0,190,0.58,0.96,175,70,0.8417
Bali,0.677,0.73,0.94,0.76,0.143,0.91,0.204,0.87,0.63,0.51,0.269,0.99,0.633,0.72,0.646,0.98,1800,0,90,0.62,0.95,70,35,0.8167
Paris,0.677,0.98,0.94,0.95,0.143,0.97,0.204,0.82,0.63,0.99,0.269,0.65,0.633,0.92,0.646,0.45,1800,0,180,0.95,0.82,160,70,0.8393
London,0.677,0.94,0.94,0.97,0.143,0.91,0.204,0.95,0.63,0.98,0.269,0.76,0.633,0.98,0.646,0.55,1800,0,210,0.89,0.64,190,75,0.837
Rome,0.089,0.97,0.909,0.99,0.778,0.96,0.146,0.78,0.798,0.91,0.274,0.62,0.098,0.76,0.979,0.48,1300,1,145,0.91,0.9,125,55,0.8769
Barcelona,0.089,0.96,0.909,0.84,0.778,0.94,0.146,0.96,0.798,0.82,0.274,0.82,0.098,0.88,0.979,0.72,1300,1,150,0.93,0.94,130,58,0.8771
New York,0.089,0.94,0.909,0.82,0.778,0.96,0.146,0.99,0.798,0.97,0.274,0.71,0.098,0.99,0.979,0.63,1300,1,230,0.92,0.76,210,85,0.8856
Istanbul,0.49,0.94,0.529,0.98,0.7,0.94,0.865,0.89,0.552,0.84,0.607,0.71,0.897,0.91,0.171,0.58,2200,0,85,0.84,0.88,65,32,0.8628
Switzerland,0.49,0.79,0.529,0.78,0.7,0.82,0.865,0.58,0.552,0.75,0.607,0.99,0.897,0.76,0.171,0.98,2200,0,240,0.88,0.78,220,90,0.7758
New York,0.49,0.94,0.529,0.82,0.7,0.96,0.865,0.99,0.552,0.97,0.607,0.71,0.897,0.99,0.171,0.63,2200,0,230,0.92,0.76,210,85,0.8483
Bali,0.49,0.73,0.529,0.76,0.7,0.91,0.865,0.87,0.552,0.51,0.607,0.99,0.897,0.72,0.171,0.98,2200,0,90,0.62,0.95,70,35,0.8252
Dubai,0.49,0.96,0.529,0.63,0.7,0.91,0.865,0.92,0.552,0.72,0.607,0.68,0.897,0.99,0.171,0.91,2200,0,190,0.58,0.96,175,70,0.8389
Singapore,0.126,0.91,0.379,0.72,0.735,0.98,0.053,0.85,0.725,0.79,0.974,0.94,0.708,0.97,0.249,0.79,2200,1,155,0.9,0.94,145,50,0.9089
Tokyo,0.126,0.9,0.379,0.91,0.735,0.99,0.053,0.96,0.725,0.88,0.974,0.74,0.708,0.99,0.249,0.71,2200,1,165,0.91,0.79,135,60,0.9204
Istanbul,0.126,0.94,0.379,0.98,0.735,0.94,0.053,0.89,0.725,0.84,0.974,0.71,0.708,0.91,0.249,0.58,2200,1,85,0.84,0.88,65,32,0.877
New York,0.126,0.94,0.379,0.82,0.735,0.96,0.053,0.99,0.725,0.97,0.974,0.71,0.708,0.99,0.249,0.63,2200,1,230,0.92,0.76,210,85,0.9016
Barcelona,0.924,0.96,0.229,0.84,0.636,0.94,0.087,0.96,0.306,0.82,0.771,0.82,0.845,0.88,0.635,0.72,900,0,150,0.93,0.94,130,58,0.8436
Bali,0.924,0.73,0.229,0.76,0.636,0.91,0.087,0.87,0.306,0.51,0.771,0.99,0.845,0.72,0.635,0.98,900,0,90,0.62,0.95,70,35,0.8287
Paris,0.924,0.98,0.229,0.95,0.636,0.97,0.087,0.82,0.306,0.99,0.771,0.65,0.845,0.92,0.635,0.45,900,0,180,0.95,0.82,160,70,0.8514
Bali,0.808,0.73,0.011,0.76,0.948,0.91,0.677,0.87,0.932,0.51,0.136,0.99,0.498,0.72,0.685,0.98,900,1,90,0.62,0.95,70,35,0.8392
Amsterdam,0.808,0.91,0.011,0.88,0.948,0.79,0.677,0.92,0.932,0.95,0.136,0.78,0.498,0.86,0.685,0.65,900,1,175,0.96,0.68,155,65,0.883
Paris,0.808,0.98,0.011,0.95,0.948,0.97,0.677,0.82,0.932,0.99,0.136,0.65,0.498,0.92,0.685,0.45,900,1,180,0.95,0.82,160,70,0.9076
Rome,0.244,0.97,0.739,0.99,0.951,0.96,0.823,0.78,0.88,0.91,0.528,0.62,0.609,0.76,0.607,0.48,1100,0,145,0.91,0.9,125,55,0.8239
Tokyo,0.244,0.9,0.739,0.91,0.951,0.99,0.823,0.96,0.88,0.88,0.528,0.74,0.609,0.99,0.607,0.71,1100,0,165,0.91,0.79,135,60,0.8443
Barcelona,0.244,0.96,0.739,0.84,0.951,0.94,0.823,0.96,0.88,0.82,0.528,0.82,0.609,0.88,0.607,0.72,1100,0,150,0.93,0.94,130,58,0.8641
New York,0.244,0.94,0.739,0.82,0.951,0.96,0.823,0.99,0.88,0.97,0.528,0.71,0.609,0.99,0.607,0.63,1100,0,230,0.92,0.76,210,85,0.8422
Istanbul,0.97,0.94,0.338,0.98,0.679,0.94,0.832,0.89,0.851,0.84,0.858,0.71,0.29,0.91,0.483,0.58,1500,0,85,0.84,0.88,65,32,0.8409
Switzerland,0.97,0.79,0.338,0.78,0.679,0.82,0.832,0.58,0.851,0.75,0.858,0.99,0.29,0.76,0.483,0.98,1500,0,240,0.88,0.78,220,90,0.8303
Bali,0.97,0.73,0.338,0.76,0.679,0.91,0.832,0.87,0.851,0.51,0.858,0.99,0.29,0.72,0.483,0.98,1500,0,90,0.62,0.95,70,35,0.85
Tokyo,0.959,0.9,0.516,0.91,0.893,0.99,0.935,0.96,0.892,0.88,0.848,0.74,0.057,0.99,0.006,0.71,2600,1,165,0.91,0.79,135,60,0.9042
Rome,0.959,0.97,0.516,0.99,0.893,0.96,0.935,0.78,0.892,0.91,0.848,0.62,0.057,0.76,0.006,0.48,2600,1,145,0.91,0.9,125,55,0.8748
Paris,0.959,0.98,0.516,0.95,0.893,0.97,0.935,0.82,0.892,0.99,0.848,0.65,0.057,0.92,0.006,0.45,2600,1,180,0.95,0.82,160,70,0.9085
Istanbul,0.959,0.94,0.516,0.98,0.893,0.94,0.935,0.89,0.892,0.84,0.848,0.71,0.057,0.91,0.006,0.58,2600,1,85,0.84,0.88,65,32,0.884
Barcelona,0.959,0.96,0.516,0.84,0.893,0.94,0.935,0.96,0.892,0.82,0.848,0.82,0.057,0.88,0.006,0.72,2600,1,150,0.93,0.94,130,58,0.9257
New York,0.899,0.94,0.411,0.82,0.913,0.96,0.007,0.99,0.769,0.97,0.25,0.71,0.471,0.99,0.374,0.63,1800,1,230,0.92,0.76,210,85,0.9167
London,0.899,0.94,0.411,0.97,0.913,0.91,0.007,0.95,0.769,0.98,0.25,0.76,0.471,0.98,0.374,0.55,1800,1,210,0.89,0.64,190,75,0.8911
Rome,0.899,0.97,0.411,0.99,0.913,0.96,0.007,0.78,0.769,0.91,0.25,0.62,0.471,0.76,0.374,0.48,1800,1,145,0.91,0.9,125,55,0.8837
Singapore,0.899,0.91,0.411,0.72,0.913,0.98,0.007,0.85,0.769,0.79,0.25,0.94,0.471,0.97,0.374,0.79,1800,1,155,0.9,0.94,145,50,0.9254
Singapore,0.006,0.91,0.884,0.72,0.709,0.98,0.111,0.85,0.285,0.79,0.134,0.94,0.421,0.97,0.331,0.79,700,0,155,0.9,0.94,145,50,0.8507
Switzerland,0.006,0.79,0.884,0.78,0.709,0.82,0.111,0.58,0.285,0.75,0.134,0.99,0.421,0.76,0.331,0.98,700,0,240,0.88,0.78,220,90,0.8159
London,0.006,0.94,0.884,0.97,0.709,0.91,0.111,0.95,0.285,0.98,0.134,0.76,0.421,0.98,0.331,0.55,700,0,210,0.89,0.64,190,75,0.8683
Rome,0.006,0.97,0.884,0.99,0.709,0.96,0.111,0.78,0.285,0.91,0.134,0.62,0.421,0.76,0.331,0.48,700,0,145,0.91,0.9,125,55,0.865
Barcelona,0.325,0.96,0.764,0.84,0.882,0.94,0.502,0.96,0.924,0.82,0.843,0.82,0.389,0.88,0.11,0.72,900,0,150,0.93,0.94,130,58,0.8809
Tokyo,0.325,0.9,0.764,0.91,0.882,0.99,0.502,0.96,0.924,0.88,0.843,0.74,0.389,0.99,0.11,0.71,900,0,165,0.91,0.79,135,60,0.853
New York,0.325,0.94,0.764,0.82,0.882,0.96,0.502,0.99,0.924,0.97,0.843,0.71,0.389,0.99,0.11,0.63,900,0,230,0.92,0.76,210,85,0.8698
Paris,0.325,0.98,0.764,0.95,0.882,0.97,0.502,0.82,0.924,0.99,0.843,0.65,0.389,0.92,0.11,0.45,900,0,180,0.95,0.82,160,70,0.8535
Rome,0.976,0.97,0.737,0.99,0.434,0.96,0.289,0.78,0.486,0.91,0.761,0.62,0.248,0.76,0.152,0.48,1100,0,145,0.91,0.9,125,55,0.8521
London,0.976,0.94,0.737,0.97,0.434,0.91,0.289,0.95,0.486,0.98,0.761,0.76,0.248,0.98,0.152,0.55,1100,0,210,0.89,0.64,190,75,0.8694
Amsterdam,0.976,0.91,0.737,0.88,0.434,0.79,0.289,0.92,0.486,0.95,0.761,0.78,0.248,0.86,0.152,0.65,1100,0,175,0.96,0.68,155,65,0.8144
Dubai,0.976,0.96,0.737,0.63,0.434,0.91,0.289,0.92,0.486,0.72,0.761,0.68,0.248,0.99,0.152,0.91,1100,0,190,0.58,0.96,175,70,0.8444
Bali,0.976,0.73,0.737,0.76,0.434,0.91,0.289,0.87,0.486,0.51,0.761,0.99,0.248,0.72,0.152,0.98,1100,0,90,0.62,0.95,70,35,0.8278
Bali,0.189,0.73,0.855,0.76,0.629,0.91,0.149,0.87,0.12,0.51,0.401,0.99,0.274,0.72,0.192,0.98,1100,1,90,0.62,0.95,70,35,0.8736
Amsterdam,0.189,0.91,0.855,0.88,0.629,0.79,0.149,0.92,0.12,0.95,0.401,0.78,0.274,0.86,0.192,0.65,1100,1,175,0.96,0.68,155,65,0.859
Rome,0.189,0.97,0.855,0.99,0.629,0.96,0.149,0.78,0.12,0.91,0.401,0.62,0.274,0.76,0.192,0.48,1100,1,145,0.91,0.9,125,55,0.8966
Istanbul,0.7,0.94,0.98,0.98,0.222,0.94,0.426,0.89,0.061,0.84,0.427,0.71,0.052,0.91,0.11,0.58,1800,1,85,0.84,0.88,65,32,0.8944
Dubai,0.7,0.96,0.98,0.63,0.222,0.91,0.426,0.92,0.061,0.72,0.427,0.68,0.052,0.99,0.11,0.91,1800,1,190,0.58,0.96,175,70,0.8064
Amsterdam,0.7,0.91,0.98,0.88,0.222,0.79,0.426,0.92,0.061,0.95,0.427,0.78,0.052,0.86,0.11,0.65,1800,1,175,0.96,0.68,155,65,0.8906
Tokyo,0.7,0.9,0.98,0.91,0.222,0.99,0.426,0.96,0.061,0.88,0.427,0.74,0.052,0.99,0.11,0.71,1800,1,165,0.91,0.79,135,60,0.895
Paris,0.7,0.98,0.98,0.95,0.222,0.97,0.426,0.82,0.061,0.99,0.427,0.65,0.052,0.92,0.11,0.45,1800,1,180,0.95,0.82,160,70,0.8935
Istanbul,0.28,0.94,0.607,0.98,0.431,0.94,0.252,0.89,0.491,0.84,0.334,0.71,0.112,0.91,0.669,0.58,1100,1,85,0.84,0.88,65,32,0.8552
Tokyo,0.28,0.9,0.607,0.91,0.431,0.99,0.252,0.96,0.491,0.88,0.334,0.74,0.112,0.99,0.669,0.71,1100,1,165,0.91,0.79,135,60,0.8761
Bali,0.28,0.73,0.607,0.76,0.431,0.91,0.252,0.87,0.491,0.51,0.334,0.99,0.112,0.72,0.669,0.98,1100,1,90,0.62,0.95,70,35,0.8514
New York,0.28,0.94,0.607,0.82,0.431,0.96,0.252,0.99,0.491,0.97,0.334,0.71,0.112,0.99,0.669,0.63,1100,1,230,0.92,0.76,210,85,0.8518
Switzerland,0.28,0.79,0.607,0.78,0.431,0.82,0.252,0.58,0.491,0.75,0.334,0.99,0.112,0.76,0.669,0.98,1100,1,240,0.88,0.78,220,90,0.8439
Bali,0.63,0.73,0.602,0.76,0.041,0.91,0.968,0.87,0.884,0.51,0.817,0.99,0.193,0.72,0.446,0.98,900,0,90,0.62,0.95,70,35,0.8035
Tokyo,0.63,0.9,0.602,0.91,0.041,0.99,0.968,0.96,0.884,0.88,0.817,0.74,0.193,0.99,0.446,0.71,900,0,165,0.91,0.79,135,60,0.831
London,0.63,0.94,0.602,0.97,0.041,0.91,0.968,0.95,0.884,0.98,0.817,0.76,0.193,0.98,0.446,0.55,900,0,210,0.89,0.64,190,75,0.841
Singapore,0.63,0.91,0.602,0.72,0.041,0.98,0.968,0.85,0.884,0.79,0.817,0.94,0.193,0.97,0.446,0.79,900,0,155,0.9,0.94,145,50,0.8622
Amsterdam,0.63,0.91,0.602,0.88,0.041,0.79,0.968,0.92,0.884,0.95,0.817,0.78,0.193,0.86,0.446,0.65,900,0,175,0.96,0.68,155,65,0.8561
Istanbul,0.63,0.94,0.602,0.98,0.041,0.94,0.968,0.89,0.884,0.84,0.817,0.71,0.193,0.91,0.446,0.58,900,0,85,0.84,0.88,65,32,0.8538
Switzerland,0.63,0.79,0.602,0.78,0.041,0.82,0.968,0.58,0.884,0.75,0.817,0.99,0.193,0.76,0.446,0.98,900,0,240,0.88,0.78,220,90,0.8192
London,0.56,0.94,0.347,0.97,0.366,0.91,0.63,0.95,0.117,0.98,0.436,0.76,0.483,0.98,0.524,0.55,700,0,210,0.89,0.64,190,75,0.8187
Barcelona,0.56,0.96,0.347,0.84,0.366,0.94,0.63,0.96,0.117,0.82,0.436,0.82,0.483,0.88,0.524,0.72,700,0,150,0.93,0.94,130,58,0.8853
Istanbul,0.56,0.94,0.347,0.98,0.366,0.94,0.63,0.89,0.117,0.84,0.436,0.71,0.483,0.91,0.524,0.58,700,0,85,0.84,0.88,65,32,0.8441
Paris,0.56,0.98,0.347,0.95,0.366,0.97,0.63,0.82,0.117,0.99,0.436,0.65,0.483,0.92,0.524,0.45,700,0,180,0.95,0.82,160,70,0.8239
New York,0.56,0.94,0.347,0.82,0.366,0.96,0.63,0.99,0.117,0.97,0.436,0.71,0.483,0.99,0.524,0.63,700,0,230,0.92,0.76,210,85,0.8495
Dubai,0.56,0.96,0.347,0.63,0.366,0.91,0.63,0.92,0.117,0.72,0.436,0.68,0.483,0.99,0.524,0.91,700,0,190,0.58,0.96,175,70,0.8453
Tokyo,0.56,0.9,0.347,0.91,0.366,0.99,0.63,0.96,0.117,0.88,0.436,0.74,0.483,0.99,0.524,0.71,700,0,165,0.91,0.79,135,60,0.8565
Istanbul,0.509,0.94,0.562,0.98,0.39,0.94,0.607,0.89,0.207,0.84,0.004,0.71,0.572,0.91,0.592,0.58,700,1,85,0.84,0.88,65,32,0.8792
New York,0.509,0.94,0.562,0.82,0.39,0.96,0.607,0.99,0.207,0.97,0.004,0.71,0.572,0.99,0.592,0.63,700,1,230,0.92,0.76,210,85,0.8818
London,0.509,0.94,0.562,0.97,0.39,0.91,0.607,0.95,0.207,0.98,0.004,0.76,0.572,0.98,0.592,0.55,700,1,210,0.89,0.64,190,75,0.8702
Bali,0.509,0.73,0.562,0.76,0.39,0.91,0.607,0.87,0.207,0.51,0.004,0.99,0.572,0.72,0.592,0.98,700,1,90,0.62,0.95,70,35,0.8437
Amsterdam,0.509,0.91,0.562,0.88,0.39,0.79,0.607,0.92,0.207,0.95,0.004,0.78,0.572,0.86,0.592,0.65,700,1,175,0.96,0.68,155,65,0.8591
Barcelona,0.509,0.96,0.562,0.84,0.39,0.94,0.607,0.96,0.207,0.82,0.004,0.82,0.572,0.88,0.592,0.72,700,1,150,0.93,0.94,130,58,0.919
Tokyo,0.509,0.9,0.562,0.91,0.39,0.99,0.607,0.96,0.207,0.88,0.004,0.74,0.572,0.99,0.592,0.71,700,1,165,0.91,0.79,135,60,0.9341
Rome,0.278,0.97,0.133,0.99,0.873,0.96,0.052,0.78,0.98,0.91,0.99,0.62,0.21,0.76,0.116,0.48,1800,1,145,0.91,0.9,125,55,0.8967
New York,0.278,0.94,0.133,0.82,0.873,0.96,0.052,0.99,0.98,0.97,0.99,0.71,0.21,0.99,0.116,0.63,1800,1,230,0.92,0.76,210,85,0.8855
London,0.278,0.94,0.133,0.97,0.873,0.91,0.052,0.95,0.98,0.98,0.99,0.76,0.21,0.98,0.116,0.55,1800,1,210,0.89,0.64,190,75,0.9086
Barcelona,0.278,0.96,0.133,0.84,0.873,0.94,0.052,0.96,0.98,0.82,0.99,0.82,0.21,0.88,0.116,0.72,1800,1,150,0.93,0.94,130,58,0.9108
Dubai,0.278,0.96,0.133,0.63,0.873,0.91,0.052,0.92,0.98,0.72,0.99,0.68,0.21,0.99,0.116,0.91,1800,1,190,0.58,0.96,175,70,0.8062
Switzerland,0.355,0.79,0.73,0.78,0.28,0.82,0.256,0.58,0.016,0.75,0.657,0.99,0.868,0.76,0.939,0.98,900,1,240,0.88,0.78,220,90,0.8896
Istanbul,0.355,0.94,0.73,0.98,0.28,0.94,0.256,0.89,0.016,0.84,0.657,0.71,0.868,0.91,0.939,0.58,900,1,85,0.84,0.88,65,32,0.8488
Bali,0.355,0.73,0.73,0.76,0.28,0.91,0.256,0.87,0.016,0.51,0.657,0.99,0.868,0.72,0.939,0.98,900,1,90,0.62,0.95,70,35,0.8568
New York,0.355,0.94,0.73,0.82,0.28,0.96,0.256,0.99,0.016,0.97,0.657,0.71,0.868,0.99,0.939,0.63,900,1,230,0.92,0.76,210,85,0.8677
Amsterdam,0.355,0.91,0.73,0.88,0.28,0.79,0.256,0.92,0.016,0.95,0.657,0.78,0.868,0.86,0.939,0.65,900,1,175,0.96,0.68,155,65,0.8632
Bali,0.753,0.73,0.156,0.76,0.232,0.91,0.726,0.87,0.369,0.51,0.902,0.99,0.094,0.72,0.182,0.98,1100,0,90,0.62,0.95,70,35,0.8199
Singapore,0.753,0.91,0.156,0.72,0.232,0.98,0.726,0.85,0.369,0.79,0.902,0.94,0.094,0.97,0.182,0.79,1100,0,155,0.9,0.94,145,50,0.8573
Barcelona,0.753,0.96,0.156,0.84,0.232,0.94,0.726,0.96,0.369,0.82,0.902,0.82,0.094,0.88,0.182,0.72,1100,0,150,0.93,0.94,130,58,0.8595
London,0.753,0.94,0.156,0.97,0.232,0.91,0.726,0.95,0.369,0.98,0.902,0.76,0.094,0.98,0.182,0.55,1100,0,210,0.89,0.64,190,75,0.8358
Dubai,0.608,0.96,0.069,0.63,0.072,0.91,0.245,0.92,0.909,0.72,0.97,0.68,0.1,0.99,0.527,0.91,700,0,190,0.58,0.96,175,70,0.8153
Paris,0.608,0.98,0.069,0.95,0.072,0.97,0.245,0.82,0.909,0.99,0.97,0.65,0.1,0.92,0.527,0.45,700,0,180,0.95,0.82,160,70,0.7898
Rome,0.608,0.97,0.069,0.99,0.072,0.96,0.245,0.78,0.909,0.91,0.97,0.62,0.1,0.76,0.527,0.48,700,0,145,0.91,0.9,125,55,0.7808
Switzerland,0.608,0.79,0.069,0.78,0.072,0.82,0.245,0.58,0.909,0.75,0.97,0.99,0.1,0.76,0.527,0.98,700,0,240,0.88,0.78,220,90,0.8435
New York,0.608,0.94,0.069,0.82,0.072,0.96,0.245,0.99,0.909,0.97,0.97,0.71,0.1,0.99,0.527,0.63,700,0,230,0.92,0.76,210,85,0.8059
Bali,0.608,0.73,0.069,0.76,0.072,0.91,0.245,0.87,0.909,0.51,0.97,0.99,0.1,0.72,0.527,0.98,700,0,90,0.62,0.95,70,35,0.8461
Tokyo,0.958,0.9,0.106,0.91,0.736,0.99,0.338,0.96,0.707,0.88,0.202,0.74,0.48,0.99,0.563,0.71,2600,0,165,0.91,0.79,135,60,0.8679
Singapore,0.958,0.91,0.106,0.72,0.736,0.98,0.338,0.85,0.707,0.79,0.202,0.94,0.48,0.97,0.563,0.79,2600,0,155,0.9,0.94,145,50,0.8628
Barcelona,0.958,0.96,0.106,0.84,0.736,0.94,0.338,0.96,0.707,0.82,0.202,0.82,0.48,0.88,0.563,0.72,2600,0,150,0.93,0.94,130,58,0.874
Amsterdam,0.958,0.91,0.106,0.88,0.736,0.79,0.338,0.92,0.707,0.95,0.202,0.78,0.48,0.86,0.563,0.65,2600,0,175,0.96,0.68,155,65,0.8024
Paris,0.958,0.98,0.106,0.95,0.736,0.97,0.338,0.82,0.707,0.99,0.202,0.65,0.48,0.92,0.563,0.45,2600,0,180,0.95,0.82,160,70,0.831
Switzerland,0.545,0.79,0.103,0.78,0.886,0.82,0.415,0.58,0.001,0.75,0.224,0.99,0.227,0.76,0.385,0.98,1800,1,240,0.88,0.78,220,90,0.8341
Dubai,0.545,0.96,0.103,0.63,0.886,0.91,0.415,0.92,0.001,0.72,0.224,0.68,0.227,0.99,0.385,0.91,1800,1,190,0.58,0.96,175,70,0.8738
Rome,0.545,0.97,0.103,0.99,0.886,0.96,0.415,0.78,0.001,0.91,0.224,0.62,0.227,0.76,0.385,0.48,1800,1,145,0.91,0.9,125,55,0.8568
Singapore,0.545,0.91,0.103,0.72,0.886,0.98,0.415,0.85,0.001,0.79,0.224,0.94,0.227,0.97,0.385,0.79,1800,1,155,0.9,0.94,145,50,0.951
Barcelona,0.357,0.96,0.616,0.84,0.118,0.94,0.923,0.96,0.92,0.82,0.896,0.82,0.605,0.88,0.178,0.72,1800,0,150,0.93,0.94,130,58,0.8537
Switzerland,0.357,0.79,0.616,0.78,0.118,0.82,0.923,0.58,0.92,0.75,0.896,0.99,0.605,0.76,0.178,0.98,1800,0,240,0.88,0.78,220,90,0.797
London,0.357,0.94,0.616,0.97,0.118,0.91,0.923,0.95,0.92,0.98,0.896,0.76,0.605,0.98,0.178,0.55,1800,0,210,0.89,0.64,190,75,0.8525
Bali,0.357,0.73,0.616,0.76,0.118,0.91,0.923,0.87,0.92,0.51,0.896,0.99,0.605,0.72,0.178,0.98,1800,0,90,0.62,0.95,70,35,0.8022
Tokyo,0.357,0.9,0.616,0.91,0.118,0.99,0.923,0.96,0.92,0.88,0.896,0.74,0.605,0.99,0.178,0.71,1800,0,165,0.91,0.79,135,60,0.8804
Paris,0.357,0.98,0.616,0.95,0.118,0.97,0.923,0.82,0.92,0.99,0.896,0.65,0.605,0.92,0.178,0.45,1800,0,180,0.95,0.82,160,70,0.8589
Bali,0.789,0.73,0.862,0.76,0.978,0.91,0.778,0.87,0.147,0.51,0.148,0.99,0.447,0.72,0.797,0.98,2600,0,90,0.62,0.95,70,35,0.8273
Dubai,0.789,0.96,0.862,0.63,0.978,0.91,0.778,0.92,0.147,0.72,0.148,0.68,0.447,0.99,0.797,0.91,2600,0,190,0.58,0.96,175,70,0.8564
London,0.789,0.94,0.862,0.97,0.978,0.91,0.778,0.95,0.147,0.98,0.148,0.76,0.447,0.98,0.797,0.55,2600,0,210,0.89,0.64,190,75,0.8218
New York,0.768,0.94,0.353,0.82,0.494,0.96,0.481,0.99,0.973,0.97,0.602,0.71,0.637,0.99,0.138,0.63,1300,1,230,0.92,0.76,210,85,0.9165
Singapore,0.768,0.91,0.353,0.72,0.494,0.98,0.481,0.85,0.973,0.79,0.602,0.94,0.637,0.97,0.138,0.79,1300,1,155,0.9,0.94,145,50,0.8978
Istanbul,0.768,0.94,0.353,0.98,0.494,0.94,0.481,0.89,0.973,0.84,0.602,0.71,0.637,0.91,0.138,0.58,1300,1,85,0.84,0.88,65,32,0.8727
Bali,0.768,0.73,0.353,0.76,0.494,0.91,0.481,0.87,0.973,0.51,0.602,0.99,0.637,0.72,0.138,0.98,1300,1,90,0.62,0.95,70,35,0.8243
Switzerland,0.768,0.79,0.353,0.78,0.494,0.82,0.481,0.58,0.973,0.75,0.602,0.99,0.637,0.76,0.138,0.98,1300,1,240,0.88,0.78,220,90,0.8412
London,0.768,0.94,0.353,0.97,0.494,0.91,0.481,0.95,0.973,0.98,0.602,0.76,0.637,0.98,0.138,0.55,1300,1,210,0.89,0.64,190,75,0.9177
Tokyo,0.811,0.9,0.219,0.91,0.087,0.99,0.362,0.96,0.203,0.88,0.851,0.74,0.362,0.99,0.474,0.71,1100,0,165,0.91,0.79,135,60,0.8292
Istanbul,0.811,0.94,0.219,0.98,0.087,0.94,0.362,0.89,0.203,0.84,0.851,0.71,0.362,0.91,0.474,0.58,1100,0,85,0.84,0.88,65,32,0.8117
Barcelona,0.811,0.96,0.219,0.84,0.087,0.94,0.362,0.96,0.203,0.82,0.851,0.82,0.362,0.88,0.474,0.72,1100,0,150,0.93,0.94,130,58,0.881
Tokyo,0.972,0.9,0.913,0.91,0.242,0.99,0.828,0.96,0.056,0.88,0.138,0.74,0.962,0.99,0.704,0.71,2200,0,165,0.91,0.79,135,60,0.875
Paris,0.972,0.98,0.913,0.95,0.242,0.97,0.828,0.82,0.056,0.99,0.138,0.65,0.962,0.92,0.704,0.45,2200,0,180,0.95,0.82,160,70,0.8234
Rome,0.972,0.97,0.913,0.99,0.242,0.96,0.828,0.78,0.056,0.91,0.138,0.62,0.962,0.76,0.704,0.48,2200,0,145,0.91,0.9,125,55,0.8121
Bali,0.972,0.73,0.913,0.76,0.242,0.91,0.828,0.87,0.056,0.51,0.138,0.99,0.962,0.72,0.704,0.98,2200,0,90,0.62,0.95,70,35,0.812
Singapore,0.972,0.91,0.913,0.72,0.242,0.98,0.828,0.85,0.056,0.79,0.138,0.94,0.962,0.97,0.704,0.79,2200,0,155,0.9,0.94,145,50,0.8479
Dubai,0.972,0.96,0.913,0.63,0.242,0.91,0.828,0.92,0.056,0.72,0.138,0.68,0.962,0.99,0.704,0.91,2200,0,190,0.58,0.96,175,70,0.8472
London,0.831,0.94,0.416,0.97,0.765,0.91,0.47,0.95,0.14,0.98,0.527,0.76,0.949,0.98,0.47,0.55,1800,1,210,0.89,0.64,190,75,0.8634
Rome,0.831,0.97,0.416,0.99,0.765,0.96,0.47,0.78,0.14,0.91,0.527,0.62,0.949,0.76,0.47,0.48,1800,1,145,0.91,0.9,125,55,0.8767
Barcelona,0.831,0.96,0.416,0.84,0.765,0.94,0.47,0.96,0.14,0.82,0.527,0.82,0.949,0.88,0.47,0.72,1800,1,150,0.93,0.94,130,58,0.9226
Barcelona,0.174,0.96,0.16,0.84,0.396,0.94,0.424,0.96,0.948,0.82,0.454,0.82,0.711,0.88,0.258,0.72,1500,0,150,0.93,0.94,130,58,0.8739
London,0.174,0.94,0.16,0.97,0.396,0.91,0.424,0.95,0.948,0.98,0.454,0.76,0.711,0.98,0.258,0.55,1500,0,210,0.89,0.64,190,75,0.8528
Rome,0.174,0.97,0.16,0.99,0.396,0.96,0.424,0.78,0.948,0.91,0.454,0.62,0.711,0.76,0.258,0.48,1500,0,145,0.91,0.9,125,55,0.8023
New York,0.174,0.94,0.16,0.82,0.396,0.96,0.424,0.99,0.948,0.97,0.454,0.71,0.711,0.99,0.258,0.63,1500,0,230,0.92,0.76,210,85,0.8658
Dubai,0.174,0.96,0.16,0.63,0.396,0.91,0.424,0.92,0.948,0.72,0.454,0.68,0.711,0.99,0.258,0.91,1500,0,190,0.58,0.96,175,70,0.864
Bali,0.174,0.73,0.16,0.76,0.396,0.91,0.424,0.87,0.948,0.51,0.454,0.99,0.711,0.72,0.258,0.98,1500,0,90,0.62,0.95,70,35,0.8242
London,0.605,0.94,0.077,0.97,0.692,0.91,0.477,0.95,0.653,0.98,0.405,0.76,0.38,0.98,0.055,0.55,1800,1,210,0.89,0.64,190,75,0.8982
Rome,0.605,0.97,0.077,0.99,0.692,0.96,0.477,0.78,0.653,0.91,0.405,0.62,0.38,0.76,0.055,0.48,1800,1,145,0.91,0.9,125,55,0.9081
Switzerland,0.605,0.79,0.077,0.78,0.692,0.82,0.477,0.58,0.653,0.75,0.405,0.99,0.38,0.76,0.055,0.98,1800,1,240,0.88,0.78,220,90,0.8271
Bali,0.605,0.73,0.077,0.76,0.692,0.91,0.477,0.87,0.653,0.51,0.405,0.99,0.38,0.72,0.055,0.98,1800,1,90,0.62,0.95,70,35,0.8116
Bali,0.163,0.73,0.106,0.76,0.212,0.91,0.011,0.87,0.91,0.51,0.188,0.99,0.202,0.72,0.929,0.98,1300,1,90,0.62,0.95,70,35,0.825
Istanbul,0.163,0.94,0.106,0.98,0.212,0.94,0.011,0.89,0.91,0.84,0.188,0.71,0.202,0.91,0.929,0.58,1300,1,85,0.84,0.88,65,32,0.8466
Paris,0.163,0.98,0.106,0.95,0.212,0.97,0.011,0.82,0.91,0.99,0.188,0.65,0.202,0.92,0.929,0.45,1300,1,180,0.95,0.82,160,70,0.8178
Tokyo,0.315,0.9,0.944,0.91,0.008,0.99,0.357,0.96,0.282,0.88,0.398,0.74,0.195,0.99,0.752,0.71,1800,0,165,0.91,0.79,135,60,0.819
Dubai,0.315,0.96,0.944,0.63,0.008,0.91,0.357,0.92,0.282,0.72,0.398,0.68,0.195,0.99,0.752,0.91,1800,0,190,0.58,0.96,175,70,0.8383
New York,0.315,0.94,0.944,0.82,0.008,0.96,0.357,0.99,0.282,0.97,0.398,0.71,0.195,0.99,0.752,0.63,1800,0,230,0.92,0.76,210,85,0.7984
Switzerland,0.587,0.79,0.382,0.78,0.586,0.82,0.852,0.58,0.29,0.75,0.152,0.99,0.463,0.76,0.885,0.98,900,0,240,0.88,0.78,220,90,0.8278
Istanbul,0.587,0.94,0.382,0.98,0.586,0.94,0.852,0.89,0.29,0.84,0.152,0.71,0.463,0.91,0.885,0.58,900,0,85,0.84,0.88,65,32,0.8415
Barcelona,0.587,0.96,0.382,0.84,0.586,0.94,0.852,0.96,0.29,0.82,0.152,0.82,0.463,0.88,0.885,0.72,900,0,150,0.93,0.94,130,58,0.8919
Bali,0.587,0.73,0.382,0.76,0.586,0.91,0.852,0.87,0.29,0.51,0.152,0.99,0.463,0.72,0.885,0.98,900,0,90,0.62,0.95,70,35,0.8497
Bali,0.523,0.73,0.769,0.76,0.447,0.91,0.131,0.87,0.291,0.51,0.623,0.99,0.94,0.72,0.04,0.98,2200,0,90,0.62,0.95,70,35,0.8215
Istanbul,0.523,0.94,0.769,0.98,0.447,0.94,0.131,0.89,0.291,0.84,0.623,0.71,0.94,0.91,0.04,0.58,2200,0,85,0.84,0.88,65,32,0.8963
Rome,0.523,0.97,0.769,0.99,0.447,0.96,0.131,0.78,0.291,0.91,0.623,0.62,0.94,0.76,0.04,0.48,2200,0,145,0.91,0.9,125,55,0.8275
Barcelona,0.523,0.96,0.769,0.84,0.447,0.94,0.131,0.96,0.291,0.82,0.623,0.82,0.94,0.88,0.04,0.72,2200,0,150,0.93,0.94,130,58,0.8457
London,0.766,0.94,0.31,0.97,0.868,0.91,0.797,0.95,0.895,0.98,0.499,0.76,0.455,0.98,0.17,0.55,1500,0,210,0.89,0.64,190,75,0.8567
Bali,0.766,0.73,0.31,0.76,0.868,0.91,0.797,0.87,0.895,0.51,0.499,0.99,0.455,0.72,0.17,0.98,1500,0,90,0.62,0.95,70,35,0.7928
Tokyo,0.766,0.9,0.31,0.91,0.868,0.99,0.797,0.96,0.895,0.88,0.499,0.74,0.455,0.99,0.17,0.71,1500,0,165,0.91,0.79,135,60,0.8846
London,0.461,0.94,0.986,0.97,0.978,0.91,0.763,0.95,0.442,0.98,0.924,0.76,0.94,0.98,0.972,0.55,2600,0,210,0.89,0.64,190,75,0.8266
Dubai,0.461,0.96,0.986,0.63,0.978,0.91,0.763,0.92,0.442,0.72,0.924,0.68,0.94,0.99,0.972,0.91,2600,0,190,0.58,0.96,175,70,0.8659
Switzerland,0.461,0.79,0.986,0.78,0.978,0.82,0.763,0.58,0.442,0.75,0.924,0.99,0.94,0.76,0.972,0.98,2600,0,240,0.88,0.78,220,90,0.8416
Barcelona,0.461,0.96,0.986,0.84,0.978,0.94,0.763,0.96,0.442,0.82,0.924,0.82,0.94,0.88,0.972,0.72,2600,0,150,0.93,0.94,130,58,0.8545
Singapore,0.461,0.91,0.986,0.72,0.978,0.98,0.763,0.85,0.442,0.79,0.924,0.94,0.94,0.97,0.972,0.79,2600,0,155,0.9,0.94,145,50,0.8759
London,0.506,0.94,0.263,0.97,0.876,0.91,0.683,0.95,0.621,0.98,0.644,0.76,0.741,0.98,0.245,0.55,700,0,210,0.89,0.64,190,75,0.8594
Dubai,0.506,0.96,0.263,0.63,0.876,0.91,0.683,0.92,0.621,0.72,0.644,0.68,0.741,0.99,0.245,0.91,700,0,190,0.58,0.96,175,70,0.8772
Barcelona,0.506,0.96,0.263,0.84,0.876,0.94,0.683,0.96,0.621,0.82,0.644,0.82,0.741,0.88,0.245,0.72,700,0,150,0.93,0.94,130,58,0.861
Amsterdam,0.874,0.91,0.669,0.88,0.349,0.79,0.468,0.92,0.535,0.95,0.818,0.78,0.109,0.86,0.18,0.65,900,1,175,0.96,0.68,155,65,0.9057
Dubai,0.874,0.96,0.669,0.63,0.349,0.91,0.468,0.92,0.535,0.72,0.818,0.68,0.109,0.99,0.18,0.91,900,1,190,0.58,0.96,175,70,0.8363
Tokyo,0.874,0.9,0.669,0.91,0.349,0.99,0.468,0.96,0.535,0.88,0.818,0.74,0.109,0.99,0.18,0.71,900,1,165,0.91,0.79,135,60,0.9052
Rome,0.874,0.97,0.669,0.99,0.349,0.96,0.468,0.78,0.535,0.91,0.818,0.62,0.109,0.76,0.18,0.48,900,1,145,0.91,0.9,125,55,0.8856
Bali,0.874,0.73,0.669,0.76,0.349,0.91,0.468,0.87,0.535,0.51,0.818,0.99,0.109,0.72,0.18,0.98,900,1,90,0.62,0.95,70,35,0.827
Barcelona,0.874,0.96,0.669,0.84,0.349,0.94,0.468,0.96,0.535,0.82,0.818,0.82,0.109,0.88,0.18,0.72,900,1,150,0.93,0.94,130,58,0.8906
Amsterdam,0.156,0.91,0.47,0.88,0.64,0.79,0.32,0.92,0.031,0.95,0.601,0.78,0.38,0.86,0.936,0.65,1800,1,175,0.96,0.68,155,65,0.8251
Paris,0.156,0.98,0.47,0.95,0.64,0.97,0.32,0.82,0.031,0.99,0.601,0.65,0.38,0.92,0.936,0.45,1800,1,180,0.95,0.82,160,70,0.8149
Istanbul,0.156,0.94,0.47,0.98,0.64,0.94,0.32,0.89,0.031,0.84,0.601,0.71,0.38,0.91,0.936,0.58,1800,1,85,0.84,0.88,65,32,0.8354
Switzerland,0.156,0.79,0.47,0.78,0.64,0.82,0.32,0.58,0.031,0.75,0.601,0.99,0.38,0.76,0.936,0.98,1800,1,240,0.88,0.78,220,90,0.8682
Dubai,0.156,0.96,0.47,0.63,0.64,0.91,0.32,0.92,0.031,0.72,0.601,0.68,0.38,0.99,0.936,0.91,1800,1,190,0.58,0.96,175,70,0.8393
Barcelona,0.156,0.96,0.47,0.84,0.64,0.94,0.32,0.96,0.031,0.82,0.601,0.82,0.38,0.88,0.936,0.72,1800,1,150,0.93,0.94,130,58,0.9116
Tokyo,0.451,0.9,0.42,0.91,0.214,0.99,0.893,0.96,0.184,0.88,0.054,0.74,0.895,0.99,0.429,0.71,1500,0,165,0.91,0.79,135,60,0.8816
Dubai,0.451,0.96,0.42,0.63,0.214,0.91,0.893,0.92,0.184,0.72,0.054,0.68,0.895,0.99,0.429,0.91,1500,0,190,0.58,0.96,175,70,0.8957
Singapore,0.451,0.91,0.42,0.72,0.214,0.98,0.893,0.85,0.184,0.79,0.054,0.94,0.895,0.97,0.429,0.79,1500,0,155,0.9,0.94,145,50,0.8901
Bali,0.451,0.73,0.42,0.76,0.214,0.91,0.893,0.87,0.184,0.51,0.054,0.99,0.895,0.72,0.429,0.98,1500,0,90,0.62,0.95,70,35,0.8219
Paris,0.913,0.98,0.57,0.95,0.823,0.97,0.561,0.82,0.894,0.99,0.199,0.65,0.723,0.92,0.578,0.45,1100,1,180,0.95,0.82,160,70,0.9237
Barcelona,0.913,0.96,0.57,0.84,0.823,0.94,0.561,0.96,0.894,0.82,0.199,0.82,0.723,0.88,0.578,0.72,1100,1,150,0.93,0.94,130,58,0.8941
Singapore,0.913,0.91,0.57,0.72,0.823,0.98,0.561,0.85,0.894,0.79,0.199,0.94,0.723,0.97,0.578,0.79,1100,1,155,0.9,0.94,145,50,0.9294
Switzerland,0.913,0.79,0.57,0.78,0.823,0.82,0.561,0.58,0.894,0.75,0.199,0.99,0.723,0.76,0.578,0.98,1100,1,240,0.88,0.78,220,90,0.8346
Bali,0.913,0.73,0.57,0.76,0.823,0.91,0.561,0.87,0.894,0.51,0.199,0.99,0.723,0.72,0.578,0.98,1100,1,90,0.62,0.95,70,35,0.823
Barcelona,0.004,0.96,0.451,0.84,0.833,0.94,0.126,0.96,0.449,0.82,0.969,0.82,0.097,0.88,0.219,0.72,1300,1,150,0.93,0.94,130,58,0.9238
Bali,0.004,0.73,0.451,0.76,0.833,0.91,0.126,0.87,0.449,0.51,0.969,0.99,0.097,0.72,0.219,0.98,1300,1,90,0.62,0.95,70,35,0.8728
Dubai,0.004,0.96,0.451,0.63,0.833,0.91,0.126,0.92,0.449,0.72,0.969,0.68,0.097,0.99,0.219,0.91,1300,1,190,0.58,0.96,175,70,0.7947
Amsterdam,0.004,0.91,0.451,0.88,0.833,0.79,0.126,0.92,0.449,0.95,0.969,0.78,0.097,0.86,0.219,0.65,1300,1,175,0.96,0.68,155,65,0.8719
Tokyo,0.004,0.9,0.451,0.91,0.833,0.99,0.126,0.96,0.449,0.88,0.969,0.74,0.097,0.99,0.219,0.71,1300,1,165,0.91,0.79,135,60,0.8649
Rome,0.004,0.97,0.451,0.99,0.833,0.96,0.126,0.78,0.449,0.91,0.969,0.62,0.097,0.76,0.219,0.48,1300,1,145,0.91,0.9,125,55,0.8843
Switzerland,0.004,0.79,0.451,0.78,0.833,0.82,0.126,0.58,0.449,0.75,0.969,0.99,0.097,0.76,0.219,0.98,1300,1,240,0.88,0.78,220,90,0.8799
Singapore,0.868,0.91,0.699,0.72,0.649,0.98,0.456,0.85,0.41,0.79,0.352,0.94,0.542,0.97,0.523,0.79,1800,0,155,0.9,0.94,145,50,0.8681
Dubai,0.868,0.96,0.699,0.63,0.649,0.91,0.456,0.92,0.41,0.72,0.352,0.68,0.542,0.99,0.523,0.91,1800,0,190,0.58,0.96,175,70,0.84
Tokyo,0.868,0.9,0.699,0.91,0.649,0.99,0.456,0.96,0.41,0.88,0.352,0.74,0.542,0.99,0.523,0.71,1800,0,165,0.91,0.79,135,60,0.8628
Barcelona,0.868,0.96,0.699,0.84,0.649,0.94,0.456,0.96,0.41,0.82,0.352,0.82,0.542,0.88,0.523,0.72,1800,0,150,0.93,0.94,130,58,0.8596
Bali,0.66,0.73,0.68,0.76,0.634,0.91,0.702,0.87,0.938,0.51,0.906,0.99,0.099,0.72,0.088,0.98,900,0,90,0.62,0.95,70,35,0.8189
Dubai,0.66,0.96,0.68,0.63,0.634,0.91,0.702,0.92,0.938,0.72,0.906,0.68,0.099,0.99,0.088,0.91,900,0,190,0.58,0.96,175,70,0.8371
Rome,0.66,0.97,0.68,0.99,0.634,0.96,0.702,0.78,0.938,0.91,0.906,0.62,0.099,0.76,0.088,0.48,900,0,145,0.91,0.9,125,55,0.8715
Singapore,0.1,0.91,0.444,0.72,0.581,0.98,0.033,0.85,0.29,0.79,0.421,0.94,0.223,0.97,0.455,0.79,2200,0,155,0.9,0.94,145,50,0.86
Rome,0.1,0.97,0.444,0.99,0.581,0.96,0.033,0.78,0.29,0.91,0.421,0.62,0.223,0.76,0.455,0.48,2200,0,145,0.91,0.9,125,55,0.8349
Tokyo,0.1,0.9,0.444,0.91,0.581,0.99,0.033,0.96,0.29,0.88,0.421,0.74,0.223,0.99,0.455,0.71,2200,0,165,0.91,0.79,135,60,0.8602
Istanbul,0.1,0.94,0.444,0.98,0.581,0.94,0.033,0.89,0.29,0.84,0.421,0.71,0.223,0.91,0.455,0.58,2200,0,85,0.84,0.88,65,32,0.848
Dubai,0.008,0.96,0.375,0.63,0.224,0.91,0.284,0.92,0.88,0.72,0.264,0.68,0.838,0.99,0.795,0.91,2200,0,190,0.58,0.96,175,70,0.8254
Paris,0.008,0.98,0.375,0.95,0.224,0.97,0.284,0.82,0.88,0.99,0.264,0.65,0.838,0.92,0.795,0.45,2200,0,180,0.95,0.82,160,70,0.8349
Switzerland,0.008,0.79,0.375,0.78,0.224,0.82,0.284,0.58,0.88,0.75,0.264,0.99,0.838,0.76,0.795,0.98,2200,0,240,0.88,0.78,220,90,0.8332
Dubai,0.519,0.96,0.741,0.63,0.317,0.91,0.17,0.92,0.572,0.72,0.43,0.68,0.556,0.99,0.391,0.91,2200,0,190,0.58,0.96,175,70,0.8193
Barcelona,0.519,0.96,0.741,0.84,0.317,0.94,0.17,0.96,0.572,0.82,0.43,0.82,0.556,0.88,0.391,0.72,2200,0,150,0.93,0.94,130,58,0.8459
Istanbul,0.519,0.94,0.741,0.98,0.317,0.94,0.17,0.89,0.572,0.84,0.43,0.71,0.556,0.91,0.391,0.58,2200,0,85,0.84,0.88,65,32,0.865
Switzerland,0.519,0.79,0.741,0.78,0.317,0.82,0.17,0.58,0.572,0.75,0.43,0.99,0.556,0.76,0.391,0.98,2200,0,240,0.88,0.78,220,90,0.7975
Bali,0.519,0.73,0.741,0.76,0.317,0.91,0.17,0.87,0.572,0.51,0.43,0.99,0.556,0.72,0.391,0.98,2200,0,90,0.62,0.95,70,35,0.7933
New York,0.519,0.94,0.741,0.82,0.317,0.96,0.17,0.99,0.572,0.97,0.43,0.71,0.556,0.99,0.391,0.63,2200,0,230,0.92,0.76,210,85,0.8534
London,0.519,0.94,0.741,0.97,0.317,0.91,0.17,0.95,0.572,0.98,0.43,0.76,0.556,0.98,0.391,0.55,2200,0,210,0.89,0.64,190,75,0.8449
Istanbul,0.762,0.94,0.917,0.98,0.837,0.94,0.159,0.89,0.322,0.84,0.093,0.71,0.026,0.91,0.012,0.58,1100,0,85,0.84,0.88,65,32,0.8778
New York,0.762,0.94,0.917,0.82,0.837,0.96,0.159,0.99,0.322,0.97,0.093,0.71,0.026,0.99,0.012,0.63,1100,0,230,0.92,0.76,210,85,0.8686
Rome,0.762,0.97,0.917,0.99,0.837,0.96,0.159,0.78,0.322,0.91,0.093,0.62,0.026,0.76,0.012,0.48,1100,0,145,0.91,0.9,125,55,0.9126
Dubai,0.762,0.96,0.917,0.63,0.837,0.91,0.159,0.92,0.322,0.72,0.093,0.68,0.026,0.99,0.012,0.91,1100,0,190,0.58,0.96,175,70,0.8278
Paris,0.762,0.98,0.917,0.95,0.837,0.97,0.159,0.82,0.322,0.99,0.093,0.65,0.026,0.92,0.012,0.45,1100,0,180,0.95,0.82,160,70,0.8884
Tokyo,0.762,0.9,0.917,0.91,0.837,0.99,0.159,0.96,0.322,0.88,0.093,0.74,0.026,0.99,0.012,0.71,1100,0,165,0.91,0.79,135,60,0.9029
Switzerland,0.762,0.79,0.917,0.78,0.837,0.82,0.159,0.58,0.322,0.75,0.093,0.99,0.026,0.76,0.012,0.98,1100,0,240,0.88,0.78,220,90,0.7899
Singapore,0.535,0.91,0.245,0.72,0.78,0.98,0.786,0.85,0.77,0.79,0.659,0.94,0.275,0.97,0.935,0.79,700,0,155,0.9,0.94,145,50,0.8454
Bali,0.535,0.73,0.245,0.76,0.78,0.91,0.786,0.87,0.77,0.51,0.659,0.99,0.275,0.72,0.935,0.98,700,0,90,0.62,0.95,70,35,0.8312
Rome,0.535,0.97,0.245,0.99,0.78,0.96,0.786,0.78,0.77,0.91,0.659,0.62,0.275,0.76,0.935,0.48,700,0,145,0.91,0.9,125,55,0.828
Dubai,0.093,0.96,0.494,0.63,0.361,0.91,0.838,0.92,0.391,0.72,0.491,0.68,0.022,0.99,0.074,0.91,900,0,190,0.58,0.96,175,70,0.8001
Tokyo,0.093,0.9,0.494,0.91,0.361,0.99,0.838,0.96,0.391,0.88,0.491,0.74,0.022,0.99,0.074,0.71,900,0,165,0.91,0.79,135,60,0.8506
Singapore,0.093,0.91,0.494,0.72,0.361,0.98,0.838,0.85,0.391,0.79,0.491,0.94,0.022,0.97,0.074,0.79,900,0,155,0.9,0.94,145,50,0.8589
Barcelona,0.093,0.96,0.494,0.84,0.361,0.94,0.838,0.96,0.391,0.82,0.491,0.82,0.022,0.88,0.074,0.72,900,0,150,0.93,0.94,130,58,0.8799
New York,0.093,0.94,0.494,0.82,0.361,0.96,0.838,0.99,0.391,0.97,0.491,0.71,0.022,0.99,0.074,0.63,900,0,230,0.92,0.76,210,85,0.8377
Bali,0.093,0.73,0.494,0.76,0.361,0.91,0.838,0.87,0.391,0.51,0.491,0.99,0.022,0.72,0.074,0.98,900,0,90,0.62,0.95,70,35,0.8626
New York,0.994,0.94,0.484,0.82,0.614,0.96,0.546,0.99,0.158,0.97,0.742,0.71,0.927,0.99,0.193,0.63,700,0,230,0.92,0.76,210,85,0.8559
Barcelona,0.994,0.96,0.484,0.84,0.614,0.94,0.546,0.96,0.158,0.82,0.742,0.82,0.927,0.88,0.193,0.72,700,0,150,0.93,0.94,130,58,0.8652
Amsterdam,0.994,0.91,0.484,0.88,0.614,0.79,0.546,0.92,0.158,0.95,0.742,0.78,0.927,0.86,0.193,0.65,700,0,175,0.96,0.68,155,65,0.8407
Tokyo,0.994,0.9,0.484,0.91,0.614,0.99,0.546,0.96,0.158,0.88,0.742,0.74,0.927,0.99,0.193,0.71,700,0,165,0.91,0.79,135,60,0.8933
Rome,0.994,0.97,0.484,0.99,0.614,0.96,0.546,0.78,0.158,0.91,0.742,0.62,0.927,0.76,0.193,0.48,700,0,145,0.91,0.9,125,55,0.8255
Singapore,0.994,0.91,0.484,0.72,0.614,0.98,0.546,0.85,0.158,0.79,0.742,0.94,0.927,0.97,0.193,0.79,700,0,155,0.9,0.94,145,50,0.8832
Paris,0.994,0.98,0.484,0.95,0.614,0.97,0.546,0.82,0.158,0.99,0.742,0.65,0.927,0.92,0.193,0.45,700,0,180,0.95,0.82,160,70,0.8771
Dubai,0.349,0.96,0.551,0.63,0.294,0.91,0.745,0.92,0.496,0.72,0.513,0.68,0.4,0.99,0.193,0.91,1100,0,190,0.58,0.96,175,70,0.8542
Rome,0.349,0.97,0.551,0.99,0.294,0.96,0.745,0.78,0.496,0.91,0.513,0.62,0.4,0.76,0.193,0.48,1100,0,145,0.91,0.9,125,55,0.8563
Bali,0.349,0.73,0.551,0.76,0.294,0.91,0.745,0.87,0.496,0.51,0.513,0.99,0.4,0.72,0.193,0.98,1100,0,90,0.62,0.95,70,35,0.8234
London,0.349,0.94,0.551,0.97,0.294,0.91,0.745,0.95,0.496,0.98,0.513,0.76,0.4,0.98,0.193,0.55,1100,0,210,0.89,0.64,190,75,0.8774
Barcelona,0.349,0.96,0.551,0.84,0.294,0.94,0.745,0.96,0.496,0.82,0.513,0.82,0.4,0.88,0.193,0.72,1100,0,150,0.93,0.94,130,58,0.8668
Paris,0.747,0.98,0.816,0.95,0.623,0.97,0.607,0.82,0.429,0.99,0.567,0.65,0.374,0.92,0.633,0.45,900,1,180,0.95,0.82,160,70,0.871
New York,0.747,0.94,0.816,0.82,0.623,0.96,0.607,0.99,0.429,0.97,0.567,0.71,0.374,0.99,0.633,0.63,900,1,230,0.92,0.76,210,85,0.9045
London,0.747,0.94,0.816,0.97,0.623,0.91,0.607,0.95,0.429,0.98,0.567,0.76,0.374,0.98,0.633,0.55,900,1,210,0.89,0.64,190,75,0.8861
Dubai,0.747,0.96,0.816,0.63,0.623,0.91,0.607,0.92,0.429,0.72,0.567,0.68,0.374,0.99,0.633,0.91,900,1,190,0.58,0.96,175,70,0.8773
Rome,0.352,0.97,0.03,0.99,0.18,0.96,0.323,0.78,0.791,0.91,0.358,0.62,0.073,0.76,0.657,0.48,1800,0,145,0.91,0.9,125,55,0.7834
Paris,0.352,0.98,0.03,0.95,0.18,0.97,0.323,0.82,0.791,0.99,0.358,0.65,0.073,0.92,0.657,0.45,1800,0,180,0.95,0.82,160,70,0.8111
Tokyo,0.352,0.9,0.03,0.91,0.18,0.99,0.323,0.96,0.791,0.88,0.358,0.74,0.073,0.99,0.657,0.71,1800,0,165,0.91,0.79,135,60,0.8263
Switzerland,0.352,0.79,0.03,0.78,0.18,0.82,0.323,0.58,0.791,0.75,0.358,0.99,0.073,0.76,0.657,0.98,1800,0,240,0.88,0.78,220,90,0.8103
Bali,0.352,0.73,0.03,0.76,0.18,0.91,0.323,0.87,0.791,0.51,0.358,0.99,0.073,0.72,0.657,0.98,1800,0,90,0.62,0.95,70,35,0.7963
Tokyo,0.284,0.9,0.212,0.91,0.217,0.99,0.561,0.96,0.716,0.88,0.946,0.74,0.807,0.99,0.671,0.71,2200,1,165,0.91,0.79,135,60,0.8875
Amsterdam,0.284,0.91,0.212,0.88,0.217,0.79,0.561,0.92,0.716,0.95,0.946,0.78,0.807,0.86,0.671,0.65,2200,1,175,0.96,0.68,155,65,0.8888
Switzerland,0.284,0.79,0.212,0.78,0.217,0.82,0.561,0.58,0.716,0.75,0.946,0.99,0.807,0.76,0.671,0.98,2200,1,240,0.88,0.78,220,90,0.8565
Paris,0.284,0.98,0.212,0.95,0.217,0.97,0.561,0.82,0.716,0.99,0.946,0.65,0.807,0.92,0.671,0.45,2200,1,180,0.95,0.82,160,70,0.8365
Singapore,0.284,0.91,0.212,0.72,0.217,0.98,0.561,0.85,0.716,0.79,0.946,0.94,0.807,0.97,0.671,0.79,2200,1,155,0.9,0.94,145,50,0.8934
Paris,0.327,0.98,0.383,0.95,0.576,0.97,0.285,0.82,0.644,0.99,0.856,0.65,0.988,0.92,0.912,0.45,1500,0,180,0.95,0.82,160,70,0.7894
New York,0.327,0.94,0.383,0.82,0.576,0.96,0.285,0.99,0.644,0.97,0.856,0.71,0.988,0.99,0.912,0.63,1500,0,230,0.92,0.76,210,85,0.8365
Switzerland,0.327,0.79,0.383,0.78,0.576,0.82,0.285,0.58,0.644,0.75,0.856,0.99,0.988,0.76,0.912,0.98,1500,0,240,0.88,0.78,220,90,0.8478
Istanbul,0.327,0.94,0.383,0.98,0.576,0.94,0.285,0.89,0.644,0.84,0.856,0.71,0.988,0.91,0.912,0.58,1500,0,85,0.84,0.88,65,32,0.8231
Tokyo,0.327,0.9,0.383,0.91,0.576,0.99,0.285,0.96,0.644,0.88,0.856,0.74,0.988,0.99,0.912,0.71,1500,0,165,0.91,0.79,135,60,0.8396
Singapore,0.327,0.91,0.383,0.72,0.576,0.98,0.285,0.85,0.644,0.79,0.856,0.94,0.988,0.97,0.912,0.79,1500,0,155,0.9,0.94,145,50,0.8626
Rome,0.346,0.97,0.08,0.99,0.775,0.96,0.494,0.78,0.047,0.91,0.298,0.62,0.984,0.76,0.493,0.48,900,1,145,0.91,0.9,125,55,0.8759
Paris,0.346,0.98,0.08,0.95,0.775,0.97,0.494,0.82,0.047,0.99,0.298,0.65,0.984,0.92,0.493,0.45,900,1,180,0.95,0.82,160,70,0.8965
Amsterdam,0.346,0.91,0.08,0.88,0.775,0.79,0.494,0.92,0.047,0.95,0.298,0.78,0.984,0.86,0.493,0.65,900,1,175,0.96,0.68,155,65,0.8692
Switzerland,0.346,0.79,0.08,0.78,0.775,0.82,0.494,0.58,0.047,0.75,0.298,0.99,0.984,0.76,0.493,0.98,900,1,240,0.88,0.78,220,90,0.8332
New York,0.346,0.94,0.08,0.82,0.775,0.96,0.494,0.99,0.047,0.97,0.298,0.71,0.984,0.99,0.493,0.63,900,1,230,0.92,0.76,210,85,0.8875
Istanbul,0.346,0.94,0.08,0.98,0.775,0.94,0.494,0.89,0.047,0.84,0.298,0.71,0.984,0.91,0.493,0.58,900,1,85,0.84,0.88,65,32,0.8957
Singapore,0.346,0.91,0.08,0.72,0.775,0.98,0.494,0.85,0.047,0.79,0.298,0.94,0.984,0.97,0.493,0.79,900,1,155,0.9,0.94,145,50,0.9478
Tokyo,0.816,0.9,0.538,0.91,0.005,0.99,0.688,0.96,0.052,0.88,0.883,0.74,0.043,0.99,0.048,0.71,1500,0,165,0.91,0.79,135,60,0.8706
Bali,0.816,0.73,0.538,0.76,0.005,0.91,0.688,0.87,0.052,0.51,0.883,0.99,0.043,0.72,0.048,0.98,1500,0,90,0.62,0.95,70,35,0.8542
Dubai,0.816,0.96,0.538,0.63,0.005,0.91,0.688,0.92,0.052,0.72,0.883,0.68,0.043,0.99,0.048,0.91,1500,0,190,0.58,0.96,175,70,0.812
London,0.816,0.94,0.538,0.97,0.005,0.91,0.688,0.95,0.052,0.98,0.883,0.76,0.043,0.98,0.048,0.55,1500,0,210,0.89,0.64,190,75,0.8395
Barcelona,0.816,0.96,0.538,0.84,0.005,0.94,0.688,0.96,0.052,0.82,0.883,0.82,0.043,0.88,0.048,0.72,1500,0,150,0.93,0.94,130,58,0.8613
Istanbul,0.584,0.94,0.85,0.98,0.895,0.94,0.637,0.89,0.668,0.84,0.522,0.71,0.241,0.91,0.478,0.58,2600,1,85,0.84,0.88,65,32,0.9045
Singapore,0.584,0.91,0.85,0.72,0.895,0.98,0.637,0.85,0.668,0.79,0.522,0.94,0.241,0.97,0.478,0.79,2600,1,155,0.9,0.94,145,50,0.9105
Amsterdam,0.584,0.91,0.85,0.88,0.895,0.79,0.637,0.92,0.668,0.95,0.522,0.78,0.241,0.86,0.478,0.65,2600,1,175,0.96,0.68,155,65,0.8652
Rome,0.584,0.97,0.85,0.99,0.895,0.96,0.637,0.78,0.668,0.91,0.522,0.62,0.241,0.76,0.478,0.48,2600,1,145,0.91,0.9,125,55,0.9034
London,0.584,0.94,0.85,0.97,0.895,0.91,0.637,0.95,0.668,0.98,0.522,0.76,0.241,0.98,0.478,0.55,2600,1,210,0.89,0.64,190,75,0.8747
Rome,0.647,0.97,0.856,0.99,0.695,0.96,0.075,0.78,0.495,0.91,0.212,0.62,0.67,0.76,0.468,0.48,2200,0,145,0.91,0.9,125,55,0.8746
Tokyo,0.647,0.9,0.856,0.91,0.695,0.99,0.075,0.96,0.495,0.88,0.212,0.74,0.67,0.99,0.468,0.71,2200,0,165,0.91,0.79,135,60,0.8799
Amsterdam,0.647,0.91,0.856,0.88,0.695,0.79,0.075,0.92,0.495,0.95,0.212,0.78,0.67,0.86,0.468,0.65,2200,0,175,0.96,0.68,155,65,0.8322
New York,0.647,0.94,0.856,0.82,0.695,0.96,0.075,0.99,0.495,0.97,0.212,0.71,0.67,0.99,0.468,0.63,2200,0,230,0.92,0.76,210,85,0.8738
Switzerland,0.647,0.79,0.856,0.78,0.695,0.82,0.075,0.58,0.495,0.75,0.212,0.99,0.67,0.76,0.468,0.98,2200,0,240,0.88,0.78,220,90,0.7951
Dubai,0.647,0.96,0.856,0.63,0.695,0.91,0.075,0.92,0.495,0.72,0.212,0.68,0.67,0.99,0.468,0.91,2200,0,190,0.58,0.96,175,70,0.8304
Singapore,0.917,0.91,0.386,0.72,0.452,0.98,0.62,0.85,0.203,0.79,0.4,0.94,0.069,0.97,0.423,0.79,1500,0,155,0.9,0.94,145,50,0.842
Rome,0.917,0.97,0.386,0.99,0.452,0.96,0.62,0.78,0.203,0.91,0.4,0.62,0.069,0.76,0.423,0.48,1500,0,145,0.91,0.9,125,55,0.8356
Switzerland,0.917,0.79,0.386,0.78,0.452,0.82,0.62,0.58,0.203,0.75,0.4,0.99,0.069,0.76,0.423,0.98,1500,0,240,0.88,0.78,220,90,0.7955
Amsterdam,0.917,0.91,0.386,0.88,0.452,0.79,0.62,0.92,0.203,0.95,0.4,0.78,0.069,0.86,0.423,0.65,1500,0,175,0.96,0.68,155,65,0.8253
London,0.531,0.94,0.352,0.97,0.118,0.91,0.55,0.95,0.354,0.98,0.212,0.76,0.397,0.98,0.431,0.55,1800,0,210,0.89,0.64,190,75,0.8661
Tokyo,0.531,0.9,0.352,0.91,0.118,0.99,0.55,0.96,0.354,0.88,0.212,0.74,0.397,0.99,0.431,0.71,1800,0,165,0.91,0.79,135,60,0.8455
Rome,0.531,0.97,0.352,0.99,0.118,0.96,0.55,0.78,0.354,0.91,0.212,0.62,0.397,0.76,0.431,0.48,1800,0,145,0.91,0.9,125,55,0.8069
Paris,0.531,0.98,0.352,0.95,0.118,0.97,0.55,0.82,0.354,0.99,0.212,0.65,0.397,0.92,0.431,0.45,1800,0,180,0.95,0.82,160,70,0.8186
Dubai,0.531,0.96,0.352,0.63,0.118,0.91,0.55,0.92,0.354,0.72,0.212,0.68,0.397,0.99,0.431,0.91,1800,0,190,0.58,0.96,175,70,0.8501
Switzerland,0.531,0.79,0.352,0.78,0.118,0.82,0.55,0.58,0.354,0.75,0.212,0.99,0.397,0.76,0.431,0.98,1800,0,240,0.88,0.78,220,90,0.8039
Rome,0.519,0.97,0.109,0.99,0.05,0.96,0.249,0.78,0.111,0.91,0.115,0.62,0.895,0.76,0.575,0.48,1300,0,145,0.91,0.9,125,55,0.7794
London,0.519,0.94,0.109,0.97,0.05,0.91,0.249,0.95,0.111,0.98,0.115,0.76,0.895,0.98,0.575,0.55,1300,0,210,0.89,0.64,190,75,0.8484
Amsterdam,0.519,0.91,0.109,0.88,0.05,0.79,0.249,0.92,0.111,0.95,0.115,0.78,0.895,0.86,0.575,0.65,1300,0,175,0.96,0.68,155,65,0.8252
Dubai,0.519,0.96,0.109,0.63,0.05,0.91,0.249,0.92,0.111,0.72,0.115,0.68,0.895,0.99,0.575,0.91,1300,0,190,0.58,0.96,175,70,0.8968
New York,0.519,0.94,0.109,0.82,0.05,0.96,0.249,0.99,0.111,0.97,0.115,0.71,0.895,0.99,0.575,0.63,1300,0,230,0.92,0.76,210,85,0.8378
Bali,0.519,0.73,0.109,0.76,0.05,0.91,0.249,0.87,0.111,0.51,0.115,0.99,0.895,0.72,0.575,0.98,1300,0,90,0.62,0.95,70,35,0.811
Paris,0.519,0.98,0.109,0.95,0.05,0.97,0.249,0.82,0.111,0.99,0.115,0.65,0.895,0.92,0.575,0.45,1300,0,180,0.95,0.82,160,70,0.8264
Switzerland,0.706,0.79,0.288,0.78,0.003,0.82,0.185,0.58,0.908,0.75,0.622,0.99,0.739,0.76,0.853,0.98,1300,0,240,0.88,0.78,220,90,0.848
Rome,0.706,0.97,0.288,0.99,0.003,0.96,0.185,0.78,0.908,0.91,0.622,0.62,0.739,0.76,0.853,0.48,1300,0,145,0.91,0.9,125,55,0.7821
Barcelona,0.706,0.96,0.288,0.84,0.003,0.94,0.185,0.96,0.908,0.82,0.622,0.82,0.739,0.88,0.853,0.72,1300,0,150,0.93,0.94,130,58,0.8242
Bali,0.706,0.73,0.288,0.76,0.003,0.91,0.185,0.87,0.908,0.51,0.622,0.99,0.739,0.72,0.853,0.98,1300,0,90,0.62,0.95,70,35,0.81
Tokyo,0.706,0.9,0.288,0.91,0.003,0.99,0.185,0.96,0.908,0.88,0.622,0.74,0.739,0.99,0.853,0.71,1300,0,165,0.91,0.79,135,60,0.833
Rome,0.178,0.97,0.264,0.99,0.077,0.96,0.679,0.78,0.853,0.91,0.594,0.62,0.97,0.76,0.583,0.48,2600,0,145,0.91,0.9,125,55,0.7974
Paris,0.178,0.98,0.264,0.95,0.077,0.97,0.679,0.82,0.853,0.99,0.594,0.65,0.97,0.92,0.583,0.45,2600,0,180,0.95,0.82,160,70,0.8367
Switzerland,0.178,0.79,0.264,0.78,0.077,0.82,0.679,0.58,0.853,0.75,0.594,0.99,0.97,0.76,0.583,0.98,2600,0,240,0.88,0.78,220,90,0.8191
London,0.178,0.94,0.264,0.97,0.077,0.91,0.679,0.95,0.853,0.98,0.594,0.76,0.97,0.98,0.583,0.55,2600,0,210,0.89,0.64,190,75,0.8224
Amsterdam,0.178,0.91,0.264,0.88,0.077,0.79,0.679,0.92,0.853,0.95,0.594,0.78,0.97,0.86,0.583,0.65,2600,0,175,0.96,0.68,155,65,0.843
New York,0.178,0.94,0.264,0.82,0.077,0.96,0.679,0.99,0.853,0.97,0.594,0.71,0.97,0.99,0.583,0.63,2600,0,230,0.92,0.76,210,85,0.8476
London,0.491,0.94,0.351,0.97,0.546,0.91,0.663,0.95,0.254,0.98,0.459,0.76,0.828,0.98,0.301,0.55,1800,1,210,0.89,0.64,190,75,0.9044
Switzerland,0.491,0.79,0.351,0.78,0.546,0.82,0.663,0.58,0.254,0.75,0.459,0.99,0.828,0.76,0.301,0.98,1800,1,240,0.88,0.78,220,90,0.8141
New York,0.491,0.94,0.351,0.82,0.546,0.96,0.663,0.99,0.254,0.97,0.459,0.71,0.828,0.99,0.301,0.63,1800,1,230,0.92,0.76,210,85,0.9331
Switzerland,0.856,0.79,0.659,0.78,0.142,0.82,0.498,0.58,0.244,0.75,0.741,0.99,0.973,0.76,0.359,0.98,900,0,240,0.88,0.78,220,90,0.7952
Rome,0.856,0.97,0.659,0.99,0.142,0.96,0.498,0.78,0.244,0.91,0.741,0.62,0.973,0.76,0.359,0.48,900,0,145,0.91,0.9,125,55,0.8436
London,0.856,0.94,0.659,0.97,0.142,0.91,0.498,0.95,0.244,0.98,0.741,0.76,0.973,0.98,0.359,0.55,900,0,210,0.89,0.64,190,75,0.843
New York,0.856,0.94,0.659,0.82,0.142,0.96,0.498,0.99,0.244,0.97,0.741,0.71,0.973,0.99,0.359,0.63,900,0,230,0.92,0.76,210,85,0.8444
Singapore,0.856,0.91,0.659,0.72,0.142,0.98,0.498,0.85,0.244,0.79,0.741,0.94,0.973,0.97,0.359,0.79,900,0,155,0.9,0.94,145,50,0.8761
Bali,0.856,0.73,0.659,0.76,0.142,0.91,0.498,0.87,0.244,0.51,0.741,0.99,0.973,0.72,0.359,0.98,900,0,90,0.62,0.95,70,35,0.8501
Paris,0.276,0.98,0.191,0.95,0.58,0.97,0.702,0.82,0.834,0.99,0.123,0.65,0.795,0.92,0.567,0.45,1800,1,180,0.95,0.82,160,70,0.8889
Singapore,0.276,0.91,0.191,0.72,0.58,0.98,0.702,0.85,0.834,0.79,0.123,0.94,0.795,0.97,0.567,0.79,1800,1,155,0.9,0.94,145,50,0.8897
Barcelona,0.276,0.96,0.191,0.84,0.58,0.94,0.702,0.96,0.834,0.82,0.123,0.82,0.795,0.88,0.567,0.72,1800,1,150,0.93,0.94,130,58,0.932
London,0.624,0.94,0.664,0.97,0.304,0.91,0.288,0.95,0.8,0.98,0.016,0.76,0.041,0.98,0.283,0.55,900,0,210,0.89,0.64,190,75,0.8525
Paris,0.624,0.98,0.664,0.95,0.304,0.97,0.288,0.82,0.8,0.99,0.016,0.65,0.041,0.92,0.283,0.45,900,0,180,0.95,0.82,160,70,0.869
Dubai,0.624,0.96,0.664,0.63,0.304,0.91,0.288,0.92,0.8,0.72,0.016,0.68,0.041,0.99,0.283,0.91,900,0,190,0.58,0.96,175,70,0.8207
Tokyo,0.624,0.9,0.664,0.91,0.304,0.99,0.288,0.96,0.8,0.88,0.016,0.74,0.041,0.99,0.283,0.71,900,0,165,0.91,0.79,135,60,0.8835
Switzerland,0.624,0.79,0.664,0.78,0.304,0.82,0.288,0.58,0.8,0.75,0.016,0.99,0.041,0.76,0.283,0.98,900,0,240,0.88,0.78,220,90,0.8035
Singapore,0.624,0.91,0.664,0.72,0.304,0.98,0.288,0.85,0.8,0.79,0.016,0.94,0.041,0.97,0.283,0.79,900,0,155,0.9,0.94,145,50,0.8539
Switzerland,0.155,0.79,0.086,0.78,0.271,0.82,0.996,0.58,0.197,0.75,0.585,0.99,0.081,0.76,0.219,0.98,2600,1,240,0.88,0.78,220,90,0.8225
Istanbul,0.155,0.94,0.086,0.98,0.271,0.94,0.996,0.89,0.197,0.84,0.585,0.71,0.081,0.91,0.219,0.58,2600,1,85,0.84,0.88,65,32,0.8909
Dubai,0.155,0.96,0.086,0.63,0.271,0.91,0.996,0.92,0.197,0.72,0.585,0.68,0.081,0.99,0.219,0.91,2600,1,190,0.58,0.96,175,70,0.8798
Bali,0.155,0.73,0.086,0.76,0.271,0.91,0.996,0.87,0.197,0.51,0.585,0.99,0.081,0.72,0.219,0.98,2600,1,90,0.62,0.95,70,35,0.8979
London,0.597,0.94,0.173,0.97,0.436,0.91,0.876,0.95,0.804,0.98,0.139,0.76,0.768,0.98,0.25,0.55,2200,0,210,0.89,0.64,190,75,0.8631
Rome,0.597,0.97,0.173,0.99,0.436,0.96,0.876,0.78,0.804,0.91,0.139,0.62,0.768,0.76,0.25,0.48,2200,0,145,0.91,0.9,125,55,0.8595
Istanbul,0.597,0.94,0.173,0.98,0.436,0.94,0.876,0.89,0.804,0.84,0.139,0.71,0.768,0.91,0.25,0.58,2200,0,85,0.84,0.88,65,32,0.8599
Singapore,0.597,0.91,0.173,0.72,0.436,0.98,0.876,0.85,0.804,0.79,0.139,0.94,0.768,0.97,0.25,0.79,2200,0,155,0.9,0.94,145,50,0.8525
Barcelona,0.597,0.96,0.173,0.84,0.436,0.94,0.876,0.96,0.804,0.82,0.139,0.82,0.768,0.88,0.25,0.72,2200,0,150,0.93,0.94,130,58,0.8751
Barcelona,0.313,0.96,0.935,0.84,0.713,0.94,0.468,0.96,0.428,0.82,0.421,0.82,0.41,0.88,0.028,0.72,700,1,150,0.93,0.94,130,58,0.9313
Bali,0.313,0.73,0.935,0.76,0.713,0.91,0.468,0.87,0.428,0.51,0.421,0.99,0.41,0.72,0.028,0.98,700,1,90,0.62,0.95,70,35,0.8378
London,0.313,0.94,0.935,0.97,0.713,0.91,0.468,0.95,0.428,0.98,0.421,0.76,0.41,0.98,0.028,0.55,700,1,210,0.89,0.64,190,75,0.9039
Paris,0.621,0.98,0.9,0.95,0.878,0.97,0.054,0.82,0.845,0.99,0.126,0.65,0.67,0.92,0.463,0.45,2600,0,180,0.95,0.82,160,70,0.8639
London,0.621,0.94,0.9,0.97,0.878,0.91,0.054,0.95,0.845,0.98,0.126,0.76,0.67,0.98,0.463,0.55,2600,0,210,0.89,0.64,190,75,0.8392
Rome,0.621,0.97,0.9,0.99,0.878,0.96,0.054,0.78,0.845,0.91,0.126,0.62,0.67,0.76,0.463,0.48,2600,0,145,0.91,0.9,125,55,0.8505
Amsterdam,0.481,0.91,0.331,0.88,0.061,0.79,0.74,0.92,0.674,0.95,0.739,0.78,0.053,0.86,0.205,0.65,1100,1,175,0.96,0.68,155,65,0.8918
Switzerland,0.481,0.79,0.331,0.78,0.061,0.82,0.74,0.58,0.674,0.75,0.739,0.99,0.053,0.76,0.205,0.98,1100,1,240,0.88,0.78,220,90,0.8512
Barcelona,0.481,0.96,0.331,0.84,0.061,0.94,0.74,0.96,0.674,0.82,0.739,0.82,0.053,0.88,0.205,0.72,1100,1,150,0.93,0.94,130,58,0.9314
London,0.481,0.94,0.331,0.97,0.061,0.91,0.74,0.95,0.674,0.98,0.739,0.76,0.053,0.98,0.205,0.55,1100,1,210,0.89,0.64,190,75,0.9015
Paris,0.624,0.98,0.201,0.95,0.067,0.97,0.153,0.82,0.88,0.99,0.52,0.65,0.247,0.92,0.104,0.45,700,1,180,0.95,0.82,160,70,0.9244
Rome,0.624,0.97,0.201,0.99,0.067,0.96,0.153,0.78,0.88,0.91,0.52,0.62,0.247,0.76,0.104,0.48,700,1,145,0.91,0.9,125,55,0.9021
London,0.624,0.94,0.201,0.97,0.067,0.91,0.153,0.95,0.88,0.98,0.52,0.76,0.247,0.98,0.104,0.55,700,1,210,0.89,0.64,190,75,0.9014
Dubai,0.624,0.96,0.201,0.63,0.067,0.91,0.153,0.92,0.88,0.72,0.52,0.68,0.247,0.99,0.104,0.91,700,1,190,0.58,0.96,175,70,0.8537
Singapore,0.624,0.91,0.201,0.72,0.067,0.98,0.153,0.85,0.88,0.79,0.52,0.94,0.247,0.97,0.104,0.79,700,1,155,0.9,0.94,145,50,0.9111
Switzerland,0.624,0.79,0.201,0.78,0.067,0.82,0.153,0.58,0.88,0.75,0.52,0.99,0.247,0.76,0.104,0.98,700,1,240,0.88,0.78,220,90,0.8685
London,0.617,0.94,0.432,0.97,0.636,0.91,0.185,0.95,0.819,0.98,0.657,0.76,0.171,0.98,0.742,0.55,1300,1,210,0.89,0.64,190,75,0.8533
Istanbul,0.617,0.94,0.432,0.98,0.636,0.94,0.185,0.89,0.819,0.84,0.657,0.71,0.171,0.91,0.742,0.58,1300,1,85,0.84,0.88,65,32,0.8602
Rome,0.617,0.97,0.432,0.99,0.636,0.96,0.185,0.78,0.819,0.91,0.657,0.62,0.171,0.76,0.742,0.48,1300,1,145,0.91,0.9,125,55,0.8778
Singapore,0.617,0.91,0.432,0.72,0.636,0.98,0.185,0.85,0.819,0.79,0.657,0.94,0.171,0.97,0.742,0.79,1300,1,155,0.9,0.94,145,50,0.8992
Tokyo,0.617,0.9,0.432,0.91,0.636,0.99,0.185,0.96,0.819,0.88,0.657,0.74,0.171,0.99,0.742,0.71,1300,1,165,0.91,0.79,135,60,0.9011
New York,0.617,0.94,0.432,0.82,0.636,0.96,0.185,0.99,0.819,0.97,0.657,0.71,0.171,0.99,0.742,0.63,1300,1,230,0.92,0.76,210,85,0.8612
Istanbul,0.283,0.94,0.12,0.98,0.389,0.94,0.581,0.89,0.034,0.84,0.65,0.71,0.657,0.91,0.444,0.58,1800,0,85,0.84,0.88,65,32,0.8343
Singapore,0.283,0.91,0.12,0.72,0.389,0.98,0.581,0.85,0.034,0.79,0.65,0.94,0.657,0.97,0.444,0.79,1800,0,155,0.9,0.94,145,50,0.9026
London,0.283,0.94,0.12,0.97,0.389,0.91,0.581,0.95,0.034,0.98,0.65,0.76,0.657,0.98,0.444,0.55,1800,0,210,0.89,0.64,190,75,0.8132
Paris,0.283,0.98,0.12,0.95,0.389,0.97,0.581,0.82,0.034,0.99,0.65,0.65,0.657,0.92,0.444,0.45,1800,0,180,0.95,0.82,160,70,0.8282
Barcelona,0.283,0.96,0.12,0.84,0.389,0.94,0.581,0.96,0.034,0.82,0.65,0.82,0.657,0.88,0.444,0.72,1800,0,150,0.93,0.94,130,58,0.8686
Switzerland,0.283,0.79,0.12,0.78,0.389,0.82,0.581,0.58,0.034,0.75,0.65,0.99,0.657,0.76,0.444,0.98,1800,0,240,0.88,0.78,220,90,0.8182
Switzerland,0.174,0.79,0.151,0.78,0.656,0.82,0.563,0.58,0.459,0.75,0.859,0.99,0.14,0.76,0.785,0.98,1500,1,240,0.88,0.78,220,90,0.8946
Singapore,0.174,0.91,0.151,0.72,0.656,0.98,0.563,0.85,0.459,0.79,0.859,0.94,0.14,0.97,0.785,0.79,1500,1,155,0.9,0.94,145,50,0.9144
Dubai,0.174,0.96,0.151,0.63,0.656,0.91,0.563,0.92,0.459,0.72,0.859,0.68,0.14,0.99,0.785,0.91,1500,1,190,0.58,0.96,175,70,0.8362
Paris,0.709,0.98,0.507,0.95,0.659,0.97,0.259,0.82,0.698,0.99,0.589,0.65,0.581,0.92,0.584,0.45,2200,0,180,0.95,0.82,160,70,0.822
Barcelona,0.709,0.96,0.507,0.84,0.659,0.94,0.259,0.96,0.698,0.82,0.589,0.82,0.581,0.88,0.584,0.72,2200,0,150,0.93,0.94,130,58,0.8426
Amsterdam,0.709,0.91,0.507,0.88,0.659,0.79,0.259,0.92,0.698,0.95,0.589,0.78,0.581,0.86,0.584,0.65,2200,0,175,0.96,0.68,155,65,0.8437
Paris,0.476,0.98,0.76,0.95,0.981,0.97,0.809,0.82,0.733,0.99,0.237,0.65,0.9,0.92,0.174,0.45,2200,1,180,0.95,0.82,160,70,0.9009
Bali,0.476,0.73,0.76,0.76,0.981,0.91,0.809,0.87,0.733,0.51,0.237,0.99,0.9,0.72,0.174,0.98,2200,1,90,0.62,0.95,70,35,0.8416
London,0.476,0.94,0.76,0.97,0.981,0.91,0.809,0.95,0.733,0.98,0.237,0.76,0.9,0.98,0.174,0.55,2200,1,210,0.89,0.64,190,75,0.8905
Singapore,0.763,0.91,0.607,0.72,0.841,0.98,0.924,0.85,0.321,0.79,0.699,0.94,0.378,0.97,0.989,0.79,1300,0,155,0.9,0.94,145,50,0.8776
Istanbul,0.763,0.94,0.607,0.98,0.841,0.94,0.924,0.89,0.321,0.84,0.699,0.71,0.378,0.91,0.989,0.58,1300,0,85,0.84,0.88,65,32,0.8354
London,0.763,0.94,0.607,0.97,0.841,0.91,0.924,0.95,0.321,0.98,0.699,0.76,0.378,0.98,0.989,0.55,1300,0,210,0.89,0.64,190,75,0.8271
Amsterdam,0.763,0.91,0.607,0.88,0.841,0.79,0.924,0.92,0.321,0.95,0.699,0.78,0.378,0.86,0.989,0.65,1300,0,175,0.96,0.68,155,65,0.8281
New York,0.763,0.94,0.607,0.82,0.841,0.96,0.924,0.99,0.321,0.97,0.699,0.71,0.378,0.99,0.989,0.63,1300,0,230,0.92,0.76,210,85,0.8206
Switzerland,0.024,0.79,0.96,0.78,0.096,0.82,0.033,0.58,0.141,0.75,0.005,0.99,0.774,0.76,0.568,0.98,900,1,240,0.88,0.78,220,90,0.8398
Istanbul,0.024,0.94,0.96,0.98,0.096,0.94,0.033,0.89,0.141,0.84,0.005,0.71,0.774,0.91,0.568,0.58,900,1,85,0.84,0.88,65,32,0.8738
New York,0.024,0.94,0.96,0.82,0.096,0.96,0.033,0.99,0.141,0.97,0.005,0.71,0.774,0.99,0.568,0.63,900,1,230,0.92,0.76,210,85,0.8916
Singapore,0.024,0.91,0.96,0.72,0.096,0.98,0.033,0.85,0.141,0.79,0.005,0.94,0.774,0.97,0.568,0.79,900,1,155,0.9,0.94,145,50,0.8802
Rome,0.356,0.97,0.9,0.99,0.853,0.96,0.802,0.78,0.439,0.91,0.625,0.62,0.874,0.76,0.569,0.48,1100,1,145,0.91,0.9,125,55,0.8464
Singapore,0.356,0.91,0.9,0.72,0.853,0.98,0.802,0.85,0.439,0.79,0.625,0.94,0.874,0.97,0.569,0.79,1100,1,155,0.9,0.94,145,50,0.9089
Amsterdam,0.356,0.91,0.9,0.88,0.853,0.79,0.802,0.92,0.439,0.95,0.625,0.78,0.874,0.86,0.569,0.65,1100,1,175,0.96,0.68,155,65,0.8444
Bali,0.821,0.73,0.29,0.76,0.828,0.91,0.39,0.87,0.358,0.51,0.872,0.99,0.158,0.72,0.288,0.98,1300,1,90,0.62,0.95,70,35,0.8672
Paris,0.821,0.98,0.29,0.95,0.828,0.97,0.39,0.82,0.358,0.99,0.872,0.65,0.158,0.92,0.288,0.45,1300,1,180,0.95,0.82,160,70,0.8629
New York,0.821,0.94,0.29,0.82,0.828,0.96,0.39,0.99,0.358,0.97,0.872,0.71,0.158,0.99,0.288,0.63,1300,1,230,0.92,0.76,210,85,0.8876
Rome,0.821,0.97,0.29,0.99,0.828,0.96,0.39,0.78,0.358,0.91,0.872,0.62,0.158,0.76,0.288,0.48,1300,1,145,0.91,0.9,125,55,0.8615
Singapore,0.821,0.91,0.29,0.72,0.828,0.98,0.39,0.85,0.358,0.79,0.872,0.94,0.158,0.97,0.288,0.79,1300,1,155,0.9,0.94,145,50,0.9401
Barcelona,0.821,0.96,0.29,0.84,0.828,0.94,0.39,0.96,0.358,0.82,0.872,0.82,0.158,0.88,0.288,0.72,1300,1,150,0.93,0.94,130,58,0.8952
Dubai,0.204,0.96,0.817,0.63,0.33,0.91,0.757,0.92,0.912,0.72,0.062,0.68,0.494,0.99,0.806,0.91,700,1,190,0.58,0.96,175,70,0.8723
Bali,0.204,0.73,0.817,0.76,0.33,0.91,0.757,0.87,0.912,0.51,0.062,0.99,0.494,0.72,0.806,0.98,700,1,90,0.62,0.95,70,35,0.842
Switzerland,0.204,0.79,0.817,0.78,0.33,0.82,0.757,0.58,0.912,0.75,0.062,0.99,0.494,0.76,0.806,0.98,700,1,240,0.88,0.78,220,90,0.8331
Paris,0.129,0.98,0.723,0.95,0.104,0.97,0.497,0.82,0.225,0.99,0.35,0.65,0.478,0.92,0.782,0.45,1300,0,180,0.95,0.82,160,70,0.8052
Amsterdam,0.129,0.91,0.723,0.88,0.104,0.79,0.497,0.92,0.225,0.95,0.35,0.78,0.478,0.86,0.782,0.65,1300,0,175,0.96,0.68,155,65,0.8045
New York,0.129,0.94,0.723,0.82,0.104,0.96,0.497,0.99,0.225,0.97,0.35,0.71,0.478,0.99,0.782,0.63,1300,0,230,0.92,0.76,210,85,0.8349
Amsterdam,0.018,0.91,0.482,0.88,0.387,0.79,0.377,0.92,0.125,0.95,0.701,0.78,0.55,0.86,0.116,0.65,900,1,175,0.96,0.68,155,65,0.8529
Tokyo,0.018,0.9,0.482,0.91,0.387,0.99,0.377,0.96,0.125,0.88,0.701,0.74,0.55,0.99,0.116,0.71,900,1,165,0.91,0.79,135,60,0.909
Dubai,0.018,0.96,0.482,0.63,0.387,0.91,0.377,0.92,0.125,0.72,0.701,0.68,0.55,0.99,0.116,0.91,900,1,190,0.58,0.96,175,70,0.8273
Paris,0.018,0.98,0.482,0.95,0.387,0.97,0.377,0.82,0.125,0.99,0.701,0.65,0.55,0.92,0.116,0.45,900,1,180,0.95,0.82,160,70,0.8896
Istanbul,0.018,0.94,0.482,0.98,0.387,0.94,0.377,0.89,0.125,0.84,0.701,0.71,0.55,0.91,0.116,0.58,900,1,85,0.84,0.88,65,32,0.905
Tokyo,0.793,0.9,0.568,0.91,0.991,0.99,0.015,0.96,0.72,0.88,0.813,0.74,0.077,0.99,0.127,0.71,1100,1,165,0.91,0.79,135,60,0.9081
Istanbul,0.793,0.94,0.568,0.98,0.991,0.94,0.015,0.89,0.72,0.84,0.813,0.71,0.077,0.91,0.127,0.58,1100,1,85,0.84,0.88,65,32,0.8815
Bali,0.793,0.73,0.568,0.76,0.991,0.91,0.015,0.87,0.72,0.51,0.813,0.99,0.077,0.72,0.127,0.98,1100,1,90,0.62,0.95,70,35,0.8258
Istanbul,0.606,0.94,0.479,0.98,0.122,0.94,0.077,0.89,0.25,0.84,0.544,0.71,0.495,0.91,0.735,0.58,1800,0,85,0.84,0.88,65,32,0.8345
London,0.606,0.94,0.479,0.97,0.122,0.91,0.077,0.95,0.25,0.98,0.544,0.76,0.495,0.98,0.735,0.55,1800,0,210,0.89,0.64,190,75,0.8171
Tokyo,0.606,0.9,0.479,0.91,0.122,0.99,0.077,0.96,0.25,0.88,0.544,0.74,0.495,0.99,0.735,0.71,1800,0,165,0.91,0.79,135,60,0.8271
New York,0.606,0.94,0.479,0.82,0.122,0.96,0.077,0.99,0.25,0.97,0.544,0.71,0.495,0.99,0.735,0.63,1800,0,230,0.92,0.76,210,85,0.8324
Switzerland,0.606,0.79,0.479,0.78,0.122,0.82,0.077,0.58,0.25,0.75,0.544,0.99,0.495,0.76,0.735,0.98,1800,0,240,0.88,0.78,220,90,0.8396
Dubai,0.606,0.96,0.479,0.63,0.122,0.91,0.077,0.92,0.25,0.72,0.544,0.68,0.495,0.99,0.735,0.91,1800,0,190,0.58,0.96,175,70,0.8269
Istanbul,0.9,0.94,0.706,0.98,0.622,0.94,0.28,0.89,0.204,0.84,0.137,0.71,0.976,0.91,0.231,0.58,1300,0,85,0.84,0.88,65,32,0.8873
Barcelona,0.9,0.96,0.706,0.84,0.622,0.94,0.28,0.96,0.204,0.82,0.137,0.82,0.976,0.88,0.231,0.72,1300,0,150,0.93,0.94,130,58,0.8765
Paris,0.9,0.98,0.706,0.95,0.622,0.97,0.28,0.82,0.204,0.99,0.137,0.65,0.976,0.92,0.231,0.45,1300,0,180,0.95,0.82,160,70,0.8569
Amsterdam,0.9,0.91,0.706,0.88,0.622,0.79,0.28,0.92,0.204,0.95,0.137,0.78,0.976,0.86,0.231,0.65,1300,0,175,0.96,0.68,155,65,0.8327
Singapore,0.9,0.91,0.706,0.72,0.622,0.98,0.28,0.85,0.204,0.79,0.137,0.94,0.976,0.97,0.231,0.79,1300,0,155,0.9,0.94,145,50,0.8523
Amsterdam,0.278,0.91,0.384,0.88,0.827,0.79,0.084,0.92,0.279,0.95,0.61,0.78,0.495,0.86,0.863,0.65,2200,1,175,0.96,0.68,155,65,0.8271
Istanbul,0.278,0.94,0.384,0.98,0.827,0.94,0.084,0.89,0.279,0.84,0.61,0.71,0.495,0.91,0.863,0.58,2200,1,85,0.84,0.88,65,32,0.8568
Dubai,0.278,0.96,0.384,0.63,0.827,0.91,0.084,0.92,0.279,0.72,0.61,0.68,0.495,0.99,0.863,0.91,2200,1,190,0.58,0.96,175,70,0.8389
Istanbul,0.305,0.94,0.542,0.98,0.348,0.94,0.026,0.89,0.609,0.84,0.893,0.71,0.923,0.91,0.907,0.58,1300,0,85,0.84,0.88,65,32,0.8383
Bali,0.305,0.73,0.542,0.76,0.348,0.91,0.026,0.87,0.609,0.51,0.893,0.99,0.923,0.72,0.907,0.98,1300,0,90,0.62,0.95,70,35,0.8381
Dubai,0.305,0.96,0.542,0.63,0.348,0.91,0.026,0.92,0.609,0.72,0.893,0.68,0.923,0.99,0.907,0.91,1300,0,190,0.58,0.96,175,70,0.8641
Switzerland,0.305,0.79,0.542,0.78,0.348,0.82,0.026,0.58,0.609,0.75,0.893,0.99,0.923,0.76,0.907,0.98,1300,0,240,0.88,0.78,220,90,0.863
Paris,0.305,0.98,0.542,0.95,0.348,0.97,0.026,0.82,0.609,0.99,0.893,0.65,0.923,0.92,0.907,0.45,1300,0,180,0.95,0.82,160,70,0.7975
London,0.991,0.94,0.535,0.97,0.424,0.91,0.719,0.95,0.769,0.98,0.26,0.76,0.96,0.98,0.467,0.55,1300,0,210,0.89,0.64,190,75,0.8398
Switzerland,0.991,0.79,0.535,0.78,0.424,0.82,0.719,0.58,0.769,0.75,0.26,0.99,0.96,0.76,0.467,0.98,1300,0,240,0.88,0.78,220,90,0.7822
Istanbul,0.991,0.94,0.535,0.98,0.424,0.94,0.719,0.89,0.769,0.84,0.26,0.71,0.96,0.91,0.467,0.58,1300,0,85,0.84,0.88,65,32,0.8634
Switzerland,0.338,0.79,0.395,0.78,0.616,0.82,0.362,0.58,0.659,0.75,0.782,0.99,0.81,0.76,0.608,0.98,900,1,240,0.88,0.78,220,90,0.858
Tokyo,0.338,0.9,0.395,0.91,0.616,0.99,0.362,0.96,0.659,0.88,0.782,0.74,0.81,0.99,0.608,0.71,900,1,165,0.91,0.79,135,60,0.8952
London,0.338,0.94,0.395,0.97,0.616,0.91,0.362,0.95,0.659,0.98,0.782,0.76,0.81,0.98,0.608,0.55,900,1,210,0.89,0.64,190,75,0.898
Barcelona,0.338,0.96,0.395,0.84,0.616,0.94,0.362,0.96,0.659,0.82,0.782,0.82,0.81,0.88,0.608,0.72,900,1,150,0.93,0.94,130,58,0.9
Singapore,0.338,0.91,0.395,0.72,0.616,0.98,0.362,0.85,0.659,0.79,0.782,0.94,0.81,0.97,0.608,0.79,900,1,155,0.9,0.94,145,50,0.9297
Amsterdam,0.338,0.91,0.395,0.88,0.616,0.79,0.362,0.92,0.659,0.95,0.782,0.78,0.81,0.86,0.608,0.65,900,1,175,0.96,0.68,155,65,0.8491
Paris,0.338,0.98,0.395,0.95,0.616,0.97,0.362,0.82,0.659,0.99,0.782,0.65,0.81,0.92,0.608,0.45,900,1,180,0.95,0.82,160,70,0.8513
Switzerland,0.939,0.79,0.276,0.78,0.61,0.82,0.314,0.58,0.064,0.75,0.18,0.99,0.766,0.76,0.276,0.98,2600,0,240,0.88,0.78,220,90,0.7908
Barcelona,0.939,0.96,0.276,0.84,0.61,0.94,0.314,0.96,0.064,0.82,0.18,0.82,0.766,0.88,0.276,0.72,2600,0,150,0.93,0.94,130,58,0.8915
Istanbul,0.939,0.94,0.276,0.98,0.61,0.94,0.314,0.89,0.064,0.84,0.18,0.71,0.766,0.91,0.276,0.58,2600,0,85,0.84,0.88,65,32,0.8556
Paris,0.939,0.98,0.276,0.95,0.61,0.97,0.314,0.82,0.064,0.99,0.18,0.65,0.766,0.92,0.276,0.45,2600,0,180,0.95,0.82,160,70,0.865
Amsterdam,0.44,0.91,0.317,0.88,0.553,0.79,0.228,0.92,0.952,0.95,0.992,0.78,0.975,0.86,0.016,0.65,1800,0,175,0.96,0.68,155,65,0.8137
Tokyo,0.44,0.9,0.317,0.91,0.553,0.99,0.228,0.96,0.952,0.88,0.992,0.74,0.975,0.99,0.016,0.71,1800,0,165,0.91,0.79,135,60,0.8507
Rome,0.44,0.97,0.317,0.99,0.553,0.96,0.228,0.78,0.952,0.91,0.992,0.62,0.975,0.76,0.016,0.48,1800,0,145,0.91,0.9,125,55,0.8371
Bali,0.44,0.73,0.317,0.76,0.553,0.91,0.228,0.87,0.952,0.51,0.992,0.99,0.975,0.72,0.016,0.98,1800,0,90,0.62,0.95,70,35,0.8241
Singapore,0.44,0.91,0.317,0.72,0.553,0.98,0.228,0.85,0.952,0.79,0.992,0.94,0.975,0.97,0.016,0.79,1800,0,155,0.9,0.94,145,50,0.8906
Paris,0.44,0.98,0.317,0.95,0.553,0.97,0.228,0.82,0.952,0.99,0.992,0.65,0.975,0.92,0.016,0.45,1800,0,180,0.95,0.82,160,70,0.84
London,0.44,0.94,0.317,0.97,0.553,0.91,0.228,0.95,0.952,0.98,0.992,0.76,0.975,0.98,0.016,0.55,1800,0,210,0.89,0.64,190,75,0.8592
Tokyo,0.283,0.9,0.025,0.91,0.607,0.99,0.36,0.96,0.975,0.88,0.897,0.74,0.375,0.99,0.942,0.71,1500,0,165,0.91,0.79,135,60,0.8584
Paris,0.283,0.98,0.025,0.95,0.607,0.97,0.36,0.82,0.975,0.99,0.897,0.65,0.375,0.92,0.942,0.45,1500,0,180,0.95,0.82,160,70,0.779
London,0.283,0.94,0.025,0.97,0.607,0.91,0.36,0.95,0.975,0.98,0.897,0.76,0.375,0.98,0.942,0.55,1500,0,210,0.89,0.64,190,75,0.8178
Barcelona,0.283,0.96,0.025,0.84,0.607,0.94,0.36,0.96,0.975,0.82,0.897,0.82,0.375,0.88,0.942,0.72,1500,0,150,0.93,0.94,130,58,0.8637
Rome,0.511,0.97,0.781,0.99,0.508,0.96,0.581,0.78,0.344,0.91,0.215,0.62,0.831,0.76,0.033,0.48,1100,1,145,0.91,0.9,125,55,0.9022
Amsterdam,0.511,0.91,0.781,0.88,0.508,0.79,0.581,0.92,0.344,0.95,0.215,0.78,0.831,0.86,0.033,0.65,1100,1,175,0.96,0.68,155,65,0.8912
Bali,0.511,0.73,0.781,0.76,0.508,0.91,0.581,0.87,0.344,0.51,0.215,0.99,0.831,0.72,0.033,0.98,1100,1,90,0.62,0.95,70,35,0.8252
London,0.418,0.94,0.733,0.97,0.848,0.91,0.528,0.95,0.051,0.98,0.472,0.76,0.524,0.98,0.441,0.55,1500,0,210,0.89,0.64,190,75,0.8341
Amsterdam,0.418,0.91,0.733,0.88,0.848,0.79,0.528,0.92,0.051,0.95,0.472,0.78,0.524,0.86,0.441,0.65,1500,0,175,0.96,0.68,155,65,0.84
Tokyo,0.418,0.9,0.733,0.91,0.848,0.99,0.528,0.96,0.051,0.88,0.472,0.74,0.524,0.99,0.441,0.71,1500,0,165,0.91,0.79,135,60,0.879
Switzerland,0.418,0.79,0.733,0.78,0.848,0.82,0.528,0.58,0.051,0.75,0.472,0.99,0.524,0.76,0.441,0.98,1500,0,240,0.88,0.78,220,90,0.8094
Bali,0.418,0.73,0.733,0.76,0.848,0.91,0.528,0.87,0.051,0.51,0.472,0.99,0.524,0.72,0.441,0.98,1500,0,90,0.62,0.95,70,35,0.8754
Rome,0.418,0.97,0.733,0.99,0.848,0.96,0.528,0.78,0.051,0.91,0.472,0.62,0.524,0.76,0.441,0.48,1500,0,145,0.91,0.9,125,55,0.8295
New York,0.418,0.94,0.733,0.82,0.848,0.96,0.528,0.99,0.051,0.97,0.472,0.71,0.524,0.99,0.441,0.63,1500,0,230,0.92,0.76,210,85,0.8298
Switzerland,0.56,0.79,0.076,0.78,0.362,0.82,0.484,0.58,0.23,0.75,0.786,0.99,0.23,0.76,0.828,0.98,1100,0,240,0.88,0.78,220,90,0.8276
Bali,0.56,0.73,0.076,0.76,0.362,0.91,0.484,0.87,0.23,0.51,0.786,0.99,0.23,0.72,0.828,0.98,1100,0,90,0.62,0.95,70,35,0.8454
Barcelona,0.56,0.96,0.076,0.84,0.362,0.94,0.484,0.96,0.23,0.82,0.786,0.82,0.23,0.88,0.828,0.72,1100,0,150,0.93,0.94,130,58,0.8527
London,0.56,0.94,0.076,0.97,0.362,0.91,0.484,0.95,0.23,0.98,0.786,0.76,0.23,0.98,0.828,0.55,1100,0,210,0.89,0.64,190,75,0.8263
New York,0.56,0.94,0.076,0.82,0.362,0.96,0.484,0.99,0.23,0.97,0.786,0.71,0.23,0.99,0.828,0.63,1100,0,230,0.92,0.76,210,85,0.8269
Istanbul,0.56,0.94,0.076,0.98,0.362,0.94,0.484,0.89,0.23,0.84,0.786,0.71,0.23,0.91,0.828,0.58,1100,0,85,0.84,0.88,65,32,0.8192
Dubai,0.773,0.96,0.9,0.63,0.876,0.91,0.016,0.92,0.121,0.72,0.263,0.68,0.555,0.99,0.93,0.91,900,0,190,0.58,0.96,175,70,0.8824
Paris,0.773,0.98,0.9,0.95,0.876,0.97,0.016,0.82,0.121,0.99,0.263,0.65,0.555,0.92,0.93,0.45,900,0,180,0.95,0.82,160,70,0.8136
Barcelona,0.773,0.96,0.9,0.84,0.876,0.94,0.016,0.96,0.121,0.82,0.263,0.82,0.555,0.88,0.93,0.72,900,0,150,0.93,0.94,130,58,0.8779
Rome,0.919,0.97,0.904,0.99,0.354,0.96,0.402,0.78,0.557,0.91,0.712,0.62,0.119,0.76,0.897,0.48,1800,0,145,0.91,0.9,125,55,0.8427
Tokyo,0.919,0.9,0.904,0.91,0.354,0.99,0.402,0.96,0.557,0.88,0.712,0.74,0.119,0.99,0.897,0.71,1800,0,165,0.91,0.79,135,60,0.8484
Singapore,0.919,0.91,0.904,0.72,0.354,0.98,0.402,0.85,0.557,0.79,0.712,0.94,0.119,0.97,0.897,0.79,1800,0,155,0.9,0.94,145,50,0.8629
Bali,0.436,0.73,0.758,0.76,0.7,0.91,0.733,0.87,0.724,0.51,0.59,0.99,0.82,0.72,0.509,0.98,1100,0,90,0.62,0.95,70,35,0.8249
Tokyo,0.436,0.9,0.758,0.91,0.7,0.99,0.733,0.96,0.724,0.88,0.59,0.74,0.82,0.99,0.509,0.71,1100,0,165,0.91,0.79,135,60,0.8714
Singapore,0.436,0.91,0.758,0.72,0.7,0.98,0.733,0.85,0.724,0.79,0.59,0.94,0.82,0.97,0.509,0.79,1100,0,155,0.9,0.94,145,50,0.8872
Dubai,0.436,0.96,0.758,0.63,0.7,0.91,0.733,0.92,0.724,0.72,0.59,0.68,0.82,0.99,0.509,0.91,1100,0,190,0.58,0.96,175,70,0.8274
Switzerland,0.436,0.79,0.758,0.78,0.7,0.82,0.733,0.58,0.724,0.75,0.59,0.99,0.82,0.76,0.509,0.98,1100,0,240,0.88,0.78,220,90,0.7942
Amsterdam,0.436,0.91,0.758,0.88,0.7,0.79,0.733,0.92,0.724,0.95,0.59,0.78,0.82,0.86,0.509,0.65,1100,0,175,0.96,0.68,155,65,0.8196
Rome,0.436,0.97,0.758,0.99,0.7,0.96,0.733,0.78,0.724,0.91,0.59,0.62,0.82,0.76,0.509,0.48,1100,0,145,0.91,0.9,125,55,0.8338
London,0.897,0.94,0.58,0.97,0.844,0.91,0.427,0.95,0.323,0.98,0.319,0.76,0.178,0.98,0.143,0.55,1300,1,210,0.89,0.64,190,75,0.8846
Bali,0.897,0.73,0.58,0.76,0.844,0.91,0.427,0.87,0.323,0.51,0.319,0.99,0.178,0.72,0.143,0.98,1300,1,90,0.62,0.95,70,35,0.8288
Switzerland,0.897,0.79,0.58,0.78,0.844,0.82,0.427,0.58,0.323,0.75,0.319,0.99,0.178,0.76,0.143,0.98,1300,1,240,0.88,0.78,220,90,0.8397
Tokyo,0.897,0.9,0.58,0.91,0.844,0.99,0.427,0.96,0.323,0.88,0.319,0.74,0.178,0.99,0.143,0.71,1300,1,165,0.91,0.79,135,60,0.9024
Rome,0.897,0.97,0.58,0.99,0.844,0.96,0.427,0.78,0.323,0.91,0.319,0.62,0.178,0.76,0.143,0.48,1300,1,145,0.91,0.9,125,55,0.8953
Barcelona,0.897,0.96,0.58,0.84,0.844,0.94,0.427,0.96,0.323,0.82,0.319,0.82,0.178,0.88,0.143,0.72,1300,1,150,0.93,0.94,130,58,0.9486
Dubai,0.897,0.96,0.58,0.63,0.844,0.91,0.427,0.92,0.323,0.72,0.319,0.68,0.178,0.99,0.143,0.91,1300,1,190,0.58,0.96,175,70,0.8502
Singapore,0.606,0.91,0.106,0.72,0.232,0.98,0.279,0.85,0.096,0.79,0.552,0.94,0.509,0.97,0.169,0.79,700,0,155,0.9,0.94,145,50,0.8739
Paris,0.606,0.98,0.106,0.95,0.232,0.97,0.279,0.82,0.096,0.99,0.552,0.65,0.509,0.92,0.169,0.45,700,0,180,0.95,0.82,160,70,0.8594
Tokyo,0.606,0.9,0.106,0.91,0.232,0.99,0.279,0.96,0.096,0.88,0.552,0.74,0.509,0.99,0.169,0.71,700,0,165,0.91,0.79,135,60,0.8636
Rome,0.732,0.97,0.521,0.99,0.831,0.96,0.295,0.78,0.11,0.91,0.706,0.62,0.845,0.76,0.444,0.48,2200,1,145,0.91,0.9,125,55,0.8842
Barcelona,0.732,0.96,0.521,0.84,0.831,0.94,0.295,0.96,0.11,0.82,0.706,0.82,0.845,0.88,0.444,0.72,2200,1,150,0.93,0.94,130,58,0.926
London,0.732,0.94,0.521,0.97,0.831,0.91,0.295,0.95,0.11,0.98,0.706,0.76,0.845,0.98,0.444,0.55,2200,1,210,0.89,0.64,190,75,0.8672
Istanbul,0.732,0.94,0.521,0.98,0.831,0.94,0.295,0.89,0.11,0.84,0.706,0.71,0.845,0.91,0.444,0.58,2200,1,85,0.84,0.88,65,32,0.8676
Tokyo,0.732,0.9,0.521,0.91,0.831,0.99,0.295,0.96,0.11,0.88,0.706,0.74,0.845,0.99,0.444,0.71,2200,1,165,0.91,0.79,135,60,0.8894
New York,0.335,0.94,0.453,0.82,0.736,0.96,0.672,0.99,0.074,0.97,0.688,0.71,0.892,0.99,0.038,0.63,900,1,230,0.92,0.76,210,85,0.8994
Switzerland,0.335,0.79,0.453,0.78,0.736,0.82,0.672,0.58,0.074,0.75,0.688,0.99,0.892,0.76,0.038,0.98,900,1,240,0.88,0.78,220,90,0.843
Paris,0.335,0.98,0.453,0.95,0.736,0.97,0.672,0.82,0.074,0.99,0.688,0.65,0.892,0.92,0.038,0.45,900,1,180,0.95,0.82,160,70,0.9175
Bali,0.335,0.73,0.453,0.76,0.736,0.91,0.672,0.87,0.074,0.51,0.688,0.99,0.892,0.72,0.038,0.98,900,1,90,0.62,0.95,70,35,0.8433
Rome,0.196,0.97,0.47,0.99,0.485,0.96,0.187,0.78,0.497,0.91,0.132,0.62,0.635,0.76,0.089,0.48,1300,0,145,0.91,0.9,125,55,0.8546
Singapore,0.196,0.91,0.47,0.72,0.485,0.98,0.187,0.85,0.497,0.79,0.132,0.94,0.635,0.97,0.089,0.79,1300,0,155,0.9,0.94,145,50,0.857
New York,0.196,0.94,0.47,0.82,0.485,0.96,0.187,0.99,0.497,0.97,0.132,0.71,0.635,0.99,0.089,0.63,1300,0,230,0.92,0.76,210,85,0.8732
Amsterdam,0.196,0.91,0.47,0.88,0.485,0.79,0.187,0.92,0.497,0.95,0.132,0.78,0.635,0.86,0.089,0.65,1300,0,175,0.96,0.68,155,65,0.8409
Barcelona,0.196,0.96,0.47,0.84,0.485,0.94,0.187,0.96,0.497,0.82,0.132,0.82,0.635,0.88,0.089,0.72,1300,0,150,0.93,0.94,130,58,0.8764
Paris,0.196,0.98,0.47,0.95,0.485,0.97,0.187,0.82,0.497,0.99,0.132,0.65,0.635,0.92,0.089,0.45,1300,0,180,0.95,0.82,160,70,0.8807
Rome,0.657,0.97,0.18,0.99,0.3,0.96,0.232,0.78,0.292,0.91,0.485,0.62,0.797,0.76,0.392,0.48,1800,1,145,0.91,0.9,125,55,0.8803
Amsterdam,0.657,0.91,0.18,0.88,0.3,0.79,0.232,0.92,0.292,0.95,0.485,0.78,0.797,0.86,0.392,0.65,1800,1,175,0.96,0.68,155,65,0.8595
Istanbul,0.657,0.94,0.18,0.98,0.3,0.94,0.232,0.89,0.292,0.84,0.485,0.71,0.797,0.91,0.392,0.58,1800,1,85,0.84,0.88,65,32,0.8883
London,0.657,0.94,0.18,0.97,0.3,0.91,0.232,0.95,0.292,0.98,0.485,0.76,0.797,0.98,0.392,0.55,1800,1,210,0.89,0.64,190,75,0.8622
Dubai,0.657,0.96,0.18,0.63,0.3,0.91,0.232,0.92,0.292,0.72,0.485,0.68,0.797,0.99,0.392,0.91,1800,1,190,0.58,0.96,175,70,0.8769
London,0.319,0.94,0.114,0.97,0.697,0.91,0.705,0.95,0.774,0.98,0.484,0.76,0.805,0.98,0.489,0.55,2200,0,210,0.89,0.64,190,75,0.833
Istanbul,0.319,0.94,0.114,0.98,0.697,0.94,0.705,0.89,0.774,0.84,0.484,0.71,0.805,0.91,0.489,0.58,2200,0,85,0.84,0.88,65,32,0.8622
New York,0.319,0.94,0.114,0.82,0.697,0.96,0.705,0.99,0.774,0.97,0.484,0.71,0.805,0.99,0.489,0.63,2200,0,230,0.92,0.76,210,85,0.863
Switzerland,0.562,0.79,0.323,0.78,0.675,0.82,0.411,0.58,0.809,0.75,0.425,0.99,0.261,0.76,0.055,0.98,2600,0,240,0.88,0.78,220,90,0.7857
Paris,0.562,0.98,0.323,0.95,0.675,0.97,0.411,0.82,0.809,0.99,0.425,0.65,0.261,0.92,0.055,0.45,2600,0,180,0.95,0.82,160,70,0.8946
London,0.562,0.94,0.323,0.97,0.675,0.91,0.411,0.95,0.809,0.98,0.425,0.76,0.261,0.98,0.055,0.55,2600,0,210,0.89,0.64,190,75,0.8693
Singapore,0.562,0.91,0.323,0.72,0.675,0.98,0.411,0.85,0.809,0.79,0.425,0.94,0.261,0.97,0.055,0.79,2600,0,155,0.9,0.94,145,50,0.8845
Dubai,0.562,0.96,0.323,0.63,0.675,0.91,0.411,0.92,0.809,0.72,0.425,0.68,0.261,0.99,0.055,0.91,2600,0,190,0.58,0.96,175,70,0.8233
Rome,0.968,0.97,0.611,0.99,0.129,0.96,0.54,0.78,0.95,0.91,0.021,0.62,0.379,0.76,0.78,0.48,1800,1,145,0.91,0.9,125,55,0.8633
Switzerland,0.968,0.79,0.611,0.78,0.129,0.82,0.54,0.58,0.95,0.75,0.021,0.99,0.379,0.76,0.78,0.98,1800,1,240,0.88,0.78,220,90,0.8211
Paris,0.968,0.98,0.611,0.95,0.129,0.97,0.54,0.82,0.95,0.99,0.021,0.65,0.379,0.92,0.78,0.45,1800,1,180,0.95,0.82,160,70,0.8928
New York,0.968,0.94,0.611,0.82,0.129,0.96,0.54,0.99,0.95,0.97,0.021,0.71,0.379,0.99,0.78,0.63,1800,1,230,0.92,0.76,210,85,0.9167
Amsterdam,0.968,0.91,0.611,0.88,0.129,0.79,0.54,0.92,0.95,0.95,0.021,0.78,0.379,0.86,0.78,0.65,1800,1,175,0.96,0.68,155,65,0.867
Barcelona,0.968,0.96,0.611,0.84,0.129,0.94,0.54,0.96,0.95,0.82,0.021,0.82,0.379,0.88,0.78,0.72,1800,1,150,0.93,0.94,130,58,0.9192
London,0.968,0.94,0.611,0.97,0.129,0.91,0.54,0.95,0.95,0.98,0.021,0.76,0.379,0.98,0.78,0.55,1800,1,210,0.89,0.64,190,75,0.9053
Barcelona,0.332,0.96,0.216,0.84,0.733,0.94,0.94,0.96,0.036,0.82,0.02,0.82,0.94,0.88,0.103,0.72,2200,1,150,0.93,0.94,130,58,0.9124
London,0.332,0.94,0.216,0.97,0.733,0.91,0.94,0.95,0.036,0.98,0.02,0.76,0.94,0.98,0.103,0.55,2200,1,210,0.89,0.64,190,75,0.9216
Switzerland,0.332,0.79,0.216,0.78,0.733,0.82,0.94,0.58,0.036,0.75,0.02,0.99,0.94,0.76,0.103,0.98,2200,1,240,0.88,0.78,220,90,0.8162
Istanbul,0.034,0.94,0.75,0.98,0.813,0.94,0.378,0.89,0.401,0.84,0.818,0.71,0.877,0.91,0.862,0.58,900,0,85,0.84,0.88,65,32,0.8391
Dubai,0.034,0.96,0.75,0.63,0.813,0.91,0.378,0.92,0.401,0.72,0.818,0.68,0.877,0.99,0.862,0.91,900,0,190,0.58,0.96,175,70,0.8381
Paris,0.034,0.98,0.75,0.95,0.813,0.97,0.378,0.82,0.401,0.99,0.818,0.65,0.877,0.92,0.862,0.45,900,0,180,0.95,0.82,160,70,0.8312
Bali,0.034,0.73,0.75,0.76,0.813,0.91,0.378,0.87,0.401,0.51,0.818,0.99,0.877,0.72,0.862,0.98,900,0,90,0.62,0.95,70,35,0.8682
Barcelona,0.034,0.96,0.75,0.84,0.813,0.94,0.378,0.96,0.401,0.82,0.818,0.82,0.877,0.88,0.862,0.72,900,0,150,0.93,0.94,130,58,0.8669
New York,0.034,0.94,0.75,0.82,0.813,0.96,0.378,0.99,0.401,0.97,0.818,0.71,0.877,0.99,0.862,0.63,900,0,230,0.92,0.76,210,85,0.831
Tokyo,0.034,0.9,0.75,0.91,0.813,0.99,0.378,0.96,0.401,0.88,0.818,0.74,0.877,0.99,0.862,0.71,900,0,165,0.91,0.79,135,60,0.8665
London,0.302,0.94,0.459,0.97,0.1,0.91,0.969,0.95,0.576,0.98,0.377,0.76,0.43,0.98,0.222,0.55,2200,1,210,0.89,0.64,190,75,0.9253
New York,0.302,0.94,0.459,0.82,0.1,0.96,0.969,0.99,0.576,0.97,0.377,0.71,0.43,0.99,0.222,0.63,2200,1,230,0.92,0.76,210,85,0.9222
Switzerland,0.302,0.79,0.459,0.78,0.1,0.82,0.969,0.58,0.576,0.75,0.377,0.99,0.43,0.76,0.222,0.98,2200,1,240,0.88,0.78,220,90,0.841
Amsterdam,0.302,0.91,0.459,0.88,0.1,0.79,0.969,0.92,0.576,0.95,0.377,0.78,0.43,0.86,0.222,0.65,2200,1,175,0.96,0.68,155,65,0.902
Dubai,0.302,0.96,0.459,0.63,0.1,0.91,0.969,0.92,0.576,0.72,0.377,0.68,0.43,0.99,0.222,0.91,2200,1,190,0.58,0.96,175,70,0.8644
Paris,0.302,0.98,0.459,0.95,0.1,0.97,0.969,0.82,0.576,0.99,0.377,0.65,0.43,0.92,0.222,0.45,2200,1,180,0.95,0.82,160,70,0.8872
Barcelona,0.578,0.96,0.025,0.84,0.771,0.94,0.447,0.96,0.477,0.82,0.109,0.82,0.311,0.88,0.144,0.72,900,0,150,0.93,0.94,130,58,0.8923
Amsterdam,0.578,0.91,0.025,0.88,0.771,0.79,0.447,0.92,0.477,0.95,0.109,0.78,0.311,0.86,0.144,0.65,900,0,175,0.96,0.68,155,65,0.834
Singapore,0.578,0.91,0.025,0.72,0.771,0.98,0.447,0.85,0.477,0.79,0.109,0.94,0.311,0.97,0.144,0.79,900,0,155,0.9,0.94,145,50,0.8948
Switzerland,0.578,0.79,0.025,0.78,0.771,0.82,0.447,0.58,0.477,0.75,0.109,0.99,0.311,0.76,0.144,0.98,900,0,240,0.88,0.78,220,90,0.7948
Rome,0.578,0.97,0.025,0.99,0.771,0.96,0.447,0.78,0.477,0.91,0.109,0.62,0.311,0.76,0.144,0.48,900,0,145,0.91,0.9,125,55,0.8468
Bali,0.578,0.73,0.025,0.76,0.771,0.91,0.447,0.87,0.477,0.51,0.109,0.99,0.311,0.72,0.144,0.98,900,0,90,0.62,0.95,70,35,0.8296
New York,0.578,0.94,0.025,0.82,0.771,0.96,0.447,0.99,0.477,0.97,0.109,0.71,0.311,0.99,0.144,0.63,900,0,230,0.92,0.76,210,85,0.8765
Switzerland,0.311,0.79,0.338,0.78,0.151,0.82,0.321,0.58,0.565,0.75,0.407,0.99,0.006,0.76,0.69,0.98,2600,1,240,0.88,0.78,220,90,0.8673
Amsterdam,0.311,0.91,0.338,0.88,0.151,0.79,0.321,0.92,0.565,0.95,0.407,0.78,0.006,0.86,0.69,0.65,2600,1,175,0.96,0.68,155,65,0.8774
Tokyo,0.311,0.9,0.338,0.91,0.151,0.99,0.321,0.96,0.565,0.88,0.407,0.74,0.006,0.99,0.69,0.71,2600,1,165,0.91,0.79,135,60,0.8979
Singapore,0.311,0.91,0.338,0.72,0.151,0.98,0.321,0.85,0.565,0.79,0.407,0.94,0.006,0.97,0.69,0.79,2600,1,155,0.9,0.94,145,50,0.8637
New York,0.311,0.94,0.338,0.82,0.151,0.96,0.321,0.99,0.565,0.97,0.407,0.71,0.006,0.99,0.69,0.63,2600,1,230,0.92,0.76,210,85,0.8452
Barcelona,0.699,0.96,0.376,0.84,0.757,0.94,0.162,0.96,0.748,0.82,0.166,0.82,0.438,0.88,0.972,0.72,700,1,150,0.93,0.94,130,58,0.9183
Switzerland,0.699,0.79,0.376,0.78,0.757,0.82,0.162,0.58,0.748,0.75,0.166,0.99,0.438,0.76,0.972,0.98,700,1,240,0.88,0.78,220,90,0.8581
New York,0.699,0.94,0.376,0.82,0.757,0.96,0.162,0.99,0.748,0.97,0.166,0.71,0.438,0.99,0.972,0.63,700,1,230,0.92,0.76,210,85,0.8634
Singapore,0.699,0.91,0.376,0.72,0.757,0.98,0.162,0.85,0.748,0.79,0.166,0.94,0.438,0.97,0.972,0.79,700,1,155,0.9,0.94,145,50,0.8826
Istanbul,0.699,0.94,0.376,0.98,0.757,0.94,0.162,0.89,0.748,0.84,0.166,0.71,0.438,0.91,0.972,0.58,700,1,85,0.84,0.88,65,32,0.8956
Tokyo,0.699,0.9,0.376,0.91,0.757,0.99,0.162,0.96,0.748,0.88,0.166,0.74,0.438,0.99,0.972,0.71,700,1,165,0.91,0.79,135,60,0.9064
Singapore,0.88,0.91,0.271,0.72,0.322,0.98,0.89,0.85,0.564,0.79,0.166,0.94,0.29,0.97,0.685,0.79,1800,1,155,0.9,0.94,145,50,0.9098
Amsterdam,0.88,0.91,0.271,0.88,0.322,0.79,0.89,0.92,0.564,0.95,0.166,0.78,0.29,0.86,0.685,0.65,1800,1,175,0.96,0.68,155,65,0.8748
Tokyo,0.88,0.9,0.271,0.91,0.322,0.99,0.89,0.96,0.564,0.88,0.166,0.74,0.29,0.99,0.685,0.71,1800,1,165,0.91,0.79,135,60,0.8925
Barcelona,0.88,0.96,0.271,0.84,0.322,0.94,0.89,0.96,0.564,0.82,0.166,0.82,0.29,0.88,0.685,0.72,1800,1,150,0.93,0.94,130,58,0.8985
New York,0.88,0.94,0.271,0.82,0.322,0.96,0.89,0.99,0.564,0.97,0.166,0.71,0.29,0.99,0.685,0.63,1800,1,230,0.92,0.76,210,85,0.9009
London,0.88,0.94,0.271,0.97,0.322,0.91,0.89,0.95,0.564,0.98,0.166,0.76,0.29,0.98,0.685,0.55,1800,1,210,0.89,0.64,190,75,0.904
Amsterdam,0.006,0.91,0.701,0.88,0.199,0.79,0.094,0.92,0.459,0.95,0.095,0.78,0.625,0.86,0.594,0.65,900,1,175,0.96,0.68,155,65,0.8658
Tokyo,0.006,0.9,0.701,0.91,0.199,0.99,0.094,0.96,0.459,0.88,0.095,0.74,0.625,0.99,0.594,0.71,900,1,165,0.91,0.79,135,60,0.8894
Paris,0.006,0.98,0.701,0.95,0.199,0.97,0.094,0.82,0.459,0.99,0.095,0.65,0.625,0.92,0.594,0.45,900,1,180,0.95,0.82,160,70,0.881
Istanbul,0.006,0.94,0.701,0.98,0.199,0.94,0.094,0.89,0.459,0.84,0.095,0.71,0.625,0.91,0.594,0.58,900,1,85,0.84,0.88,65,32,0.8712
London,0.006,0.94,0.701,0.97,0.199,0.91,0.094,0.95,0.459,0.98,0.095,0.76,0.625,0.98,0.594,0.55,900,1,210,0.89,0.64,190,75,0.8638
Barcelona,0.006,0.96,0.701,0.84,0.199,0.94,0.094,0.96,0.459,0.82,0.095,0.82,0.625,0.88,0.594,0.72,900,1,150,0.93,0.94,130,58,0.8875
New York,0.006,0.94,0.701,0.82,0.199,0.96,0.094,0.99,0.459,0.97,0.095,0.71,0.625,0.99,0.594,0.63,900,1,230,0.92,0.76,210,85,0.8888
Bali,0.077,0.73,0.152,0.76,0.731,0.91,0.28,0.87,0.263,0.51,0.102,0.99,0.797,0.72,0.587,0.98,2200,1,90,0.62,0.95,70,35,0.8659
Istanbul,0.077,0.94,0.152,0.98,0.731,0.94,0.28,0.89,0.263,0.84,0.102,0.71,0.797,0.91,0.587,0.58,2200,1,85,0.84,0.88,65,32,0.9017
London,0.077,0.94,0.152,0.97,0.731,0.91,0.28,0.95,0.263,0.98,0.102,0.76,0.797,0.98,0.587,0.55,2200,1,210,0.89,0.64,190,75,0.8525
Singapore,0.077,0.91,0.152,0.72,0.731,0.98,0.28,0.85,0.263,0.79,0.102,0.94,0.797,0.97,0.587,0.79,2200,1,155,0.9,0.94,145,50,0.936
Amsterdam,0.077,0.91,0.152,0.88,0.731,0.79,0.28,0.92,0.263,0.95,0.102,0.78,0.797,0.86,0.587,0.65,2200,1,175,0.96,0.68,155,65,0.8352
Rome,0.077,0.97,0.152,0.99,0.731,0.96,0.28,0.78,0.263,0.91,0.102,0.62,0.797,0.76,0.587,0.48,2200,1,145,0.91,0.9,125,55,0.833
Paris,0.077,0.98,0.152,0.95,0.731,0.97,0.28,0.82,0.263,0.99,0.102,0.65,0.797,0.92,0.587,0.45,2200,1,180,0.95,0.82,160,70,0.8941
Dubai,0.323,0.96,0.896,0.63,0.052,0.91,0.512,0.92,0.44,0.72,0.665,0.68,0.327,0.99,0.5,0.91,900,0,190,0.58,0.96,175,70,0.8118
Istanbul,0.323,0.94,0.896,0.98,0.052,0.94,0.512,0.89,0.44,0.84,0.665,0.71,0.327,0.91,0.5,0.58,900,0,85,0.84,0.88,65,32,0.8201
Switzerland,0.323,0.79,0.896,0.78,0.052,0.82,0.512,0.58,0.44,0.75,0.665,0.99,0.327,0.76,0.5,0.98,900,0,240,0.88,0.78,220,90,0.8211
Singapore,0.323,0.91,0.896,0.72,0.052,0.98,0.512,0.85,0.44,0.79,0.665,0.94,0.327,0.97,0.5,0.79,900,0,155,0.9,0.94,145,50,0.832
Tokyo,0.323,0.9,0.896,0.91,0.052,0.99,0.512,0.96,0.44,0.88,0.665,0.74,0.327,0.99,0.5,0.71,900,0,165,0.91,0.79,135,60,0.8303
Barcelona,0.323,0.96,0.896,0.84,0.052,0.94,0.512,0.96,0.44,0.82,0.665,0.82,0.327,0.88,0.5,0.72,900,0,150,0.93,0.94,130,58,0.8606
London,0.323,0.94,0.896,0.97,0.052,0.91,0.512,0.95,0.44,0.98,0.665,0.76,0.327,0.98,0.5,0.55,900,0,210,0.89,0.64,190,75,0.8259
Singapore,0.143,0.91,0.437,0.72,0.442,0.98,0.695,0.85,0.251,0.79,0.12,0.94,0.9,0.97,0.652,0.79,1100,0,155,0.9,0.94,145,50,0.872
Switzerland,0.143,0.79,0.437,0.78,0.442,0.82,0.695,0.58,0.251,0.75,0.12,0.99,0.9,0.76,0.652,0.98,1100,0,240,0.88,0.78,220,90,0.8165
Tokyo,0.143,0.9,0.437,0.91,0.442,0.99,0.695,0.96,0.251,0.88,0.12,0.74,0.9,0.99,0.652,0.71,1100,0,165,0.91,0.79,135,60,0.8931
Dubai,0.143,0.96,0.437,0.63,0.442,0.91,0.695,0.92,0.251,0.72,0.12,0.68,0.9,0.99,0.652,0.91,1100,0,190,0.58,0.96,175,70,0.8582
Amsterdam,0.143,0.91,0.437,0.88,0.442,0.79,0.695,0.92,0.251,0.95,0.12,0.78,0.9,0.86,0.652,0.65,1100,0,175,0.96,0.68,155,65,0.8117
London,0.933,0.94,0.995,0.97,0.196,0.91,0.361,0.95,0.195,0.98,0.586,0.76,0.328,0.98,0.911,0.55,1500,0,210,0.89,0.64,190,75,0.8333
Paris,0.933,0.98,0.995,0.95,0.196,0.97,0.361,0.82,0.195,0.99,0.586,0.65,0.328,0.92,0.911,0.45,1500,0,180,0.95,0.82,160,70,0.8044
Istanbul,0.933,0.94,0.995,0.98,0.196,0.94,0.361,0.89,0.195,0.84,0.586,0.71,0.328,0.91,0.911,0.58,1500,0,85,0.84,0.88,65,32,0.8172
Singapore,0.933,0.91,0.995,0.72,0.196,0.98,0.361,0.85,0.195,0.79,0.586,0.94,0.328,0.97,0.911,0.79,1500,0,155,0.9,0.94,145,50,0.8547
Dubai,0.933,0.96,0.995,0.63,0.196,0.91,0.361,0.92,0.195,0.72,0.586,0.68,0.328,0.99,0.911,0.91,1500,0,190,0.58,0.96,175,70,0.8187
Switzerland,0.933,0.79,0.995,0.78,0.196,0.82,0.361,0.58,0.195,0.75,0.586,0.99,0.328,0.76,0.911,0.98,1500,0,240,0.88,0.78,220,90,0.8386
Tokyo,0.933,0.9,0.995,0.91,0.196,0.99,0.361,0.96,0.195,0.88,0.586,0.74,0.328,0.99,0.911,0.71,1500,0,165,0.91,0.79,135,60,0.842
Rome,0.608,0.97,0.454,0.99,0.174,0.96,0.75,0.78,0.648,0.91,0.546,0.62,0.104,0.76,0.37,0.48,1100,0,145,0.91,0.9,125,55,0.8259
Dubai,0.608,0.96,0.454,0.63,0.174,0.91,0.75,0.92,0.648,0.72,0.546,0.68,0.104,0.99,0.37,0.91,1100,0,190,0.58,0.96,175,70,0.8484
Istanbul,0.608,0.94,0.454,0.98,0.174,0.94,0.75,0.89,0.648,0.84,0.546,0.71,0.104,0.91,0.37,0.58,1100,0,85,0.84,0.88,65,32,0.8359
Paris,0.608,0.98,0.454,0.95,0.174,0.97,0.75,0.82,0.648,0.99,0.546,0.65,0.104,0.92,0.37,0.45,1100,0,180,0.95,0.82,160,70,0.8539
Paris,0.277,0.98,0.853,0.95,0.655,0.97,0.737,0.82,0.333,0.99,0.672,0.65,0.9,0.92,0.898,0.45,1100,1,180,0.95,0.82,160,70,0.88
Switzerland,0.277,0.79,0.853,0.78,0.655,0.82,0.737,0.58,0.333,0.75,0.672,0.99,0.9,0.76,0.898,0.98,1100,1,240,0.88,0.78,220,90,0.8537
Dubai,0.277,0.96,0.853,0.63,0.655,0.91,0.737,0.92,0.333,0.72,0.672,0.68,0.9,0.99,0.898,0.91,1100,1,190,0.58,0.96,175,70,0.8705
Bali,0.277,0.73,0.853,0.76,0.655,0.91,0.737,0.87,0.333,0.51,0.672,0.99,0.9,0.72,0.898,0.98,1100,1,90,0.62,0.95,70,35,0.8377
Istanbul,0.277,0.94,0.853,0.98,0.655,0.94,0.737,0.89,0.333,0.84,0.672,0.71,0.9,0.91,0.898,0.58,1100,1,85,0.84,0.88,65,32,0.8722
Singapore,0.277,0.91,0.853,0.72,0.655,0.98,0.737,0.85,0.333,0.79,0.672,0.94,0.9,0.97,0.898,0.79,1100,1,155,0.9,0.94,145,50,0.8924
Rome,0.277,0.97,0.853,0.99,0.655,0.96,0.737,0.78,0.333,0.91,0.672,0.62,0.9,0.76,0.898,0.48,1100,1,145,0.91,0.9,125,55,0.8337
Rome,0.505,0.97,0.173,0.99,0.747,0.96,0.838,0.78,0.003,0.91,0.274,0.62,0.351,0.76,0.341,0.48,900,1,145,0.91,0.9,125,55,0.8816
Istanbul,0.505,0.94,0.173,0.98,0.747,0.94,0.838,0.89,0.003,0.84,0.274,0.71,0.351,0.91,0.341,0.58,900,1,85,0.84,0.88,65,32,0.8773
Barcelona,0.505,0.96,0.173,0.84,0.747,0.94,0.838,0.96,0.003,0.82,0.274,0.82,0.351,0.88,0.341,0.72,900,1,150,0.93,0.94,130,58,0.9333
Paris,0.966,0.98,0.767,0.95,0.789,0.97,0.218,0.82,0.375,0.99,0.081,0.65,0.724,0.92,0.247,0.45,1300,0,180,0.95,0.82,160,70,0.8641
Dubai,0.966,0.96,0.767,0.63,0.789,0.91,0.218,0.92,0.375,0.72,0.081,0.68,0.724,0.99,0.247,0.91,1300,0,190,0.58,0.96,175,70,0.8545
London,0.966,0.94,0.767,0.97,0.789,0.91,0.218,0.95,0.375,0.98,0.081,0.76,0.724,0.98,0.247,0.55,1300,0,210,0.89,0.64,190,75,0.8549
Barcelona,0.966,0.96,0.767,0.84,0.789,0.94,0.218,0.96,0.375,0.82,0.081,0.82,0.724,0.88,0.247,0.72,1300,0,150,0.93,0.94,130,58,0.8628
Bali,0.966,0.73,0.767,0.76,0.789,0.91,0.218,0.87,0.375,0.51,0.081,0.99,0.724,0.72,0.247,0.98,1300,0,90,0.62,0.95,70,35,0.8293
Bali,0.177,0.73,0.295,0.76,0.698,0.91,0.265,0.87,0.49,0.51,0.579,0.99,0.349,0.72,0.642,0.98,2600,0,90,0.62,0.95,70,35,0.8486
Dubai,0.177,0.96,0.295,0.63,0.698,0.91,0.265,0.92,0.49,0.72,0.579,0.68,0.349,0.99,0.642,0.91,2600,0,190,0.58,0.96,175,70,0.8313
Barcelona,0.177,0.96,0.295,0.84,0.698,0.94,0.265,0.96,0.49,0.82,0.579,0.82,0.349,0.88,0.642,0.72,2600,0,150,0.93,0.94,130,58,0.8647
Amsterdam,0.347,0.91,0.811,0.88,0.796,0.79,0.207,0.92,0.7,0.95,0.504,0.78,0.83,0.86,0.794,0.65,900,0,175,0.96,0.68,155,65,0.8164
Singapore,0.347,0.91,0.811,0.72,0.796,0.98,0.207,0.85,0.7,0.79,0.504,0.94,0.83,0.97,0.794,0.79,900,0,155,0.9,0.94,145,50,0.8695
London,0.347,0.94,0.811,0.97,0.796,0.91,0.207,0.95,0.7,0.98,0.504,0.76,0.83,0.98,0.794,0.55,900,0,210,0.89,0.64,190,75,0.8363
Paris,0.347,0.98,0.811,0.95,0.796,0.97,0.207,0.82,0.7,0.99,0.504,0.65,0.83,0.92,0.794,0.45,900,0,180,0.95,0.82,160,70,0.8347
Rome,0.347,0.97,0.811,0.99,0.796,0.96,0.207,0.78,0.7,0.91,0.504,0.62,0.83,0.76,0.794,0.48,900,0,145,0.91,0.9,125,55,0.8154
Switzerland,0.564,0.79,0.658,0.78,0.901,0.82,0.322,0.58,0.105,0.75,0.359,0.99,0.901,0.76,0.159,0.98,2600,1,240,0.88,0.78,220,90,0.8267
Rome,0.564,0.97,0.658,0.99,0.901,0.96,0.322,0.78,0.105,0.91,0.359,0.62,0.901,0.76,0.159,0.48,2600,1,145,0.91,0.9,125,55,0.8964
Barcelona,0.564,0.96,0.658,0.84,0.901,0.94,0.322,0.96,0.105,0.82,0.359,0.82,0.901,0.88,0.159,0.72,2600,1,150,0.93,0.94,130,58,0.9345
Tokyo,0.564,0.9,0.658,0.91,0.901,0.99,0.322,0.96,0.105,0.88,0.359,0.74,0.901,0.99,0.159,0.71,2600,1,165,0.91,0.79,135,60,0.9218
London,0.564,0.94,0.658,0.97,0.901,0.91,0.322,0.95,0.105,0.98,0.359,0.76,0.901,0.98,0.159,0.55,2600,1,210,0.89,0.64,190,75,0.9092
Amsterdam,0.594,0.91,0.694,0.88,0.731,0.79,0.474,0.92,0.244,0.95,0.723,0.78,0.601,0.86,0.483,0.65,2200,1,175,0.96,0.68,155,65,0.8607
New York,0.594,0.94,0.694,0.82,0.731,0.96,0.474,0.99,0.244,0.97,0.723,0.71,0.601,0.99,0.483,0.63,2200,1,230,0.92,0.76,210,85,0.903
Rome,0.594,0.97,0.694,0.99,0.731,0.96,0.474,0.78,0.244,0.91,0.723,0.62,0.601,0.76,0.483,0.48,2200,1,145,0.91,0.9,125,55,0.8914
Paris,0.401,0.98,0.029,0.95,0.512,0.97,0.922,0.82,0.887,0.99,0.965,0.65,0.943,0.92,0.198,0.45,1100,0,180,0.95,0.82,160,70,0.8408
Rome,0.401,0.97,0.029,0.99,0.512,0.96,0.922,0.78,0.887,0.91,0.965,0.62,0.943,0.76,0.198,0.48,1100,0,145,0.91,0.9,125,55,0.7983
London,0.401,0.94,0.029,0.97,0.512,0.91,0.922,0.95,0.887,0.98,0.965,0.76,0.943,0.98,0.198,0.55,1100,0,210,0.89,0.64,190,75,0.8304
Barcelona,0.401,0.96,0.029,0.84,0.512,0.94,0.922,0.96,0.887,0.82,0.965,0.82,0.943,0.88,0.198,0.72,1100,0,150,0.93,0.94,130,58,0.8535
Tokyo,0.401,0.9,0.029,0.91,0.512,0.99,0.922,0.96,0.887,0.88,0.965,0.74,0.943,0.99,0.198,0.71,1100,0,165,0.91,0.79,135,60,0.8853
Barcelona,0.301,0.96,0.08,0.84,0.236,0.94,0.203,0.96,0.09,0.82,0.245,0.82,0.685,0.88,0.846,0.72,1800,0,150,0.93,0.94,130,58,0.8344
Tokyo,0.301,0.9,0.08,0.91,0.236,0.99,0.203,0.96,0.09,0.88,0.245,0.74,0.685,0.99,0.846,0.71,1800,0,165,0.91,0.79,135,60,0.844
Rome,0.301,0.97,0.08,0.99,0.236,0.96,0.203,0.78,0.09,0.91,0.245,0.62,0.685,0.76,0.846,0.48,1800,0,145,0.91,0.9,125,55,0.7619
Singapore,0.301,0.91,0.08,0.72,0.236,0.98,0.203,0.85,0.09,0.79,0.245,0.94,0.685,0.97,0.846,0.79,1800,0,155,0.9,0.94,145,50,0.8715
Dubai,0.301,0.96,0.08,0.63,0.236,0.91,0.203,0.92,0.09,0.72,0.245,0.68,0.685,0.99,0.846,0.91,1800,0,190,0.58,0.96,175,70,0.8738
Switzerland,0.301,0.79,0.08,0.78,0.236,0.82,0.203,0.58,0.09,0.75,0.245,0.99,0.685,0.76,0.846,0.98,1800,0,240,0.88,0.78,220,90,0.8562
Singapore,0.388,0.91,0.318,0.72,0.935,0.98,0.4,0.85,0.327,0.79,0.283,0.94,0.675,0.97,0.873,0.79,2200,0,155,0.9,0.94,145,50,0.893
Switzerland,0.388,0.79,0.318,0.78,0.935,0.82,0.4,0.58,0.327,0.75,0.283,0.99,0.675,0.76,0.873,0.98,2200,0,240,0.88,0.78,220,90,0.8045
Bali,0.388,0.73,0.318,0.76,0.935,0.91,0.4,0.87,0.327,0.51,0.283,0.99,0.675,0.72,0.873,0.98,2200,0,90,0.62,0.95,70,35,0.8336
Paris,0.388,0.98,0.318,0.95,0.935,0.97,0.4,0.82,0.327,0.99,0.283,0.65,0.675,0.92,0.873,0.45,2200,0,180,0.95,0.82,160,70,0.8165
Amsterdam,0.388,0.91,0.318,0.88,0.935,0.79,0.4,0.92,0.327,0.95,0.283,0.78,0.675,0.86,0.873,0.65,2200,0,175,0.96,0.68,155,65,0.8066
Switzerland,0.002,0.79,0.599,0.78,0.398,0.82,0.077,0.58,0.23,0.75,0.5,0.99,0.044,0.76,0.302,0.98,900,1,240,0.88,0.78,220,90,0.8724
Barcelona,0.002,0.96,0.599,0.84,0.398,0.94,0.077,0.96,0.23,0.82,0.5,0.82,0.044,0.88,0.302,0.72,900,1,150,0.93,0.94,130,58,0.9071
Dubai,0.002,0.96,0.599,0.63,0.398,0.91,0.077,0.92,0.23,0.72,0.5,0.68,0.044,0.99,0.302,0.91,900,1,190,0.58,0.96,175,70,0.787
Istanbul,0.002,0.94,0.599,0.98,0.398,0.94,0.077,0.89,0.23,0.84,0.5,0.71,0.044,0.91,0.302,0.58,900,1,85,0.84,0.88,65,32,0.8954
London,0.002,0.94,0.599,0.97,0.398,0.91,0.077,0.95,0.23,0.98,0.5,0.76,0.044,0.98,0.302,0.55,900,1,210,0.89,0.64,190,75,0.8601
New York,0.002,0.94,0.599,0.82,0.398,0.96,0.077,0.99,0.23,0.97,0.5,0.71,0.044,0.99,0.302,0.63,900,1,230,0.92,0.76,210,85,0.8428
Barcelona,0.682,0.96,0.834,0.84,0.465,0.94,0.083,0.96,0.686,0.82,0.101,0.82,0.862,0.88,0.804,0.72,700,0,150,0.93,0.94,130,58,0.8316
Bali,0.682,0.73,0.834,0.76,0.465,0.91,0.083,0.87,0.686,0.51,0.101,0.99,0.862,0.72,0.804,0.98,700,0,90,0.62,0.95,70,35,0.8157
New York,0.682,0.94,0.834,0.82,0.465,0.96,0.083,0.99,0.686,0.97,0.101,0.71,0.862,0.99,0.804,0.63,700,0,230,0.92,0.76,210,85,0.8593
Dubai,0.682,0.96,0.834,0.63,0.465,0.91,0.083,0.92,0.686,0.72,0.101,0.68,0.862,0.99,0.804,0.91,700,0,190,0.58,0.96,175,70,0.8505
Singapore,0.682,0.91,0.834,0.72,0.465,0.98,0.083,0.85,0.686,0.79,0.101,0.94,0.862,0.97,0.804,0.79,700,0,155,0.9,0.94,145,50,0.8339
Dubai,0.425,0.96,0.742,0.63,0.116,0.91,0.807,0.92,0.908,0.72,0.502,0.68,0.781,0.99,0.712,0.91,1800,0,190,0.58,0.96,175,70,0.826
New York,0.425,0.94,0.742,0.82,0.116,0.96,0.807,0.99,0.908,0.97,0.502,0.71,0.781,0.99,0.712,0.63,1800,0,230,0.92,0.76,210,85,0.8439
Istanbul,0.425,0.94,0.742,0.98,0.116,0.94,0.807,0.89,0.908,0.84,0.502,0.71,0.781,0.91,0.712,0.58,1800,0,85,0.84,0.88,65,32,0.864
Rome,0.425,0.97,0.742,0.99,0.116,0.96,0.807,0.78,0.908,0.91,0.502,0.62,0.781,0.76,0.712,0.48,1800,0,145,0.91,0.9,125,55,0.8204
Switzerland,0.198,0.79,0.813,0.78,0.728,0.82,0.455,0.58,0.049,0.75,0.282,0.99,0.122,0.76,0.49,0.98,1800,0,240,0.88,0.78,220,90,0.8272
Tokyo,0.198,0.9,0.813,0.91,0.728,0.99,0.455,0.96,0.049,0.88,0.282,0.74,0.122,0.99,0.49,0.71,1800,0,165,0.91,0.79,135,60,0.84
London,0.198,0.94,0.813,0.97,0.728,0.91,0.455,0.95,0.049,0.98,0.282,0.76,0.122,0.98,0.49,0.55,1800,0,210,0.89,0.64,190,75,0.8228
Dubai,0.198,0.96,0.813,0.63,0.728,0.91,0.455,0.92,0.049,0.72,0.282,0.68,0.122,0.99,0.49,0.91,1800,0,190,0.58,0.96,175,70,0.8286
Istanbul,0.198,0.94,0.813,0.98,0.728,0.94,0.455,0.89,0.049,0.84,0.282,0.71,0.122,0.91,0.49,0.58,1800,0,85,0.84,0.88,65,32,0.8519
Singapore,0.198,0.91,0.813,0.72,0.728,0.98,0.455,0.85,0.049,0.79,0.282,0.94,0.122,0.97,0.49,0.79,1800,0,155,0.9,0.94,145,50,0.853
Barcelona,0.198,0.96,0.813,0.84,0.728,0.94,0.455,0.96,0.049,0.82,0.282,0.82,0.122,0.88,0.49,0.72,1800,0,150,0.93,0.94,130,58,0.8552
London,0.036,0.94,0.112,0.97,0.732,0.91,0.531,0.95,0.396,0.98,0.175,0.76,0.535,0.98,0.126,0.55,1100,1,210,0.89,0.64,190,75,0.883
Tokyo,0.036,0.9,0.112,0.91,0.732,0.99,0.531,0.96,0.396,0.88,0.175,0.74,0.535,0.99,0.126,0.71,1100,1,165,0.91,0.79,135,60,0.9234
Singapore,0.036,0.91,0.112,0.72,0.732,0.98,0.531,0.85,0.396,0.79,0.175,0.94,0.535,0.97,0.126,0.79,1100,1,155,0.9,0.94,145,50,0.9062
Amsterdam,0.036,0.91,0.112,0.88,0.732,0.79,0.531,0.92,0.396,0.95,0.175,0.78,0.535,0.86,0.126,0.65,1100,1,175,0.96,0.68,155,65,0.8993
Bali,0.036,0.73,0.112,0.76,0.732,0.91,0.531,0.87,0.396,0.51,0.175,0.99,0.535,0.72,0.126,0.98,1100,1,90,0.62,0.95,70,35,0.8459
Paris,0.036,0.98,0.112,0.95,0.732,0.97,0.531,0.82,0.396,0.99,0.175,0.65,0.535,0.92,0.126,0.45,1100,1,180,0.95,0.82,160,70,0.9277
Rome,0.382,0.97,0.98,0.99,0.079,0.96,0.927,0.78,0.749,0.91,0.423,0.62,0.022,0.76,0.95,0.48,1500,0,145,0.91,0.9,125,55,0.8136
Amsterdam,0.382,0.91,0.98,0.88,0.079,0.79,0.927,0.92,0.749,0.95,0.423,0.78,0.022,0.86,0.95,0.65,1500,0,175,0.96,0.68,155,65,0.8415
Bali,0.382,0.73,0.98,0.76,0.079,0.91,0.927,0.87,0.749,0.51,0.423,0.99,0.022,0.72,0.95,0.98,1500,0,90,0.62,0.95,70,35,0.8175
London,0.382,0.94,0.98,0.97,0.079,0.91,0.927,0.95,0.749,0.98,0.423,0.76,0.022,0.98,0.95,0.55,1500,0,210,0.89,0.64,190,75,0.8425
New York,0.382,0.94,0.98,0.82,0.079,0.96,0.927,0.99,0.749,0.97,0.423,0.71,0.022,0.99,0.95,0.63,1500,0,230,0.92,0.76,210,85,0.8255
Singapore,0.382,0.91,0.98,0.72,0.079,0.98,0.927,0.85,0.749,0.79,0.423,0.94,0.022,0.97,0.95,0.79,1500,0,155,0.9,0.94,145,50,0.832
Dubai,0.761,0.96,0.437,0.63,0.747,0.91,0.778,0.92,0.277,0.72,0.671,0.68,0.605,0.99,0.91,0.91,1500,1,190,0.58,0.96,175,70,0.8869
Amsterdam,0.761,0.91,0.437,0.88,0.747,0.79,0.778,0.92,0.277,0.95,0.671,0.78,0.605,0.86,0.91,0.65,1500,1,175,0.96,0.68,155,65,0.8672
Paris,0.761,0.98,0.437,0.95,0.747,0.97,0.778,0.82,0.277,0.99,0.671,0.65,0.605,0.92,0.91,0.45,1500,1,180,0.95,0.82,160,70,0.8517
Tokyo,0.462,0.9,0.79,0.91,0.635,0.99,0.097,0.96,0.225,0.88,0.709,0.74,0.221,0.99,0.611,0.71,2600,1,165,0.91,0.79,135,60,0.8781
New York,0.462,0.94,0.79,0.82,0.635,0.96,0.097,0.99,0.225,0.97,0.709,0.71,0.221,0.99,0.611,0.63,2600,1,230,0.92,0.76,210,85,0.8822
Dubai,0.462,0.96,0.79,0.63,0.635,0.91,0.097,0.92,0.225,0.72,0.709,0.68,0.221,0.99,0.611,0.91,2600,1,190,0.58,0.96,175,70,0.8209
Singapore,0.462,0.91,0.79,0.72,0.635,0.98,0.097,0.85,0.225,0.79,0.709,0.94,0.221,0.97,0.611,0.79,2600,1,155,0.9,0.94,145,50,0.9194
Paris,0.462,0.98,0.79,0.95,0.635,0.97,0.097,0.82,0.225,0.99,0.709,0.65,0.221,0.92,0.611,0.45,2600,1,180,0.95,0.82,160,70,0.8666
Barcelona,0.462,0.96,0.79,0.84,0.635,0.94,0.097,0.96,0.225,0.82,0.709,0.82,0.221,0.88,0.611,0.72,2600,1,150,0.93,0.94,130,58,0.9002
Bali,0.462,0.73,0.79,0.76,0.635,0.91,0.097,0.87,0.225,0.51,0.709,0.99,0.221,0.72,0.611,0.98,2600,1,90,0.62,0.95,70,35,0.8484
Tokyo,0.39,0.9,0.403,0.91,0.661,0.99,0.571,0.96,0.079,0.88,0.487,0.74,0.985,0.99,0.083,0.71,1800,1,165,0.91,0.79,135,60,0.9312
Singapore,0.39,0.91,0.403,0.72,0.661,0.98,0.571,0.85,0.079,0.79,0.487,0.94,0.985,0.97,0.083,0.79,1800,1,155,0.9,0.94,145,50,0.9116
Switzerland,0.39,0.79,0.403,0.78,0.661,0.82,0.571,0.58,0.079,0.75,0.487,0.99,0.985,0.76,0.083,0.98,1800,1,240,0.88,0.78,220,90,0.8287
Paris,0.39,0.98,0.403,0.95,0.661,0.97,0.571,0.82,0.079,0.99,0.487,0.65,0.985,0.92,0.083,0.45,1800,1,180,0.95,0.82,160,70,0.9004
Barcelona,0.39,0.96,0.403,0.84,0.661,0.94,0.571,0.96,0.079,0.82,0.487,0.82,0.985,0.88,0.083,0.72,1800,1,150,0.93,0.94,130,58,0.9485
Amsterdam,0.023,0.91,0.973,0.88,0.556,0.79,0.491,0.92,0.235,0.95,0.921,0.78,0.132,0.86,0.607,0.65,900,0,175,0.96,0.68,155,65,0.7912
Istanbul,0.023,0.94,0.973,0.98,0.556,0.94,0.491,0.89,0.235,0.84,0.921,0.71,0.132,0.91,0.607,0.58,900,0,85,0.84,0.88,65,32,0.8483
Rome,0.023,0.97,0.973,0.99,0.556,0.96,0.491,0.78,0.235,0.91,0.921,0.62,0.132,0.76,0.607,0.48,900,0,145,0.91,0.9,125,55,0.8208
London,0.023,0.94,0.973,0.97,0.556,0.91,0.491,0.95,0.235,0.98,0.921,0.76,0.132,0.98,0.607,0.55,900,0,210,0.89,0.64,190,75,0.8166
Barcelona,0.023,0.96,0.973,0.84,0.556,0.94,0.491,0.96,0.235,0.82,0.921,0.82,0.132,0.88,0.607,0.72,900,0,150,0.93,0.94,130,58,0.8475
Dubai,0.023,0.96,0.973,0.63,0.556,0.91,0.491,0.92,0.235,0.72,0.921,0.68,0.132,0.99,0.607,0.91,900,0,190,0.58,0.96,175,70,0.8265
Dubai,0.418,0.96,0.599,0.63,0.319,0.91,0.363,0.92,0.106,0.72,0.885,0.68,0.96,0.99,0.762,0.91,1800,1,190,0.58,0.96,175,70,0.8769
Singapore,0.418,0.91,0.599,0.72,0.319,0.98,0.363,0.85,0.106,0.79,0.885,0.94,0.96,0.97,0.762,0.79,1800,1,155,0.9,0.94,145,50,0.9093
Switzerland,0.418,0.79,0.599,0.78,0.319,0.82,0.363,0.58,0.106,0.75,0.885,0.99,0.96,0.76,0.762,0.98,1800,1,240,0.88,0.78,220,90,0.8906
London,0.418,0.94,0.599,0.97,0.319,0.91,0.363,0.95,0.106,0.98,0.885,0.76,0.96,0.98,0.762,0.55,1800,1,210,0.89,0.64,190,75,0.8462
Switzerland,0.288,0.79,0.533,0.78,0.334,0.82,0.464,0.58,0.172,0.75,0.907,0.99,0.383,0.76,0.653,0.98,2200,1,240,0.88,0.78,220,90,0.8532
Paris,0.288,0.98,0.533,0.95,0.334,0.97,0.464,0.82,0.172,0.99,0.907,0.65,0.383,0.92,0.653,0.45,2200,1,180,0.95,0.82,160,70,0.8488
Bali,0.288,0.73,0.533,0.76,0.334,0.91,0.464,0.87,0.172,0.51,0.907,0.99,0.383,0.72,0.653,0.98,2200,1,90,0.62,0.95,70,35,0.9
Amsterdam,0.288,0.91,0.533,0.88,0.334,0.79,0.464,0.92,0.172,0.95,0.907,0.78,0.383,0.86,0.653,0.65,2200,1,175,0.96,0.68,155,65,0.8585
Singapore,0.732,0.91,0.945,0.72,0.325,0.98,0.25,0.85,0.569,0.79,0.472,0.94,0.091,0.97,0.37,0.79,2200,0,155,0.9,0.94,145,50,0.8463
Tokyo,0.732,0.9,0.945,0.91,0.325,0.99,0.25,0.96,0.569,0.88,0.472,0.74,0.091,0.99,0.37,0.71,2200,0,165,0.91,0.79,135,60,0.8644
Amsterdam,0.732,0.91,0.945,0.88,0.325,0.79,0.25,0.92,0.569,0.95,0.472,0.78,0.091,0.86,0.37,0.65,2200,0,175,0.96,0.68,155,65,0.8164
Barcelona,0.732,0.96,0.945,0.84,0.325,0.94,0.25,0.96,0.569,0.82,0.472,0.82,0.091,0.88,0.37,0.72,2200,0,150,0.93,0.94,130,58,0.8438
Tokyo,0.065,0.9,0.031,0.91,0.578,0.99,0.459,0.96,0.684,0.88,0.444,0.74,0.242,0.99,0.177,0.71,2600,0,165,0.91,0.79,135,60,0.8419
Barcelona,0.065,0.96,0.031,0.84,0.578,0.94,0.459,0.96,0.684,0.82,0.444,0.82,0.242,0.88,0.177,0.72,2600,0,150,0.93,0.94,130,58,0.8762
Amsterdam,0.065,0.91,0.031,0.88,0.578,0.79,0.459,0.92,0.684,0.95,0.444,0.78,0.242,0.86,0.177,0.65,2600,0,175,0.96,0.68,155,65,0.8478
Singapore,0.065,0.91,0.031,0.72,0.578,0.98,0.459,0.85,0.684,0.79,0.444,0.94,0.242,0.97,0.177,0.79,2600,0,155,0.9,0.94,145,50,0.8995
Rome,0.065,0.97,0.031,0.99,0.578,0.96,0.459,0.78,0.684,0.91,0.444,0.62,0.242,0.76,0.177,0.48,2600,0,145,0.91,0.9,125,55,0.8447
Paris,0.065,0.98,0.031,0.95,0.578,0.97,0.459,0.82,0.684,0.99,0.444,0.65,0.242,0.92,0.177,0.45,2600,0,180,0.95,0.82,160,70,0.825
Istanbul,0.065,0.94,0.031,0.98,0.578,0.94,0.459,0.89,0.684,0.84,0.444,0.71,0.242,0.91,0.177,0.58,2600,0,85,0.84,0.88,65,32,0.8389
Istanbul,0.26,0.94,0.716,0.98,0.121,0.94,0.777,0.89,0.647,0.84,0.534,0.71,0.024,0.91,0.481,0.58,700,1,85,0.84,0.88,65,32,0.8877
Paris,0.26,0.98,0.716,0.95,0.121,0.97,0.777,0.82,0.647,0.99,0.534,0.65,0.024,0.92,0.481,0.45,700,1,180,0.95,0.82,160,70,0.8486
Tokyo,0.26,0.9,0.716,0.91,0.121,0.99,0.777,0.96,0.647,0.88,0.534,0.74,0.024,0.99,0.481,0.71,700,1,165,0.91,0.79,135,60,0.9066
Dubai,0.26,0.96,0.716,0.63,0.121,0.91,0.777,0.92,0.647,0.72,0.534,0.68,0.024,0.99,0.481,0.91,700,1,190,0.58,0.96,175,70,0.8415
Singapore,0.26,0.91,0.716,0.72,0.121,0.98,0.777,0.85,0.647,0.79,0.534,0.94,0.024,0.97,0.481,0.79,700,1,155,0.9,0.94,145,50,0.8848
Amsterdam,0.26,0.91,0.716,0.88,0.121,0.79,0.777,0.92,0.647,0.95,0.534,0.78,0.024,0.86,0.481,0.65,700,1,175,0.96,0.68,155,65,0.8912
Amsterdam,0.722,0.91,0.366,0.88,0.657,0.79,0.142,0.92,0.243,0.95,0.483,0.78,0.265,0.86,0.33,0.65,900,1,175,0.96,0.68,155,65,0.8794
London,0.722,0.94,0.366,0.97,0.657,0.91,0.142,0.95,0.243,0.98,0.483,0.76,0.265,0.98,0.33,0.55,900,1,210,0.89,0.64,190,75,0.8891
Tokyo,0.722,0.9,0.366,0.91,0.657,0.99,0.142,0.96,0.243,0.88,0.483,0.74,0.265,0.99,0.33,0.71,900,1,165,0.91,0.79,135,60,0.9041
Switzerland,0.722,0.79,0.366,0.78,0.657,0.82,0.142,0.58,0.243,0.75,0.483,0.99,0.265,0.76,0.33,0.98,900,1,240,0.88,0.78,220,90,0.8686
Singapore,0.722,0.91,0.366,0.72,0.657,0.98,0.142,0.85,0.243,0.79,0.483,0.94,0.265,0.97,0.33,0.79,900,1,155,0.9,0.94,145,50,0.9299
Barcelona,0.722,0.96,0.366,0.84,0.657,0.94,0.142,0.96,0.243,0.82,0.483,0.82,0.265,0.88,0.33,0.72,900,1,150,0.93,0.94,130,58,0.8969
Barcelona,0.288,0.96,0.221,0.84,0.371,0.94,0.363,0.96,0.291,0.82,0.945,0.82,0.158,0.88,0.634,0.72,2600,1,150,0.93,0.94,130,58,0.8827
Istanbul,0.288,0.94,0.221,0.98,0.371,0.94,0.363,0.89,0.291,0.84,0.945,0.71,0.158,0.91,0.634,0.58,2600,1,85,0.84,0.88,65,32,0.8327
Switzerland,0.288,0.79,0.221,0.78,0.371,0.82,0.363,0.58,0.291,0.75,0.945,0.99,0.158,0.76,0.634,0.98,2600,1,240,0.88,0.78,220,90,0.899
London,0.288,0.94,0.221,0.97,0.371,0.91,0.363,0.95,0.291,0.98,0.945,0.76,0.158,0.98,0.634,0.55,2600,1,210,0.89,0.64,190,75,0.8477
Dubai,0.288,0.96,0.221,0.63,0.371,0.91,0.363,0.92,0.291,0.72,0.945,0.68,0.158,0.99,0.634,0.91,2600,1,190,0.58,0.96,175,70,0.8267
Tokyo,0.012,0.9,0.364,0.91,0.509,0.99,0.87,0.96,0.517,0.88,0.477,0.74,0.9,0.99,0.972,0.71,1100,1,165,0.91,0.79,135,60,0.9183
Dubai,0.012,0.96,0.364,0.63,0.509,0.91,0.87,0.92,0.517,0.72,0.477,0.68,0.9,0.99,0.972,0.91,1100,1,190,0.58,0.96,175,70,0.846
Singapore,0.012,0.91,0.364,0.72,0.509,0.98,0.87,0.85,0.517,0.79,0.477,0.94,0.9,0.97,0.972,0.79,1100,1,155,0.9,0.94,145,50,0.9269
Barcelona,0.012,0.96,0.364,0.84,0.509,0.94,0.87,0.96,0.517,0.82,0.477,0.82,0.9,0.88,0.972,0.72,1100,1,150,0.93,0.94,130,58,0.8904
Bali,0.012,0.73,0.364,0.76,0.509,0.91,0.87,0.87,0.517,0.51,0.477,0.99,0.9,0.72,0.972,0.98,1100,1,90,0.62,0.95,70,35,0.8463
Rome,0.012,0.97,0.364,0.99,0.509,0.96,0.87,0.78,0.517,0.91,0.477,0.62,0.9,0.76,0.972,0.48,1100,1,145,0.91,0.9,125,55,0.816
Amsterdam,0.012,0.91,0.364,0.88,0.509,0.79,0.87,0.92,0.517,0.95,0.477,0.78,0.9,0.86,0.972,0.65,1100,1,175,0.96,0.68,155,65,0.8467
Switzerland,0.778,0.79,0.789,0.78,0.65,0.82,0.357,0.58,0.459,0.75,0.913,0.99,0.906,0.76,0.84,0.98,1300,0,240,0.88,0.78,220,90,0.827
Paris,0.778,0.98,0.789,0.95,0.65,0.97,0.357,0.82,0.459,0.99,0.913,0.65,0.906,0.92,0.84,0.45,1300,0,180,0.95,0.82,160,70,0.8154
Dubai,0.778,0.96,0.789,0.63,0.65,0.91,0.357,0.92,0.459,0.72,0.913,0.68,0.906,0.99,0.84,0.91,1300,0,190,0.58,0.96,175,70,0.8726
Rome,0.778,0.97,0.789,0.99,0.65,0.96,0.357,0.78,0.459,0.91,0.913,0.62,0.906,0.76,0.84,0.48,1300,0,145,0.91,0.9,125,55,0.8331
Tokyo,0.778,0.9,0.789,0.91,0.65,0.99,0.357,0.96,0.459,0.88,0.913,0.74,0.906,0.99,0.84,0.71,1300,0,165,0.91,0.79,135,60,0.8555
Barcelona,0.079,0.96,0.798,0.84,0.447,0.94,0.523,0.96,0.245,0.82,0.797,0.82,0.183,0.88,0.936,0.72,1300,0,150,0.93,0.94,130,58,0.8588
Paris,0.079,0.98,0.798,0.95,0.447,0.97,0.523,0.82,0.245,0.99,0.797,0.65,0.183,0.92,0.936,0.45,1300,0,180,0.95,0.82,160,70,0.8
Bali,0.079,0.73,0.798,0.76,0.447,0.91,0.523,0.87,0.245,0.51,0.797,0.99,0.183,0.72,0.936,0.98,1300,0,90,0.62,0.95,70,35,0.8882
London,0.079,0.94,0.798,0.97,0.447,0.91,0.523,0.95,0.245,0.98,0.797,0.76,0.183,0.98,0.936,0.55,1300,0,210,0.89,0.64,190,75,0.8271
New York,0.079,0.94,0.798,0.82,0.447,0.96,0.523,0.99,0.245,0.97,0.797,0.71,0.183,0.99,0.936,0.63,1300,0,230,0.92,0.76,210,85,0.7941
Switzerland,0.079,0.79,0.798,0.78,0.447,0.82,0.523,0.58,0.245,0.75,0.797,0.99,0.183,0.76,0.936,0.98,1300,0,240,0.88,0.78,220,90,0.8247
Rome,0.208,0.97,0.244,0.99,0.762,0.96,0.477,0.78,0.098,0.91,0.882,0.62,0.051,0.76,0.79,0.48,900,0,145,0.91,0.9,125,55,0.7865
Singapore,0.208,0.91,0.244,0.72,0.762,0.98,0.477,0.85,0.098,0.79,0.882,0.94,0.051,0.97,0.79,0.79,900,0,155,0.9,0.94,145,50,0.8589
Istanbul,0.208,0.94,0.244,0.98,0.762,0.94,0.477,0.89,0.098,0.84,0.882,0.71,0.051,0.91,0.79,0.58,900,0,85,0.84,0.88,65,32,0.8138
Switzerland,0.208,0.79,0.244,0.78,0.762,0.82,0.477,0.58,0.098,0.75,0.882,0.99,0.051,0.76,0.79,0.98,900,0,240,0.88,0.78,220,90,0.8467
Amsterdam,0.208,0.91,0.244,0.88,0.762,0.79,0.477,0.92,0.098,0.95,0.882,0.78,0.051,0.86,0.79,0.65,900,0,175,0.96,0.68,155,65,0.7976
Paris,0.208,0.98,0.244,0.95,0.762,0.97,0.477,0.82,0.098,0.99,0.882,0.65,0.051,0.92,0.79,0.45,900,0,180,0.95,0.82,160,70,0.8009
Switzerland,0.112,0.79,0.887,0.78,0.777,0.82,0.195,0.58,0.806,0.75,0.614,0.99,0.456,0.76,0.0,0.98,2200,1,240,0.88,0.78,220,90,0.837
Barcelona,0.112,0.96,0.887,0.84,0.777,0.94,0.195,0.96,0.806,0.82,0.614,0.82,0.456,0.88,0.0,0.72,2200,1,150,0.93,0.94,130,58,0.9145
Tokyo,0.112,0.9,0.887,0.91,0.777,0.99,0.195,0.96,0.806,0.88,0.614,0.74,0.456,0.99,0.0,0.71,2200,1,165,0.91,0.79,135,60,0.9009
New York,0.112,0.94,0.887,0.82,0.777,0.96,0.195,0.99,0.806,0.97,0.614,0.71,0.456,0.99,0.0,0.63,2200,1,230,0.92,0.76,210,85,0.9063
Singapore,0.112,0.91,0.887,0.72,0.777,0.98,0.195,0.85,0.806,0.79,0.614,0.94,0.456,0.97,0.0,0.79,2200,1,155,0.9,0.94,145,50,0.8945
London,0.112,0.94,0.887,0.97,0.777,0.91,0.195,0.95,0.806,0.98,0.614,0.76,0.456,0.98,0.0,0.55,2200,1,210,0.89,0.64,190,75,0.9173
Rome,0.503,0.97,0.626,0.99,0.111,0.96,0.757,0.78,0.182,0.91,0.007,0.62,0.893,0.76,0.51,0.48,2600,0,145,0.91,0.9,125,55,0.8458
Dubai,0.503,0.96,0.626,0.63,0.111,0.91,0.757,0.92,0.182,0.72,0.007,0.68,0.893,0.99,0.51,0.91,2600,0,190,0.58,0.96,175,70,0.8712
London,0.503,0.94,0.626,0.97,0.111,0.91,0.757,0.95,0.182,0.98,0.007,0.76,0.893,0.98,0.51,0.55,2600,0,210,0.89,0.64,190,75,0.8625
Istanbul,0.503,0.94,0.626,0.98,0.111,0.94,0.757,0.89,0.182,0.84,0.007,0.71,0.893,0.91,0.51,0.58,2600,0,85,0.84,0.88,65,32,0.8633
Switzerland,0.183,0.79,0.779,0.78,0.763,0.82,0.213,0.58,0.502,0.75,0.32,0.99,0.53,0.76,0.103,0.98,1500,0,240,0.88,0.78,220,90,0.8195
Barcelona,0.183,0.96,0.779,0.84,0.763,0.94,0.213,0.96,0.502,0.82,0.32,0.82,0.53,0.88,0.103,0.72,1500,0,150,0.93,0.94,130,58,0.8862
Tokyo,0.183,0.9,0.779,0.91,0.763,0.99,0.213,0.96,0.502,0.88,0.32,0.74,0.53,0.99,0.103,0.71,1500,0,165,0.91,0.79,135,60,0.8844
Istanbul,0.183,0.94,0.779,0.98,0.763,0.94,0.213,0.89,0.502,0.84,0.32,0.71,0.53,0.91,0.103,0.58,1500,0,85,0.84,0.88,65,32,0.8572
Amsterdam,0.183,0.91,0.779,0.88,0.763,0.79,0.213,0.92,0.502,0.95,0.32,0.78,0.53,0.86,0.103,0.65,1500,0,175,0.96,0.68,155,65,0.8537
Dubai,0.183,0.96,0.779,0.63,0.763,0.91,0.213,0.92,0.502,0.72,0.32,0.68,0.53,0.99,0.103,0.91,1500,0,190,0.58,0.96,175,70,0.8571
Singapore,0.183,0.91,0.779,0.72,0.763,0.98,0.213,0.85,0.502,0.79,0.32,0.94,0.53,0.97,0.103,0.79,1500,0,155,0.9,0.94,145,50,0.8732
Singapore,0.789,0.91,0.78,0.72,0.269,0.98,0.933,0.85,0.472,0.79,0.856,0.94,0.304,0.97,0.145,0.79,1800,1,155,0.9,0.94,145,50,0.8769
London,0.789,0.94,0.78,0.97,0.269,0.91,0.933,0.95,0.472,0.98,0.856,0.76,0.304,0.98,0.145,0.55,1800,1,210,0.89,0.64,190,75,0.9186
Dubai,0.789,0.96,0.78,0.63,0.269,0.91,0.933,0.92,0.472,0.72,0.856,0.68,0.304,0.99,0.145,0.91,1800,1,190,0.58,0.96,175,70,0.8208
Bali,0.789,0.73,0.78,0.76,0.269,0.91,0.933,0.87,0.472,0.51,0.856,0.99,0.304,0.72,0.145,0.98,1800,1,90,0.62,0.95,70,35,0.8372
New York,0.789,0.94,0.78,0.82,0.269,0.96,0.933,0.99,0.472,0.97,0.856,0.71,0.304,0.99,0.145,0.63,1800,1,230,0.92,0.76,210,85,0.9058
Dubai,0.14,0.96,0.457,0.63,0.274,0.91,0.819,0.92,0.202,0.72,0.662,0.68,0.256,0.99,0.833,0.91,700,1,190,0.58,0.96,175,70,0.8392
Tokyo,0.14,0.9,0.457,0.91,0.274,0.99,0.819,0.96,0.202,0.88,0.662,0.74,0.256,0.99,0.833,0.71,700,1,165,0.91,0.79,135,60,0.8827
New York,0.14,0.94,0.457,0.82,0.274,0.96,0.819,0.99,0.202,0.97,0.662,0.71,0.256,0.99,0.833,0.63,700,1,230,0.92,0.76,210,85,0.8839
Bali,0.14,0.73,0.457,0.76,0.274,0.91,0.819,0.87,0.202,0.51,0.662,0.99,0.256,0.72,0.833,0.98,700,1,90,0.62,0.95,70,35,0.8595
Amsterdam,0.14,0.91,0.457,0.88,0.274,0.79,0.819,0.92,0.202,0.95,0.662,0.78,0.256,0.86,0.833,0.65,700,1,175,0.96,0.68,155,65,0.8402
Istanbul,0.14,0.94,0.457,0.98,0.274,0.94,0.819,0.89,0.202,0.84,0.662,0.71,0.256,0.91,0.833,0.58,700,1,85,0.84,0.88,65,32,0.8445
Bali,0.48,0.73,0.721,0.76,0.47,0.91,0.971,0.87,0.046,0.51,0.659,0.99,0.688,0.72,0.909,0.98,2600,0,90,0.62,0.95,70,35,0.8365
Istanbul,0.48,0.94,0.721,0.98,0.47,0.94,0.971,0.89,0.046,0.84,0.659,0.71,0.688,0.91,0.909,0.58,2600,0,85,0.84,0.88,65,32,0.8306
Dubai,0.48,0.96,0.721,0.63,0.47,0.91,0.971,0.92,0.046,0.72,0.659,0.68,0.688,0.99,0.909,0.91,2600,0,190,0.58,0.96,175,70,0.8607
Paris,0.48,0.98,0.721,0.95,0.47,0.97,0.971,0.82,0.046,0.99,0.659,0.65,0.688,0.92,0.909,0.45,2600,0,180,0.95,0.82,160,70,0.805
Rome,0.48,0.97,0.721,0.99,0.47,0.96,0.971,0.78,0.046,0.91,0.659,0.62,0.688,0.76,0.909,0.48,2600,0,145,0.91,0.9,125,55,0.7901
Amsterdam,0.472,0.91,0.881,0.88,0.074,0.79,0.977,0.92,0.732,0.95,0.824,0.78,0.874,0.86,0.59,0.65,1300,0,175,0.96,0.68,155,65,0.8323
Tokyo,0.472,0.9,0.881,0.91,0.074,0.99,0.977,0.96,0.732,0.88,0.824,0.74,0.874,0.99,0.59,0.71,1300,0,165,0.91,0.79,135,60,0.8469
Bali,0.472,0.73,0.881,0.76,0.074,0.91,0.977,0.87,0.732,0.51,0.824,0.99,0.874,0.72,0.59,0.98,1300,0,90,0.62,0.95,70,35,0.7999
New York,0.472,0.94,0.881,0.82,0.074,0.96,0.977,0.99,0.732,0.97,0.824,0.71,0.874,0.99,0.59,0.63,1300,0,230,0.92,0.76,210,85,0.8635
London,0.472,0.94,0.881,0.97,0.074,0.91,0.977,0.95,0.732,0.98,0.824,0.76,0.874,0.98,0.59,0.55,1300,0,210,0.89,0.64,190,75,0.8254
Singapore,0.472,0.91,0.881,0.72,0.074,0.98,0.977,0.85,0.732,0.79,0.824,0.94,0.874,0.97,0.59,0.79,1300,0,155,0.9,0.94,145,50,0.8709
Amsterdam,0.711,0.91,0.314,0.88,0.853,0.79,0.905,0.92,0.446,0.95,0.885,0.78,0.184,0.86,0.468,0.65,2600,1,175,0.96,0.68,155,65,0.8504
Switzerland,0.711,0.79,0.314,0.78,0.853,0.82,0.905,0.58,0.446,0.75,0.885,0.99,0.184,0.76,0.468,0.98,2600,1,240,0.88,0.78,220,90,0.8565
London,0.711,0.94,0.314,0.97,0.853,0.91,0.905,0.95,0.446,0.98,0.885,0.76,0.184,0.98,0.468,0.55,2600,1,210,0.89,0.64,190,75,0.8726
Bali,0.711,0.73,0.314,0.76,0.853,0.91,0.905,0.87,0.446,0.51,0.885,0.99,0.184,0.72,0.468,0.98,2600,1,90,0.62,0.95,70,35,0.8779
Paris,0.711,0.98,0.314,0.95,0.853,0.97,0.905,0.82,0.446,0.99,0.885,0.65,0.184,0.92,0.468,0.45,2600,1,180,0.95,0.82,160,70,0.8906
Bali,0.832,0.73,0.06,0.76,0.99,0.91,0.373,0.87,0.566,0.51,0.996,0.99,0.96,0.72,0.873,0.98,1800,1,90,0.62,0.95,70,35,0.8798
Tokyo,0.832,0.9,0.06,0.91,0.99,0.99,0.373,0.96,0.566,0.88,0.996,0.74,0.96,0.99,0.873,0.71,1800,1,165,0.91,0.79,135,60,0.9094
Rome,0.832,0.97,0.06,0.99,0.99,0.96,0.373,0.78,0.566,0.91,0.996,0.62,0.96,0.76,0.873,0.48,1800,1,145,0.91,0.9,125,55,0.8487
Istanbul,0.832,0.94,0.06,0.98,0.99,0.94,0.373,0.89,0.566,0.84,0.996,0.71,0.96,0.91,0.873,0.58,1800,1,85,0.84,0.88,65,32,0.8824
New York,0.832,0.94,0.06,0.82,0.99,0.96,0.373,0.99,0.566,0.97,0.996,0.71,0.96,0.99,0.873,0.63,1800,1,230,0.92,0.76,210,85,0.9065
Rome,0.088,0.97,0.922,0.99,0.61,0.96,0.993,0.78,0.752,0.91,0.767,0.62,0.431,0.76,0.277,0.48,2600,0,145,0.91,0.9,125,55,0.8346
Barcelona,0.088,0.96,0.922,0.84,0.61,0.94,0.993,0.96,0.752,0.82,0.767,0.82,0.431,0.88,0.277,0.72,2600,0,150,0.93,0.94,130,58,0.8755
Bali,0.088,0.73,0.922,0.76,0.61,0.91,0.993,0.87,0.752,0.51,0.767,0.99,0.431,0.72,0.277,0.98,2600,0,90,0.62,0.95,70,35,0.8455
Tokyo,0.088,0.9,0.922,0.91,0.61,0.99,0.993,0.96,0.752,0.88,0.767,0.74,0.431,0.99,0.277,0.71,2600,0,165,0.91,0.79,135,60,0.8622
Singapore,0.088,0.91,0.922,0.72,0.61,0.98,0.993,0.85,0.752,0.79,0.767,0.94,0.431,0.97,0.277,0.79,2600,0,155,0.9,0.94,145,50,0.833
Bali,0.575,0.73,0.006,0.76,0.828,0.91,0.019,0.87,0.225,0.51,0.427,0.99,0.259,0.72,0.223,0.98,1800,1,90,0.62,0.95,70,35,0.8419
Tokyo,0.575,0.9,0.006,0.91,0.828,0.99,0.019,0.96,0.225,0.88,0.427,0.74,0.259,0.99,0.223,0.71,1800,1,165,0.91,0.79,135,60,0.8886
Istanbul,0.575,0.94,0.006,0.98,0.828,0.94,0.019,0.89,0.225,0.84,0.427,0.71,0.259,0.91,0.223,0.58,1800,1,85,0.84,0.88,65,32,0.8774
Barcelona,0.575,0.96,0.006,0.84,0.828,0.94,0.019,0.96,0.225,0.82,0.427,0.82,0.259,0.88,0.223,0.72,1800,1,150,0.93,0.94,130,58,0.9002
Barcelona,0.533,0.96,0.944,0.84,0.039,0.94,0.127,0.96,0.349,0.82,0.069,0.82,0.871,0.88,0.928,0.72,1300,0,150,0.93,0.94,130,58,0.8613
Dubai,0.533,0.96,0.944,0.63,0.039,0.91,0.127,0.92,0.349,0.72,0.069,0.68,0.871,0.99,0.928,0.91,1300,0,190,0.58,0.96,175,70,0.8297
London,0.533,0.94,0.944,0.97,0.039,0.91,0.127,0.95,0.349,0.98,0.069,0.76,0.871,0.98,0.928,0.55,1300,0,210,0.89,0.64,190,75,0.8507
Amsterdam,0.533,0.91,0.944,0.88,0.039,0.79,0.127,0.92,0.349,0.95,0.069,0.78,0.871,0.86,0.928,0.65,1300,0,175,0.96,0.68,155,65,0.8378
New York,0.533,0.94,0.944,0.82,0.039,0.96,0.127,0.99,0.349,0.97,0.069,0.71,0.871,0.99,0.928,0.63,1300,0,230,0.92,0.76,210,85,0.8159
Barcelona,0.948,0.96,0.025,0.84,0.868,0.94,0.854,0.96,0.209,0.82,0.049,0.82,0.439,0.88,0.199,0.72,2200,0,150,0.93,0.94,130,58,0.9079
New York,0.948,0.94,0.025,0.82,0.868,0.96,0.854,0.99,0.209,0.97,0.049,0.71,0.439,0.99,0.199,0.63,2200,0,230,0.92,0.76,210,85,0.8731
Bali,0.948,0.73,0.025,0.76,0.868,0.91,0.854,0.87,0.209,0.51,0.049,0.99,0.439,0.72,0.199,0.98,2200,0,90,0.62,0.95,70,35,0.8441
New York,0.12,0.94,0.489,0.82,0.605,0.96,0.75,0.99,0.317,0.97,0.191,0.71,0.985,0.99,0.8,0.63,1800,1,230,0.92,0.76,210,85,0.8919
Rome,0.12,0.97,0.489,0.99,0.605,0.96,0.75,0.78,0.317,0.91,0.191,0.62,0.985,0.76,0.8,0.48,1800,1,145,0.91,0.9,125,55,0.8429
Singapore,0.12,0.91,0.489,0.72,0.605,0.98,0.75,0.85,0.317,0.79,0.191,0.94,0.985,0.97,0.8,0.79,1800,1,155,0.9,0.94,145,50,0.9299
Paris,0.12,0.98,0.489,0.95,0.605,0.97,0.75,0.82,0.317,0.99,0.191,0.65,0.985,0.92,0.8,0.45,1800,1,180,0.95,0.82,160,70,0.8486
Istanbul,0.12,0.94,0.489,0.98,0.605,0.94,0.75,0.89,0.317,0.84,0.191,0.71,0.985,0.91,0.8,0.58,1800,1,85,0.84,0.88,65,32,0.8711
Istanbul,0.31,0.94,0.065,0.98,0.946,0.94,0.652,0.89,0.229,0.84,0.701,0.71,0.65,0.91,0.81,0.58,2600,0,85,0.84,0.88,65,32,0.8471
Switzerland,0.31,0.79,0.065,0.78,0.946,0.82,0.652,0.58,0.229,0.75,0.701,0.99,0.65,0.76,0.81,0.98,2600,0,240,0.88,0.78,220,90,0.8074
Tokyo,0.31,0.9,0.065,0.91,0.946,0.99,0.652,0.96,0.229,0.88,0.701,0.74,0.65,0.99,0.81,0.71,2600,0,165,0.91,0.79,135,60,0.8325
Paris,0.31,0.98,0.065,0.95,0.946,0.97,0.652,0.82,0.229,0.99,0.701,0.65,0.65,0.92,0.81,0.45,2600,0,180,0.95,0.82,160,70,0.8091
Barcelona,0.31,0.96,0.065,0.84,0.946,0.94,0.652,0.96,0.229,0.82,0.701,0.82,0.65,0.88,0.81,0.72,2600,0,150,0.93,0.94,130,58,0.8465
New York,0.47,0.94,0.039,0.82,0.596,0.96,0.21,0.99,0.74,0.97,0.293,0.71,0.618,0.99,0.823,0.63,2200,0,230,0.92,0.76,210,85,0.8691
Barcelona,0.47,0.96,0.039,0.84,0.596,0.94,0.21,0.96,0.74,0.82,0.293,0.82,0.618,0.88,0.823,0.72,2200,0,150,0.93,0.94,130,58,0.8358
Switzerland,0.47,0.79,0.039,0.78,0.596,0.82,0.21,0.58,0.74,0.75,0.293,0.99,0.618,0.76,0.823,0.98,2200,0,240,0.88,0.78,220,90,0.8073
Tokyo,0.47,0.9,0.039,0.91,0.596,0.99,0.21,0.96,0.74,0.88,0.293,0.74,0.618,0.99,0.823,0.71,2200,0,165,0.91,0.79,135,60,0.8537
Paris,0.306,0.98,0.625,0.95,0.909,0.97,0.265,0.82,0.321,0.99,0.783,0.65,0.332,0.92,0.889,0.45,700,0,180,0.95,0.82,160,70,0.7894
New York,0.306,0.94,0.625,0.82,0.909,0.96,0.265,0.99,0.321,0.97,0.783,0.71,0.332,0.99,0.889,0.63,700,0,230,0.92,0.76,210,85,0.8184
Dubai,0.306,0.96,0.625,0.63,0.909,0.91,0.265,0.92,0.321,0.72,0.783,0.68,0.332,0.99,0.889,0.91,700,0,190,0.58,0.96,175,70,0.8278
Switzerland,0.306,0.79,0.625,0.78,0.909,0.82,0.265,0.58,0.321,0.75,0.783,0.99,0.332,0.76,0.889,0.98,700,0,240,0.88,0.78,220,90,0.8343
Barcelona,0.306,0.96,0.625,0.84,0.909,0.94,0.265,0.96,0.321,0.82,0.783,0.82,0.332,0.88,0.889,0.72,700,0,150,0.93,0.94,130,58,0.8323
Rome,0.306,0.97,0.625,0.99,0.909,0.96,0.265,0.78,0.321,0.91,0.783,0.62,0.332,0.76,0.889,0.48,700,0,145,0.91,0.9,125,55,0.8309
Switzerland,0.464,0.79,0.415,0.78,0.898,0.82,0.44,0.58,0.857,0.75,0.809,0.99,0.001,0.76,0.476,0.98,1500,0,240,0.88,0.78,220,90,0.8221
New York,0.464,0.94,0.415,0.82,0.898,0.96,0.44,0.99,0.857,0.97,0.809,0.71,0.001,0.99,0.476,0.63,1500,0,230,0.92,0.76,210,85,0.8628
Tokyo,0.464,0.9,0.415,0.91,0.898,0.99,0.44,0.96,0.857,0.88,0.809,0.74,0.001,0.99,0.476,0.71,1500,0,165,0.91,0.79,135,60,0.8553
Rome,0.464,0.97,0.415,0.99,0.898,0.96,0.44,0.78,0.857,0.91,0.809,0.62,0.001,0.76,0.476,0.48,1500,0,145,0.91,0.9,125,55,0.8135
Singapore,0.464,0.91,0.415,0.72,0.898,0.98,0.44,0.85,0.857,0.79,0.809,0.94,0.001,0.97,0.476,0.79,1500,0,155,0.9,0.94,145,50,0.8662
Tokyo,0.805,0.9,0.143,0.91,0.659,0.99,0.743,0.96,0.717,0.88,0.282,0.74,0.615,0.99,0.25,0.71,1500,0,165,0.91,0.79,135,60,0.8896
Singapore,0.805,0.91,0.143,0.72,0.659,0.98,0.743,0.85,0.717,0.79,0.282,0.94,0.615,0.97,0.25,0.79,1500,0,155,0.9,0.94,145,50,0.8579
Bali,0.805,0.73,0.143,0.76,0.659,0.91,0.743,0.87,0.717,0.51,0.282,0.99,0.615,0.72,0.25,0.98,1500,0,90,0.62,0.95,70,35,0.8074
New York,0.805,0.94,0.143,0.82,0.659,0.96,0.743,0.99,0.717,0.97,0.282,0.71,0.615,0.99,0.25,0.63,1500,0,230,0.92,0.76,210,85,0.89
London,0.805,0.94,0.143,0.97,0.659,0.91,0.743,0.95,0.717,0.98,0.282,0.76,0.615,0.98,0.25,0.55,1500,0,210,0.89,0.64,190,75,0.8673
Dubai,0.935,0.96,0.034,0.63,0.906,0.91,0.385,0.92,0.048,0.72,0.198,0.68,0.182,0.99,0.143,0.91,700,0,190,0.58,0.96,175,70,0.8914
Tokyo,0.935,0.9,0.034,0.91,0.906,0.99,0.385,0.96,0.048,0.88,0.198,0.74,0.182,0.99,0.143,0.71,700,0,165,0.91,0.79,135,60,0.8742
Paris,0.935,0.98,0.034,0.95,0.906,0.97,0.385,0.82,0.048,0.99,0.198,0.65,0.182,0.92,0.143,0.45,700,0,180,0.95,0.82,160,70,0.8791
Singapore,0.935,0.91,0.034,0.72,0.906,0.98,0.385,0.85,0.048,0.79,0.198,0.94,0.182,0.97,0.143,0.79,700,0,155,0.9,0.94,145,50,0.9117
London,0.577,0.94,0.452,0.97,0.215,0.91,0.621,0.95,0.546,0.98,0.118,0.76,0.279,0.98,0.769,0.55,1800,1,210,0.89,0.64,190,75,0.8687
Tokyo,0.577,0.9,0.452,0.91,0.215,0.99,0.621,0.96,0.546,0.88,0.118,0.74,0.279,0.99,0.769,0.71,1800,1,165,0.91,0.79,135,60,0.8748
Singapore,0.577,0.91,0.452,0.72,0.215,0.98,0.621,0.85,0.546,0.79,0.118,0.94,0.279,0.97,0.769,0.79,1800,1,155,0.9,0.94,145,50,0.9066
New York,0.577,0.94,0.452,0.82,0.215,0.96,0.621,0.99,0.546,0.97,0.118,0.71,0.279,0.99,0.769,0.63,1800,1,230,0.92,0.76,210,85,0.9025
Tokyo,0.263,0.9,0.782,0.91,0.427,0.99,0.025,0.96,0.543,0.88,0.095,0.74,0.975,0.99,0.83,0.71,900,1,165,0.91,0.79,135,60,0.9053
London,0.263,0.94,0.782,0.97,0.427,0.91,0.025,0.95,0.543,0.98,0.095,0.76,0.975,0.98,0.83,0.55,900,1,210,0.89,0.64,190,75,0.898
Singapore,0.263,0.91,0.782,0.72,0.427,0.98,0.025,0.85,0.543,0.79,0.095,0.94,0.975,0.97,0.83,0.79,900,1,155,0.9,0.94,145,50,0.9193
Dubai,0.263,0.96,0.782,0.63,0.427,0.91,0.025,0.92,0.543,0.72,0.095,0.68,0.975,0.99,0.83,0.91,900,1,190,0.58,0.96,175,70,0.8851
New York,0.183,0.94,0.82,0.82,0.886,0.96,0.511,0.99,0.142,0.97,0.681,0.71,0.776,0.99,0.199,0.63,1800,0,230,0.92,0.76,210,85,0.8668
Istanbul,0.183,0.94,0.82,0.98,0.886,0.94,0.511,0.89,0.142,0.84,0.681,0.71,0.776,0.91,0.199,0.58,1800,0,85,0.84,0.88,65,32,0.8899
Paris,0.183,0.98,0.82,0.95,0.886,0.97,0.511,0.82,0.142,0.99,0.681,0.65,0.776,0.92,0.199,0.45,1800,0,180,0.95,0.82,160,70,0.8332
Switzerland,0.183,0.79,0.82,0.78,0.886,0.82,0.511,0.58,0.142,0.75,0.681,0.99,0.776,0.76,0.199,0.98,1800,0,240,0.88,0.78,220,90,0.793
Tokyo,0.183,0.9,0.82,0.91,0.886,0.99,0.511,0.96,0.142,0.88,0.681,0.74,0.776,0.99,0.199,0.71,1800,0,165,0.91,0.79,135,60,0.8836
London,0.183,0.94,0.82,0.97,0.886,0.91,0.511,0.95,0.142,0.98,0.681,0.76,0.776,0.98,0.199,0.55,1800,0,210,0.89,0.64,190,75,0.8618
Rome,0.183,0.97,0.82,0.99,0.886,0.96,0.511,0.78,0.142,0.91,0.681,0.62,0.776,0.76,0.199,0.48,1800,0,145,0.91,0.9,125,55,0.8546
New York,0.226,0.94,0.931,0.82,0.716,0.96,0.541,0.99,0.955,0.97,0.424,0.71,0.202,0.99,0.049,0.63,2200,1,230,0.92,0.76,210,85,0.9217
Dubai,0.226,0.96,0.931,0.63,0.716,0.91,0.541,0.92,0.955,0.72,0.424,0.68,0.202,0.99,0.049,0.91,2200,1,190,0.58,0.96,175,70,0.8148
Singapore,0.226,0.91,0.931,0.72,0.716,0.98,0.541,0.85,0.955,0.79,0.424,0.94,0.202,0.97,0.049,0.79,2200,1,155,0.9,0.94,145,50,0.8709
Bali,0.226,0.73,0.931,0.76,0.716,0.91,0.541,0.87,0.955,0.51,0.424,0.99,0.202,0.72,0.049,0.98,2200,1,90,0.62,0.95,70,35,0.8266
Tokyo,0.226,0.9,0.931,0.91,0.716,0.99,0.541,0.96,0.955,0.88,0.424,0.74,0.202,0.99,0.049,0.71,2200,1,165,0.91,0.79,135,60,0.9226
Rome,0.226,0.97,0.931,0.99,0.716,0.96,0.541,0.78,0.955,0.91,0.424,0.62,0.202,0.76,0.049,0.48,2200,1,145,0.91,0.9,125,55,0.8945
Switzerland,0.733,0.79,0.594,0.78,0.067,0.82,0.755,0.58,0.14,0.75,0.481,0.99,0.16,0.76,0.972,0.98,1300,1,240,0.88,0.78,220,90,0.844
Dubai,0.733,0.96,0.594,0.63,0.067,0.91,0.755,0.92,0.14,0.72,0.481,0.68,0.16,0.99,0.972,0.91,1300,1,190,0.58,0.96,175,70,0.8546
Istanbul,0.733,0.94,0.594,0.98,0.067,0.94,0.755,0.89,0.14,0.84,0.481,0.71,0.16,0.91,0.972,0.58,1300,1,85,0.84,0.88,65,32,0.8465
Amsterdam,0.733,0.91,0.594,0.88,0.067,0.79,0.755,0.92,0.14,0.95,0.481,0.78,0.16,0.86,0.972,0.65,1300,1,175,0.96,0.68,155,65,0.8808
New York,0.14,0.94,0.401,0.82,0.726,0.96,0.586,0.99,0.672,0.97,0.206,0.71,0.142,0.99,0.275,0.63,1800,0,230,0.92,0.76,210,85,0.8492
London,0.14,0.94,0.401,0.97,0.726,0.91,0.586,0.95,0.672,0.98,0.206,0.76,0.142,0.98,0.275,0.55,1800,0,210,0.89,0.64,190,75,0.8624
Istanbul,0.14,0.94,0.401,0.98,0.726,0.94,0.586,0.89,0.672,0.84,0.206,0.71,0.142,0.91,0.275,0.58,1800,0,85,0.84,0.88,65,32,0.8565
Dubai,0.66,0.96,0.299,0.63,0.125,0.91,0.743,0.92,0.454,0.72,0.07,0.68,0.979,0.99,0.911,0.91,1800,1,190,0.58,0.96,175,70,0.8968
London,0.66,0.94,0.299,0.97,0.125,0.91,0.743,0.95,0.454,0.98,0.07,0.76,0.979,0.98,0.911,0.55,1800,1,210,0.89,0.64,190,75,0.8711
Rome,0.66,0.97,0.299,0.99,0.125,0.96,0.743,0.78,0.454,0.91,0.07,0.62,0.979,0.76,0.911,0.48,1800,1,145,0.91,0.9,125,55,0.8276
Istanbul,0.71,0.94,0.866,0.98,0.487,0.94,0.291,0.89,0.523,0.84,0.089,0.71,0.732,0.91,0.96,0.58,1800,0,85,0.84,0.88,65,32,0.8614
Dubai,0.71,0.96,0.866,0.63,0.487,0.91,0.291,0.92,0.523,0.72,0.089,0.68,0.732,0.99,0.96,0.91,1800,0,190,0.58,0.96,175,70,0.8749
Switzerland,0.71,0.79,0.866,0.78,0.487,0.82,0.291,0.58,0.523,0.75,0.089,0.99,0.732,0.76,0.96,0.98,1800,0,240,0.88,0.78,220,90,0.8268
Paris,0.71,0.98,0.866,0.95,0.487,0.97,0.291,0.82,0.523,0.99,0.089,0.65,0.732,0.92,0.96,0.45,1800,0,180,0.95,0.82,160,70,0.856
Rome,0.71,0.97,0.866,0.99,0.487,0.96,0.291,0.78,0.523,0.91,0.089,0.62,0.732,0.76,0.96,0.48,1800,0,145,0.91,0.9,125,55,0.835
Bali,0.71,0.73,0.866,0.76,0.487,0.91,0.291,0.87,0.523,0.51,0.089,0.99,0.732,0.72,0.96,0.98,1800,0,90,0.62,0.95,70,35,0.8125
Istanbul,0.667,0.94,0.251,0.98,0.357,0.94,0.013,0.89,0.713,0.84,0.486,0.71,0.586,0.91,0.221,0.58,2200,1,85,0.84,0.88,65,32,0.892
Singapore,0.667,0.91,0.251,0.72,0.357,0.98,0.013,0.85,0.713,0.79,0.486,0.94,0.586,0.97,0.221,0.79,2200,1,155,0.9,0.94,145,50,0.9176
New York,0.667,0.94,0.251,0.82,0.357,0.96,0.013,0.99,0.713,0.97,0.486,0.71,0.586,0.99,0.221,0.63,2200,1,230,0.92,0.76,210,85,0.9097
Switzerland,0.87,0.79,0.668,0.78,0.042,0.82,0.108,0.58,0.838,0.75,0.643,0.99,0.099,0.76,0.095,0.98,1300,1,240,0.88,0.78,220,90,0.869
Bali,0.87,0.73,0.668,0.76,0.042,0.91,0.108,0.87,0.838,0.51,0.643,0.99,0.099,0.72,0.095,0.98,1300,1,90,0.62,0.95,70,35,0.8212
Dubai,0.87,0.96,0.668,0.63,0.042,0.91,0.108,0.92,0.838,0.72,0.643,0.68,0.099,0.99,0.095,0.91,1300,1,190,0.58,0.96,175,70,0.8249
Istanbul,0.87,0.94,0.668,0.98,0.042,0.94,0.108,0.89,0.838,0.84,0.643,0.71,0.099,0.91,0.095,0.58,1300,1,85,0.84,0.88,65,32,0.893
Paris,0.87,0.98,0.668,0.95,0.042,0.97,0.108,0.82,0.838,0.99,0.643,0.65,0.099,0.92,0.095,0.45,1300,1,180,0.95,0.82,160,70,0.9339
Barcelona,0.87,0.96,0.668,0.84,0.042,0.94,0.108,0.96,0.838,0.82,0.643,0.82,0.099,0.88,0.095,0.72,1300,1,150,0.93,0.94,130,58,0.9217
Tokyo,0.87,0.9,0.668,0.91,0.042,0.99,0.108,0.96,0.838,0.88,0.643,0.74,0.099,0.99,0.095,0.71,1300,1,165,0.91,0.79,135,60,0.8965
Tokyo,0.778,0.9,0.669,0.91,0.026,0.99,0.567,0.96,0.024,0.88,0.946,0.74,0.099,0.99,0.921,0.71,700,1,165,0.91,0.79,135,60,0.8579
Switzerland,0.778,0.79,0.669,0.78,0.026,0.82,0.567,0.58,0.024,0.75,0.946,0.99,0.099,0.76,0.921,0.98,700,1,240,0.88,0.78,220,90,0.8892
Istanbul,0.778,0.94,0.669,0.98,0.026,0.94,0.567,0.89,0.024,0.84,0.946,0.71,0.099,0.91,0.921,0.58,700,1,85,0.84,0.88,65,32,0.8444
Bali,0.778,0.73,0.669,0.76,0.026,0.91,0.567,0.87,0.024,0.51,0.946,0.99,0.099,0.72,0.921,0.98,700,1,90,0.62,0.95,70,35,0.8904
Amsterdam,0.778,0.91,0.669,0.88,0.026,0.79,0.567,0.92,0.024,0.95,0.946,0.78,0.099,0.86,0.921,0.65,700,1,175,0.96,0.68,155,65,0.8596
Tokyo,0.769,0.9,0.161,0.91,0.558,0.99,0.863,0.96,0.648,0.88,0.741,0.74,0.753,0.99,0.781,0.71,1100,1,165,0.91,0.79,135,60,0.8996
Istanbul,0.769,0.94,0.161,0.98,0.558,0.94,0.863,0.89,0.648,0.84,0.741,0.71,0.753,0.91,0.781,0.58,1100,1,85,0.84,0.88,65,32,0.8858
Bali,0.769,0.73,0.161,0.76,0.558,0.91,0.863,0.87,0.648,0.51,0.741,0.99,0.753,0.72,0.781,0.98,1100,1,90,0.62,0.95,70,35,0.8711
Tokyo,0.317,0.9,0.306,0.91,0.914,0.99,0.09,0.96,0.406,0.88,0.622,0.74,0.639,0.99,0.757,0.71,1300,1,165,0.91,0.79,135,60,0.8858
Istanbul,0.317,0.94,0.306,0.98,0.914,0.94,0.09,0.89,0.406,0.84,0.622,0.71,0.639,0.91,0.757,0.58,1300,1,85,0.84,0.88,65,32,0.8473
Singapore,0.317,0.91,0.306,0.72,0.914,0.98,0.09,0.85,0.406,0.79,0.622,0.94,0.639,0.97,0.757,0.79,1300,1,155,0.9,0.94,145,50,0.9219
Switzerland,0.317,0.79,0.306,0.78,0.914,0.82,0.09,0.58,0.406,0.75,0.622,0.99,0.639,0.76,0.757,0.98,1300,1,240,0.88,0.78,220,90,0.8957
Barcelona,0.317,0.96,0.306,0.84,0.914,0.94,0.09,0.96,0.406,0.82,0.622,0.82,0.639,0.88,0.757,0.72,1300,1,150,0.93,0.94,130,58,0.9091
Rome,0.317,0.97,0.306,0.99,0.914,0.96,0.09,0.78,0.406,0.91,0.622,0.62,0.639,0.76,0.757,0.48,1300,1,145,0.91,0.9,125,55,0.8524
Istanbul,0.757,0.94,0.538,0.98,0.398,0.94,0.696,0.89,0.199,0.84,0.091,0.71,0.598,0.91,0.877,0.58,2200,1,85,0.84,0.88,65,32,0.8748
Tokyo,0.757,0.9,0.538,0.91,0.398,0.99,0.696,0.96,0.199,0.88,0.091,0.74,0.598,0.99,0.877,0.71,2200,1,165,0.91,0.79,135,60,0.9241
New York,0.757,0.94,0.538,0.82,0.398,0.96,0.696,0.99,0.199,0.97,0.091,0.71,0.598,0.99,0.877,0.63,2200,1,230,0.92,0.76,210,85,0.8719
Switzerland,0.757,0.79,0.538,0.78,0.398,0.82,0.696,0.58,0.199,0.75,0.091,0.99,0.598,0.76,0.877,0.98,2200,1,240,0.88,0.78,220,90,0.8656
Singapore,0.815,0.91,0.887,0.72,0.294,0.98,0.57,0.85,0.082,0.79,0.999,0.94,0.443,0.97,0.041,0.79,1100,1,155,0.9,0.94,145,50,0.8969
Amsterdam,0.815,0.91,0.887,0.88,0.294,0.79,0.57,0.92,0.082,0.95,0.999,0.78,0.443,0.86,0.041,0.65,1100,1,175,0.96,0.68,155,65,0.865
Switzerland,0.815,0.79,0.887,0.78,0.294,0.82,0.57,0.58,0.082,0.75,0.999,0.99,0.443,0.76,0.041,0.98,1100,1,240,0.88,0.78,220,90,0.8577
New York,0.216,0.94,0.012,0.82,0.244,0.96,0.021,0.99,0.612,0.97,0.838,0.71,0.415,0.99,0.551,0.63,1300,1,230,0.92,0.76,210,85,0.8783
Bali,0.216,0.73,0.012,0.76,0.244,0.91,0.021,0.87,0.612,0.51,0.838,0.99,0.415,0.72,0.551,0.98,1300,1,90,0.62,0.95,70,35,0.8598
Dubai,0.216,0.96,0.012,0.63,0.244,0.91,0.021,0.92,0.612,0.72,0.838,0.68,0.415,0.99,0.551,0.91,1300,1,190,0.58,0.96,175,70,0.8688
Switzerland,0.216,0.79,0.012,0.78,0.244,0.82,0.021,0.58,0.612,0.75,0.838,0.99,0.415,0.76,0.551,0.98,1300,1,240,0.88,0.78,220,90,0.9043
New York,0.264,0.94,0.37,0.82,0.9,0.96,0.937,0.99,0.32,0.97,0.357,0.71,0.958,0.99,0.134,0.63,1300,0,230,0.92,0.76,210,85,0.8742
Singapore,0.264,0.91,0.37,0.72,0.9,0.98,0.937,0.85,0.32,0.79,0.357,0.94,0.958,0.97,0.134,0.79,1300,0,155,0.9,0.94,145,50,0.8983
Istanbul,0.264,0.94,0.37,0.98,0.9,0.94,0.937,0.89,0.32,0.84,0.357,0.71,0.958,0.91,0.134,0.58,1300,0,85,0.84,0.88,65,32,0.8756
Dubai,0.72,0.96,0.718,0.63,0.645,0.91,0.554,0.92,0.985,0.72,0.465,0.68,0.574,0.99,0.053,0.91,2600,1,190,0.58,0.96,175,70,0.826
Rome,0.72,0.97,0.718,0.99,0.645,0.96,0.554,0.78,0.985,0.91,0.465,0.62,0.574,0.76,0.053,0.48,2600,1,145,0.91,0.9,125,55,0.8961
Barcelona,0.72,0.96,0.718,0.84,0.645,0.94,0.554,0.96,0.985,0.82,0.465,0.82,0.574,0.88,0.053,0.72,2600,1,150,0.93,0.94,130,58,0.9355
Paris,0.72,0.98,0.718,0.95,0.645,0.97,0.554,0.82,0.985,0.99,0.465,0.65,0.574,0.92,0.053,0.45,2600,1,180,0.95,0.82,160,70,0.9063
Singapore,0.72,0.91,0.718,0.72,0.645,0.98,0.554,0.85,0.985,0.79,0.465,0.94,0.574,0.97,0.053,0.79,2600,1,155,0.9,0.94,145,50,0.9136
London,0.72,0.94,0.718,0.97,0.645,0.91,0.554,0.95,0.985,0.98,0.465,0.76,0.574,0.98,0.053,0.55,2600,1,210,0.89,0.64,190,75,0.8909
Tokyo,0.72,0.9,0.718,0.91,0.645,0.99,0.554,0.96,0.985,0.88,0.465,0.74,0.574,0.99,0.053,0.71,2600,1,165,0.91,0.79,135,60,0.9268
New York,0.57,0.94,0.947,0.82,0.728,0.96,0.714,0.99,0.491,0.97,0.704,0.71,0.943,0.99,0.986,0.63,1300,1,230,0.92,0.76,210,85,0.8892
Switzerland,0.57,0.79,0.947,0.78,0.728,0.82,0.714,0.58,0.491,0.75,0.704,0.99,0.943,0.76,0.986,0.98,1300,1,240,0.88,0.78,220,90,0.8729
London,0.57,0.94,0.947,0.97,0.728,0.91,0.714,0.95,0.491,0.98,0.704,0.76,0.943,0.98,0.986,0.55,1300,1,210,0.89,0.64,190,75,0.8959
Tokyo,0.57,0.9,0.947,0.91,0.728,0.99,0.714,0.96,0.491,0.88,0.704,0.74,0.943,0.99,0.986,0.71,1300,1,165,0.91,0.79,135,60,0.8816
Amsterdam,0.57,0.91,0.947,0.88,0.728,0.79,0.714,0.92,0.491,0.95,0.704,0.78,0.943,0.86,0.986,0.65,1300,1,175,0.96,0.68,155,65,0.8642
Istanbul,0.681,0.94,0.314,0.98,0.007,0.94,0.61,0.89,0.712,0.84,0.358,0.71,0.12,0.91,0.977,0.58,900,1,85,0.84,0.88,65,32,0.8691
Amsterdam,0.681,0.91,0.314,0.88,0.007,0.79,0.61,0.92,0.712,0.95,0.358,0.78,0.12,0.86,0.977,0.65,900,1,175,0.96,0.68,155,65,0.8417
Switzerland,0.681,0.79,0.314,0.78,0.007,0.82,0.61,0.58,0.712,0.75,0.358,0.99,0.12,0.76,0.977,0.98,900,1,240,0.88,0.78,220,90,0.8764
Barcelona,0.681,0.96,0.314,0.84,0.007,0.94,0.61,0.96,0.712,0.82,0.358,0.82,0.12,0.88,0.977,0.72,900,1,150,0.93,0.94,130,58,0.9059
London,0.332,0.94,0.094,0.97,0.404,0.91,0.701,0.95,0.685,0.98,0.805,0.76,0.381,0.98,0.474,0.55,1800,0,210,0.89,0.64,190,75,0.8436
Tokyo,0.332,0.9,0.094,0.91,0.404,0.99,0.701,0.96,0.685,0.88,0.805,0.74,0.381,0.99,0.474,0.71,1800,0,165,0.91,0.79,135,60,0.8695
Barcelona,0.332,0.96,0.094,0.84,0.404,0.94,0.701,0.96,0.685,0.82,0.805,0.82,0.381,0.88,0.474,0.72,1800,0,150,0.93,0.94,130,58,0.8624
Paris,0.185,0.98,0.401,0.95,0.227,0.97,0.986,0.82,0.633,0.99,0.34,0.65,0.752,0.92,0.524,0.45,700,0,180,0.95,0.82,160,70,0.8066
Switzerland,0.185,0.79,0.401,0.78,0.227,0.82,0.986,0.58,0.633,0.75,0.34,0.99,0.752,0.76,0.524,0.98,700,0,240,0.88,0.78,220,90,0.7808
Tokyo,0.185,0.9,0.401,0.91,0.227,0.99,0.986,0.96,0.633,0.88,0.34,0.74,0.752,0.99,0.524,0.71,700,0,165,0.91,0.79,135,60,0.857
Rome,0.185,0.97,0.401,0.99,0.227,0.96,0.986,0.78,0.633,0.91,0.34,0.62,0.752,0.76,0.524,0.48,700,0,145,0.91,0.9,125,55,0.8254
Barcelona,0.185,0.96,0.401,0.84,0.227,0.94,0.986,0.96,0.633,0.82,0.34,0.82,0.752,0.88,0.524,0.72,700,0,150,0.93,0.94,130,58,0.8679
Istanbul,0.185,0.94,0.401,0.98,0.227,0.94,0.986,0.89,0.633,0.84,0.34,0.71,0.752,0.91,0.524,0.58,700,0,85,0.84,0.88,65,32,0.8385
London,0.185,0.94,0.401,0.97,0.227,0.91,0.986,0.95,0.633,0.98,0.34,0.76,0.752,0.98,0.524,0.55,700,0,210,0.89,0.64,190,75,0.8276
Istanbul,0.172,0.94,0.636,0.98,0.498,0.94,0.535,0.89,0.976,0.84,0.097,0.71,0.683,0.91,0.155,0.58,1800,0,85,0.84,0.88,65,32,0.8765
Barcelona,0.172,0.96,0.636,0.84,0.498,0.94,0.535,0.96,0.976,0.82,0.097,0.82,0.683,0.88,0.155,0.72,1800,0,150,0.93,0.94,130,58,0.8893
New York,0.172,0.94,0.636,0.82,0.498,0.96,0.535,0.99,0.976,0.97,0.097,0.71,0.683,0.99,0.155,0.63,1800,0,230,0.92,0.76,210,85,0.902
Switzerland,0.172,0.79,0.636,0.78,0.498,0.82,0.535,0.58,0.976,0.75,0.097,0.99,0.683,0.76,0.155,0.98,1800,0,240,0.88,0.78,220,90,0.7984
Singapore,0.172,0.91,0.636,0.72,0.498,0.98,0.535,0.85,0.976,0.79,0.097,0.94,0.683,0.97,0.155,0.79,1800,0,155,0.9,0.94,145,50,0.8374
Paris,0.172,0.98,0.636,0.95,0.498,0.97,0.535,0.82,0.976,0.99,0.097,0.65,0.683,0.92,0.155,0.45,1800,0,180,0.95,0.82,160,70,0.9009
Dubai,0.935,0.96,0.108,0.63,0.683,0.91,0.59,0.92,0.167,0.72,0.1,0.68,0.193,0.99,0.155,0.91,1800,1,190,0.58,0.96,175,70,0.8898
Singapore,0.935,0.91,0.108,0.72,0.683,0.98,0.59,0.85,0.167,0.79,0.1,0.94,0.193,0.97,0.155,0.79,1800,1,155,0.9,0.94,145,50,0.9104
Rome,0.935,0.97,0.108,0.99,0.683,0.96,0.59,0.78,0.167,0.91,0.1,0.62,0.193,0.76,0.155,0.48,1800,1,145,0.91,0.9,125,55,0.9219
New York,0.935,0.94,0.108,0.82,0.683,0.96,0.59,0.99,0.167,0.97,0.1,0.71,0.193,0.99,0.155,0.63,1800,1,230,0.92,0.76,210,85,0.9111
Bali,0.935,0.73,0.108,0.76,0.683,0.91,0.59,0.87,0.167,0.51,0.1,0.99,0.193,0.72,0.155,0.98,1800,1,90,0.62,0.95,70,35,0.8383
Barcelona,0.935,0.96,0.108,0.84,0.683,0.94,0.59,0.96,0.167,0.82,0.1,0.82,0.193,0.88,0.155,0.72,1800,1,150,0.93,0.94,130,58,0.932
Switzerland,0.935,0.79,0.108,0.78,0.683,0.82,0.59,0.58,0.167,0.75,0.1,0.99,0.193,0.76,0.155,0.98,1800,1,240,0.88,0.78,220,90,0.847
Switzerland,0.921,0.79,0.811,0.78,0.91,0.82,0.708,0.58,0.839,0.75,0.099,0.99,0.52,0.76,0.664,0.98,1800,1,240,0.88,0.78,220,90,0.8261
Amsterdam,0.921,0.91,0.811,0.88,0.91,0.79,0.708,0.92,0.839,0.95,0.099,0.78,0.52,0.86,0.664,0.65,1800,1,175,0.96,0.68,155,65,0.8829
London,0.921,0.94,0.811,0.97,0.91,0.91,0.708,0.95,0.839,0.98,0.099,0.76,0.52,0.98,0.664,0.55,1800,1,210,0.89,0.64,190,75,0.8883
Tokyo,0.921,0.9,0.811,0.91,0.91,0.99,0.708,0.96,0.839,0.88,0.099,0.74,0.52,0.99,0.664,0.71,1800,1,165,0.91,0.79,135,60,0.9061
Barcelona,0.921,0.96,0.811,0.84,0.91,0.94,0.708,0.96,0.839,0.82,0.099,0.82,0.52,0.88,0.664,0.72,1800,1,150,0.93,0.94,130,58,0.9134
Istanbul,0.921,0.94,0.811,0.98,0.91,0.94,0.708,0.89,0.839,0.84,0.099,0.71,0.52,0.91,0.664,0.58,1800,1,85,0.84,0.88,65,32,0.8956
Rome,0.921,0.97,0.811,0.99,0.91,0.96,0.708,0.78,0.839,0.91,0.099,0.62,0.52,0.76,0.664,0.48,1800,1,145,0.91,0.9,125,55,0.8831
Bali,0.484,0.73,0.389,0.76,0.498,0.91,0.786,0.87,0.287,0.51,0.684,0.99,0.055,0.72,0.831,0.98,1300,0,90,0.62,0.95,70,35,0.8747
Istanbul,0.484,0.94,0.389,0.98,0.498,0.94,0.786,0.89,0.287,0.84,0.684,0.71,0.055,0.91,0.831,0.58,1300,0,85,0.84,0.88,65,32,0.8274
New York,0.484,0.94,0.389,0.82,0.498,0.96,0.786,0.99,0.287,0.97,0.684,0.71,0.055,0.99,0.831,0.63,1300,0,230,0.92,0.76,210,85,0.8074
Barcelona,0.484,0.96,0.389,0.84,0.498,0.94,0.786,0.96,0.287,0.82,0.684,0.82,0.055,0.88,0.831,0.72,1300,0,150,0.93,0.94,130,58,0.8509
Tokyo,0.484,0.9,0.389,0.91,0.498,0.99,0.786,0.96,0.287,0.88,0.684,0.74,0.055,0.99,0.831,0.71,1300,0,165,0.91,0.79,135,60,0.8277
Singapore,0.964,0.91,0.052,0.72,0.825,0.98,0.874,0.85,0.739,0.79,0.524,0.94,0.178,0.97,0.371,0.79,700,0,155,0.9,0.94,145,50,0.8859
Barcelona,0.964,0.96,0.052,0.84,0.825,0.94,0.874,0.96,0.739,0.82,0.524,0.82,0.178,0.88,0.371,0.72,700,0,150,0.93,0.94,130,58,0.8585
Amsterdam,0.964,0.91,0.052,0.88,0.825,0.79,0.874,0.92,0.739,0.95,0.524,0.78,0.178,0.86,0.371,0.65,700,0,175,0.96,0.68,155,65,0.8179
Dubai,0.207,0.96,0.64,0.63,0.016,0.91,0.922,0.92,0.206,0.72,0.689,0.68,0.924,0.99,0.005,0.91,1300,1,190,0.58,0.96,175,70,0.8301
Amsterdam,0.207,0.91,0.64,0.88,0.016,0.79,0.922,0.92,0.206,0.95,0.689,0.78,0.924,0.86,0.005,0.65,1300,1,175,0.96,0.68,155,65,0.8687
Tokyo,0.207,0.9,0.64,0.91,0.016,0.99,0.922,0.96,0.206,0.88,0.689,0.74,0.924,0.99,0.005,0.71,1300,1,165,0.91,0.79,135,60,0.9025
Istanbul,0.207,0.94,0.64,0.98,0.016,0.94,0.922,0.89,0.206,0.84,0.689,0.71,0.924,0.91,0.005,0.58,1300,1,85,0.84,0.88,65,32,0.9063
Dubai,0.882,0.96,0.423,0.63,0.571,0.91,0.864,0.92,0.626,0.72,0.205,0.68,0.879,0.99,0.737,0.91,1500,1,190,0.58,0.96,175,70,0.8702
Istanbul,0.882,0.94,0.423,0.98,0.571,0.94,0.864,0.89,0.626,0.84,0.205,0.71,0.879,0.91,0.737,0.58,1500,1,85,0.84,0.88,65,32,0.9066
Switzerland,0.882,0.79,0.423,0.78,0.571,0.82,0.864,0.58,0.626,0.75,0.205,0.99,0.879,0.76,0.737,0.98,1500,1,240,0.88,0.78,220,90,0.8513
Singapore,0.488,0.91,0.6,0.72,0.627,0.98,0.395,0.85,0.696,0.79,0.449,0.94,0.663,0.97,0.223,0.79,900,0,155,0.9,0.94,145,50,0.8595
Rome,0.488,0.97,0.6,0.99,0.627,0.96,0.395,0.78,0.696,0.91,0.449,0.62,0.663,0.76,0.223,0.48,900,0,145,0.91,0.9,125,55,0.8693
Barcelona,0.488,0.96,0.6,0.84,0.627,0.94,0.395,0.96,0.696,0.82,0.449,0.82,0.663,0.88,0.223,0.72,900,0,150,0.93,0.94,130,58,0.8569
New York,0.488,0.94,0.6,0.82,0.627,0.96,0.395,0.99,0.696,0.97,0.449,0.71,0.663,0.99,0.223,0.63,900,0,230,0.92,0.76,210,85,0.8761
Singapore,0.931,0.91,0.398,0.72,0.536,0.98,0.285,0.85,0.57,0.79,0.108,0.94,0.119,0.97,0.823,0.79,1300,0,155,0.9,0.94,145,50,0.8367
Amsterdam,0.931,0.91,0.398,0.88,0.536,0.79,0.285,0.92,0.57,0.95,0.108,0.78,0.119,0.86,0.823,0.65,1300,0,175,0.96,0.68,155,65,0.8051
Barcelona,0.931,0.96,0.398,0.84,0.536,0.94,0.285,0.96,0.57,0.82,0.108,0.82,0.119,0.88,0.823,0.72,1300,0,150,0.93,0.94,130,58,0.8793
New York,0.931,0.94,0.398,0.82,0.536,0.96,0.285,0.99,0.57,0.97,0.108,0.71,0.119,0.99,0.823,0.63,1300,0,230,0.92,0.76,210,85,0.8297
Paris,0.931,0.98,0.398,0.95,0.536,0.97,0.285,0.82,0.57,0.99,0.108,0.65,0.119,0.92,0.823,0.45,1300,0,180,0.95,0.82,160,70,0.8478
Switzerland,0.931,0.79,0.398,0.78,0.536,0.82,0.285,0.58,0.57,0.75,0.108,0.99,0.119,0.76,0.823,0.98,1300,0,240,0.88,0.78,220,90,0.8338
Dubai,0.931,0.96,0.398,0.63,0.536,0.91,0.285,0.92,0.57,0.72,0.108,0.68,0.119,0.99,0.823,0.91,1300,0,190,0.58,0.96,175,70,0.8495
Bali,0.615,0.73,0.438,0.76,0.143,0.91,0.597,0.87,0.041,0.51,0.934,0.99,0.767,0.72,0.189,0.98,1300,1,90,0.62,0.95,70,35,0.8508
Paris,0.615,0.98,0.438,0.95,0.143,0.97,0.597,0.82,0.041,0.99,0.934,0.65,0.767,0.92,0.189,0.45,1300,1,180,0.95,0.82,160,70,0.8966
Barcelona,0.615,0.96,0.438,0.84,0.143,0.94,0.597,0.96,0.041,0.82,0.934,0.82,0.767,0.88,0.189,0.72,1300,1,150,0.93,0.94,130,58,0.936
Paris,0.35,0.98,0.201,0.95,0.644,0.97,0.391,0.82,0.153,0.99,0.292,0.65,0.064,0.92,0.184,0.45,1300,1,180,0.95,0.82,160,70,0.8766
Singapore,0.35,0.91,0.201,0.72,0.644,0.98,0.391,0.85,0.153,0.79,0.292,0.94,0.064,0.97,0.184,0.79,1300,1,155,0.9,0.94,145,50,0.9207
Rome,0.35,0.97,0.201,0.99,0.644,0.96,0.391,0.78,0.153,0.91,0.292,0.62,0.064,0.76,0.184,0.48,1300,1,145,0.91,0.9,125,55,0.8771
Amsterdam,0.35,0.91,0.201,0.88,0.644,0.79,0.391,0.92,0.153,0.95,0.292,0.78,0.064,0.86,0.184,0.65,1300,1,175,0.96,0.68,155,65,0.8478
London,0.35,0.94,0.201,0.97,0.644,0.91,0.391,0.95,0.153,0.98,0.292,0.76,0.064,0.98,0.184,0.55,1300,1,210,0.89,0.64,190,75,0.8623
Switzerland,0.35,0.79,0.201,0.78,0.644,0.82,0.391,0.58,0.153,0.75,0.292,0.99,0.064,0.76,0.184,0.98,1300,1,240,0.88,0.78,220,90,0.8463
Bali,0.017,0.73,0.72,0.76,0.724,0.91,0.322,0.87,0.038,0.51,0.902,0.99,0.684,0.72,0.006,0.98,700,0,90,0.62,0.95,70,35,0.8639
Rome,0.017,0.97,0.72,0.99,0.724,0.96,0.322,0.78,0.038,0.91,0.902,0.62,0.684,0.76,0.006,0.48,700,0,145,0.91,0.9,125,55,0.8514
Amsterdam,0.017,0.91,0.72,0.88,0.724,0.79,0.322,0.92,0.038,0.95,0.902,0.78,0.684,0.86,0.006,0.65,700,0,175,0.96,0.68,155,65,0.8407
Paris,0.017,0.98,0.72,0.95,0.724,0.97,0.322,0.82,0.038,0.99,0.902,0.65,0.684,0.92,0.006,0.45,700,0,180,0.95,0.82,160,70,0.8531
Switzerland,0.017,0.79,0.72,0.78,0.724,0.82,0.322,0.58,0.038,0.75,0.902,0.99,0.684,0.76,0.006,0.98,700,0,240,0.88,0.78,220,90,0.8098
New York,0.017,0.94,0.72,0.82,0.724,0.96,0.322,0.99,0.038,0.97,0.902,0.71,0.684,0.99,0.006,0.63,700,0,230,0.92,0.76,210,85,0.8554
Tokyo,0.45,0.9,0.748,0.91,0.683,0.99,0.613,0.96,0.345,0.88,0.988,0.74,0.455,0.99,0.919,0.71,1100,1,165,0.91,0.79,135,60,0.9068
Amsterdam,0.45,0.91,0.748,0.88,0.683,0.79,0.613,0.92,0.345,0.95,0.988,0.78,0.455,0.86,0.919,0.65,1100,1,175,0.96,0.68,155,65,0.8487
Barcelona,0.45,0.96,0.748,0.84,0.683,0.94,0.613,0.96,0.345,0.82,0.988,0.82,0.455,0.88,0.919,0.72,1100,1,150,0.93,0.94,130,58,0.8759
London,0.45,0.94,0.748,0.97,0.683,0.91,0.613,0.95,0.345,0.98,0.988,0.76,0.455,0.98,0.919,0.55,1100,1,210,0.89,0.64,190,75,0.875
Bali,0.45,0.73,0.748,0.76,0.683,0.91,0.613,0.87,0.345,0.51,0.988,0.99,0.455,0.72,0.919,0.98,1100,1,90,0.62,0.95,70,35,0.8507
Switzerland,0.45,0.79,0.748,0.78,0.683,0.82,0.613,0.58,0.345,0.75,0.988,0.99,0.455,0.76,0.919,0.98,1100,1,240,0.88,0.78,220,90,0.8644
Singapore,0.45,0.91,0.748,0.72,0.683,0.98,0.613,0.85,0.345,0.79,0.988,0.94,0.455,0.97,0.919,0.79,1100,1,155,0.9,0.94,145,50,0.9145
Singapore,0.541,0.91,0.227,0.72,0.402,0.98,0.84,0.85,0.353,0.79,0.942,0.94,0.421,0.97,0.418,0.79,2600,1,155,0.9,0.94,145,50,0.9261
Tokyo,0.541,0.9,0.227,0.91,0.402,0.99,0.84,0.96,0.353,0.88,0.942,0.74,0.421,0.99,0.418,0.71,2600,1,165,0.91,0.79,135,60,0.8793
Switzerland,0.541,0.79,0.227,0.78,0.402,0.82,0.84,0.58,0.353,0.75,0.942,0.99,0.421,0.76,0.418,0.98,2600,1,240,0.88,0.78,220,90,0.8366
Bali,0.541,0.73,0.227,0.76,0.402,0.91,0.84,0.87,0.353,0.51,0.942,0.99,0.421,0.72,0.418,0.98,2600,1,90,0.62,0.95,70,35,0.8468
Dubai,0.541,0.96,0.227,0.63,0.402,0.91,0.84,0.92,0.353,0.72,0.942,0.68,0.421,0.99,0.418,0.91,2600,1,190,0.58,0.96,175,70,0.8445
Rome,0.541,0.97,0.227,0.99,0.402,0.96,0.84,0.78,0.353,0.91,0.942,0.62,0.421,0.76,0.418,0.48,2600,1,145,0.91,0.9,125,55,0.8654
New York,0.659,0.94,0.619,0.82,0.9,0.96,0.548,0.99,0.764,0.97,0.408,0.71,0.644,0.99,0.214,0.63,1100,1,230,0.92,0.76,210,85,0.9051
Switzerland,0.659,0.79,0.619,0.78,0.9,0.82,0.548,0.58,0.764,0.75,0.408,0.99,0.644,0.76,0.214,0.98,1100,1,240,0.88,0.78,220,90,0.8539
Singapore,0.659,0.91,0.619,0.72,0.9,0.98,0.548,0.85,0.764,0.79,0.408,0.94,0.644,0.97,0.214,0.79,1100,1,155,0.9,0.94,145,50,0.9243
Dubai,0.624,0.96,0.051,0.63,0.217,0.91,0.552,0.92,0.157,0.72,0.384,0.68,0.518,0.99,0.18,0.91,2600,0,190,0.58,0.96,175,70,0.904
Bali,0.624,0.73,0.051,0.76,0.217,0.91,0.552,0.87,0.157,0.51,0.384,0.99,0.518,0.72,0.18,0.98,2600,0,90,0.62,0.95,70,35,0.8419
Barcelona,0.624,0.96,0.051,0.84,0.217,0.94,0.552,0.96,0.157,0.82,0.384,0.82,0.518,0.88,0.18,0.72,2600,0,150,0.93,0.94,130,58,0.8953
London,0.624,0.94,0.051,0.97,0.217,0.91,0.552,0.95,0.157,0.98,0.384,0.76,0.518,0.98,0.18,0.55,2600,0,210,0.89,0.64,190,75,0.8601
Rome,0.575,0.97,0.801,0.99,0.151,0.96,0.316,0.78,0.246,0.91,0.738,0.62,0.763,0.76,0.487,0.48,700,0,145,0.91,0.9,125,55,0.8374
Paris,0.575,0.98,0.801,0.95,0.151,0.97,0.316,0.82,0.246,0.99,0.738,0.65,0.763,0.92,0.487,0.45,700,0,180,0.95,0.82,160,70,0.8471
Switzerland,0.575,0.79,0.801,0.78,0.151,0.82,0.316,0.58,0.246,0.75,0.738,0.99,0.763,0.76,0.487,0.98,700,0,240,0.88,0.78,220,90,0.8138
Tokyo,0.09,0.9,0.932,0.91,0.357,0.99,0.744,0.96,0.958,0.88,0.308,0.74,0.066,0.99,0.623,0.71,1800,1,165,0.91,0.79,135,60,0.8991
Barcelona,0.09,0.96,0.932,0.84,0.357,0.94,0.744,0.96,0.958,0.82,0.308,0.82,0.066,0.88,0.623,0.72,1800,1,150,0.93,0.94,130,58,0.9167
London,0.09,0.94,0.932,0.97,0.357,0.91,0.744,0.95,0.958,0.98,0.308,0.76,0.066,0.98,0.623,0.55,1800,1,210,0.89,0.64,190,75,0.8654
Bali,0.09,0.73,0.932,0.76,0.357,0.91,0.744,0.87,0.958,0.51,0.308,0.99,0.066,0.72,0.623,0.98,1800,1,90,0.62,0.95,70,35,0.8232
Rome,0.09,0.97,0.932,0.99,0.357,0.96,0.744,0.78,0.958,0.91,0.308,0.62,0.066,0.76,0.623,0.48,1800,1,145,0.91,0.9,125,55,0.8748
Dubai,0.09,0.96,0.932,0.63,0.357,0.91,0.744,0.92,0.958,0.72,0.308,0.68,0.066,0.99,0.623,0.91,1800,1,190,0.58,0.96,175,70,0.8328
Paris,0.158,0.98,0.552,0.95,0.47,0.97,0.983,0.82,0.69,0.99,0.904,0.65,0.976,0.92,0.664,0.45,1100,1,180,0.95,0.82,160,70,0.8658
Barcelona,0.158,0.96,0.552,0.84,0.47,0.94,0.983,0.96,0.69,0.82,0.904,0.82,0.976,0.88,0.664,0.72,1100,1,150,0.93,0.94,130,58,0.9022
Dubai,0.158,0.96,0.552,0.63,0.47,0.91,0.983,0.92,0.69,0.72,0.904,0.68,0.976,0.99,0.664,0.91,1100,1,190,0.58,0.96,175,70,0.8691
Tokyo,0.586,0.9,0.988,0.91,0.362,0.99,0.441,0.96,0.572,0.88,0.447,0.74,0.02,0.99,0.492,0.71,1800,1,165,0.91,0.79,135,60,0.8755
Rome,0.586,0.97,0.988,0.99,0.362,0.96,0.441,0.78,0.572,0.91,0.447,0.62,0.02,0.76,0.492,0.48,1800,1,145,0.91,0.9,125,55,0.8757
Barcelona,0.586,0.96,0.988,0.84,0.362,0.94,0.441,0.96,0.572,0.82,0.447,0.82,0.02,0.88,0.492,0.72,1800,1,150,0.93,0.94,130,58,0.8981
Singapore,0.149,0.91,0.993,0.72,0.791,0.98,0.669,0.85,0.962,0.79,0.321,0.94,0.711,0.97,0.949,0.79,900,1,155,0.9,0.94,145,50,0.8767
Paris,0.149,0.98,0.993,0.95,0.791,0.97,0.669,0.82,0.962,0.99,0.321,0.65,0.711,0.92,0.949,0.45,900,1,180,0.95,0.82,160,70,0.8689
Bali,0.149,0.73,0.993,0.76,0.791,0.91,0.669,0.87,0.962,0.51,0.321,0.99,0.711,0.72,0.949,0.98,900,1,90,0.62,0.95,70,35,0.8358
Dubai,0.149,0.96,0.993,0.63,0.791,0.91,0.669,0.92,0.962,0.72,0.321,0.68,0.711,0.99,0.949,0.91,900,1,190,0.58,0.96,175,70,0.8706
Barcelona,0.149,0.96,0.993,0.84,0.791,0.94,0.669,0.96,0.962,0.82,0.321,0.82,0.711,0.88,0.949,0.72,900,1,150,0.93,0.94,130,58,0.8976
Istanbul,0.149,0.94,0.993,0.98,0.791,0.94,0.669,0.89,0.962,0.84,0.321,0.71,0.711,0.91,0.949,0.58,900,1,85,0.84,0.88,65,32,0.8993
New York,0.149,0.94,0.993,0.82,0.791,0.96,0.669,0.99,0.962,0.97,0.321,0.71,0.711,0.99,0.949,0.63,900,1,230,0.92,0.76,210,85,0.8692
Paris,0.239,0.98,0.307,0.95,0.449,0.97,0.433,0.82,0.04,0.99,0.75,0.65,0.76,0.92,0.458,0.45,900,1,180,0.95,0.82,160,70,0.842
Barcelona,0.239,0.96,0.307,0.84,0.449,0.94,0.433,0.96,0.04,0.82,0.75,0.82,0.76,0.88,0.458,0.72,900,1,150,0.93,0.94,130,58,0.9044
Bali,0.239,0.73,0.307,0.76,0.449,0.91,0.433,0.87,0.04,0.51,0.75,0.99,0.76,0.72,0.458,0.98,900,1,90,0.62,0.95,70,35,0.8669
Istanbul,0.239,0.94,0.307,0.98,0.449,0.94,0.433,0.89,0.04,0.84,0.75,0.71,0.76,0.91,0.458,0.58,900,1,85,0.84,0.88,65,32,0.8805
New York,0.239,0.94,0.307,0.82,0.449,0.96,0.433,0.99,0.04,0.97,0.75,0.71,0.76,0.99,0.458,0.63,900,1,230,0.92,0.76,210,85,0.8714
Switzerland,0.239,0.79,0.307,0.78,0.449,0.82,0.433,0.58,0.04,0.75,0.75,0.99,0.76,0.76,0.458,0.98,900,1,240,0.88,0.78,220,90,0.8568
Amsterdam,0.239,0.91,0.307,0.88,0.449,0.79,0.433,0.92,0.04,0.95,0.75,0.78,0.76,0.86,0.458,0.65,900,1,175,0.96,0.68,155,65,0.8489
Singapore,0.513,0.91,0.994,0.72,0.425,0.98,0.707,0.85,0.132,0.79,0.346,0.94,0.262,0.97,0.193,0.79,1500,1,155,0.9,0.94,145,50,0.9093
Switzerland,0.513,0.79,0.994,0.78,0.425,0.82,0.707,0.58,0.132,0.75,0.346,0.99,0.262,0.76,0.193,0.98,1500,1,240,0.88,0.78,220,90,0.8518
Rome,0.513,0.97,0.994,0.99,0.425,0.96,0.707,0.78,0.132,0.91,0.346,0.62,0.262,0.76,0.193,0.48,1500,1,145,0.91,0.9,125,55,0.9143
Paris,0.896,0.98,0.023,0.95,0.129,0.97,0.762,0.82,0.243,0.99,0.177,0.65,0.065,0.92,0.572,0.45,1300,0,180,0.95,0.82,160,70,0.8366
Istanbul,0.896,0.94,0.023,0.98,0.129,0.94,0.762,0.89,0.243,0.84,0.177,0.71,0.065,0.91,0.572,0.58,1300,0,85,0.84,0.88,65,32,0.843
Tokyo,0.896,0.9,0.023,0.91,0.129,0.99,0.762,0.96,0.243,0.88,0.177,0.74,0.065,0.99,0.572,0.71,1300,0,165,0.91,0.79,135,60,0.8354
Rome,0.626,0.97,0.871,0.99,0.461,0.96,0.873,0.78,0.786,0.91,0.106,0.62,0.122,0.76,0.704,0.48,1300,0,145,0.91,0.9,125,55,0.8564
Istanbul,0.626,0.94,0.871,0.98,0.461,0.94,0.873,0.89,0.786,0.84,0.106,0.71,0.122,0.91,0.704,0.58,1300,0,85,0.84,0.88,65,32,0.84
Paris,0.626,0.98,0.871,0.95,0.461,0.97,0.873,0.82,0.786,0.99,0.106,0.65,0.122,0.92,0.704,0.45,1300,0,180,0.95,0.82,160,70,0.8213
Dubai,0.626,0.96,0.871,0.63,0.461,0.91,0.873,0.92,0.786,0.72,0.106,0.68,0.122,0.99,0.704,0.91,1300,0,190,0.58,0.96,175,70,0.8225
New York,0.32,0.94,0.529,0.82,0.476,0.96,0.197,0.99,0.988,0.97,0.605,0.71,0.186,0.99,0.288,0.63,700,1,230,0.92,0.76,210,85,0.9167
Paris,0.32,0.98,0.529,0.95,0.476,0.97,0.197,0.82,0.988,0.99,0.605,0.65,0.186,0.92,0.288,0.45,700,1,180,0.95,0.82,160,70,0.8853
Rome,0.32,0.97,0.529,0.99,0.476,0.96,0.197,0.78,0.988,0.91,0.605,0.62,0.186,0.76,0.288,0.48,700,1,145,0.91,0.9,125,55,0.9012
Barcelona,0.32,0.96,0.529,0.84,0.476,0.94,0.197,0.96,0.988,0.82,0.605,0.82,0.186,0.88,0.288,0.72,700,1,150,0.93,0.94,130,58,0.9032
Switzerland,0.189,0.79,0.124,0.78,0.762,0.82,0.188,0.58,0.849,0.75,0.756,0.99,0.228,0.76,0.395,0.98,1500,1,240,0.88,0.78,220,90,0.8806
London,0.189,0.94,0.124,0.97,0.762,0.91,0.188,0.95,0.849,0.98,0.756,0.76,0.228,0.98,0.395,0.55,1500,1,210,0.89,0.64,190,75,0.8731
Amsterdam,0.189,0.91,0.124,0.88,0.762,0.79,0.188,0.92,0.849,0.95,0.756,0.78,0.228,0.86,0.395,0.65,1500,1,175,0.96,0.68,155,65,0.871
Dubai,0.189,0.96,0.124,0.63,0.762,0.91,0.188,0.92,0.849,0.72,0.756,0.68,0.228,0.99,0.395,0.91,1500,1,190,0.58,0.96,175,70,0.8649
Istanbul,0.189,0.94,0.124,0.98,0.762,0.94,0.188,0.89,0.849,0.84,0.756,0.71,0.228,0.91,0.395,0.58,1500,1,85,0.84,0.88,65,32,0.8527
New York,0.189,0.94,0.124,0.82,0.762,0.96,0.188,0.99,0.849,0.97,0.756,0.71,0.228,0.99,0.395,0.63,1500,1,230,0.92,0.76,210,85,0.9018
Barcelona,0.189,0.96,0.124,0.84,0.762,0.94,0.188,0.96,0.849,0.82,0.756,0.82,0.228,0.88,0.395,0.72,1500,1,150,0.93,0.94,130,58,0.878
Bali,0.063,0.73,0.344,0.76,0.733,0.91,0.62,0.87,0.818,0.51,0.08,0.99,0.764,0.72,0.716,0.98,700,0,90,0.62,0.95,70,35,0.8293
Tokyo,0.063,0.9,0.344,0.91,0.733,0.99,0.62,0.96,0.818,0.88,0.08,0.74,0.764,0.99,0.716,0.71,700,0,165,0.91,0.79,135,60,0.8614
Istanbul,0.063,0.94,0.344,0.98,0.733,0.94,0.62,0.89,0.818,0.84,0.08,0.71,0.764,0.91,0.716,0.58,700,0,85,0.84,0.88,65,32,0.8372
Rome,0.063,0.97,0.344,0.99,0.733,0.96,0.62,0.78,0.818,0.91,0.08,0.62,0.764,0.76,0.716,0.48,700,0,145,0.91,0.9,125,55,0.8351
London,0.063,0.94,0.344,0.97,0.733,0.91,0.62,0.95,0.818,0.98,0.08,0.76,0.764,0.98,0.716,0.55,700,0,210,0.89,0.64,190,75,0.8373
Singapore,0.3,0.91,0.489,0.72,0.546,0.98,0.745,0.85,0.228,0.79,0.171,0.94,0.691,0.97,0.41,0.79,2600,1,155,0.9,0.94,145,50,0.9208
Istanbul,0.3,0.94,0.489,0.98,0.546,0.94,0.745,0.89,0.228,0.84,0.171,0.71,0.691,0.91,0.41,0.58,2600,1,85,0.84,0.88,65,32,0.8904
Switzerland,0.3,0.79,0.489,0.78,0.546,0.82,0.745,0.58,0.228,0.75,0.171,0.99,0.691,0.76,0.41,0.98,2600,1,240,0.88,0.78,220,90,0.8057
Barcelona,0.3,0.96,0.489,0.84,0.546,0.94,0.745,0.96,0.228,0.82,0.171,0.82,0.691,0.88,0.41,0.72,2600,1,150,0.93,0.94,130,58,0.8982
New York,0.3,0.94,0.489,0.82,0.546,0.96,0.745,0.99,0.228,0.97,0.171,0.71,0.691,0.99,0.41,0.63,2600,1,230,0.92,0.76,210,85,0.9001
Tokyo,0.3,0.9,0.489,0.91,0.546,0.99,0.745,0.96,0.228,0.88,0.171,0.74,0.691,0.99,0.41,0.71,2600,1,165,0.91,0.79,135,60,0.9431
Singapore,0.632,0.91,0.399,0.72,0.014,0.98,0.791,0.85,0.662,0.79,0.173,0.94,0.593,0.97,0.184,0.79,900,0,155,0.9,0.94,145,50,0.858
Barcelona,0.632,0.96,0.399,0.84,0.014,0.94,0.791,0.96,0.662,0.82,0.173,0.82,0.593,0.88,0.184,0.72,900,0,150,0.93,0.94,130,58,0.8583
London,0.632,0.94,0.399,0.97,0.014,0.91,0.791,0.95,0.662,0.98,0.173,0.76,0.593,0.98,0.184,0.55,900,0,210,0.89,0.64,190,75,0.8887
Tokyo,0.632,0.9,0.399,0.91,0.014,0.99,0.791,0.96,0.662,0.88,0.173,0.74,0.593,0.99,0.184,0.71,900,0,165,0.91,0.79,135,60,0.8919
Amsterdam,0.632,0.91,0.399,0.88,0.014,0.79,0.791,0.92,0.662,0.95,0.173,0.78,0.593,0.86,0.184,0.65,900,0,175,0.96,0.68,155,65,0.8391
Paris,0.632,0.98,0.399,0.95,0.014,0.97,0.791,0.82,0.662,0.99,0.173,0.65,0.593,0.92,0.184,0.45,900,0,180,0.95,0.82,160,70,0.8484
London,0.607,0.94,0.499,0.97,0.435,0.91,0.852,0.95,0.487,0.98,0.666,0.76,0.353,0.98,0.106,0.55,1800,1,210,0.89,0.64,190,75,0.8953
Barcelona,0.607,0.96,0.499,0.84,0.435,0.94,0.852,0.96,0.487,0.82,0.666,0.82,0.353,0.88,0.106,0.72,1800,1,150,0.93,0.94,130,58,0.8961
Amsterdam,0.607,0.91,0.499,0.88,0.435,0.79,0.852,0.92,0.487,0.95,0.666,0.78,0.353,0.86,0.106,0.65,1800,1,175,0.96,0.68,155,65,0.8748
New York,0.607,0.94,0.499,0.82,0.435,0.96,0.852,0.99,0.487,0.97,0.666,0.71,0.353,0.99,0.106,0.63,1800,1,230,0.92,0.76,210,85,0.8906
Singapore,0.607,0.91,0.499,0.72,0.435,0.98,0.852,0.85,0.487,0.79,0.666,0.94,0.353,0.97,0.106,0.79,1800,1,155,0.9,0.94,145,50,0.9147
Dubai,0.607,0.96,0.499,0.63,0.435,0.91,0.852,0.92,0.487,0.72,0.666,0.68,0.353,0.99,0.106,0.91,1800,1,190,0.58,0.96,175,70,0.8615
Rome,0.607,0.97,0.499,0.99,0.435,0.96,0.852,0.78,0.487,0.91,0.666,0.62,0.353,0.76,0.106,0.48,1800,1,145,0.91,0.9,125,55,0.8779
Tokyo,0.122,0.9,0.129,0.91,0.282,0.99,0.725,0.96,0.807,0.88,0.864,0.74,0.37,0.99,0.97,0.71,900,0,165,0.91,0.79,135,60,0.8226
Dubai,0.122,0.96,0.129,0.63,0.282,0.91,0.725,0.92,0.807,0.72,0.864,0.68,0.37,0.99,0.97,0.91,900,0,190,0.58,0.96,175,70,0.8621
Amsterdam,0.122,0.91,0.129,0.88,0.282,0.79,0.725,0.92,0.807,0.95,0.864,0.78,0.37,0.86,0.97,0.65,900,0,175,0.96,0.68,155,65,0.801
Bali,0.122,0.73,0.129,0.76,0.282,0.91,0.725,0.87,0.807,0.51,0.864,0.99,0.37,0.72,0.97,0.98,900,0,90,0.62,0.95,70,35,0.8659
Istanbul,0.122,0.94,0.129,0.98,0.282,0.94,0.725,0.89,0.807,0.84,0.864,0.71,0.37,0.91,0.97,0.58,900,0,85,0.84,0.88,65,32,0.8313
Singapore,0.122,0.91,0.129,0.72,0.282,0.98,0.725,0.85,0.807,0.79,0.864,0.94,0.37,0.97,0.97,0.79,900,0,155,0.9,0.94,145,50,0.8743
Singapore,0.555,0.91,0.577,0.72,0.331,0.98,0.194,0.85,0.127,0.79,0.322,0.94,0.633,0.97,0.971,0.79,1300,0,155,0.9,0.94,145,50,0.8512
Bali,0.555,0.73,0.577,0.76,0.331,0.91,0.194,0.87,0.127,0.51,0.322,0.99,0.633,0.72,0.971,0.98,1300,0,90,0.62,0.95,70,35,0.8661
Istanbul,0.555,0.94,0.577,0.98,0.331,0.94,0.194,0.89,0.127,0.84,0.322,0.71,0.633,0.91,0.971,0.58,1300,0,85,0.84,0.88,65,32,0.8247
Paris,0.555,0.98,0.577,0.95,0.331,0.97,0.194,0.82,0.127,0.99,0.322,0.65,0.633,0.92,0.971,0.45,1300,0,180,0.95,0.82,160,70,0.7877
Tokyo,0.322,0.9,0.529,0.91,0.463,0.99,0.9,0.96,0.947,0.88,0.728,0.74,0.067,0.99,0.39,0.71,1300,1,165,0.91,0.79,135,60,0.882
Paris,0.322,0.98,0.529,0.95,0.463,0.97,0.9,0.82,0.947,0.99,0.728,0.65,0.067,0.92,0.39,0.45,1300,1,180,0.95,0.82,160,70,0.8565
Singapore,0.322,0.91,0.529,0.72,0.463,0.98,0.9,0.85,0.947,0.79,0.728,0.94,0.067,0.97,0.39,0.79,1300,1,155,0.9,0.94,145,50,0.8874
Amsterdam,0.322,0.91,0.529,0.88,0.463,0.79,0.9,0.92,0.947,0.95,0.728,0.78,0.067,0.86,0.39,0.65,1300,1,175,0.96,0.68,155,65,0.8851
Istanbul,0.562,0.94,0.784,0.98,0.957,0.94,0.485,0.89,0.314,0.84,0.883,0.71,0.2,0.91,0.811,0.58,1300,0,85,0.84,0.88,65,32,0.8263
Paris,0.562,0.98,0.784,0.95,0.957,0.97,0.485,0.82,0.314,0.99,0.883,0.65,0.2,0.92,0.811,0.45,1300,0,180,0.95,0.82,160,70,0.8128
Amsterdam,0.562,0.91,0.784,0.88,0.957,0.79,0.485,0.92,0.314,0.95,0.883,0.78,0.2,0.86,0.811,0.65,1300,0,175,0.96,0.68,155,65,0.8192
New York,0.562,0.94,0.784,0.82,0.957,0.96,0.485,0.99,0.314,0.97,0.883,0.71,0.2,0.99,0.811,0.63,1300,0,230,0.92,0.76,210,85,0.8493
London,0.562,0.94,0.784,0.97,0.957,0.91,0.485,0.95,0.314,0.98,0.883,0.76,0.2,0.98,0.811,0.55,1300,0,210,0.89,0.64,190,75,0.8133
Barcelona,0.204,0.96,0.296,0.84,0.029,0.94,0.644,0.96,0.421,0.82,0.369,0.82,0.776,0.88,0.993,0.72,2600,1,150,0.93,0.94,130,58,0.8799
Bali,0.204,0.73,0.296,0.76,0.029,0.91,0.644,0.87,0.421,0.51,0.369,0.99,0.776,0.72,0.993,0.98,2600,1,90,0.62,0.95,70,35,0.8613
Singapore,0.204,0.91,0.296,0.72,0.029,0.98,0.644,0.85,0.421,0.79,0.369,0.94,0.776,0.97,0.993,0.79,2600,1,155,0.9,0.94,145,50,0.8947
Tokyo,0.204,0.9,0.296,0.91,0.029,0.99,0.644,0.96,0.421,0.88,0.369,0.74,0.776,0.99,0.993,0.71,2600,1,165,0.91,0.79,135,60,0.8703
Rome,0.204,0.97,0.296,0.99,0.029,0.96,0.644,0.78,0.421,0.91,0.369,0.62,0.776,0.76,0.993,0.48,2600,1,145,0.91,0.9,125,55,0.7964
Istanbul,0.204,0.94,0.296,0.98,0.029,0.94,0.644,0.89,0.421,0.84,0.369,0.71,0.776,0.91,0.993,0.58,2600,1,85,0.84,0.88,65,32,0.8739
Amsterdam,0.204,0.91,0.296,0.88,0.029,0.79,0.644,0.92,0.421,0.95,0.369,0.78,0.776,0.86,0.993,0.65,2600,1,175,0.96,0.68,155,65,0.8375
Bali,0.868,0.73,0.553,0.76,0.369,0.91,0.315,0.87,0.721,0.51,0.55,0.99,0.629,0.72,0.646,0.98,2200,0,90,0.62,0.95,70,35,0.8366
Paris,0.868,0.98,0.553,0.95,0.369,0.97,0.315,0.82,0.721,0.99,0.55,0.65,0.629,0.92,0.646,0.45,2200,0,180,0.95,0.82,160,70,0.8172
London,0.868,0.94,0.553,0.97,0.369,0.91,0.315,0.95,0.721,0.98,0.55,0.76,0.629,0.98,0.646,0.55,2200,0,210,0.89,0.64,190,75,0.8517
Tokyo,0.868,0.9,0.553,0.91,0.369,0.99,0.315,0.96,0.721,0.88,0.55,0.74,0.629,0.99,0.646,0.71,2200,0,165,0.91,0.79,135,60,0.8363
Switzerland,0.868,0.79,0.553,0.78,0.369,0.82,0.315,0.58,0.721,0.75,0.55,0.99,0.629,0.76,0.646,0.98,2200,0,240,0.88,0.78,220,90,0.7962
Singapore,0.068,0.91,0.152,0.72,0.523,0.98,0.94,0.85,0.235,0.79,0.755,0.94,0.972,0.97,0.338,0.79,2200,1,155,0.9,0.94,145,50,0.9026
Dubai,0.068,0.96,0.152,0.63,0.523,0.91,0.94,0.92,0.235,0.72,0.755,0.68,0.972,0.99,0.338,0.91,2200,1,190,0.58,0.96,175,70,0.8702
New York,0.068,0.94,0.152,0.82,0.523,0.96,0.94,0.99,0.235,0.97,0.755,0.71,0.972,0.99,0.338,0.63,2200,1,230,0.92,0.76,210,85,0.9188
Switzerland,0.695,0.79,0.548,0.78,0.089,0.82,0.207,0.58,0.159,0.75,0.763,0.99,0.869,0.76,0.227,0.98,700,0,240,0.88,0.78,220,90,0.7989
Amsterdam,0.695,0.91,0.548,0.88,0.089,0.79,0.207,0.92,0.159,0.95,0.763,0.78,0.869,0.86,0.227,0.65,700,0,175,0.96,0.68,155,65,0.8128
Singapore,0.695,0.91,0.548,0.72,0.089,0.98,0.207,0.85,0.159,0.79,0.763,0.94,0.869,0.97,0.227,0.79,700,0,155,0.9,0.94,145,50,0.8629
New York,0.153,0.94,0.87,0.82,0.501,0.96,0.323,0.99,0.756,0.97,0.67,0.71,0.019,0.99,0.766,0.63,2600,0,230,0.92,0.76,210,85,0.8105
Rome,0.153,0.97,0.87,0.99,0.501,0.96,0.323,0.78,0.756,0.91,0.67,0.62,0.019,0.76,0.766,0.48,2600,0,145,0.91,0.9,125,55,0.8169
Paris,0.153,0.98,0.87,0.95,0.501,0.97,0.323,0.82,0.756,0.99,0.67,0.65,0.019,0.92,0.766,0.45,2600,0,180,0.95,0.82,160,70,0.8085
Amsterdam,0.153,0.91,0.87,0.88,0.501,0.79,0.323,0.92,0.756,0.95,0.67,0.78,0.019,0.86,0.766,0.65,2600,0,175,0.96,0.68,155,65,0.7928
Bali,0.153,0.73,0.87,0.76,0.501,0.91,0.323,0.87,0.756,0.51,0.67,0.99,0.019,0.72,0.766,0.98,2600,0,90,0.62,0.95,70,35,0.8554
Switzerland,0.153,0.79,0.87,0.78,0.501,0.82,0.323,0.58,0.756,0.75,0.67,0.99,0.019,0.76,0.766,0.98,2600,0,240,0.88,0.78,220,90,0.8301
Bali,0.829,0.73,0.397,0.76,0.152,0.91,0.007,0.87,0.628,0.51,0.623,0.99,0.266,0.72,0.374,0.98,2200,0,90,0.62,0.95,70,35,0.8027
London,0.829,0.94,0.397,0.97,0.152,0.91,0.007,0.95,0.628,0.98,0.623,0.76,0.266,0.98,0.374,0.55,2200,0,210,0.89,0.64,190,75,0.8267
Tokyo,0.829,0.9,0.397,0.91,0.152,0.99,0.007,0.96,0.628,0.88,0.623,0.74,0.266,0.99,0.374,0.71,2200,0,165,0.91,0.79,135,60,0.8241
Amsterdam,0.829,0.91,0.397,0.88,0.152,0.79,0.007,0.92,0.628,0.95,0.623,0.78,0.266,0.86,0.374,0.65,2200,0,175,0.96,0.68,155,65,0.8173
Istanbul,0.029,0.94,0.603,0.98,0.651,0.94,0.512,0.89,0.406,0.84,0.185,0.71,0.042,0.91,0.805,0.58,1300,0,85,0.84,0.88,65,32,0.8397
London,0.029,0.94,0.603,0.97,0.651,0.91,0.512,0.95,0.406,0.98,0.185,0.76,0.042,0.98,0.805,0.55,1300,0,210,0.89,0.64,190,75,0.8041
Amsterdam,0.029,0.91,0.603,0.88,0.651,0.79,0.512,0.92,0.406,0.95,0.185,0.78,0.042,0.86,0.805,0.65,1300,0,175,0.96,0.68,155,65,0.8259
Switzerland,0.029,0.79,0.603,0.78,0.651,0.82,0.512,0.58,0.406,0.75,0.185,0.99,0.042,0.76,0.805,0.98,1300,0,240,0.88,0.78,220,90,0.8337
Tokyo,0.029,0.9,0.603,0.91,0.651,0.99,0.512,0.96,0.406,0.88,0.185,0.74,0.042,0.99,0.805,0.71,1300,0,165,0.91,0.79,135,60,0.8378
Bali,0.029,0.73,0.603,0.76,0.651,0.91,0.512,0.87,0.406,0.51,0.185,0.99,0.042,0.72,0.805,0.98,1300,0,90,0.62,0.95,70,35,0.8272
Paris,0.029,0.98,0.603,0.95,0.651,0.97,0.512,0.82,0.406,0.99,0.185,0.65,0.042,0.92,0.805,0.45,1300,0,180,0.95,0.82,160,70,0.7856
New York,0.83,0.94,0.86,0.82,0.206,0.96,0.947,0.99,0.389,0.97,0.327,0.71,0.984,0.99,0.602,0.63,1100,1,230,0.92,0.76,210,85,0.8829
Bali,0.83,0.73,0.86,0.76,0.206,0.91,0.947,0.87,0.389,0.51,0.327,0.99,0.984,0.72,0.602,0.98,1100,1,90,0.62,0.95,70,35,0.8091
London,0.83,0.94,0.86,0.97,0.206,0.91,0.947,0.95,0.389,0.98,0.327,0.76,0.984,0.98,0.602,0.55,1100,1,210,0.89,0.64,190,75,0.8691
Amsterdam,0.83,0.91,0.86,0.88,0.206,0.79,0.947,0.92,0.389,0.95,0.327,0.78,0.984,0.86,0.602,0.65,1100,1,175,0.96,0.68,155,65,0.8556
Rome,0.83,0.97,0.86,0.99,0.206,0.96,0.947,0.78,0.389,0.91,0.327,0.62,0.984,0.76,0.602,0.48,1100,1,145,0.91,0.9,125,55,0.8448
Switzerland,0.83,0.79,0.86,0.78,0.206,0.82,0.947,0.58,0.389,0.75,0.327,0.99,0.984,0.76,0.602,0.98,1100,1,240,0.88,0.78,220,90,0.8209
Dubai,0.0,0.96,0.445,0.63,0.729,0.91,0.961,0.92,0.097,0.72,0.368,0.68,0.646,0.99,0.971,0.91,1800,0,190,0.58,0.96,175,70,0.8883
Switzerland,0.0,0.79,0.445,0.78,0.729,0.82,0.961,0.58,0.097,0.75,0.368,0.99,0.646,0.76,0.971,0.98,1800,0,240,0.88,0.78,220,90,0.7993
Paris,0.0,0.98,0.445,0.95,0.729,0.97,0.961,0.82,0.097,0.99,0.368,0.65,0.646,0.92,0.971,0.45,1800,0,180,0.95,0.82,160,70,0.7874
London,0.0,0.94,0.445,0.97,0.729,0.91,0.961,0.95,0.097,0.98,0.368,0.76,0.646,0.98,0.971,0.55,1800,0,210,0.89,0.64,190,75,0.8406
Bali,0.0,0.73,0.445,0.76,0.729,0.91,0.961,0.87,0.097,0.51,0.368,0.99,0.646,0.72,0.971,0.98,1800,0,90,0.62,0.95,70,35,0.8863
Istanbul,0.801,0.94,0.205,0.98,0.919,0.94,0.744,0.89,0.682,0.84,0.03,0.71,0.931,0.91,0.477,0.58,700,0,85,0.84,0.88,65,32,0.8824
Amsterdam,0.801,0.91,0.205,0.88,0.919,0.79,0.744,0.92,0.682,0.95,0.03,0.78,0.931,0.86,0.477,0.65,700,0,175,0.96,0.68,155,65,0.8359
Singapore,0.801,0.91,0.205,0.72,0.919,0.98,0.744,0.85,0.682,0.79,0.03,0.94,0.931,0.97,0.477,0.79,700,0,155,0.9,0.94,145,50,0.8801
Dubai,0.27,0.96,0.703,0.63,0.48,0.91,0.731,0.92,0.153,0.72,0.065,0.68,0.678,0.99,0.03,0.91,2600,1,190,0.58,0.96,175,70,0.8868
Barcelona,0.27,0.96,0.703,0.84,0.48,0.94,0.731,0.96,0.153,0.82,0.065,0.82,0.678,0.88,0.03,0.72,2600,1,150,0.93,0.94,130,58,0.9376
Paris,0.27,0.98,0.703,0.95,0.48,0.97,0.731,0.82,0.153,0.99,0.065,0.65,0.678,0.92,0.03,0.45,2600,1,180,0.95,0.82,160,70,0.9336
Bali,0.27,0.73,0.703,0.76,0.48,0.91,0.731,0.87,0.153,0.51,0.065,0.99,0.678,0.72,0.03,0.98,2600,1,90,0.62,0.95,70,35,0.8175
Rome,0.27,0.97,0.703,0.99,0.48,0.96,0.731,0.78,0.153,0.91,0.065,0.62,0.678,0.76,0.03,0.48,2600,1,145,0.91,0.9,125,55,0.8899
Istanbul,0.27,0.94,0.703,0.98,0.48,0.94,0.731,0.89,0.153,0.84,0.065,0.71,0.678,0.91,0.03,0.58,2600,1,85,0.84,0.88,65,32,0.9311
London,0.963,0.94,0.188,0.97,0.69,0.91,0.81,0.95,0.996,0.98,0.044,0.76,0.563,0.98,0.857,0.55,2600,0,210,0.89,0.64,190,75,0.8492
Tokyo,0.963,0.9,0.188,0.91,0.69,0.99,0.81,0.96,0.996,0.88,0.044,0.74,0.563,0.99,0.857,0.71,2600,0,165,0.91,0.79,135,60,0.8637
Rome,0.963,0.97,0.188,0.99,0.69,0.96,0.81,0.78,0.996,0.91,0.044,0.62,0.563,0.76,0.857,0.48,2600,0,145,0.91,0.9,125,55,0.8302
Tokyo,0.164,0.9,0.659,0.91,0.371,0.99,0.551,0.96,0.146,0.88,0.735,0.74,0.347,0.99,0.174,0.71,2200,1,165,0.91,0.79,135,60,0.9237
London,0.164,0.94,0.659,0.97,0.371,0.91,0.551,0.95,0.146,0.98,0.735,0.76,0.347,0.98,0.174,0.55,2200,1,210,0.89,0.64,190,75,0.8646
Barcelona,0.164,0.96,0.659,0.84,0.371,0.94,0.551,0.96,0.146,0.82,0.735,0.82,0.347,0.88,0.174,0.72,2200,1,150,0.93,0.94,130,58,0.8974
Singapore,0.164,0.91,0.659,0.72,0.371,0.98,0.551,0.85,0.146,0.79,0.735,0.94,0.347,0.97,0.174,0.79,2200,1,155,0.9,0.94,145,50,0.8875
Dubai,0.164,0.96,0.659,0.63,0.371,0.91,0.551,0.92,0.146,0.72,0.735,0.68,0.347,0.99,0.174,0.91,2200,1,190,0.58,0.96,175,70,0.8564
Bali,0.164,0.73,0.659,0.76,0.371,0.91,0.551,0.87,0.146,0.51,0.735,0.99,0.347,0.72,0.174,0.98,2200,1,90,0.62,0.95,70,35,0.8714
Barcelona,0.451,0.96,0.539,0.84,0.68,0.94,0.89,0.96,0.343,0.82,0.918,0.82,0.983,0.88,0.145,0.72,1800,0,150,0.93,0.94,130,58,0.8776
Amsterdam,0.451,0.91,0.539,0.88,0.68,0.79,0.89,0.92,0.343,0.95,0.918,0.78,0.983,0.86,0.145,0.65,1800,0,175,0.96,0.68,155,65,0.8309
Dubai,0.451,0.96,0.539,0.63,0.68,0.91,0.89,0.92,0.343,0.72,0.918,0.68,0.983,0.99,0.145,0.91,1800,0,190,0.58,0.96,175,70,0.8573
Rome,0.451,0.97,0.539,0.99,0.68,0.96,0.89,0.78,0.343,0.91,0.918,0.62,0.983,0.76,0.145,0.48,1800,0,145,0.91,0.9,125,55,0.8146
Bali,0.451,0.73,0.539,0.76,0.68,0.91,0.89,0.87,0.343,0.51,0.918,0.99,0.983,0.72,0.145,0.98,1800,0,90,0.62,0.95,70,35,0.8404
Paris,0.451,0.98,0.539,0.95,0.68,0.97,0.89,0.82,0.343,0.99,0.918,0.65,0.983,0.92,0.145,0.45,1800,0,180,0.95,0.82,160,70,0.8693
London,0.451,0.94,0.539,0.97,0.68,0.91,0.89,0.95,0.343,0.98,0.918,0.76,0.983,0.98,0.145,0.55,1800,0,210,0.89,0.64,190,75,0.8701
Tokyo,0.684,0.9,0.788,0.91,0.489,0.99,0.325,0.96,0.836,0.88,0.373,0.74,0.937,0.99,0.523,0.71,2200,0,165,0.91,0.79,135,60,0.8863
Dubai,0.684,0.96,0.788,0.63,0.489,0.91,0.325,0.92,0.836,0.72,0.373,0.68,0.937,0.99,0.523,0.91,2200,0,190,0.58,0.96,175,70,0.8337
Rome,0.684,0.97,0.788,0.99,0.489,0.96,0.325,0.78,0.836,0.91,0.373,0.62,0.937,0.76,0.523,0.48,2200,0,145,0.91,0.9,125,55,0.8141
Amsterdam,0.684,0.91,0.788,0.88,0.489,0.79,0.325,0.92,0.836,0.95,0.373,0.78,0.937,0.86,0.523,0.65,2200,0,175,0.96,0.68,155,65,0.8451
Singapore,0.684,0.91,0.788,0.72,0.489,0.98,0.325,0.85,0.836,0.79,0.373,0.94,0.937,0.97,0.523,0.79,2200,0,155,0.9,0.94,145,50,0.8623
Bali,0.684,0.73,0.788,0.76,0.489,0.91,0.325,0.87,0.836,0.51,0.373,0.99,0.937,0.72,0.523,0.98,2200,0,90,0.62,0.95,70,35,0.7866
Istanbul,0.684,0.94,0.788,0.98,0.489,0.94,0.325,0.89,0.836,0.84,0.373,0.71,0.937,0.91,0.523,0.58,2200,0,85,0.84,0.88,65,32,0.8394
London,0.072,0.94,0.95,0.97,0.242,0.91,0.406,0.95,0.825,0.98,0.542,0.76,0.097,0.98,0.814,0.55,700,0,210,0.89,0.64,190,75,0.8087
Rome,0.072,0.97,0.95,0.99,0.242,0.96,0.406,0.78,0.825,0.91,0.542,0.62,0.097,0.76,0.814,0.48,700,0,145,0.91,0.9,125,55,0.8265
Amsterdam,0.072,0.91,0.95,0.88,0.242,0.79,0.406,0.92,0.825,0.95,0.542,0.78,0.097,0.86,0.814,0.65,700,0,175,0.96,0.68,155,65,0.7958
Bali,0.253,0.73,0.951,0.76,0.422,0.91,0.358,0.87,0.403,0.51,0.698,0.99,0.3,0.72,0.388,0.98,1300,1,90,0.62,0.95,70,35,0.8493
Istanbul,0.253,0.94,0.951,0.98,0.422,0.94,0.358,0.89,0.403,0.84,0.698,0.71,0.3,0.91,0.388,0.58,1300,1,85,0.84,0.88,65,32,0.8762
Singapore,0.253,0.91,0.951,0.72,0.422,0.98,0.358,0.85,0.403,0.79,0.698,0.94,0.3,0.97,0.388,0.79,1300,1,155,0.9,0.94,145,50,0.8814
Paris,0.253,0.98,0.951,0.95,0.422,0.97,0.358,0.82,0.403,0.99,0.698,0.65,0.3,0.92,0.388,0.45,1300,1,180,0.95,0.82,160,70,0.8778
Switzerland,0.253,0.79,0.951,0.78,0.422,0.82,0.358,0.58,0.403,0.75,0.698,0.99,0.3,0.76,0.388,0.98,1300,1,240,0.88,0.78,220,90,0.8734
New York,0.253,0.94,0.951,0.82,0.422,0.96,0.358,0.99,0.403,0.97,0.698,0.71,0.3,0.99,0.388,0.63,1300,1,230,0.92,0.76,210,85,0.8903
London,0.77,0.94,0.423,0.97,0.587,0.91,0.881,0.95,0.949,0.98,0.685,0.76,0.995,0.98,0.38,0.55,2600,0,210,0.89,0.64,190,75,0.8744
New York,0.77,0.94,0.423,0.82,0.587,0.96,0.881,0.99,0.949,0.97,0.685,0.71,0.995,0.99,0.38,0.63,2600,0,230,0.92,0.76,210,85,0.8762
Rome,0.77,0.97,0.423,0.99,0.587,0.96,0.881,0.78,0.949,0.91,0.685,0.62,0.995,0.76,0.38,0.48,2600,0,145,0.91,0.9,125,55,0.8111
Bali,0.77,0.73,0.423,0.76,0.587,0.91,0.881,0.87,0.949,0.51,0.685,0.99,0.995,0.72,0.38,0.98,2600,0,90,0.62,0.95,70,35,0.8083
Amsterdam,0.77,0.91,0.423,0.88,0.587,0.79,0.881,0.92,0.949,0.95,0.685,0.78,0.995,0.86,0.38,0.65,2600,0,175,0.96,0.68,155,65,0.8269
Tokyo,0.77,0.9,0.423,0.91,0.587,0.99,0.881,0.96,0.949,0.88,0.685,0.74,0.995,0.99,0.38,0.71,2600,0,165,0.91,0.79,135,60,0.874
New York,0.469,0.94,0.323,0.82,0.553,0.96,0.704,0.99,0.451,0.97,0.614,0.71,0.095,0.99,0.684,0.63,700,1,230,0.92,0.76,210,85,0.8703
Barcelona,0.469,0.96,0.323,0.84,0.553,0.94,0.704,0.96,0.451,0.82,0.614,0.82,0.095,0.88,0.684,0.72,700,1,150,0.93,0.94,130,58,0.9091
Singapore,0.469,0.91,0.323,0.72,0.553,0.98,0.704,0.85,0.451,0.79,0.614,0.94,0.095,0.97,0.684,0.79,700,1,155,0.9,0.94,145,50,0.9178
Tokyo,0.536,0.9,0.724,0.91,0.253,0.99,0.118,0.96,0.517,0.88,0.174,0.74,0.452,0.99,0.854,0.71,700,1,165,0.91,0.79,135,60,0.889
Dubai,0.536,0.96,0.724,0.63,0.253,0.91,0.118,0.92,0.517,0.72,0.174,0.68,0.452,0.99,0.854,0.91,700,1,190,0.58,0.96,175,70,0.8295
Rome,0.536,0.97,0.724,0.99,0.253,0.96,0.118,0.78,0.517,0.91,0.174,0.62,0.452,0.76,0.854,0.48,700,1,145,0.91,0.9,125,55,0.875
Barcelona,0.536,0.96,0.724,0.84,0.253,0.94,0.118,0.96,0.517,0.82,0.174,0.82,0.452,0.88,0.854,0.72,700,1,150,0.93,0.94,130,58,0.9073
Bali,0.536,0.73,0.724,0.76,0.253,0.91,0.118,0.87,0.517,0.51,0.174,0.99,0.452,0.72,0.854,0.98,700,1,90,0.62,0.95,70,35,0.8524
Singapore,0.536,0.91,0.724,0.72,0.253,0.98,0.118,0.85,0.517,0.79,0.174,0.94,0.452,0.97,0.854,0.79,700,1,155,0.9,0.94,145,50,0.9008
Amsterdam,0.536,0.91,0.724,0.88,0.253,0.79,0.118,0.92,0.517,0.95,0.174,0.78,0.452,0.86,0.854,0.65,700,1,175,0.96,0.68,155,65,0.838
Barcelona,0.183,0.96,0.34,0.84,0.683,0.94,0.846,0.96,0.229,0.82,0.445,0.82,0.701,0.88,0.912,0.72,900,0,150,0.93,0.94,130,58,0.8583
Bali,0.183,0.73,0.34,0.76,0.683,0.91,0.846,0.87,0.229,0.51,0.445,0.99,0.701,0.72,0.912,0.98,900,0,90,0.62,0.95,70,35,0.8507
Switzerland,0.183,0.79,0.34,0.78,0.683,0.82,0.846,0.58,0.229,0.75,0.445,0.99,0.701,0.76,0.912,0.98,900,0,240,0.88,0.78,220,90,0.8218
Paris,0.183,0.98,0.34,0.95,0.683,0.97,0.846,0.82,0.229,0.99,0.445,0.65,0.701,0.92,0.912,0.45,900,0,180,0.95,0.82,160,70,0.7823
Switzerland,0.525,0.79,0.694,0.78,0.635,0.82,0.106,0.58,0.474,0.75,0.279,0.99,0.557,0.76,0.422,0.98,900,0,240,0.88,0.78,220,90,0.837
Tokyo,0.525,0.9,0.694,0.91,0.635,0.99,0.106,0.96,0.474,0.88,0.279,0.74,0.557,0.99,0.422,0.71,900,0,165,0.91,0.79,135,60,0.8855
Singapore,0.525,0.91,0.694,0.72,0.635,0.98,0.106,0.85,0.474,0.79,0.279,0.94,0.557,0.97,0.422,0.79,900,0,155,0.9,0.94,145,50,0.8451
Dubai,0.525,0.96,0.694,0.63,0.635,0.91,0.106,0.92,0.474,0.72,0.279,0.68,0.557,0.99,0.422,0.91,900,0,190,0.58,0.96,175,70,0.8301
Amsterdam,0.525,0.91,0.694,0.88,0.635,0.79,0.106,0.92,0.474,0.95,0.279,0.78,0.557,0.86,0.422,0.65,900,0,175,0.96,0.68,155,65,0.8268
Paris,0.665,0.98,0.446,0.95,0.997,0.97,0.373,0.82,0.263,0.99,0.067,0.65,0.79,0.92,0.186,0.45,2200,0,180,0.95,0.82,160,70,0.8907
Amsterdam,0.665,0.91,0.446,0.88,0.997,0.79,0.373,0.92,0.263,0.95,0.067,0.78,0.79,0.86,0.186,0.65,2200,0,175,0.96,0.68,155,65,0.8054
Switzerland,0.665,0.79,0.446,0.78,0.997,0.82,0.373,0.58,0.263,0.75,0.067,0.99,0.79,0.76,0.186,0.98,2200,0,240,0.88,0.78,220,90,0.7739
Barcelona,0.665,0.96,0.446,0.84,0.997,0.94,0.373,0.96,0.263,0.82,0.067,0.82,0.79,0.88,0.186,0.72,2200,0,150,0.93,0.94,130,58,0.8984
London,0.665,0.94,0.446,0.97,0.997,0.91,0.373,0.95,0.263,0.98,0.067,0.76,0.79,0.98,0.186,0.55,2200,0,210,0.89,0.64,190,75,0.8499
Rome,0.665,0.97,0.446,0.99,0.997,0.96,0.373,0.78,0.263,0.91,0.067,0.62,0.79,0.76,0.186,0.48,2200,0,145,0.91,0.9,125,55,0.872
Tokyo,0.665,0.9,0.446,0.91,0.997,0.99,0.373,0.96,0.263,0.88,0.067,0.74,0.79,0.99,0.186,0.71,2200,0,165,0.91,0.79,135,60,0.8949
Barcelona,0.009,0.96,0.88,0.84,0.137,0.94,0.921,0.96,0.861,0.82,0.801,0.82,0.189,0.88,0.475,0.72,2600,0,150,0.93,0.94,130,58,0.8607
Dubai,0.009,0.96,0.88,0.63,0.137,0.91,0.921,0.92,0.861,0.72,0.801,0.68,0.189,0.99,0.475,0.91,2600,0,190,0.58,0.96,175,70,0.8141
New York,0.009,0.94,0.88,0.82,0.137,0.96,0.921,0.99,0.861,0.97,0.801,0.71,0.189,0.99,0.475,0.63,2600,0,230,0.92,0.76,210,85,0.8556
Amsterdam,0.146,0.91,0.127,0.88,0.51,0.79,0.861,0.92,0.068,0.95,0.513,0.78,0.987,0.86,0.566,0.65,1300,1,175,0.96,0.68,155,65,0.8368
London,0.146,0.94,0.127,0.97,0.51,0.91,0.861,0.95,0.068,0.98,0.513,0.76,0.987,0.98,0.566,0.55,1300,1,210,0.89,0.64,190,75,0.8645
Dubai,0.146,0.96,0.127,0.63,0.51,0.91,0.861,0.92,0.068,0.72,0.513,0.68,0.987,0.99,0.566,0.91,1300,1,190,0.58,0.96,175,70,0.8834
Paris,0.146,0.98,0.127,0.95,0.51,0.97,0.861,0.82,0.068,0.99,0.513,0.65,0.987,0.92,0.566,0.45,1300,1,180,0.95,0.82,160,70,0.8425
Bali,0.146,0.73,0.127,0.76,0.51,0.91,0.861,0.87,0.068,0.51,0.513,0.99,0.987,0.72,0.566,0.98,1300,1,90,0.62,0.95,70,35,0.8804
Bali,0.374,0.73,0.45,0.76,0.836,0.91,0.225,0.87,0.908,0.51,0.479,0.99,0.949,0.72,0.51,0.98,2200,0,90,0.62,0.95,70,35,0.8269
New York,0.374,0.94,0.45,0.82,0.836,0.96,0.225,0.99,0.908,0.97,0.479,0.71,0.949,0.99,0.51,0.63,2200,0,230,0.92,0.76,210,85,0.8588
London,0.374,0.94,0.45,0.97,0.836,0.91,0.225,0.95,0.908,0.98,0.479,0.76,0.949,0.98,0.51,0.55,2200,0,210,0.89,0.64,190,75,0.8266
Singapore,0.374,0.91,0.45,0.72,0.836,0.98,0.225,0.85,0.908,0.79,0.479,0.94,0.949,0.97,0.51,0.79,2200,0,155,0.9,0.94,145,50,0.8506
Bali,0.085,0.73,0.892,0.76,0.146,0.91,0.641,0.87,0.37,0.51,0.393,0.99,0.465,0.72,0.807,0.98,1800,1,90,0.62,0.95,70,35,0.8564
Tokyo,0.085,0.9,0.892,0.91,0.146,0.99,0.641,0.96,0.37,0.88,0.393,0.74,0.465,0.99,0.807,0.71,1800,1,165,0.91,0.79,135,60,0.8939
London,0.085,0.94,0.892,0.97,0.146,0.91,0.641,0.95,0.37,0.98,0.393,0.76,0.465,0.98,0.807,0.55,1800,1,210,0.89,0.64,190,75,0.8751
Singapore,0.085,0.91,0.892,0.72,0.146,0.98,0.641,0.85,0.37,0.79,0.393,0.94,0.465,0.97,0.807,0.79,1800,1,155,0.9,0.94,145,50,0.8877
New York,0.085,0.94,0.892,0.82,0.146,0.96,0.641,0.99,0.37,0.97,0.393,0.71,0.465,0.99,0.807,0.63,1800,1,230,0.92,0.76,210,85,0.8865
Amsterdam,0.085,0.91,0.892,0.88,0.146,0.79,0.641,0.92,0.37,0.95,0.393,0.78,0.465,0.86,0.807,0.65,1800,1,175,0.96,0.68,155,65,0.8433
Switzerland,0.085,0.79,0.892,0.78,0.146,0.82,0.641,0.58,0.37,0.75,0.393,0.99,0.465,0.76,0.807,0.98,1800,1,240,0.88,0.78,220,90,0.842
Amsterdam,0.691,0.91,0.975,0.88,0.533,0.79,0.616,0.92,0.063,0.95,0.629,0.78,0.934,0.86,0.875,0.65,1300,1,175,0.96,0.68,155,65,0.8449
Bali,0.691,0.73,0.975,0.76,0.533,0.91,0.616,0.87,0.063,0.51,0.629,0.99,0.934,0.72,0.875,0.98,1300,1,90,0.62,0.95,70,35,0.8511
Istanbul,0.691,0.94,0.975,0.98,0.533,0.94,0.616,0.89,0.063,0.84,0.629,0.71,0.934,0.91,0.875,0.58,1300,1,85,0.84,0.88,65,32,0.89
Tokyo,0.691,0.9,0.975,0.91,0.533,0.99,0.616,0.96,0.063,0.88,0.629,0.74,0.934,0.99,0.875,0.71,1300,1,165,0.91,0.79,135,60,0.8888
London,0.691,0.94,0.975,0.97,0.533,0.91,0.616,0.95,0.063,0.98,0.629,0.76,0.934,0.98,0.875,0.55,1300,1,210,0.89,0.64,190,75,0.8773
Bali,0.67,0.73,0.188,0.76,0.613,0.91,0.787,0.87,0.802,0.51,0.688,0.99,0.19,0.72,0.686,0.98,1800,0,90,0.62,0.95,70,35,0.822
New York,0.67,0.94,0.188,0.82,0.613,0.96,0.787,0.99,0.802,0.97,0.688,0.71,0.19,0.99,0.686,0.63,1800,0,230,0.92,0.76,210,85,0.8549
Barcelona,0.67,0.96,0.188,0.84,0.613,0.94,0.787,0.96,0.802,0.82,0.688,0.82,0.19,0.88,0.686,0.72,1800,0,150,0.93,0.94,130,58,0.8718
Rome,0.67,0.97,0.188,0.99,0.613,0.96,0.787,0.78,0.802,0.91,0.688,0.62,0.19,0.76,0.686,0.48,1800,0,145,0.91,0.9,125,55,0.8079
London,0.67,0.94,0.188,0.97,0.613,0.91,0.787,0.95,0.802,0.98,0.688,0.76,0.19,0.98,0.686,0.55,1800,0,210,0.89,0.64,190,75,0.8511
Tokyo,0.67,0.9,0.188,0.91,0.613,0.99,0.787,0.96,0.802,0.88,0.688,0.74,0.19,0.99,0.686,0.71,1800,0,165,0.91,0.79,135,60,0.8669
Dubai,0.375,0.96,0.392,0.63,0.717,0.91,0.932,0.92,0.459,0.72,0.341,0.68,0.255,0.99,0.072,0.91,900,1,190,0.58,0.96,175,70,0.8833
Paris,0.375,0.98,0.392,0.95,0.717,0.97,0.932,0.82,0.459,0.99,0.341,0.65,0.255,0.92,0.072,0.45,900,1,180,0.95,0.82,160,70,0.9117
Rome,0.375,0.97,0.392,0.99,0.717,0.96,0.932,0.78,0.459,0.91,0.341,0.62,0.255,0.76,0.072,0.48,900,1,145,0.91,0.9,125,55,0.9093
Amsterdam,0.375,0.91,0.392,0.88,0.717,0.79,0.932,0.92,0.459,0.95,0.341,0.78,0.255,0.86,0.072,0.65,900,1,175,0.96,0.68,155,65,0.8858
London,0.375,0.94,0.392,0.97,0.717,0.91,0.932,0.95,0.459,0.98,0.341,0.76,0.255,0.98,0.072,0.55,900,1,210,0.89,0.64,190,75,0.9026
New York,0.375,0.94,0.392,0.82,0.717,0.96,0.932,0.99,0.459,0.97,0.341,0.71,0.255,0.99,0.072,0.63,900,1,230,0.92,0.76,210,85,0.9101
Istanbul,0.375,0.94,0.392,0.98,0.717,0.94,0.932,0.89,0.459,0.84,0.341,0.71,0.255,0.91,0.072,0.58,900,1,85,0.84,0.88,65,32,0.9281
London,0.628,0.94,0.49,0.97,0.108,0.91,0.437,0.95,0.313,0.98,0.14,0.76,0.123,0.98,0.76,0.55,700,0,210,0.89,0.64,190,75,0.8221
Rome,0.628,0.97,0.49,0.99,0.108,0.96,0.437,0.78,0.313,0.91,0.14,0.62,0.123,0.76,0.76,0.48,700,0,145,0.91,0.9,125,55,0.7953
New York,0.628,0.94,0.49,0.82,0.108,0.96,0.437,0.99,0.313,0.97,0.14,0.71,0.123,0.99,0.76,0.63,700,0,230,0.92,0.76,210,85,0.8124
Amsterdam,0.743,0.91,0.423,0.88,0.04,0.79,0.66,0.92,0.06,0.95,0.111,0.78,0.977,0.86,0.72,0.65,1500,1,175,0.96,0.68,155,65,0.8898
Istanbul,0.743,0.94,0.423,0.98,0.04,0.94,0.66,0.89,0.06,0.84,0.111,0.71,0.977,0.91,0.72,0.58,1500,1,85,0.84,0.88,65,32,0.8747
Bali,0.743,0.73,0.423,0.76,0.04,0.91,0.66,0.87,0.06,0.51,0.111,0.99,0.977,0.72,0.72,0.98,1500,1,90,0.62,0.95,70,35,0.8297
London,0.743,0.94,0.423,0.97,0.04,0.91,0.66,0.95,0.06,0.98,0.111,0.76,0.977,0.98,0.72,0.55,1500,1,210,0.89,0.64,190,75,0.8544
Rome,0.584,0.97,0.762,0.99,0.172,0.96,0.966,0.78,0.383,0.91,0.542,0.62,0.017,0.76,0.16,0.48,1500,1,145,0.91,0.9,125,55,0.8713
Amsterdam,0.584,0.91,0.762,0.88,0.172,0.79,0.966,0.92,0.383,0.95,0.542,0.78,0.017,0.86,0.16,0.65,1500,1,175,0.96,0.68,155,65,0.886
Dubai,0.584,0.96,0.762,0.63,0.172,0.91,0.966,0.92,0.383,0.72,0.542,0.68,0.017,0.99,0.16,0.91,1500,1,190,0.58,0.96,175,70,0.8213
Rome,0.174,0.97,0.22,0.99,0.107,0.96,0.239,0.78,0.308,0.91,0.58,0.62,0.6,0.76,0.387,0.48,1300,0,145,0.91,0.9,125,55,0.7862
Dubai,0.174,0.96,0.22,0.63,0.107,0.91,0.239,0.92,0.308,0.72,0.58,0.68,0.6,0.99,0.387,0.91,1300,0,190,0.58,0.96,175,70,0.8593
Singapore,0.174,0.91,0.22,0.72,0.107,0.98,0.239,0.85,0.308,0.79,0.58,0.94,0.6,0.97,0.387,0.79,1300,0,155,0.9,0.94,145,50,0.8662
New York,0.615,0.94,0.38,0.82,0.541,0.96,0.272,0.99,0.882,0.97,0.492,0.71,0.79,0.99,0.524,0.63,1800,0,230,0.92,0.76,210,85,0.8414
Bali,0.615,0.73,0.38,0.76,0.541,0.91,0.272,0.87,0.882,0.51,0.492,0.99,0.79,0.72,0.524,0.98,1800,0,90,0.62,0.95,70,35,0.7891
Dubai,0.615,0.96,0.38,0.63,0.541,0.91,0.272,0.92,0.882,0.72,0.492,0.68,0.79,0.99,0.524,0.91,1800,0,190,0.58,0.96,175,70,0.8701
Singapore,0.615,0.91,0.38,0.72,0.541,0.98,0.272,0.85,0.882,0.79,0.492,0.94,0.79,0.97,0.524,0.79,1800,0,155,0.9,0.94,145,50,0.8782
Amsterdam,0.615,0.91,0.38,0.88,0.541,0.79,0.272,0.92,0.882,0.95,0.492,0.78,0.79,0.86,0.524,0.65,1800,0,175,0.96,0.68,155,65,0.8103
Barcelona,0.615,0.96,0.38,0.84,0.541,0.94,0.272,0.96,0.882,0.82,0.492,0.82,0.79,0.88,0.524,0.72,1800,0,150,0.93,0.94,130,58,0.8568
Istanbul,0.218,0.94,0.353,0.98,0.274,0.94,0.715,0.89,0.898,0.84,0.379,0.71,0.878,0.91,0.961,0.58,1300,0,85,0.84,0.88,65,32,0.8048
Paris,0.218,0.98,0.353,0.95,0.274,0.97,0.715,0.82,0.898,0.99,0.379,0.65,0.878,0.92,0.961,0.45,1300,0,180,0.95,0.82,160,70,0.8134
Dubai,0.218,0.96,0.353,0.63,0.274,0.91,0.715,0.92,0.898,0.72,0.379,0.68,0.878,0.99,0.961,0.91,1300,0,190,0.58,0.96,175,70,0.8548
Tokyo,0.218,0.9,0.353,0.91,0.274,0.99,0.715,0.96,0.898,0.88,0.379,0.74,0.878,0.99,0.961,0.71,1300,0,165,0.91,0.79,135,60,0.851
New York,0.218,0.94,0.353,0.82,0.274,0.96,0.715,0.99,0.898,0.97,0.379,0.71,0.878,0.99,0.961,0.63,1300,0,230,0.92,0.76,210,85,0.8464
Amsterdam,0.218,0.91,0.353,0.88,0.274,0.79,0.715,0.92,0.898,0.95,0.379,0.78,0.878,0.86,0.961,0.65,1300,0,175,0.96,0.68,155,65,0.8123
Tokyo,0.269,0.9,0.912,0.91,0.26,0.99,0.158,0.96,0.219,0.88,0.585,0.74,0.517,0.99,0.531,0.71,1300,0,165,0.91,0.79,135,60,0.8556
Paris,0.269,0.98,0.912,0.95,0.26,0.97,0.158,0.82,0.219,0.99,0.585,0.65,0.517,0.92,0.531,0.45,1300,0,180,0.95,0.82,160,70,0.8255
Amsterdam,0.269,0.91,0.912,0.88,0.26,0.79,0.158,0.92,0.219,0.95,0.585,0.78,0.517,0.86,0.531,0.65,1300,0,175,0.96,0.68,155,65,0.8014
Rome,0.269,0.97,0.912,0.99,0.26,0.96,0.158,0.78,0.219,0.91,0.585,0.62,0.517,0.76,0.531,0.48,1300,0,145,0.91,0.9,125,55,0.8188
Barcelona,0.269,0.96,0.912,0.84,0.26,0.94,0.158,0.96,0.219,0.82,0.585,0.82,0.517,0.88,0.531,0.72,1300,0,150,0.93,0.94,130,58,0.8389
Switzerland,0.269,0.79,0.912,0.78,0.26,0.82,0.158,0.58,0.219,0.75,0.585,0.99,0.517,0.76,0.531,0.98,1300,0,240,0.88,0.78,220,90,0.8121
New York,0.142,0.94,0.436,0.82,0.871,0.96,0.186,0.99,0.409,0.97,0.167,0.71,0.067,0.99,0.872,0.63,700,0,230,0.92,0.76,210,85,0.8052
Singapore,0.142,0.91,0.436,0.72,0.871,0.98,0.186,0.85,0.409,0.79,0.167,0.94,0.067,0.97,0.872,0.79,700,0,155,0.9,0.94,145,50,0.8792
Dubai,0.142,0.96,0.436,0.63,0.871,0.91,0.186,0.92,0.409,0.72,0.167,0.68,0.067,0.99,0.872,0.91,700,0,190,0.58,0.96,175,70,0.8545
Barcelona,0.142,0.96,0.436,0.84,0.871,0.94,0.186,0.96,0.409,0.82,0.167,0.82,0.067,0.88,0.872,0.72,700,0,150,0.93,0.94,130,58,0.8293
Amsterdam,0.142,0.91,0.436,0.88,0.871,0.79,0.186,0.92,0.409,0.95,0.167,0.78,0.067,0.86,0.872,0.65,700,0,175,0.96,0.68,155,65,0.8108
Tokyo,0.269,0.9,0.783,0.91,0.534,0.99,0.779,0.96,0.553,0.88,0.369,0.74,0.179,0.99,0.534,0.71,1100,0,165,0.91,0.79,135,60,0.8617
Barcelona,0.269,0.96,0.783,0.84,0.534,0.94,0.779,0.96,0.553,0.82,0.369,0.82,0.179,0.88,0.534,0.72,1100,0,150,0.93,0.94,130,58,0.8396
London,0.269,0.94,0.783,0.97,0.534,0.91,0.779,0.95,0.553,0.98,0.369,0.76,0.179,0.98,0.534,0.55,1100,0,210,0.89,0.64,190,75,0.8437
Singapore,0.057,0.91,0.135,0.72,0.048,0.98,0.156,0.85,0.132,0.79,0.862,0.94,0.834,0.97,0.574,0.79,1500,1,155,0.9,0.94,145,50,0.9044
Barcelona,0.057,0.96,0.135,0.84,0.048,0.94,0.156,0.96,0.132,0.82,0.862,0.82,0.834,0.88,0.574,0.72,1500,1,150,0.93,0.94,130,58,0.8909
Rome,0.057,0.97,0.135,0.99,0.048,0.96,0.156,0.78,0.132,0.91,0.862,0.62,0.834,0.76,0.574,0.48,1500,1,145,0.91,0.9,125,55,0.77
Amsterdam,0.057,0.91,0.135,0.88,0.048,0.79,0.156,0.92,0.132,0.95,0.862,0.78,0.834,0.86,0.574,0.65,1500,1,175,0.96,0.68,155,65,0.8685
Bali,0.136,0.73,0.287,0.76,0.529,0.91,0.49,0.87,0.754,0.51,0.55,0.99,0.726,0.72,0.889,0.98,2600,1,90,0.62,0.95,70,35,0.8631
Dubai,0.136,0.96,0.287,0.63,0.529,0.91,0.49,0.92,0.754,0.72,0.55,0.68,0.726,0.99,0.889,0.91,2600,1,190,0.58,0.96,175,70,0.8427
London,0.136,0.94,0.287,0.97,0.529,0.91,0.49,0.95,0.754,0.98,0.55,0.76,0.726,0.98,0.889,0.55,2600,1,210,0.89,0.64,190,75,0.8403
New York,0.136,0.94,0.287,0.82,0.529,0.96,0.49,0.99,0.754,0.97,0.55,0.71,0.726,0.99,0.889,0.63,2600,1,230,0.92,0.76,210,85,0.8635
Switzerland,0.136,0.79,0.287,0.78,0.529,0.82,0.49,0.58,0.754,0.75,0.55,0.99,0.726,0.76,0.889,0.98,2600,1,240,0.88,0.78,220,90,0.8836
Rome,0.136,0.97,0.287,0.99,0.529,0.96,0.49,0.78,0.754,0.91,0.55,0.62,0.726,0.76,0.889,0.48,2600,1,145,0.91,0.9,125,55,0.8537
Istanbul,0.136,0.94,0.287,0.98,0.529,0.94,0.49,0.89,0.754,0.84,0.55,0.71,0.726,0.91,0.889,0.58,2600,1,85,0.84,0.88,65,32,0.8402
Istanbul,0.904,0.94,0.383,0.98,0.3,0.94,0.024,0.89,0.487,0.84,0.75,0.71,0.216,0.91,0.775,0.58,1100,1,85,0.84,0.88,65,32,0.879
Barcelona,0.904,0.96,0.383,0.84,0.3,0.94,0.024,0.96,0.487,0.82,0.75,0.82,0.216,0.88,0.775,0.72,1100,1,150,0.93,0.94,130,58,0.9162
London,0.904,0.94,0.383,0.97,0.3,0.91,0.024,0.95,0.487,0.98,0.75,0.76,0.216,0.98,0.775,0.55,1100,1,210,0.89,0.64,190,75,0.8411
Dubai,0.904,0.96,0.383,0.63,0.3,0.91,0.024,0.92,0.487,0.72,0.75,0.68,0.216,0.99,0.775,0.91,1100,1,190,0.58,0.96,175,70,0.8466
Amsterdam,0.904,0.91,0.383,0.88,0.3,0.79,0.024,0.92,0.487,0.95,0.75,0.78,0.216,0.86,0.775,0.65,1100,1,175,0.96,0.68,155,65,0.8679
Rome,0.904,0.97,0.383,0.99,0.3,0.96,0.024,0.78,0.487,0.91,0.75,0.62,0.216,0.76,0.775,0.48,1100,1,145,0.91,0.9,125,55,0.8446
Paris,0.904,0.98,0.383,0.95,0.3,0.97,0.024,0.82,0.487,0.99,0.75,0.65,0.216,0.92,0.775,0.45,1100,1,180,0.95,0.82,160,70,0.8432
Bali,0.13,0.73,0.96,0.76,0.245,0.91,0.146,0.87,0.64,0.51,0.101,0.99,0.374,0.72,0.351,0.98,2200,1,90,0.62,0.95,70,35,0.8238
London,0.13,0.94,0.96,0.97,0.245,0.91,0.146,0.95,0.64,0.98,0.101,0.76,0.374,0.98,0.351,0.55,2200,1,210,0.89,0.64,190,75,0.9009
Tokyo,0.13,0.9,0.96,0.91,0.245,0.99,0.146,0.96,0.64,0.88,0.101,0.74,0.374,0.99,0.351,0.71,2200,1,165,0.91,0.79,135,60,0.8826
New York,0.981,0.94,0.847,0.82,0.068,0.96,0.331,0.99,0.31,0.97,0.507,0.71,0.011,0.99,0.101,0.63,1500,0,230,0.92,0.76,210,85,0.8414
Amsterdam,0.981,0.91,0.847,0.88,0.068,0.79,0.331,0.92,0.31,0.95,0.507,0.78,0.011,0.86,0.101,0.65,1500,0,175,0.96,0.68,155,65,0.8404
Istanbul,0.981,0.94,0.847,0.98,0.068,0.94,0.331,0.89,0.31,0.84,0.507,0.71,0.011,0.91,0.101,0.58,1500,0,85,0.84,0.88,65,32,0.862
Istanbul,0.613,0.94,0.347,0.98,0.327,0.94,0.368,0.89,0.801,0.84,0.586,0.71,0.884,0.91,0.758,0.58,2200,0,85,0.84,0.88,65,32,0.8271
Bali,0.613,0.73,0.347,0.76,0.327,0.91,0.368,0.87,0.801,0.51,0.586,0.99,0.884,0.72,0.758,0.98,2200,0,90,0.62,0.95,70,35,0.8293
New York,0.613,0.94,0.347,0.82,0.327,0.96,0.368,0.99,0.801,0.97,0.586,0.71,0.884,0.99,0.758,0.63,2200,0,230,0.92,0.76,210,85,0.8608
Rome,0.613,0.97,0.347,0.99,0.327,0.96,0.368,0.78,0.801,0.91,0.586,0.62,0.884,0.76,0.758,0.48,2200,0,145,0.91,0.9,125,55,0.8165
Barcelona,0.613,0.96,0.347,0.84,0.327,0.94,0.368,0.96,0.801,0.82,0.586,0.82,0.884,0.88,0.758,0.72,2200,0,150,0.93,0.94,130,58,0.8388
Dubai,0.613,0.96,0.347,0.63,0.327,0.91,0.368,0.92,0.801,0.72,0.586,0.68,0.884,0.99,0.758,0.91,2200,0,190,0.58,0.96,175,70,0.8694
Amsterdam,0.613,0.91,0.347,0.88,0.327,0.79,0.368,0.92,0.801,0.95,0.586,0.78,0.884,0.86,0.758,0.65,2200,0,175,0.96,0.68,155,65,0.8064
Bali,0.617,0.73,0.276,0.76,0.22,0.91,0.044,0.87,0.012,0.51,0.133,0.99,0.418,0.72,0.194,0.98,1100,1,90,0.62,0.95,70,35,0.8241
London,0.617,0.94,0.276,0.97,0.22,0.91,0.044,0.95,0.012,0.98,0.133,0.76,0.418,0.98,0.194,0.55,1100,1,210,0.89,0.64,190,75,0.891
Amsterdam,0.617,0.91,0.276,0.88,0.22,0.79,0.044,0.92,0.012,0.95,0.133,0.78,0.418,0.86,0.194,0.65,1100,1,175,0.96,0.68,155,65,0.8499
Paris,0.617,0.98,0.276,0.95,0.22,0.97,0.044,0.82,0.012,0.99,0.133,0.65,0.418,0.92,0.194,0.45,1100,1,180,0.95,0.82,160,70,0.9041
Rome,0.617,0.97,0.276,0.99,0.22,0.96,0.044,0.78,0.012,0.91,0.133,0.62,0.418,0.76,0.194,0.48,1100,1,145,0.91,0.9,125,55,0.9133
Singapore,0.617,0.91,0.276,0.72,0.22,0.98,0.044,0.85,0.012,0.79,0.133,0.94,0.418,0.97,0.194,0.79,1100,1,155,0.9,0.94,145,50,0.9402
New York,0.617,0.94,0.276,0.82,0.22,0.96,0.044,0.99,0.012,0.97,0.133,0.71,0.418,0.99,0.194,0.63,1100,1,230,0.92,0.76,210,85,0.9016
Barcelona,0.08,0.96,0.46,0.84,0.899,0.94,0.617,0.96,0.979,0.82,0.851,0.82,0.956,0.88,0.258,0.72,1800,1,150,0.93,0.94,130,58,0.9219
Switzerland,0.08,0.79,0.46,0.78,0.899,0.82,0.617,0.58,0.979,0.75,0.851,0.99,0.956,0.76,0.258,0.98,1800,1,240,0.88,0.78,220,90,0.8325
Bali,0.08,0.73,0.46,0.76,0.899,0.91,0.617,0.87,0.979,0.51,0.851,0.99,0.956,0.72,0.258,0.98,1800,1,90,0.62,0.95,70,35,0.8487
New York,0.08,0.94,0.46,0.82,0.899,0.96,0.617,0.99,0.979,0.97,0.851,0.71,0.956,0.99,0.258,0.63,1800,1,230,0.92,0.76,210,85,0.9046
London,0.08,0.94,0.46,0.97,0.899,0.91,0.617,0.95,0.979,0.98,0.851,0.76,0.956,0.98,0.258,0.55,1800,1,210,0.89,0.64,190,75,0.884
Dubai,0.08,0.96,0.46,0.63,0.899,0.91,0.617,0.92,0.979,0.72,0.851,0.68,0.956,0.99,0.258,0.91,1800,1,190,0.58,0.96,175,70,0.8721
Singapore,0.08,0.91,0.46,0.72,0.899,0.98,0.617,0.85,0.979,0.79,0.851,0.94,0.956,0.97,0.258,0.79,1800,1,155,0.9,0.94,145,50,0.9051
Barcelona,0.973,0.96,0.991,0.84,0.051,0.94,0.592,0.96,0.802,0.82,0.258,0.82,0.824,0.88,0.555,0.72,1300,0,150,0.93,0.94,130,58,0.8765
Rome,0.973,0.97,0.991,0.99,0.051,0.96,0.592,0.78,0.802,0.91,0.258,0.62,0.824,0.76,0.555,0.48,1300,0,145,0.91,0.9,125,55,0.8375
New York,0.973,0.94,0.991,0.82,0.051,0.96,0.592,0.99,0.802,0.97,0.258,0.71,0.824,0.99,0.555,0.63,1300,0,230,0.92,0.76,210,85,0.8513
Bali,0.973,0.73,0.991,0.76,0.051,0.91,0.592,0.87,0.802,0.51,0.258,0.99,0.824,0.72,0.555,0.98,1300,0,90,0.62,0.95,70,35,0.7791
Tokyo,0.973,0.9,0.991,0.91,0.051,0.99,0.592,0.96,0.802,0.88,0.258,0.74,0.824,0.99,0.555,0.71,1300,0,165,0.91,0.79,135,60,0.8475
Amsterdam,0.973,0.91,0.991,0.88,0.051,0.79,0.592,0.92,0.802,0.95,0.258,0.78,0.824,0.86,0.555,0.65,1300,0,175,0.96,0.68,155,65,0.8373
Rome,0.928,0.97,0.066,0.99,0.314,0.96,0.889,0.78,0.436,0.91,0.815,0.62,0.154,0.76,0.473,0.48,700,1,145,0.91,0.9,125,55,0.8745
London,0.928,0.94,0.066,0.97,0.314,0.91,0.889,0.95,0.436,0.98,0.815,0.76,0.154,0.98,0.473,0.55,700,1,210,0.89,0.64,190,75,0.8667
Amsterdam,0.928,0.91,0.066,0.88,0.314,0.79,0.889,0.92,0.436,0.95,0.815,0.78,0.154,0.86,0.473,0.65,700,1,175,0.96,0.68,155,65,0.8589
Singapore,0.928,0.91,0.066,0.72,0.314,0.98,0.889,0.85,0.436,0.79,0.815,0.94,0.154,0.97,0.473,0.79,700,1,155,0.9,0.94,145,50,0.9089
New York,0.928,0.94,0.066,0.82,0.314,0.96,0.889,0.99,0.436,0.97,0.815,0.71,0.154,0.99,0.473,0.63,700,1,230,0.92,0.76,210,85,0.8789
Dubai,0.243,0.96,0.805,0.63,0.336,0.91,0.598,0.92,0.593,0.72,0.853,0.68,0.101,0.99,0.082,0.91,700,0,190,0.58,0.96,175,70,0.7915
Singapore,0.243,0.91,0.805,0.72,0.336,0.98,0.598,0.85,0.593,0.79,0.853,0.94,0.101,0.97,0.082,0.79,700,0,155,0.9,0.94,145,50,0.836
Rome,0.243,0.97,0.805,0.99,0.336,0.96,0.598,0.78,0.593,0.91,0.853,0.62,0.101,0.76,0.082,0.48,700,0,145,0.91,0.9,125,55,0.8637
Barcelona,0.243,0.96,0.805,0.84,0.336,0.94,0.598,0.96,0.593,0.82,0.853,0.82,0.101,0.88,0.082,0.72,700,0,150,0.93,0.94,130,58,0.8579
Paris,0.243,0.98,0.805,0.95,0.336,0.97,0.598,0.82,0.593,0.99,0.853,0.65,0.101,0.92,0.082,0.45,700,0,180,0.95,0.82,160,70,0.8548
Switzerland,0.243,0.79,0.805,0.78,0.336,0.82,0.598,0.58,0.593,0.75,0.853,0.99,0.101,0.76,0.082,0.98,700,0,240,0.88,0.78,220,90,0.8243
Amsterdam,0.243,0.91,0.805,0.88,0.336,0.79,0.598,0.92,0.593,0.95,0.853,0.78,0.101,0.86,0.082,0.65,700,0,175,0.96,0.68,155,65,0.8283
Singapore,0.572,0.91,0.04,0.72,0.893,0.98,0.33,0.85,0.039,0.79,0.583,0.94,0.988,0.97,0.614,0.79,1300,0,155,0.9,0.94,145,50,0.9006
Rome,0.572,0.97,0.04,0.99,0.893,0.96,0.33,0.78,0.039,0.91,0.583,0.62,0.988,0.76,0.614,0.48,1300,0,145,0.91,0.9,125,55,0.7878
London,0.572,0.94,0.04,0.97,0.893,0.91,0.33,0.95,0.039,0.98,0.583,0.76,0.988,0.98,0.614,0.55,1300,0,210,0.89,0.64,190,75,0.828
Bali,0.572,0.73,0.04,0.76,0.893,0.91,0.33,0.87,0.039,0.51,0.583,0.99,0.988,0.72,0.614,0.98,1300,0,90,0.62,0.95,70,35,0.8738
Switzerland,0.572,0.79,0.04,0.78,0.893,0.82,0.33,0.58,0.039,0.75,0.583,0.99,0.988,0.76,0.614,0.98,1300,0,240,0.88,0.78,220,90,0.8084
Dubai,0.572,0.96,0.04,0.63,0.893,0.91,0.33,0.92,0.039,0.72,0.583,0.68,0.988,0.99,0.614,0.91,1300,0,190,0.58,0.96,175,70,0.8996
London,0.515,0.94,0.496,0.97,0.224,0.91,0.284,0.95,0.393,0.98,0.339,0.76,0.163,0.98,0.473,0.55,2600,1,210,0.89,0.64,190,75,0.8812
Istanbul,0.515,0.94,0.496,0.98,0.224,0.94,0.284,0.89,0.393,0.84,0.339,0.71,0.163,0.91,0.473,0.58,2600,1,85,0.84,0.88,65,32,0.8619
Dubai,0.515,0.96,0.496,0.63,0.224,0.91,0.284,0.92,0.393,0.72,0.339,0.68,0.163,0.99,0.473,0.91,2600,1,190,0.58,0.96,175,70,0.8461
Bali,0.515,0.73,0.496,0.76,0.224,0.91,0.284,0.87,0.393,0.51,0.339,0.99,0.163,0.72,0.473,0.98,2600,1,90,0.62,0.95,70,35,0.8495
Amsterdam,0.515,0.91,0.496,0.88,0.224,0.79,0.284,0.92,0.393,0.95,0.339,0.78,0.163,0.86,0.473,0.65,2600,1,175,0.96,0.68,155,65,0.8456
New York,0.515,0.94,0.496,0.82,0.224,0.96,0.284,0.99,0.393,0.97,0.339,0.71,0.163,0.99,0.473,0.63,2600,1,230,0.92,0.76,210,85,0.8589
Barcelona,0.515,0.96,0.496,0.84,0.224,0.94,0.284,0.96,0.393,0.82,0.339,0.82,0.163,0.88,0.473,0.72,2600,1,150,0.93,0.94,130,58,0.9209
Rome,0.148,0.97,0.998,0.99,0.126,0.96,0.723,0.78,0.282,0.91,0.333,0.62,0.32,0.76,0.239,0.48,2600,1,145,0.91,0.9,125,55,0.8882
Switzerland,0.148,0.79,0.998,0.78,0.126,0.82,0.723,0.58,0.282,0.75,0.333,0.99,0.32,0.76,0.239,0.98,2600,1,240,0.88,0.78,220,90,0.8205
New York,0.148,0.94,0.998,0.82,0.126,0.96,0.723,0.99,0.282,0.97,0.333,0.71,0.32,0.99,0.239,0.63,2600,1,230,0.92,0.76,210,85,0.8873
London,0.148,0.94,0.998,0.97,0.126,0.91,0.723,0.95,0.282,0.98,0.333,0.76,0.32,0.98,0.239,0.55,2600,1,210,0.89,0.64,190,75,0.8911
Amsterdam,0.148,0.91,0.998,0.88,0.126,0.79,0.723,0.92,0.282,0.95,0.333,0.78,0.32,0.86,0.239,0.65,2600,1,175,0.96,0.68,155,65,0.8594
Singapore,0.148,0.91,0.998,0.72,0.126,0.98,0.723,0.85,0.282,0.79,0.333,0.94,0.32,0.97,0.239,0.79,2600,1,155,0.9,0.94,145,50,0.8983
Bali,0.804,0.73,0.39,0.76,0.813,0.91,0.464,0.87,0.967,0.51,0.784,0.99,0.863,0.72,0.45,0.98,1800,1,90,0.62,0.95,70,35,0.8253
Barcelona,0.804,0.96,0.39,0.84,0.813,0.94,0.464,0.96,0.967,0.82,0.784,0.82,0.863,0.88,0.45,0.72,1800,1,150,0.93,0.94,130,58,0.9097
Paris,0.804,0.98,0.39,0.95,0.813,0.97,0.464,0.82,0.967,0.99,0.784,0.65,0.863,0.92,0.45,0.45,1800,1,180,0.95,0.82,160,70,0.9208
Switzerland,0.804,0.79,0.39,0.78,0.813,0.82,0.464,0.58,0.967,0.75,0.784,0.99,0.863,0.76,0.45,0.98,1800,1,240,0.88,0.78,220,90,0.8333
London,0.804,0.94,0.39,0.97,0.813,0.91,0.464,0.95,0.967,0.98,0.784,0.76,0.863,0.98,0.45,0.55,1800,1,210,0.89,0.64,190,75,0.909
Paris,0.24,0.98,0.604,0.95,0.957,0.97,0.907,0.82,0.721,0.99,0.418,0.65,0.771,0.92,0.632,0.45,1800,1,180,0.95,0.82,160,70,0.8723
Rome,0.24,0.97,0.604,0.99,0.957,0.96,0.907,0.78,0.721,0.91,0.418,0.62,0.771,0.76,0.632,0.48,1800,1,145,0.91,0.9,125,55,0.8597
Singapore,0.24,0.91,0.604,0.72,0.957,0.98,0.907,0.85,0.721,0.79,0.418,0.94,0.771,0.97,0.632,0.79,1800,1,155,0.9,0.94,145,50,0.9144
New York,0.24,0.94,0.604,0.82,0.957,0.96,0.907,0.99,0.721,0.97,0.418,0.71,0.771,0.99,0.632,0.63,1800,1,230,0.92,0.76,210,85,0.9164
Amsterdam,0.24,0.91,0.604,0.88,0.957,0.79,0.907,0.92,0.721,0.95,0.418,0.78,0.771,0.86,0.632,0.65,1800,1,175,0.96,0.68,155,65,0.87
Singapore,0.531,0.91,0.89,0.72,0.994,0.98,0.612,0.85,0.612,0.79,0.435,0.94,0.95,0.97,0.8,0.79,2600,1,155,0.9,0.94,145,50,0.9121
Paris,0.531,0.98,0.89,0.95,0.994,0.97,0.612,0.82,0.612,0.99,0.435,0.65,0.95,0.92,0.8,0.45,2600,1,180,0.95,0.82,160,70,0.902
London,0.531,0.94,0.89,0.97,0.994,0.91,0.612,0.95,0.612,0.98,0.435,0.76,0.95,0.98,0.8,0.55,2600,1,210,0.89,0.64,190,75,0.8823
Tokyo,0.531,0.9,0.89,0.91,0.994,0.99,0.612,0.96,0.612,0.88,0.435,0.74,0.95,0.99,0.8,0.71,2600,1,165,0.91,0.79,135,60,0.9275
Switzerland,0.531,0.79,0.89,0.78,0.994,0.82,0.612,0.58,0.612,0.75,0.435,0.99,0.95,0.76,0.8,0.98,2600,1,240,0.88,0.78,220,90,0.8695
Amsterdam,0.531,0.91,0.89,0.88,0.994,0.79,0.612,0.92,0.612,0.95,0.435,0.78,0.95,0.86,0.8,0.65,2600,1,175,0.96,0.68,155,65,0.8867
Bali,0.531,0.73,0.89,0.76,0.994,0.91,0.612,0.87,0.612,0.51,0.435,0.99,0.95,0.72,0.8,0.98,2600,1,90,0.62,0.95,70,35,0.8479
Paris,0.231,0.98,0.315,0.95,0.591,0.97,0.449,0.82,0.3,0.99,0.652,0.65,0.039,0.92,0.229,0.45,1500,1,180,0.95,0.82,160,70,0.8971
New York,0.231,0.94,0.315,0.82,0.591,0.96,0.449,0.99,0.3,0.97,0.652,0.71,0.039,0.99,0.229,0.63,1500,1,230,0.92,0.76,210,85,0.8838
Amsterdam,0.231,0.91,0.315,0.88,0.591,0.79,0.449,0.92,0.3,0.95,0.652,0.78,0.039,0.86,0.229,0.65,1500,1,175,0.96,0.68,155,65,0.8599
Istanbul,0.231,0.94,0.315,0.98,0.591,0.94,0.449,0.89,0.3,0.84,0.652,0.71,0.039,0.91,0.229,0.58,1500,1,85,0.84,0.88,65,32,0.874
Bali,0.231,0.73,0.315,0.76,0.591,0.91,0.449,0.87,0.3,0.51,0.652,0.99,0.039,0.72,0.229,0.98,1500,1,90,0.62,0.95,70,35,0.8904
Bali,0.802,0.73,0.274,0.76,0.814,0.91,0.547,0.87,0.417,0.51,0.502,0.99,0.953,0.72,0.795,0.98,1500,0,90,0.62,0.95,70,35,0.8178
Amsterdam,0.802,0.91,0.274,0.88,0.814,0.79,0.547,0.92,0.417,0.95,0.502,0.78,0.953,0.86,0.795,0.65,1500,0,175,0.96,0.68,155,65,0.8033
New York,0.802,0.94,0.274,0.82,0.814,0.96,0.547,0.99,0.417,0.97,0.502,0.71,0.953,0.99,0.795,0.63,1500,0,230,0.92,0.76,210,85,0.8803
Istanbul,0.802,0.94,0.274,0.98,0.814,0.94,0.547,0.89,0.417,0.84,0.502,0.71,0.953,0.91,0.795,0.58,1500,0,85,0.84,0.88,65,32,0.8476
London,0.802,0.94,0.274,0.97,0.814,0.91,0.547,0.95,0.417,0.98,0.502,0.76,0.953,0.98,0.795,0.55,1500,0,210,0.89,0.64,190,75,0.8275
Dubai,0.802,0.96,0.274,0.63,0.814,0.91,0.547,0.92,0.417,0.72,0.502,0.68,0.953,0.99,0.795,0.91,1500,0,190,0.58,0.96,175,70,0.8767
Switzerland,0.2,0.79,0.685,0.78,0.08,0.82,0.647,0.58,0.947,0.75,0.021,0.99,0.13,0.76,0.749,0.98,1500,0,240,0.88,0.78,220,90,0.781
London,0.2,0.94,0.685,0.97,0.08,0.91,0.647,0.95,0.947,0.98,0.021,0.76,0.13,0.98,0.749,0.55,1500,0,210,0.89,0.64,190,75,0.8216
Dubai,0.2,0.96,0.685,0.63,0.08,0.91,0.647,0.92,0.947,0.72,0.021,0.68,0.13,0.99,0.749,0.91,1500,0,190,0.58,0.96,175,70,0.8112
Barcelona,0.2,0.96,0.685,0.84,0.08,0.94,0.647,0.96,0.947,0.82,0.021,0.82,0.13,0.88,0.749,0.72,1500,0,150,0.93,0.94,130,58,0.8706
Bali,0.2,0.73,0.685,0.76,0.08,0.91,0.647,0.87,0.947,0.51,0.021,0.99,0.13,0.72,0.749,0.98,1500,0,90,0.62,0.95,70,35,0.7923
Singapore,0.542,0.91,0.549,0.72,0.069,0.98,0.983,0.85,0.873,0.79,0.853,0.94,0.003,0.97,0.24,0.79,1500,0,155,0.9,0.94,145,50,0.8512
Tokyo,0.542,0.9,0.549,0.91,0.069,0.99,0.983,0.96,0.873,0.88,0.853,0.74,0.003,0.99,0.24,0.71,1500,0,165,0.91,0.79,135,60,0.867
Rome,0.542,0.97,0.549,0.99,0.069,0.96,0.983,0.78,0.873,0.91,0.853,0.62,0.003,0.76,0.24,0.48,1500,0,145,0.91,0.9,125,55,0.8295
Rome,0.511,0.97,0.481,0.99,0.614,0.96,0.785,0.78,0.356,0.91,0.092,0.62,0.176,0.76,0.807,0.48,1500,0,145,0.91,0.9,125,55,0.8386
Istanbul,0.511,0.94,0.481,0.98,0.614,0.94,0.785,0.89,0.356,0.84,0.092,0.71,0.176,0.91,0.807,0.58,1500,0,85,0.84,0.88,65,32,0.8453
Barcelona,0.511,0.96,0.481,0.84,0.614,0.94,0.785,0.96,0.356,0.82,0.092,0.82,0.176,0.88,0.807,0.72,1500,0,150,0.93,0.94,130,58,0.8655
Bali,0.511,0.73,0.481,0.76,0.614,0.91,0.785,0.87,0.356,0.51,0.092,0.99,0.176,0.72,0.807,0.98,1500,0,90,0.62,0.95,70,35,0.864
Tokyo,0.511,0.9,0.481,0.91,0.614,0.99,0.785,0.96,0.356,0.88,0.092,0.74,0.176,0.99,0.807,0.71,1500,0,165,0.91,0.79,135,60,0.8674
Switzerland,0.511,0.79,0.481,0.78,0.614,0.82,0.785,0.58,0.356,0.75,0.092,0.99,0.176,0.76,0.807,0.98,1500,0,240,0.88,0.78,220,90,0.7786
London,0.511,0.94,0.481,0.97,0.614,0.91,0.785,0.95,0.356,0.98,0.092,0.76,0.176,0.98,0.807,0.55,1500,0,210,0.89,0.64,190,75,0.8476
New York,0.793,0.94,0.432,0.82,0.807,0.96,0.776,0.99,0.402,0.97,0.168,0.71,0.621,0.99,0.483,0.63,900,0,230,0.92,0.76,210,85,0.891
Singapore,0.793,0.91,0.432,0.72,0.807,0.98,0.776,0.85,0.402,0.79,0.168,0.94,0.621,0.97,0.483,0.79,900,0,155,0.9,0.94,145,50,0.8486
Dubai,0.793,0.96,0.432,0.63,0.807,0.91,0.776,0.92,0.402,0.72,0.168,0.68,0.621,0.99,0.483,0.91,900,0,190,0.58,0.96,175,70,0.8578
Tokyo,0.793,0.9,0.432,0.91,0.807,0.99,0.776,0.96,0.402,0.88,0.168,0.74,0.621,0.99,0.483,0.71,900,0,165,0.91,0.79,135,60,0.8796
Istanbul,0.793,0.94,0.432,0.98,0.807,0.94,0.776,0.89,0.402,0.84,0.168,0.71,0.621,0.91,0.483,0.58,900,0,85,0.84,0.88,65,32,0.8386
Rome,0.793,0.97,0.432,0.99,0.807,0.96,0.776,0.78,0.402,0.91,0.168,0.62,0.621,0.76,0.483,0.48,900,0,145,0.91,0.9,125,55,0.8503
Singapore,0.373,0.91,0.339,0.72,0.75,0.98,0.007,0.85,0.315,0.79,0.463,0.94,0.134,0.97,0.096,0.79,900,0,155,0.9,0.94,145,50,0.8959
New York,0.373,0.94,0.339,0.82,0.75,0.96,0.007,0.99,0.315,0.97,0.463,0.71,0.134,0.99,0.096,0.63,900,0,230,0.92,0.76,210,85,0.8691
Switzerland,0.373,0.79,0.339,0.78,0.75,0.82,0.007,0.58,0.315,0.75,0.463,0.99,0.134,0.76,0.096,0.98,900,0,240,0.88,0.78,220,90,0.836
Tokyo,0.373,0.9,0.339,0.91,0.75,0.99,0.007,0.96,0.315,0.88,0.463,0.74,0.134,0.99,0.096,0.71,900,0,165,0.91,0.79,135,60,0.8526
Rome,0.373,0.97,0.339,0.99,0.75,0.96,0.007,0.78,0.315,0.91,0.463,0.62,0.134,0.76,0.096,0.48,900,0,145,0.91,0.9,125,55,0.8613
London,0.373,0.94,0.339,0.97,0.75,0.91,0.007,0.95,0.315,0.98,0.463,0.76,0.134,0.98,0.096,0.55,900,0,210,0.89,0.64,190,75,0.8464
Rome,0.039,0.97,0.107,0.99,0.939,0.96,0.665,0.78,0.998,0.91,0.696,0.62,0.816,0.76,0.999,0.48,1500,1,145,0.91,0.9,125,55,0.8497
New York,0.039,0.94,0.107,0.82,0.939,0.96,0.665,0.99,0.998,0.97,0.696,0.71,0.816,0.99,0.999,0.63,1500,1,230,0.92,0.76,210,85,0.8863
Tokyo,0.039,0.9,0.107,0.91,0.939,0.99,0.665,0.96,0.998,0.88,0.696,0.74,0.816,0.99,0.999,0.71,1500,1,165,0.91,0.79,135,60,0.8724
Istanbul,0.039,0.94,0.107,0.98,0.939,0.94,0.665,0.89,0.998,0.84,0.696,0.71,0.816,0.91,0.999,0.58,1500,1,85,0.84,0.88,65,32,0.8485
Singapore,0.039,0.91,0.107,0.72,0.939,0.98,0.665,0.85,0.998,0.79,0.696,0.94,0.816,0.97,0.999,0.79,1500,1,155,0.9,0.94,145,50,0.8955
Barcelona,0.039,0.96,0.107,0.84,0.939,0.94,0.665,0.96,0.998,0.82,0.696,0.82,0.816,0.88,0.999,0.72,1500,1,150,0.93,0.94,130,58,0.8772
Amsterdam,0.137,0.91,0.525,0.88,0.6,0.79,0.1,0.92,0.113,0.95,0.975,0.78,0.768,0.86,0.318,0.65,900,0,175,0.96,0.68,155,65,0.8251
Bali,0.137,0.73,0.525,0.76,0.6,0.91,0.1,0.87,0.113,0.51,0.975,0.99,0.768,0.72,0.318,0.98,900,0,90,0.62,0.95,70,35,0.8599
Rome,0.137,0.97,0.525,0.99,0.6,0.96,0.1,0.78,0.113,0.91,0.975,0.62,0.768,0.76,0.318,0.48,900,0,145,0.91,0.9,125,55,0.8087
Istanbul,0.137,0.94,0.525,0.98,0.6,0.94,0.1,0.89,0.113,0.84,0.975,0.71,0.768,0.91,0.318,0.58,900,0,85,0.84,0.88,65,32,0.8594
Paris,0.137,0.98,0.525,0.95,0.6,0.97,0.1,0.82,0.113,0.99,0.975,0.65,0.768,0.92,0.318,0.45,900,0,180,0.95,0.82,160,70,0.8384
Barcelona,0.137,0.96,0.525,0.84,0.6,0.94,0.1,0.96,0.113,0.82,0.975,0.82,0.768,0.88,0.318,0.72,900,0,150,0.93,0.94,130,58,0.8605
Dubai,0.137,0.96,0.525,0.63,0.6,0.91,0.1,0.92,0.113,0.72,0.975,0.68,0.768,0.99,0.318,0.91,900,0,190,0.58,0.96,175,70,0.841
London,0.69,0.94,0.297,0.97,0.552,0.91,0.298,0.95,0.895,0.98,0.752,0.76,0.041,0.98,0.919,0.55,2200,0,210,0.89,0.64,190,75,0.8382
Paris,0.69,0.98,0.297,0.95,0.552,0.97,0.298,0.82,0.895,0.99,0.752,0.65,0.041,0.92,0.919,0.45,2200,0,180,0.95,0.82,160,70,0.8176
Barcelona,0.69,0.96,0.297,0.84,0.552,0.94,0.298,0.96,0.895,0.82,0.752,0.82,0.041,0.88,0.919,0.72,2200,0,150,0.93,0.94,130,58,0.8327
Rome,0.69,0.97,0.297,0.99,0.552,0.96,0.298,0.78,0.895,0.91,0.752,0.62,0.041,0.76,0.919,0.48,2200,0,145,0.91,0.9,125,55,0.8085
New York,0.69,0.94,0.297,0.82,0.552,0.96,0.298,0.99,0.895,0.97,0.752,0.71,0.041,0.99,0.919,0.63,2200,0,230,0.92,0.76,210,85,0.8292
Amsterdam,0.361,0.91,0.542,0.88,0.264,0.79,0.591,0.92,0.561,0.95,0.794,0.78,0.082,0.86,0.168,0.65,900,0,175,0.96,0.68,155,65,0.8088
Barcelona,0.361,0.96,0.542,0.84,0.264,0.94,0.591,0.96,0.561,0.82,0.794,0.82,0.082,0.88,0.168,0.72,900,0,150,0.93,0.94,130,58,0.8664
Switzerland,0.361,0.79,0.542,0.78,0.264,0.82,0.591,0.58,0.561,0.75,0.794,0.99,0.082,0.76,0.168,0.98,900,0,240,0.88,0.78,220,90,0.7986
New York,0.361,0.94,0.542,0.82,0.264,0.96,0.591,0.99,0.561,0.97,0.794,0.71,0.082,0.99,0.168,0.63,900,0,230,0.92,0.76,210,85,0.8612
Istanbul,0.361,0.94,0.542,0.98,0.264,0.94,0.591,0.89,0.561,0.84,0.794,0.71,0.082,0.91,0.168,0.58,900,0,85,0.84,0.88,65,32,0.8606
Singapore,0.361,0.91,0.542,0.72,0.264,0.98,0.591,0.85,0.561,0.79,0.794,0.94,0.082,0.97,0.168,0.79,900,0,155,0.9,0.94,145,50,0.8425
Amsterdam,0.548,0.91,0.059,0.88,0.211,0.79,0.667,0.92,0.192,0.95,0.528,0.78,0.344,0.86,0.405,0.65,2200,1,175,0.96,0.68,155,65,0.876
Bali,0.548,0.73,0.059,0.76,0.211,0.91,0.667,0.87,0.192,0.51,0.528,0.99,0.344,0.72,0.405,0.98,2200,1,90,0.62,0.95,70,35,0.8611
Rome,0.548,0.97,0.059,0.99,0.211,0.96,0.667,0.78,0.192,0.91,0.528,0.62,0.344,0.76,0.405,0.48,2200,1,145,0.91,0.9,125,55,0.8661
Dubai,0.548,0.96,0.059,0.63,0.211,0.91,0.667,0.92,0.192,0.72,0.528,0.68,0.344,0.99,0.405,0.91,2200,1,190,0.58,0.96,175,70,0.8724
London,0.548,0.94,0.059,0.97,0.211,0.91,0.667,0.95,0.192,0.98,0.528,0.76,0.344,0.98,0.405,0.55,2200,1,210,0.89,0.64,190,75,0.855
Switzerland,0.253,0.79,0.128,0.78,0.184,0.82,0.641,0.58,0.12,0.75,0.671,0.99,0.132,0.76,0.04,0.98,1300,0,240,0.88,0.78,220,90,0.826
Dubai,0.253,0.96,0.128,0.63,0.184,0.91,0.641,0.92,0.12,0.72,0.671,0.68,0.132,0.99,0.04,0.91,1300,0,190,0.58,0.96,175,70,0.8301
Barcelona,0.253,0.96,0.128,0.84,0.184,0.94,0.641,0.96,0.12,0.82,0.671,0.82,0.132,0.88,0.04,0.72,1300,0,150,0.93,0.94,130,58,0.8592
Dubai,0.003,0.96,0.21,0.63,0.111,0.91,0.696,0.92,0.413,0.72,0.341,0.68,0.447,0.99,0.147,0.91,900,1,190,0.58,0.96,175,70,0.8644
Istanbul,0.003,0.94,0.21,0.98,0.111,0.94,0.696,0.89,0.413,0.84,0.341,0.71,0.447,0.91,0.147,0.58,900,1,85,0.84,0.88,65,32,0.9001
New York,0.003,0.94,0.21,0.82,0.111,0.96,0.696,0.99,0.413,0.97,0.341,0.71,0.447,0.99,0.147,0.63,900,1,230,0.92,0.76,210,85,0.8947
London,0.003,0.94,0.21,0.97,0.111,0.91,0.696,0.95,0.413,0.98,0.341,0.76,0.447,0.98,0.147,0.55,900,1,210,0.89,0.64,190,75,0.8926
Singapore,0.003,0.91,0.21,0.72,0.111,0.98,0.696,0.85,0.413,0.79,0.341,0.94,0.447,0.97,0.147,0.79,900,1,155,0.9,0.94,145,50,0.888
New York,0.666,0.94,0.947,0.82,0.243,0.96,0.489,0.99,0.274,0.97,0.049,0.71,0.003,0.99,0.464,0.63,700,0,230,0.92,0.76,210,85,0.8278
London,0.666,0.94,0.947,0.97,0.243,0.91,0.489,0.95,0.274,0.98,0.049,0.76,0.003,0.98,0.464,0.55,700,0,210,0.89,0.64,190,75,0.8377
Amsterdam,0.666,0.91,0.947,0.88,0.243,0.79,0.489,0.92,0.274,0.95,0.049,0.78,0.003,0.86,0.464,0.65,700,0,175,0.96,0.68,155,65,0.828
Dubai,0.666,0.96,0.947,0.63,0.243,0.91,0.489,0.92,0.274,0.72,0.049,0.68,0.003,0.99,0.464,0.91,700,0,190,0.58,0.96,175,70,0.8122
Rome,0.666,0.97,0.947,0.99,0.243,0.96,0.489,0.78,0.274,0.91,0.049,0.62,0.003,0.76,0.464,0.48,700,0,145,0.91,0.9,125,55,0.8716
Barcelona,0.666,0.96,0.947,0.84,0.243,0.94,0.489,0.96,0.274,0.82,0.049,0.82,0.003,0.88,0.464,0.72,700,0,150,0.93,0.94,130,58,0.8688
Singapore,0.586,0.91,0.348,0.72,0.644,0.98,0.449,0.85,0.688,0.79,0.276,0.94,0.477,0.97,0.391,0.79,1100,1,155,0.9,0.94,145,50,0.9154
Barcelona,0.586,0.96,0.348,0.84,0.644,0.94,0.449,0.96,0.688,0.82,0.276,0.82,0.477,0.88,0.391,0.72,1100,1,150,0.93,0.94,130,58,0.9072
Paris,0.586,0.98,0.348,0.95,0.644,0.97,0.449,0.82,0.688,0.99,0.276,0.65,0.477,0.92,0.391,0.45,1100,1,180,0.95,0.82,160,70,0.9258
Amsterdam,0.586,0.91,0.348,0.88,0.644,0.79,0.449,0.92,0.688,0.95,0.276,0.78,0.477,0.86,0.391,0.65,1100,1,175,0.96,0.68,155,65,0.8788
Rome,0.642,0.97,0.145,0.99,0.268,0.96,0.371,0.78,0.255,0.91,0.099,0.62,0.862,0.76,0.516,0.48,1500,1,145,0.91,0.9,125,55,0.8448
Bali,0.642,0.73,0.145,0.76,0.268,0.91,0.371,0.87,0.255,0.51,0.099,0.99,0.862,0.72,0.516,0.98,1500,1,90,0.62,0.95,70,35,0.8211
Istanbul,0.642,0.94,0.145,0.98,0.268,0.94,0.371,0.89,0.255,0.84,0.099,0.71,0.862,0.91,0.516,0.58,1500,1,85,0.84,0.88,65,32,0.8997
Tokyo,0.758,0.9,0.668,0.91,0.556,0.99,0.614,0.96,0.799,0.88,0.53,0.74,0.183,0.99,0.497,0.71,700,0,165,0.91,0.79,135,60,0.8613
New York,0.758,0.94,0.668,0.82,0.556,0.96,0.614,0.99,0.799,0.97,0.53,0.71,0.183,0.99,0.497,0.63,700,0,230,0.92,0.76,210,85,0.8284
Dubai,0.758,0.96,0.668,0.63,0.556,0.91,0.614,0.92,0.799,0.72,0.53,0.68,0.183,0.99,0.497,0.91,700,0,190,0.58,0.96,175,70,0.8243
Singapore,0.108,0.91,0.306,0.72,0.764,0.98,0.251,0.85,0.805,0.79,0.586,0.94,0.629,0.97,0.67,0.79,1800,0,155,0.9,0.94,145,50,0.8873
Bali,0.108,0.73,0.306,0.76,0.764,0.91,0.251,0.87,0.805,0.51,0.586,0.99,0.629,0.72,0.67,0.98,1800,0,90,0.62,0.95,70,35,0.8222
Amsterdam,0.108,0.91,0.306,0.88,0.764,0.79,0.251,0.92,0.805,0.95,0.586,0.78,0.629,0.86,0.67,0.65,1800,0,175,0.96,0.68,155,65,0.8263
Switzerland,0.108,0.79,0.306,0.78,0.764,0.82,0.251,0.58,0.805,0.75,0.586,0.99,0.629,0.76,0.67,0.98,1800,0,240,0.88,0.78,220,90,0.827
Tokyo,0.108,0.9,0.306,0.91,0.764,0.99,0.251,0.96,0.805,0.88,0.586,0.74,0.629,0.99,0.67,0.71,1800,0,165,0.91,0.79,135,60,0.855
Paris,0.108,0.98,0.306,0.95,0.764,0.97,0.251,0.82,0.805,0.99,0.586,0.65,0.629,0.92,0.67,0.45,1800,0,180,0.95,0.82,160,70,0.824
Singapore,0.562,0.91,0.69,0.72,0.103,0.98,0.896,0.85,0.231,0.79,0.867,0.94,0.205,0.97,0.412,0.79,900,0,155,0.9,0.94,145,50,0.8341
Barcelona,0.562,0.96,0.69,0.84,0.103,0.94,0.896,0.96,0.231,0.82,0.867,0.82,0.205,0.88,0.412,0.72,900,0,150,0.93,0.94,130,58,0.8421
Amsterdam,0.562,0.91,0.69,0.88,0.103,0.79,0.896,0.92,0.231,0.95,0.867,0.78,0.205,0.86,0.412,0.65,900,0,175,0.96,0.68,155,65,0.8313
Bali,0.562,0.73,0.69,0.76,0.103,0.91,0.896,0.87,0.231,0.51,0.867,0.99,0.205,0.72,0.412,0.98,900,0,90,0.62,0.95,70,35,0.8306
New York,0.562,0.94,0.69,0.82,0.103,0.96,0.896,0.99,0.231,0.97,0.867,0.71,0.205,0.99,0.412,0.63,900,0,230,0.92,0.76,210,85,0.8267
Switzerland,0.562,0.79,0.69,0.78,0.103,0.82,0.896,0.58,0.231,0.75,0.867,0.99,0.205,0.76,0.412,0.98,900,0,240,0.88,0.78,220,90,0.8131
Paris,0.562,0.98,0.69,0.95,0.103,0.97,0.896,0.82,0.231,0.99,0.867,0.65,0.205,0.92,0.412,0.45,900,0,180,0.95,0.82,160,70,0.8147
Istanbul,0.209,0.94,0.341,0.98,0.237,0.94,0.119,0.89,0.805,0.84,0.791,0.71,0.537,0.91,0.629,0.58,1300,0,85,0.84,0.88,65,32,0.8201
London,0.209,0.94,0.341,0.97,0.237,0.91,0.119,0.95,0.805,0.98,0.791,0.76,0.537,0.98,0.629,0.55,1300,0,210,0.89,0.64,190,75,0.8487
New York,0.209,0.94,0.341,0.82,0.237,0.96,0.119,0.99,0.805,0.97,0.791,0.71,0.537,0.99,0.629,0.63,1300,0,230,0.92,0.76,210,85,0.8465
Barcelona,0.209,0.96,0.341,0.84,0.237,0.94,0.119,0.96,0.805,0.82,0.791,0.82,0.537,0.88,0.629,0.72,1300,0,150,0.93,0.94,130,58,0.8636
Paris,0.209,0.98,0.341,0.95,0.237,0.97,0.119,0.82,0.805,0.99,0.791,0.65,0.537,0.92,0.629,0.45,1300,0,180,0.95,0.82,160,70,0.7936
Dubai,0.209,0.96,0.341,0.63,0.237,0.91,0.119,0.92,0.805,0.72,0.791,0.68,0.537,0.99,0.629,0.91,1300,0,190,0.58,0.96,175,70,0.8307
Amsterdam,0.229,0.91,0.576,0.88,0.0,0.79,0.696,0.92,0.935,0.95,0.753,0.78,0.556,0.86,0.164,0.65,900,0,175,0.96,0.68,155,65,0.8539
Barcelona,0.229,0.96,0.576,0.84,0.0,0.94,0.696,0.96,0.935,0.82,0.753,0.82,0.556,0.88,0.164,0.72,900,0,150,0.93,0.94,130,58,0.845
Switzerland,0.229,0.79,0.576,0.78,0.0,0.82,0.696,0.58,0.935,0.75,0.753,0.99,0.556,0.76,0.164,0.98,900,0,240,0.88,0.78,220,90,0.7837
Istanbul,0.229,0.94,0.576,0.98,0.0,0.94,0.696,0.89,0.935,0.84,0.753,0.71,0.556,0.91,0.164,0.58,900,0,85,0.84,0.88,65,32,0.8293
Paris,0.229,0.98,0.576,0.95,0.0,0.97,0.696,0.82,0.935,0.99,0.753,0.65,0.556,0.92,0.164,0.45,900,0,180,0.95,0.82,160,70,0.8431
Istanbul,0.662,0.94,0.226,0.98,0.135,0.94,0.118,0.89,0.912,0.84,0.204,0.71,0.627,0.91,0.88,0.58,1500,1,85,0.84,0.88,65,32,0.8549
Rome,0.662,0.97,0.226,0.99,0.135,0.96,0.118,0.78,0.912,0.91,0.204,0.62,0.627,0.76,0.88,0.48,1500,1,145,0.91,0.9,125,55,0.8337
Barcelona,0.662,0.96,0.226,0.84,0.135,0.94,0.118,0.96,0.912,0.82,0.204,0.82,0.627,0.88,0.88,0.72,1500,1,150,0.93,0.94,130,58,0.8684
Singapore,0.662,0.91,0.226,0.72,0.135,0.98,0.118,0.85,0.912,0.79,0.204,0.94,0.627,0.97,0.88,0.79,1500,1,155,0.9,0.94,145,50,0.88
Istanbul,0.843,0.94,0.42,0.98,0.085,0.94,0.158,0.89,0.073,0.84,0.415,0.71,0.435,0.91,0.7,0.58,1100,1,85,0.84,0.88,65,32,0.8688
New York,0.843,0.94,0.42,0.82,0.085,0.96,0.158,0.99,0.073,0.97,0.415,0.71,0.435,0.99,0.7,0.63,1100,1,230,0.92,0.76,210,85,0.8722
Switzerland,0.843,0.79,0.42,0.78,0.085,0.82,0.158,0.58,0.073,0.75,0.415,0.99,0.435,0.76,0.7,0.98,1100,1,240,0.88,0.78,220,90,0.8944
Tokyo,0.843,0.9,0.42,0.91,0.085,0.99,0.158,0.96,0.073,0.88,0.415,0.74,0.435,0.99,0.7,0.71,1100,1,165,0.91,0.79,135,60,0.8793
Singapore,0.843,0.91,0.42,0.72,0.085,0.98,0.158,0.85,0.073,0.79,0.415,0.94,0.435,0.97,0.7,0.79,1100,1,155,0.9,0.94,145,50,0.9092
Rome,0.843,0.97,0.42,0.99,0.085,0.96,0.158,0.78,0.073,0.91,0.415,0.62,0.435,0.76,0.7,0.48,1100,1,145,0.91,0.9,125,55,0.8614
London,0.843,0.94,0.42,0.97,0.085,0.91,0.158,0.95,0.073,0.98,0.415,0.76,0.435,0.98,0.7,0.55,1100,1,210,0.89,0.64,190,75,0.8454
Paris,0.26,0.98,0.214,0.95,0.733,0.97,0.772,0.82,0.02,0.99,0.406,0.65,0.376,0.92,0.535,0.45,900,0,180,0.95,0.82,160,70,0.8186
Amsterdam,0.26,0.91,0.214,0.88,0.733,0.79,0.772,0.92,0.02,0.95,0.406,0.78,0.376,0.86,0.535,0.65,900,0,175,0.96,0.68,155,65,0.8051
New York,0.26,0.94,0.214,0.82,0.733,0.96,0.772,0.99,0.02,0.97,0.406,0.71,0.376,0.99,0.535,0.63,900,0,230,0.92,0.76,210,85,0.8591
Rome,0.26,0.97,0.214,0.99,0.733,0.96,0.772,0.78,0.02,0.91,0.406,0.62,0.376,0.76,0.535,0.48,900,0,145,0.91,0.9,125,55,0.8179
New York,0.817,0.94,0.053,0.82,0.18,0.96,0.876,0.99,0.799,0.97,0.24,0.71,0.051,0.99,0.858,0.63,900,0,230,0.92,0.76,210,85,0.8423
Rome,0.817,0.97,0.053,0.99,0.18,0.96,0.876,0.78,0.799,0.91,0.24,0.62,0.051,0.76,0.858,0.48,900,0,145,0.91,0.9,125,55,0.7907
Tokyo,0.817,0.9,0.053,0.91,0.18,0.99,0.876,0.96,0.799,0.88,0.24,0.74,0.051,0.99,0.858,0.71,900,0,165,0.91,0.79,135,60,0.8307
Istanbul,0.817,0.94,0.053,0.98,0.18,0.94,0.876,0.89,0.799,0.84,0.24,0.71,0.051,0.91,0.858,0.58,900,0,85,0.84,0.88,65,32,0.8229
Switzerland,0.817,0.79,0.053,0.78,0.18,0.82,0.876,0.58,0.799,0.75,0.24,0.99,0.051,0.76,0.858,0.98,900,0,240,0.88,0.78,220,90,0.8193
Barcelona,0.817,0.96,0.053,0.84,0.18,0.94,0.876,0.96,0.799,0.82,0.24,0.82,0.051,0.88,0.858,0.72,900,0,150,0.93,0.94,130,58,0.8487
Dubai,0.817,0.96,0.053,0.63,0.18,0.91,0.876,0.92,0.799,0.72,0.24,0.68,0.051,0.99,0.858,0.91,900,0,190,0.58,0.96,175,70,0.8811
Switzerland,0.221,0.79,0.636,0.78,0.518,0.82,0.625,0.58,0.071,0.75,0.721,0.99,0.547,0.76,0.738,0.98,1800,1,240,0.88,0.78,220,90,0.8377
London,0.221,0.94,0.636,0.97,0.518,0.91,0.625,0.95,0.071,0.98,0.721,0.76,0.547,0.98,0.738,0.55,1800,1,210,0.89,0.64,190,75,0.8362
Tokyo,0.221,0.9,0.636,0.91,0.518,0.99,0.625,0.96,0.071,0.88,0.721,0.74,0.547,0.99,0.738,0.71,1800,1,165,0.91,0.79,135,60,0.8691
Paris,0.221,0.98,0.636,0.95,0.518,0.97,0.625,0.82,0.071,0.99,0.721,0.65,0.547,0.92,0.738,0.45,1800,1,180,0.95,0.82,160,70,0.8577
Singapore,0.024,0.91,0.81,0.72,0.03,0.98,0.322,0.85,0.758,0.79,0.808,0.94,0.586,0.97,0.083,0.79,1300,1,155,0.9,0.94,145,50,0.8706
New York,0.024,0.94,0.81,0.82,0.03,0.96,0.322,0.99,0.758,0.97,0.808,0.71,0.586,0.99,0.083,0.63,1300,1,230,0.92,0.76,210,85,0.8964
Tokyo,0.024,0.9,0.81,0.91,0.03,0.99,0.322,0.96,0.758,0.88,0.808,0.74,0.586,0.99,0.083,0.71,1300,1,165,0.91,0.79,135,60,0.9199
New York,0.026,0.94,0.15,0.82,0.353,0.96,0.379,0.99,0.115,0.97,0.914,0.71,0.646,0.99,0.753,0.63,1500,0,230,0.92,0.76,210,85,0.8265
Barcelona,0.026,0.96,0.15,0.84,0.353,0.94,0.379,0.96,0.115,0.82,0.914,0.82,0.646,0.88,0.753,0.72,1500,0,150,0.93,0.94,130,58,0.8498
Bali,0.026,0.73,0.15,0.76,0.353,0.91,0.379,0.87,0.115,0.51,0.914,0.99,0.646,0.72,0.753,0.98,1500,0,90,0.62,0.95,70,35,0.865
Paris,0.522,0.98,0.768,0.95,0.151,0.97,0.824,0.82,0.289,0.99,0.622,0.65,0.042,0.92,0.379,0.45,700,1,180,0.95,0.82,160,70,0.8593
Istanbul,0.522,0.94,0.768,0.98,0.151,0.94,0.824,0.89,0.289,0.84,0.622,0.71,0.042,0.91,0.379,0.58,700,1,85,0.84,0.88,65,32,0.8699
Bali,0.522,0.73,0.768,0.76,0.151,0.91,0.824,0.87,0.289,0.51,0.622,0.99,0.042,0.72,0.379,0.98,700,1,90,0.62,0.95,70,35,0.847
Switzerland,0.522,0.79,0.768,0.78,0.151,0.82,0.824,0.58,0.289,0.75,0.622,0.99,0.042,0.76,0.379,0.98,700,1,240,0.88,0.78,220,90,0.8333
New York,0.522,0.94,0.768,0.82,0.151,0.96,0.824,0.99,0.289,0.97,0.622,0.71,0.042,0.99,0.379,0.63,700,1,230,0.92,0.76,210,85,0.8754
Tokyo,0.522,0.9,0.768,0.91,0.151,0.99,0.824,0.96,0.289,0.88,0.622,0.74,0.042,0.99,0.379,0.71,700,1,165,0.91,0.79,135,60,0.8936
Barcelona,0.53,0.96,0.405,0.84,0.563,0.94,0.236,0.96,0.149,0.82,0.269,0.82,0.228,0.88,0.322,0.72,700,1,150,0.93,0.94,130,58,0.9218
Bali,0.53,0.73,0.405,0.76,0.563,0.91,0.236,0.87,0.149,0.51,0.269,0.99,0.228,0.72,0.322,0.98,700,1,90,0.62,0.95,70,35,0.8308
Dubai,0.53,0.96,0.405,0.63,0.563,0.91,0.236,0.92,0.149,0.72,0.269,0.68,0.228,0.99,0.322,0.91,700,1,190,0.58,0.96,175,70,0.8506
Paris,0.53,0.98,0.405,0.95,0.563,0.97,0.236,0.82,0.149,0.99,0.269,0.65,0.228,0.92,0.322,0.45,700,1,180,0.95,0.82,160,70,0.8879
New York,0.53,0.94,0.405,0.82,0.563,0.96,0.236,0.99,0.149,0.97,0.269,0.71,0.228,0.99,0.322,0.63,700,1,230,0.92,0.76,210,85,0.9117
Paris,0.558,0.98,0.618,0.95,0.787,0.97,0.017,0.82,0.624,0.99,0.636,0.65,0.939,0.92,0.925,0.45,1100,0,180,0.95,0.82,160,70,0.8498
London,0.558,0.94,0.618,0.97,0.787,0.91,0.017,0.95,0.624,0.98,0.636,0.76,0.939,0.98,0.925,0.55,1100,0,210,0.89,0.64,190,75,0.8472
Istanbul,0.558,0.94,0.618,0.98,0.787,0.94,0.017,0.89,0.624,0.84,0.636,0.71,0.939,0.91,0.925,0.58,1100,0,85,0.84,0.88,65,32,0.8255
New York,0.529,0.94,0.89,0.82,0.915,0.96,0.739,0.99,0.262,0.97,0.733,0.71,0.962,0.99,0.644,0.63,2600,1,230,0.92,0.76,210,85,0.8949
Amsterdam,0.529,0.91,0.89,0.88,0.915,0.79,0.739,0.92,0.262,0.95,0.733,0.78,0.962,0.86,0.644,0.65,2600,1,175,0.96,0.68,155,65,0.8428
Dubai,0.529,0.96,0.89,0.63,0.915,0.91,0.739,0.92,0.262,0.72,0.733,0.68,0.962,0.99,0.644,0.91,2600,1,190,0.58,0.96,175,70,0.8507
Switzerland,0.529,0.79,0.89,0.78,0.915,0.82,0.739,0.58,0.262,0.75,0.733,0.99,0.962,0.76,0.644,0.98,2600,1,240,0.88,0.78,220,90,0.8326
Paris,0.066,0.98,0.697,0.95,0.619,0.97,0.295,0.82,0.171,0.99,0.571,0.65,0.669,0.92,0.731,0.45,2200,1,180,0.95,0.82,160,70,0.8502
Amsterdam,0.066,0.91,0.697,0.88,0.619,0.79,0.295,0.92,0.171,0.95,0.571,0.78,0.669,0.86,0.731,0.65,2200,1,175,0.96,0.68,155,65,0.8611
Dubai,0.066,0.96,0.697,0.63,0.619,0.91,0.295,0.92,0.171,0.72,0.571,0.68,0.669,0.99,0.731,0.91,2200,1,190,0.58,0.96,175,70,0.8544
Barcelona,0.066,0.96,0.697,0.84,0.619,0.94,0.295,0.96,0.171,0.82,0.571,0.82,0.669,0.88,0.731,0.72,2200,1,150,0.93,0.94,130,58,0.8813
Paris,0.31,0.98,0.778,0.95,0.082,0.97,0.873,0.82,0.822,0.99,0.292,0.65,0.982,0.92,0.39,0.45,1800,1,180,0.95,0.82,160,70,0.8884
Barcelona,0.31,0.96,0.778,0.84,0.082,0.94,0.873,0.96,0.822,0.82,0.292,0.82,0.982,0.88,0.39,0.72,1800,1,150,0.93,0.94,130,58,0.9161
Dubai,0.31,0.96,0.778,0.63,0.082,0.91,0.873,0.92,0.822,0.72,0.292,0.68,0.982,0.99,0.39,0.91,1800,1,190,0.58,0.96,175,70,0.8449
Amsterdam,0.31,0.91,0.778,0.88,0.082,0.79,0.873,0.92,0.822,0.95,0.292,0.78,0.982,0.86,0.39,0.65,1800,1,175,0.96,0.68,155,65,0.9091
Tokyo,0.31,0.9,0.778,0.91,0.082,0.99,0.873,0.96,0.822,0.88,0.292,0.74,0.982,0.99,0.39,0.71,1800,1,165,0.91,0.79,135,60,0.933
Tokyo,0.023,0.9,0.085,0.91,0.377,0.99,0.411,0.96,0.28,0.88,0.291,0.74,0.576,0.99,0.815,0.71,700,0,165,0.91,0.79,135,60,0.8588
Amsterdam,0.023,0.91,0.085,0.88,0.377,0.79,0.411,0.92,0.28,0.95,0.291,0.78,0.576,0.86,0.815,0.65,700,0,175,0.96,0.68,155,65,0.7996
New York,0.023,0.94,0.085,0.82,0.377,0.96,0.411,0.99,0.28,0.97,0.291,0.71,0.576,0.99,0.815,0.63,700,0,230,0.92,0.76,210,85,0.851
Amsterdam,0.275,0.91,0.725,0.88,0.134,0.79,0.61,0.92,0.697,0.95,0.674,0.78,0.34,0.86,0.29,0.65,700,1,175,0.96,0.68,155,65,0.8653
Istanbul,0.275,0.94,0.725,0.98,0.134,0.94,0.61,0.89,0.697,0.84,0.674,0.71,0.34,0.91,0.29,0.58,700,1,85,0.84,0.88,65,32,0.8827
Switzerland,0.275,0.79,0.725,0.78,0.134,0.82,0.61,0.58,0.697,0.75,0.674,0.99,0.34,0.76,0.29,0.98,700,1,240,0.88,0.78,220,90,0.8476
Tokyo,0.275,0.9,0.725,0.91,0.134,0.99,0.61,0.96,0.697,0.88,0.674,0.74,0.34,0.99,0.29,0.71,700,1,165,0.91,0.79,135,60,0.9147
Amsterdam,0.122,0.91,0.728,0.88,0.807,0.79,0.806,0.92,0.09,0.95,0.711,0.78,0.455,0.86,0.466,0.65,900,0,175,0.96,0.68,155,65,0.7965
Istanbul,0.122,0.94,0.728,0.98,0.807,0.94,0.806,0.89,0.09,0.84,0.711,0.71,0.455,0.91,0.466,0.58,900,0,85,0.84,0.88,65,32,0.8569
Bali,0.122,0.73,0.728,0.76,0.807,0.91,0.806,0.87,0.09,0.51,0.711,0.99,0.455,0.72,0.466,0.98,900,0,90,0.62,0.95,70,35,0.8878
Rome,0.122,0.97,0.728,0.99,0.807,0.96,0.806,0.78,0.09,0.91,0.711,0.62,0.455,0.76,0.466,0.48,900,0,145,0.91,0.9,125,55,0.795
Switzerland,0.122,0.79,0.728,0.78,0.807,0.82,0.806,0.58,0.09,0.75,0.711,0.99,0.455,0.76,0.466,0.98,900,0,240,0.88,0.78,220,90,0.8061
Singapore,0.122,0.91,0.728,0.72,0.807,0.98,0.806,0.85,0.09,0.79,0.711,0.94,0.455,0.97,0.466,0.79,900,0,155,0.9,0.94,145,50,0.8455
New York,0.122,0.94,0.728,0.82,0.807,0.96,0.806,0.99,0.09,0.97,0.711,0.71,0.455,0.99,0.466,0.63,900,0,230,0.92,0.76,210,85,0.8239
Barcelona,0.084,0.96,0.75,0.84,0.761,0.94,0.497,0.96,0.962,0.82,0.991,0.82,0.095,0.88,0.961,0.72,2200,0,150,0.93,0.94,130,58,0.8723
Amsterdam,0.084,0.91,0.75,0.88,0.761,0.79,0.497,0.92,0.962,0.95,0.991,0.78,0.095,0.86,0.961,0.65,2200,0,175,0.96,0.68,155,65,0.7871
Paris,0.084,0.98,0.75,0.95,0.761,0.97,0.497,0.82,0.962,0.99,0.991,0.65,0.095,0.92,0.961,0.45,2200,0,180,0.95,0.82,160,70,0.7895
Bali,0.779,0.73,0.112,0.76,0.128,0.91,0.597,0.87,0.924,0.51,0.244,0.99,0.377,0.72,0.472,0.98,2600,1,90,0.62,0.95,70,35,0.8035
Rome,0.779,0.97,0.112,0.99,0.128,0.96,0.597,0.78,0.924,0.91,0.244,0.62,0.377,0.76,0.472,0.48,2600,1,145,0.91,0.9,125,55,0.8754
Dubai,0.779,0.96,0.112,0.63,0.128,0.91,0.597,0.92,0.924,0.72,0.244,0.68,0.377,0.99,0.472,0.91,2600,1,190,0.58,0.96,175,70,0.8612
Paris,0.779,0.98,0.112,0.95,0.128,0.97,0.597,0.82,0.924,0.99,0.244,0.65,0.377,0.92,0.472,0.45,2600,1,180,0.95,0.82,160,70,0.9109
Amsterdam,0.779,0.91,0.112,0.88,0.128,0.79,0.597,0.92,0.924,0.95,0.244,0.78,0.377,0.86,0.472,0.65,2600,1,175,0.96,0.68,155,65,0.8642
Bali,0.604,0.73,0.809,0.76,0.871,0.91,0.639,0.87,0.575,0.51,0.109,0.99,0.292,0.72,0.231,0.98,2600,1,90,0.62,0.95,70,35,0.8127
Barcelona,0.604,0.96,0.809,0.84,0.871,0.94,0.639,0.96,0.575,0.82,0.109,0.82,0.292,0.88,0.231,0.72,2600,1,150,0.93,0.94,130,58,0.9368
Dubai,0.604,0.96,0.809,0.63,0.871,0.91,0.639,0.92,0.575,0.72,0.109,0.68,0.292,0.99,0.231,0.91,2600,1,190,0.58,0.96,175,70,0.8392
New York,0.216,0.94,0.602,0.82,0.148,0.96,0.24,0.99,0.275,0.97,0.338,0.71,0.077,0.99,0.255,0.63,700,1,230,0.92,0.76,210,85,0.8921
Istanbul,0.216,0.94,0.602,0.98,0.148,0.94,0.24,0.89,0.275,0.84,0.338,0.71,0.077,0.91,0.255,0.58,700,1,85,0.84,0.88,65,32,0.8903
Dubai,0.216,0.96,0.602,0.63,0.148,0.91,0.24,0.92,0.275,0.72,0.338,0.68,0.077,0.99,0.255,0.91,700,1,190,0.58,0.96,175,70,0.836
Paris,0.216,0.98,0.602,0.95,0.148,0.97,0.24,0.82,0.275,0.99,0.338,0.65,0.077,0.92,0.255,0.45,700,1,180,0.95,0.82,160,70,0.8714
Paris,0.492,0.98,0.395,0.95,0.435,0.97,0.791,0.82,0.046,0.99,0.694,0.65,0.117,0.92,0.129,0.45,700,0,180,0.95,0.82,160,70,0.828
New York,0.492,0.94,0.395,0.82,0.435,0.96,0.791,0.99,0.046,0.97,0.694,0.71,0.117,0.99,0.129,0.63,700,0,230,0.92,0.76,210,85,0.8721
Amsterdam,0.492,0.91,0.395,0.88,0.435,0.79,0.791,0.92,0.046,0.95,0.694,0.78,0.117,0.86,0.129,0.65,700,0,175,0.96,0.68,155,65,0.8078
Tokyo,0.492,0.9,0.395,0.91,0.435,0.99,0.791,0.96,0.046,0.88,0.694,0.74,0.117,0.99,0.129,0.71,700,0,165,0.91,0.79,135,60,0.8807
Dubai,0.027,0.96,0.154,0.63,0.456,0.91,0.32,0.92,0.745,0.72,0.1,0.68,0.176,0.99,0.219,0.91,1800,1,190,0.58,0.96,175,70,0.8325
New York,0.027,0.94,0.154,0.82,0.456,0.96,0.32,0.99,0.745,0.97,0.1,0.71,0.176,0.99,0.219,0.63,1800,1,230,0.92,0.76,210,85,0.9211
Switzerland,0.027,0.79,0.154,0.78,0.456,0.82,0.32,0.58,0.745,0.75,0.1,0.99,0.176,0.76,0.219,0.98,1800,1,240,0.88,0.78,220,90,0.8315
London,0.847,0.94,0.424,0.97,0.561,0.91,0.902,0.95,0.621,0.98,0.984,0.76,0.831,0.98,0.29,0.55,700,0,210,0.89,0.64,190,75,0.8773
New York,0.847,0.94,0.424,0.82,0.561,0.96,0.902,0.99,0.621,0.97,0.984,0.71,0.831,0.99,0.29,0.63,700,0,230,0.92,0.76,210,85,0.8765
Paris,0.847,0.98,0.424,0.95,0.561,0.97,0.902,0.82,0.621,0.99,0.984,0.65,0.831,0.92,0.29,0.45,700,0,180,0.95,0.82,160,70,0.8369
Switzerland,0.847,0.79,0.424,0.78,0.561,0.82,0.902,0.58,0.621,0.75,0.984,0.99,0.831,0.76,0.29,0.98,700,0,240,0.88,0.78,220,90,0.7917
Switzerland,0.863,0.79,0.913,0.78,0.737,0.82,0.529,0.58,0.407,0.75,0.212,0.99,0.645,0.76,0.615,0.98,900,0,240,0.88,0.78,220,90,0.8147
Tokyo,0.863,0.9,0.913,0.91,0.737,0.99,0.529,0.96,0.407,0.88,0.212,0.74,0.645,0.99,0.615,0.71,900,0,165,0.91,0.79,135,60,0.8457
Singapore,0.863,0.91,0.913,0.72,0.737,0.98,0.529,0.85,0.407,0.79,0.212,0.94,0.645,0.97,0.615,0.79,900,0,155,0.9,0.94,145,50,0.8779
Barcelona,0.507,0.96,0.993,0.84,0.581,0.94,0.065,0.96,0.289,0.82,0.574,0.82,0.935,0.88,0.715,0.72,2600,1,150,0.93,0.94,130,58,0.8887
Dubai,0.507,0.96,0.993,0.63,0.581,0.91,0.065,0.92,0.289,0.72,0.574,0.68,0.935,0.99,0.715,0.91,2600,1,190,0.58,0.96,175,70,0.8557
Bali,0.507,0.73,0.993,0.76,0.581,0.91,0.065,0.87,0.289,0.51,0.574,0.99,0.935,0.72,0.715,0.98,2600,1,90,0.62,0.95,70,35,0.8516
Switzerland,0.507,0.79,0.993,0.78,0.581,0.82,0.065,0.58,0.289,0.75,0.574,0.99,0.935,0.76,0.715,0.98,2600,1,240,0.88,0.78,220,90,0.8714
New York,0.507,0.94,0.993,0.82,0.581,0.96,0.065,0.99,0.289,0.97,0.574,0.71,0.935,0.99,0.715,0.63,2600,1,230,0.92,0.76,210,85,0.8916
Singapore,0.507,0.91,0.993,0.72,0.581,0.98,0.065,0.85,0.289,0.79,0.574,0.94,0.935,0.97,0.715,0.79,2600,1,155,0.9,0.94,145,50,0.9133
Tokyo,0.507,0.9,0.993,0.91,0.581,0.99,0.065,0.96,0.289,0.88,0.574,0.74,0.935,0.99,0.715,0.71,2600,1,165,0.91,0.79,135,60,0.9233
Paris,0.456,0.98,0.889,0.95,0.296,0.97,0.535,0.82,0.366,0.99,0.384,0.65,0.952,0.92,0.248,0.45,1800,0,180,0.95,0.82,160,70,0.8775
New York,0.456,0.94,0.889,0.82,0.296,0.96,0.535,0.99,0.366,0.97,0.384,0.71,0.952,0.99,0.248,0.63,1800,0,230,0.92,0.76,210,85,0.8442
London,0.456,0.94,0.889,0.97,0.296,0.91,0.535,0.95,0.366,0.98,0.384,0.76,0.952,0.98,0.248,0.55,1800,0,210,0.89,0.64,190,75,0.8819
Amsterdam,0.456,0.91,0.889,0.88,0.296,0.79,0.535,0.92,0.366,0.95,0.384,0.78,0.952,0.86,0.248,0.65,1800,0,175,0.96,0.68,155,65,0.8497
Barcelona,0.456,0.96,0.889,0.84,0.296,0.94,0.535,0.96,0.366,0.82,0.384,0.82,0.952,0.88,0.248,0.72,1800,0,150,0.93,0.94,130,58,0.8548
Switzerland,0.781,0.79,0.776,0.78,0.43,0.82,0.564,0.58,0.961,0.75,0.055,0.99,0.622,0.76,0.023,0.98,2600,0,240,0.88,0.78,220,90,0.777
Rome,0.781,0.97,0.776,0.99,0.43,0.96,0.564,0.78,0.961,0.91,0.055,0.62,0.622,0.76,0.023,0.48,2600,0,145,0.91,0.9,125,55,0.8896
Singapore,0.781,0.91,0.776,0.72,0.43,0.98,0.564,0.85,0.961,0.79,0.055,0.94,0.622,0.97,0.023,0.79,2600,0,155,0.9,0.94,145,50,0.8477
Dubai,0.781,0.96,0.776,0.63,0.43,0.91,0.564,0.92,0.961,0.72,0.055,0.68,0.622,0.99,0.023,0.91,2600,0,190,0.58,0.96,175,70,0.8688
Paris,0.781,0.98,0.776,0.95,0.43,0.97,0.564,0.82,0.961,0.99,0.055,0.65,0.622,0.92,0.023,0.45,2600,0,180,0.95,0.82,160,70,0.9062
Tokyo,0.781,0.9,0.776,0.91,0.43,0.99,0.564,0.96,0.961,0.88,0.055,0.74,0.622,0.99,0.023,0.71,2600,0,165,0.91,0.79,135,60,0.8848
Tokyo,0.22,0.9,0.67,0.91,0.602,0.99,0.362,0.96,0.244,0.88,0.95,0.74,0.139,0.99,0.897,0.71,700,1,165,0.91,0.79,135,60,0.9
Dubai,0.22,0.96,0.67,0.63,0.602,0.91,0.362,0.92,0.244,0.72,0.95,0.68,0.139,0.99,0.897,0.91,700,1,190,0.58,0.96,175,70,0.8574
Rome,0.22,0.97,0.67,0.99,0.602,0.96,0.362,0.78,0.244,0.91,0.95,0.62,0.139,0.76,0.897,0.48,700,1,145,0.91,0.9,125,55,0.8374
Dubai,0.434,0.96,0.03,0.63,0.805,0.91,0.784,0.92,0.406,0.72,0.763,0.68,0.545,0.99,0.147,0.91,1500,0,190,0.58,0.96,175,70,0.8844
Bali,0.434,0.73,0.03,0.76,0.805,0.91,0.784,0.87,0.406,0.51,0.763,0.99,0.545,0.72,0.147,0.98,1500,0,90,0.62,0.95,70,35,0.8295
Istanbul,0.434,0.94,0.03,0.98,0.805,0.94,0.784,0.89,0.406,0.84,0.763,0.71,0.545,0.91,0.147,0.58,1500,0,85,0.84,0.88,65,32,0.8555
Tokyo,0.434,0.9,0.03,0.91,0.805,0.99,0.784,0.96,0.406,0.88,0.763,0.74,0.545,0.99,0.147,0.71,1500,0,165,0.91,0.79,135,60,0.8861
Switzerland,0.434,0.79,0.03,0.78,0.805,0.82,0.784,0.58,0.406,0.75,0.763,0.99,0.545,0.76,0.147,0.98,1500,0,240,0.88,0.78,220,90,0.783
New York,0.434,0.94,0.03,0.82,0.805,0.96,0.784,0.99,0.406,0.97,0.763,0.71,0.545,0.99,0.147,0.63,1500,0,230,0.92,0.76,210,85,0.8866
Paris,0.434,0.98,0.03,0.95,0.805,0.97,0.784,0.82,0.406,0.99,0.763,0.65,0.545,0.92,0.147,0.45,1500,0,180,0.95,0.82,160,70,0.8636
Bali,0.766,0.73,0.807,0.76,0.314,0.91,0.337,0.87,0.924,0.51,0.12,0.99,0.843,0.72,0.777,0.98,2200,0,90,0.62,0.95,70,35,0.8067
London,0.766,0.94,0.807,0.97,0.314,0.91,0.337,0.95,0.924,0.98,0.12,0.76,0.843,0.98,0.777,0.55,2200,0,210,0.89,0.64,190,75,0.8261
New York,0.766,0.94,0.807,0.82,0.314,0.96,0.337,0.99,0.924,0.97,0.12,0.71,0.843,0.99,0.777,0.63,2200,0,230,0.92,0.76,210,85,0.833
Switzerland,0.766,0.79,0.807,0.78,0.314,0.82,0.337,0.58,0.924,0.75,0.12,0.99,0.843,0.76,0.777,0.98,2200,0,240,0.88,0.78,220,90,0.8299
New York,0.478,0.94,0.224,0.82,0.007,0.96,0.852,0.99,0.434,0.97,0.391,0.71,0.885,0.99,0.063,0.63,700,0,230,0.92,0.76,210,85,0.8891
Amsterdam,0.478,0.91,0.224,0.88,0.007,0.79,0.852,0.92,0.434,0.95,0.391,0.78,0.885,0.86,0.063,0.65,700,0,175,0.96,0.68,155,65,0.8634
Rome,0.478,0.97,0.224,0.99,0.007,0.96,0.852,0.78,0.434,0.91,0.391,0.62,0.885,0.76,0.063,0.48,700,0,145,0.91,0.9,125,55,0.8415
Bali,0.478,0.73,0.224,0.76,0.007,0.91,0.852,0.87,0.434,0.51,0.391,0.99,0.885,0.72,0.063,0.98,700,0,90,0.62,0.95,70,35,0.7845
Switzerland,0.478,0.79,0.224,0.78,0.007,0.82,0.852,0.58,0.434,0.75,0.391,0.99,0.885,0.76,0.063,0.98,700,0,240,0.88,0.78,220,90,0.8
Dubai,0.478,0.96,0.224,0.63,0.007,0.91,0.852,0.92,0.434,0.72,0.391,0.68,0.885,0.99,0.063,0.91,700,0,190,0.58,0.96,175,70,0.862
Singapore,0.056,0.91,0.648,0.72,0.08,0.98,0.63,0.85,0.073,0.79,0.738,0.94,0.054,0.97,0.408,0.79,1100,0,155,0.9,0.94,145,50,0.8341
Switzerland,0.056,0.79,0.648,0.78,0.08,0.82,0.63,0.58,0.073,0.75,0.738,0.99,0.054,0.76,0.408,0.98,1100,0,240,0.88,0.78,220,90,0.8098
Dubai,0.056,0.96,0.648,0.63,0.08,0.91,0.63,0.92,0.073,0.72,0.738,0.68,0.054,0.99,0.408,0.91,1100,0,190,0.58,0.96,175,70,0.7893
Barcelona,0.056,0.96,0.648,0.84,0.08,0.94,0.63,0.96,0.073,0.82,0.738,0.82,0.054,0.88,0.408,0.72,1100,0,150,0.93,0.94,130,58,0.8539
Paris,0.056,0.98,0.648,0.95,0.08,0.97,0.63,0.82,0.073,0.99,0.738,0.65,0.054,0.92,0.408,0.45,1100,0,180,0.95,0.82,160,70,0.7869
Tokyo,0.056,0.9,0.648,0.91,0.08,0.99,0.63,0.96,0.073,0.88,0.738,0.74,0.054,0.99,0.408,0.71,1100,0,165,0.91,0.79,135,60,0.8267
New York,0.056,0.94,0.648,0.82,0.08,0.96,0.63,0.99,0.073,0.97,0.738,0.71,0.054,0.99,0.408,0.63,1100,0,230,0.92,0.76,210,85,0.7981
Dubai,0.714,0.96,0.449,0.63,0.14,0.91,0.403,0.92,0.863,0.72,0.671,0.68,0.596,0.99,0.345,0.91,900,1,190,0.58,0.96,175,70,0.8437
Paris,0.714,0.98,0.449,0.95,0.14,0.97,0.403,0.82,0.863,0.99,0.671,0.65,0.596,0.92,0.345,0.45,900,1,180,0.95,0.82,160,70,0.8929
Barcelona,0.714,0.96,0.449,0.84,0.14,0.94,0.403,0.96,0.863,0.82,0.671,0.82,0.596,0.88,0.345,0.72,900,1,150,0.93,0.94,130,58,0.907
Rome,0.714,0.97,0.449,0.99,0.14,0.96,0.403,0.78,0.863,0.91,0.671,0.62,0.596,0.76,0.345,0.48,900,1,145,0.91,0.9,125,55,0.8481
London,0.714,0.94,0.449,0.97,0.14,0.91,0.403,0.95,0.863,0.98,0.671,0.76,0.596,0.98,0.345,0.55,900,1,210,0.89,0.64,190,75,0.8754
Switzerland,0.714,0.79,0.449,0.78,0.14,0.82,0.403,0.58,0.863,0.75,0.671,0.99,0.596,0.76,0.345,0.98,900,1,240,0.88,0.78,220,90,0.8341
Rome,0.232,0.97,0.937,0.99,0.954,0.96,0.314,0.78,0.715,0.91,0.171,0.62,0.345,0.76,0.961,0.48,900,1,145,0.91,0.9,125,55,0.8516
Singapore,0.232,0.91,0.937,0.72,0.954,0.98,0.314,0.85,0.715,0.79,0.171,0.94,0.345,0.97,0.961,0.79,900,1,155,0.9,0.94,145,50,0.8736
Paris,0.232,0.98,0.937,0.95,0.954,0.97,0.314,0.82,0.715,0.99,0.171,0.65,0.345,0.92,0.961,0.45,900,1,180,0.95,0.82,160,70,0.8725
Amsterdam,0.232,0.91,0.937,0.88,0.954,0.79,0.314,0.92,0.715,0.95,0.171,0.78,0.345,0.86,0.961,0.65,900,1,175,0.96,0.68,155,65,0.8441
Barcelona,0.232,0.96,0.937,0.84,0.954,0.94,0.314,0.96,0.715,0.82,0.171,0.82,0.345,0.88,0.961,0.72,900,1,150,0.93,0.94,130,58,0.8925
Tokyo,0.232,0.9,0.937,0.91,0.954,0.99,0.314,0.96,0.715,0.88,0.171,0.74,0.345,0.99,0.961,0.71,900,1,165,0.91,0.79,135,60,0.916
Bali,0.232,0.73,0.937,0.76,0.954,0.91,0.314,0.87,0.715,0.51,0.171,0.99,0.345,0.72,0.961,0.98,900,1,90,0.62,0.95,70,35,0.8666
Bali,0.318,0.73,0.468,0.76,0.546,0.91,0.976,0.87,0.376,0.51,0.19,0.99,0.447,0.72,0.891,0.98,1500,1,90,0.62,0.95,70,35,0.8389
Paris,0.318,0.98,0.468,0.95,0.546,0.97,0.976,0.82,0.376,0.99,0.19,0.65,0.447,0.92,0.891,0.45,1500,1,180,0.95,0.82,160,70,0.8553
Barcelona,0.318,0.96,0.468,0.84,0.546,0.94,0.976,0.96,0.376,0.82,0.19,0.82,0.447,0.88,0.891,0.72,1500,1,150,0.93,0.94,130,58,0.9071
Tokyo,0.318,0.9,0.468,0.91,0.546,0.99,0.976,0.96,0.376,0.88,0.19,0.74,0.447,0.99,0.891,0.71,1500,1,165,0.91,0.79,135,60,0.9259
Switzerland,0.318,0.79,0.468,0.78,0.546,0.82,0.976,0.58,0.376,0.75,0.19,0.99,0.447,0.76,0.891,0.98,1500,1,240,0.88,0.78,220,90,0.8177
Switzerland,0.275,0.79,0.995,0.78,0.237,0.82,0.205,0.58,0.25,0.75,0.102,0.99,0.47,0.76,0.108,0.98,1100,1,240,0.88,0.78,220,90,0.8501
New York,0.275,0.94,0.995,0.82,0.237,0.96,0.205,0.99,0.25,0.97,0.102,0.71,0.47,0.99,0.108,0.63,1100,1,230,0.92,0.76,210,85,0.9094
Barcelona,0.275,0.96,0.995,0.84,0.237,0.94,0.205,0.96,0.25,0.82,0.102,0.82,0.47,0.88,0.108,0.72,1100,1,150,0.93,0.94,130,58,0.9281
Bali,0.275,0.73,0.995,0.76,0.237,0.91,0.205,0.87,0.25,0.51,0.102,0.99,0.47,0.72,0.108,0.98,1100,1,90,0.62,0.95,70,35,0.8363
Rome,0.275,0.97,0.995,0.99,0.237,0.96,0.205,0.78,0.25,0.91,0.102,0.62,0.47,0.76,0.108,0.48,1100,1,145,0.91,0.9,125,55,0.9166
Paris,0.275,0.98,0.995,0.95,0.237,0.97,0.205,0.82,0.25,0.99,0.102,0.65,0.47,0.92,0.108,0.45,1100,1,180,0.95,0.82,160,70,0.9401
Amsterdam,0.102,0.91,0.193,0.88,0.519,0.79,0.974,0.92,0.172,0.95,0.546,0.78,0.735,0.86,0.491,0.65,2600,0,175,0.96,0.68,155,65,0.827
New York,0.102,0.94,0.193,0.82,0.519,0.96,0.974,0.99,0.172,0.97,0.546,0.71,0.735,0.99,0.491,0.63,2600,0,230,0.92,0.76,210,85,0.8488
Istanbul,0.102,0.94,0.193,0.98,0.519,0.94,0.974,0.89,0.172,0.84,0.546,0.71,0.735,0.91,0.491,0.58,2600,0,85,0.84,0.88,65,32,0.817
Rome,0.102,0.97,0.193,0.99,0.519,0.96,0.974,0.78,0.172,0.91,0.546,0.62,0.735,0.76,0.491,0.48,2600,0,145,0.91,0.9,125,55,0.7826
Barcelona,0.102,0.96,0.193,0.84,0.519,0.94,0.974,0.96,0.172,0.82,0.546,0.82,0.735,0.88,0.491,0.72,2600,0,150,0.93,0.94,130,58,0.8826
London,0.102,0.94,0.193,0.97,0.519,0.91,0.974,0.95,0.172,0.98,0.546,0.76,0.735,0.98,0.491,0.55,2600,0,210,0.89,0.64,190,75,0.8602
Amsterdam,0.023,0.91,0.786,0.88,0.589,0.79,0.719,0.92,0.429,0.95,0.681,0.78,0.994,0.86,0.454,0.65,700,1,175,0.96,0.68,155,65,0.8814
Dubai,0.023,0.96,0.786,0.63,0.589,0.91,0.719,0.92,0.429,0.72,0.681,0.68,0.994,0.99,0.454,0.91,700,1,190,0.58,0.96,175,70,0.8463
New York,0.023,0.94,0.786,0.82,0.589,0.96,0.719,0.99,0.429,0.97,0.681,0.71,0.994,0.99,0.454,0.63,700,1,230,0.92,0.76,210,85,0.8781
Barcelona,0.023,0.96,0.786,0.84,0.589,0.94,0.719,0.96,0.429,0.82,0.681,0.82,0.994,0.88,0.454,0.72,700,1,150,0.93,0.94,130,58,0.9132
Paris,0.023,0.98,0.786,0.95,0.589,0.97,0.719,0.82,0.429,0.99,0.681,0.65,0.994,0.92,0.454,0.45,700,1,180,0.95,0.82,160,70,0.8632
Bali,0.023,0.73,0.786,0.76,0.589,0.91,0.719,0.87,0.429,0.51,0.681,0.99,0.994,0.72,0.454,0.98,700,1,90,0.62,0.95,70,35,0.8346
Dubai,0.349,0.96,0.674,0.63,0.086,0.91,0.393,0.92,0.873,0.72,0.366,0.68,0.777,0.99,0.539,0.91,2600,0,190,0.58,0.96,175,70,0.8181
Bali,0.349,0.73,0.674,0.76,0.086,0.91,0.393,0.87,0.873,0.51,0.366,0.99,0.777,0.72,0.539,0.98,2600,0,90,0.62,0.95,70,35,0.8044
Barcelona,0.349,0.96,0.674,0.84,0.086,0.94,0.393,0.96,0.873,0.82,0.366,0.82,0.777,0.88,0.539,0.72,2600,0,150,0.93,0.94,130,58,0.8452
Rome,0.349,0.97,0.674,0.99,0.086,0.96,0.393,0.78,0.873,0.91,0.366,0.62,0.777,0.76,0.539,0.48,2600,0,145,0.91,0.9,125,55,0.8178
Switzerland,0.349,0.79,0.674,0.78,0.086,0.82,0.393,0.58,0.873,0.75,0.366,0.99,0.777,0.76,0.539,0.98,2600,0,240,0.88,0.78,220,90,0.8044
Paris,0.594,0.98,0.039,0.95,0.591,0.97,0.773,0.82,0.269,0.99,0.43,0.65,0.609,0.92,0.289,0.45,700,0,180,0.95,0.82,160,70,0.8514
Tokyo,0.594,0.9,0.039,0.91,0.591,0.99,0.773,0.96,0.269,0.88,0.43,0.74,0.609,0.99,0.289,0.71,700,0,165,0.91,0.79,135,60,0.8754
Istanbul,0.594,0.94,0.039,0.98,0.591,0.94,0.773,0.89,0.269,0.84,0.43,0.71,0.609,0.91,0.289,0.58,700,0,85,0.84,0.88,65,32,0.8781
Amsterdam,0.594,0.91,0.039,0.88,0.591,0.79,0.773,0.92,0.269,0.95,0.43,0.78,0.609,0.86,0.289,0.65,700,0,175,0.96,0.68,155,65,0.833
Tokyo,0.691,0.9,0.507,0.91,0.292,0.99,0.13,0.96,0.882,0.88,0.338,0.74,0.735,0.99,0.512,0.71,900,0,165,0.91,0.79,135,60,0.8828
Singapore,0.691,0.91,0.507,0.72,0.292,0.98,0.13,0.85,0.882,0.79,0.338,0.94,0.735,0.97,0.512,0.79,900,0,155,0.9,0.94,145,50,0.8737
New York,0.691,0.94,0.507,0.82,0.292,0.96,0.13,0.99,0.882,0.97,0.338,0.71,0.735,0.99,0.512,0.63,900,0,230,0.92,0.76,210,85,0.8342
Bali,0.691,0.73,0.507,0.76,0.292,0.91,0.13,0.87,0.882,0.51,0.338,0.99,0.735,0.72,0.512,0.98,900,0,90,0.62,0.95,70,35,0.8055
Switzerland,0.691,0.79,0.507,0.78,0.292,0.82,0.13,0.58,0.882,0.75,0.338,0.99,0.735,0.76,0.512,0.98,900,0,240,0.88,0.78,220,90,0.7939
Rome,0.924,0.97,0.235,0.99,0.544,0.96,0.448,0.78,0.478,0.91,0.539,0.62,0.972,0.76,0.187,0.48,2600,1,145,0.91,0.9,125,55,0.8816
Bali,0.924,0.73,0.235,0.76,0.544,0.91,0.448,0.87,0.478,0.51,0.539,0.99,0.972,0.72,0.187,0.98,2600,1,90,0.62,0.95,70,35,0.8225
Istanbul,0.924,0.94,0.235,0.98,0.544,0.94,0.448,0.89,0.478,0.84,0.539,0.71,0.972,0.91,0.187,0.58,2600,1,85,0.84,0.88,65,32,0.8795
Singapore,0.924,0.91,0.235,0.72,0.544,0.98,0.448,0.85,0.478,0.79,0.539,0.94,0.972,0.97,0.187,0.79,2600,1,155,0.9,0.94,145,50,0.9308
New York,0.924,0.94,0.235,0.82,0.544,0.96,0.448,0.99,0.478,0.97,0.539,0.71,0.972,0.99,0.187,0.63,2600,1,230,0.92,0.76,210,85,0.937
London,0.924,0.94,0.235,0.97,0.544,0.91,0.448,0.95,0.478,0.98,0.539,0.76,0.972,0.98,0.187,0.55,2600,1,210,0.89,0.64,190,75,0.9011
Switzerland,0.719,0.79,0.154,0.78,0.834,0.82,0.32,0.58,0.577,0.75,0.494,0.99,0.75,0.76,0.791,0.98,1800,0,240,0.88,0.78,220,90,0.8111
Barcelona,0.719,0.96,0.154,0.84,0.834,0.94,0.32,0.96,0.577,0.82,0.494,0.82,0.75,0.88,0.791,0.72,1800,0,150,0.93,0.94,130,58,0.8402
Amsterdam,0.719,0.91,0.154,0.88,0.834,0.79,0.32,0.92,0.577,0.95,0.494,0.78,0.75,0.86,0.791,0.65,1800,0,175,0.96,0.68,155,65,0.8338
Tokyo,0.719,0.9,0.154,0.91,0.834,0.99,0.32,0.96,0.577,0.88,0.494,0.74,0.75,0.99,0.791,0.71,1800,0,165,0.91,0.79,135,60,0.852
Paris,0.719,0.98,0.154,0.95,0.834,0.97,0.32,0.82,0.577,0.99,0.494,0.65,0.75,0.92,0.791,0.45,1800,0,180,0.95,0.82,160,70,0.856
New York,0.719,0.94,0.154,0.82,0.834,0.96,0.32,0.99,0.577,0.97,0.494,0.71,0.75,0.99,0.791,0.63,1800,0,230,0.92,0.76,210,85,0.8466
London,0.62,0.94,0.686,0.97,0.569,0.91,0.031,0.95,0.125,0.98,0.28,0.76,0.542,0.98,0.778,0.55,1800,1,210,0.89,0.64,190,75,0.8683
Barcelona,0.62,0.96,0.686,0.84,0.569,0.94,0.031,0.96,0.125,0.82,0.28,0.82,0.542,0.88,0.778,0.72,1800,1,150,0.93,0.94,130,58,0.8849
New York,0.62,0.94,0.686,0.82,0.569,0.96,0.031,0.99,0.125,0.97,0.28,0.71,0.542,0.99,0.778,0.63,1800,1,230,0.92,0.76,210,85,0.8678
Dubai,0.62,0.96,0.686,0.63,0.569,0.91,0.031,0.92,0.125,0.72,0.28,0.68,0.542,0.99,0.778,0.91,1800,1,190,0.58,0.96,175,70,0.8818
Singapore,0.62,0.91,0.686,0.72,0.569,0.98,0.031,0.85,0.125,0.79,0.28,0.94,0.542,0.97,0.778,0.79,1800,1,155,0.9,0.94,145,50,0.8933
Dubai,0.638,0.96,0.634,0.63,0.133,0.91,0.533,0.92,0.576,0.72,0.269,0.68,0.391,0.99,0.866,0.91,1300,0,190,0.58,0.96,175,70,0.8347
Barcelona,0.638,0.96,0.634,0.84,0.133,0.94,0.533,0.96,0.576,0.82,0.269,0.82,0.391,0.88,0.866,0.72,1300,0,150,0.93,0.94,130,58,0.8683
London,0.638,0.94,0.634,0.97,0.133,0.91,0.533,0.95,0.576,0.98,0.269,0.76,0.391,0.98,0.866,0.55,1300,0,210,0.89,0.64,190,75,0.8405
Rome,0.638,0.97,0.634,0.99,0.133,0.96,0.533,0.78,0.576,0.91,0.269,0.62,0.391,0.76,0.866,0.48,1300,0,145,0.91,0.9,125,55,0.8359
Tokyo,0.638,0.9,0.634,0.91,0.133,0.99,0.533,0.96,0.576,0.88,0.269,0.74,0.391,0.99,0.866,0.71,1300,0,165,0.91,0.79,135,60,0.8331
New York,0.945,0.94,0.389,0.82,0.969,0.96,0.172,0.99,0.946,0.97,0.222,0.71,0.695,0.99,0.343,0.63,1800,0,230,0.92,0.76,210,85,0.869
Rome,0.945,0.97,0.389,0.99,0.969,0.96,0.172,0.78,0.946,0.91,0.222,0.62,0.695,0.76,0.343,0.48,1800,0,145,0.91,0.9,125,55,0.8364
Istanbul,0.945,0.94,0.389,0.98,0.969,0.94,0.172,0.89,0.946,0.84,0.222,0.71,0.695,0.91,0.343,0.58,1800,0,85,0.84,0.88,65,32,0.873
Dubai,0.945,0.96,0.389,0.63,0.969,0.91,0.172,0.92,0.946,0.72,0.222,0.68,0.695,0.99,0.343,0.91,1800,0,190,0.58,0.96,175,70,0.8628
London,0.956,0.94,0.95,0.97,0.559,0.91,0.016,0.95,0.32,0.98,0.488,0.76,0.68,0.98,0.825,0.55,1300,0,210,0.89,0.64,190,75,0.8521
Switzerland,0.956,0.79,0.95,0.78,0.559,0.82,0.016,0.58,0.32,0.75,0.488,0.99,0.68,0.76,0.825,0.98,1300,0,240,0.88,0.78,220,90,0.8499
Bali,0.956,0.73,0.95,0.76,0.559,0.91,0.016,0.87,0.32,0.51,0.488,0.99,0.68,0.72,0.825,0.98,1300,0,90,0.62,0.95,70,35,0.8477
Rome,0.956,0.97,0.95,0.99,0.559,0.96,0.016,0.78,0.32,0.91,0.488,0.62,0.68,0.76,0.825,0.48,1300,0,145,0.91,0.9,125,55,0.8098
Amsterdam,0.832,0.91,0.914,0.88,0.599,0.79,0.165,0.92,0.199,0.95,0.833,0.78,0.334,0.86,0.236,0.65,700,0,175,0.96,0.68,155,65,0.8134
Dubai,0.832,0.96,0.914,0.63,0.599,0.91,0.165,0.92,0.199,0.72,0.833,0.68,0.334,0.99,0.236,0.91,700,0,190,0.58,0.96,175,70,0.8118
London,0.832,0.94,0.914,0.97,0.599,0.91,0.165,0.95,0.199,0.98,0.833,0.76,0.334,0.98,0.236,0.55,700,0,210,0.89,0.64,190,75,0.8638
Rome,0.832,0.97,0.914,0.99,0.599,0.96,0.165,0.78,0.199,0.91,0.833,0.62,0.334,0.76,0.236,0.48,700,0,145,0.91,0.9,125,55,0.8329
Tokyo,0.832,0.9,0.914,0.91,0.599,0.99,0.165,0.96,0.199,0.88,0.833,0.74,0.334,0.99,0.236,0.71,700,0,165,0.91,0.79,135,60,0.8433
Paris,0.174,0.98,0.619,0.95,0.214,0.97,0.419,0.82,0.728,0.99,0.951,0.65,0.097,0.92,0.799,0.45,2600,1,180,0.95,0.82,160,70,0.8641
Bali,0.174,0.73,0.619,0.76,0.214,0.91,0.419,0.87,0.728,0.51,0.951,0.99,0.097,0.72,0.799,0.98,2600,1,90,0.62,0.95,70,35,0.8377
London,0.174,0.94,0.619,0.97,0.214,0.91,0.419,0.95,0.728,0.98,0.951,0.76,0.097,0.98,0.799,0.55,2600,1,210,0.89,0.64,190,75,0.8702
Paris,0.802,0.98,0.283,0.95,0.77,0.97,0.087,0.82,0.776,0.99,0.177,0.65,0.383,0.92,0.529,0.45,900,1,180,0.95,0.82,160,70,0.886
Bali,0.802,0.73,0.283,0.76,0.77,0.91,0.087,0.87,0.776,0.51,0.177,0.99,0.383,0.72,0.529,0.98,900,1,90,0.62,0.95,70,35,0.8379
Barcelona,0.802,0.96,0.283,0.84,0.77,0.94,0.087,0.96,0.776,0.82,0.177,0.82,0.383,0.88,0.529,0.72,900,1,150,0.93,0.94,130,58,0.9107
Singapore,0.802,0.91,0.283,0.72,0.77,0.98,0.087,0.85,0.776,0.79,0.177,0.94,0.383,0.97,0.529,0.79,900,1,155,0.9,0.94,145,50,0.9268
Istanbul,0.802,0.94,0.283,0.98,0.77,0.94,0.087,0.89,0.776,0.84,0.177,0.71,0.383,0.91,0.529,0.58,900,1,85,0.84,0.88,65,32,0.879
Switzerland,0.802,0.79,0.283,0.78,0.77,0.82,0.087,0.58,0.776,0.75,0.177,0.99,0.383,0.76,0.529,0.98,900,1,240,0.88,0.78,220,90,0.8382
Dubai,0.802,0.96,0.283,0.63,0.77,0.91,0.087,0.92,0.776,0.72,0.177,0.68,0.383,0.99,0.529,0.91,900,1,190,0.58,0.96,175,70,0.851
London,0.331,0.94,0.809,0.97,0.809,0.91,0.428,0.95,0.058,0.98,0.324,0.76,0.773,0.98,0.506,0.55,2600,1,210,0.89,0.64,190,75,0.8851
Barcelona,0.331,0.96,0.809,0.84,0.809,0.94,0.428,0.96,0.058,0.82,0.324,0.82,0.773,0.88,0.506,0.72,2600,1,150,0.93,0.94,130,58,0.9351
Switzerland,0.331,0.79,0.809,0.78,0.809,0.82,0.428,0.58,0.058,0.75,0.324,0.99,0.773,0.76,0.506,0.98,2600,1,240,0.88,0.78,220,90,0.8688
Singapore,0.331,0.91,0.809,0.72,0.809,0.98,0.428,0.85,0.058,0.79,0.324,0.94,0.773,0.97,0.506,0.79,2600,1,155,0.9,0.94,145,50,0.899
Tokyo,0.331,0.9,0.809,0.91,0.809,0.99,0.428,0.96,0.058,0.88,0.324,0.74,0.773,0.99,0.506,0.71,2600,1,165,0.91,0.79,135,60,0.9206
Istanbul,0.733,0.94,0.422,0.98,0.364,0.94,0.867,0.89,0.788,0.84,0.842,0.71,0.288,0.91,0.502,0.58,1500,0,85,0.84,0.88,65,32,0.8173
Dubai,0.733,0.96,0.422,0.63,0.364,0.91,0.867,0.92,0.788,0.72,0.842,0.68,0.288,0.99,0.502,0.91,1500,0,190,0.58,0.96,175,70,0.8645
Tokyo,0.733,0.9,0.422,0.91,0.364,0.99,0.867,0.96,0.788,0.88,0.842,0.74,0.288,0.99,0.502,0.71,1500,0,165,0.91,0.79,135,60,0.828
Rome,0.039,0.97,0.156,0.99,0.307,0.96,0.639,0.78,0.586,0.91,0.878,0.62,0.073,0.76,0.236,0.48,900,1,145,0.91,0.9,125,55,0.8396
Amsterdam,0.039,0.91,0.156,0.88,0.307,0.79,0.639,0.92,0.586,0.95,0.878,0.78,0.073,0.86,0.236,0.65,900,1,175,0.96,0.68,155,65,0.8718
Paris,0.039,0.98,0.156,0.95,0.307,0.97,0.639,0.82,0.586,0.99,0.878,0.65,0.073,0.92,0.236,0.45,900,1,180,0.95,0.82,160,70,0.8639
Tokyo,0.039,0.9,0.156,0.91,0.307,0.99,0.639,0.96,0.586,0.88,0.878,0.74,0.073,0.99,0.236,0.71,900,1,165,0.91,0.79,135,60,0.881
New York,0.039,0.94,0.156,0.82,0.307,0.96,0.639,0.99,0.586,0.97,0.878,0.71,0.073,0.99,0.236,0.63,900,1,230,0.92,0.76,210,85,0.8956
Dubai,0.682,0.96,0.284,0.63,0.284,0.91,0.52,0.92,0.617,0.72,0.386,0.68,0.62,0.99,0.717,0.91,1100,1,190,0.58,0.96,175,70,0.8785
Singapore,0.682,0.91,0.284,0.72,0.284,0.98,0.52,0.85,0.617,0.79,0.386,0.94,0.62,0.97,0.717,0.79,1100,1,155,0.9,0.94,145,50,0.8867
Switzerland,0.682,0.79,0.284,0.78,0.284,0.82,0.52,0.58,0.617,0.75,0.386,0.99,0.62,0.76,0.717,0.98,1100,1,240,0.88,0.78,220,90,0.825
London,0.682,0.94,0.284,0.97,0.284,0.91,0.52,0.95,0.617,0.98,0.386,0.76,0.62,0.98,0.717,0.55,1100,1,210,0.89,0.64,190,75,0.8673
Amsterdam,0.515,0.91,0.739,0.88,0.168,0.79,0.369,0.92,0.209,0.95,0.959,0.78,0.526,0.86,0.805,0.65,1100,0,175,0.96,0.68,155,65,0.8147
Rome,0.515,0.97,0.739,0.99,0.168,0.96,0.369,0.78,0.209,0.91,0.959,0.62,0.526,0.76,0.805,0.48,1100,0,145,0.91,0.9,125,55,0.8136
Barcelona,0.515,0.96,0.739,0.84,0.168,0.94,0.369,0.96,0.209,0.82,0.959,0.82,0.526,0.88,0.805,0.72,1100,0,150,0.93,0.94,130,58,0.8586
Istanbul,0.515,0.94,0.739,0.98,0.168,0.94,0.369,0.89,0.209,0.84,0.959,0.71,0.526,0.91,0.805,0.58,1100,0,85,0.84,0.88,65,32,0.8334
New York,0.624,0.94,0.059,0.82,0.738,0.96,0.885,0.99,0.52,0.97,0.415,0.71,0.49,0.99,0.204,0.63,2600,1,230,0.92,0.76,210,85,0.917
Barcelona,0.624,0.96,0.059,0.84,0.738,0.94,0.885,0.96,0.52,0.82,0.415,0.82,0.49,0.88,0.204,0.72,2600,1,150,0.93,0.94,130,58,0.9366
Singapore,0.624,0.91,0.059,0.72,0.738,0.98,0.885,0.85,0.52,0.79,0.415,0.94,0.49,0.97,0.204,0.79,2600,1,155,0.9,0.94,145,50,0.9295
Bali,0.177,0.73,0.181,0.76,0.35,0.91,0.464,0.87,0.26,0.51,0.973,0.99,0.562,0.72,0.266,0.98,1100,1,90,0.62,0.95,70,35,0.8733
Paris,0.177,0.98,0.181,0.95,0.35,0.97,0.464,0.82,0.26,0.99,0.973,0.65,0.562,0.92,0.266,0.45,1100,1,180,0.95,0.82,160,70,0.8586
Tokyo,0.177,0.9,0.181,0.91,0.35,0.99,0.464,0.96,0.26,0.88,0.973,0.74,0.562,0.99,0.266,0.71,1100,1,165,0.91,0.79,135,60,0.9053
Barcelona,0.177,0.96,0.181,0.84,0.35,0.94,0.464,0.96,0.26,0.82,0.973,0.82,0.562,0.88,0.266,0.72,1100,1,150,0.93,0.94,130,58,0.9139
Rome,0.454,0.97,0.9,0.99,0.554,0.96,0.73,0.78,0.392,0.91,0.549,0.62,0.182,0.76,0.44,0.48,900,1,145,0.91,0.9,125,55,0.8751
Singapore,0.454,0.91,0.9,0.72,0.554,0.98,0.73,0.85,0.392,0.79,0.549,0.94,0.182,0.97,0.44,0.79,900,1,155,0.9,0.94,145,50,0.9054
Amsterdam,0.454,0.91,0.9,0.88,0.554,0.79,0.73,0.92,0.392,0.95,0.549,0.78,0.182,0.86,0.44,0.65,900,1,175,0.96,0.68,155,65,0.858
Bali,0.454,0.73,0.9,0.76,0.554,0.91,0.73,0.87,0.392,0.51,0.549,0.99,0.182,0.72,0.44,0.98,900,1,90,0.62,0.95,70,35,0.8544
Rome,0.583,0.97,0.186,0.99,0.838,0.96,0.029,0.78,0.182,0.91,0.155,0.62,0.955,0.76,0.91,0.48,1300,1,145,0.91,0.9,125,55,0.8572
Dubai,0.583,0.96,0.186,0.63,0.838,0.91,0.029,0.92,0.182,0.72,0.155,0.68,0.955,0.99,0.91,0.91,1300,1,190,0.58,0.96,175,70,0.8842
Tokyo,0.583,0.9,0.186,0.91,0.838,0.99,0.029,0.96,0.182,0.88,0.155,0.74,0.955,0.99,0.91,0.71,1300,1,165,0.91,0.79,135,60,0.9068
Istanbul,0.583,0.94,0.186,0.98,0.838,0.94,0.029,0.89,0.182,0.84,0.155,0.71,0.955,0.91,0.91,0.58,1300,1,85,0.84,0.88,65,32,0.8596
Rome,0.167,0.97,0.653,0.99,0.702,0.96,0.245,0.78,0.578,0.91,0.895,0.62,0.203,0.76,0.556,0.48,1500,1,145,0.91,0.9,125,55,0.8729
Singapore,0.167,0.91,0.653,0.72,0.702,0.98,0.245,0.85,0.578,0.79,0.895,0.94,0.203,0.97,0.556,0.79,1500,1,155,0.9,0.94,145,50,0.8915
Switzerland,0.167,0.79,0.653,0.78,0.702,0.82,0.245,0.58,0.578,0.75,0.895,0.99,0.203,0.76,0.556,0.98,1500,1,240,0.88,0.78,220,90,0.8949
Bali,0.167,0.73,0.653,0.76,0.702,0.91,0.245,0.87,0.578,0.51,0.895,0.99,0.203,0.72,0.556,0.98,1500,1,90,0.62,0.95,70,35,0.862
Amsterdam,0.167,0.91,0.653,0.88,0.702,0.79,0.245,0.92,0.578,0.95,0.895,0.78,0.203,0.86,0.556,0.65,1500,1,175,0.96,0.68,155,65,0.8456
Istanbul,0.167,0.94,0.653,0.98,0.702,0.94,0.245,0.89,0.578,0.84,0.895,0.71,0.203,0.91,0.556,0.58,1500,1,85,0.84,0.88,65,32,0.8553
Bali,0.811,0.73,0.775,0.76,0.611,0.91,0.725,0.87,0.18,0.51,0.447,0.99,0.825,0.72,0.861,0.98,2600,0,90,0.62,0.95,70,35,0.8255
Barcelona,0.811,0.96,0.775,0.84,0.611,0.94,0.725,0.96,0.18,0.82,0.447,0.82,0.825,0.88,0.861,0.72,2600,0,150,0.93,0.94,130,58,0.8582
Singapore,0.811,0.91,0.775,0.72,0.611,0.98,0.725,0.85,0.18,0.79,0.447,0.94,0.825,0.97,0.861,0.79,2600,0,155,0.9,0.94,145,50,0.8743
Rome,0.811,0.97,0.775,0.99,0.611,0.96,0.725,0.78,0.18,0.91,0.447,0.62,0.825,0.76,0.861,0.48,2600,0,145,0.91,0.9,125,55,0.8247
Paris,0.76,0.98,0.911,0.95,0.719,0.97,0.214,0.82,0.708,0.99,0.818,0.65,0.138,0.92,0.951,0.45,1300,0,180,0.95,0.82,160,70,0.8376
Switzerland,0.76,0.79,0.911,0.78,0.719,0.82,0.214,0.58,0.708,0.75,0.818,0.99,0.138,0.76,0.951,0.98,1300,0,240,0.88,0.78,220,90,0.829
Rome,0.76,0.97,0.911,0.99,0.719,0.96,0.214,0.78,0.708,0.91,0.818,0.62,0.138,0.76,0.951,0.48,1300,0,145,0.91,0.9,125,55,0.8384
Barcelona,0.76,0.96,0.911,0.84,0.719,0.94,0.214,0.96,0.708,0.82,0.818,0.82,0.138,0.88,0.951,0.72,1300,0,150,0.93,0.94,130,58,0.8719
Istanbul,0.548,0.94,0.173,0.98,0.883,0.94,0.265,0.89,0.554,0.84,0.607,0.71,0.94,0.91,0.885,0.58,2600,1,85,0.84,0.88,65,32,0.8525
Tokyo,0.548,0.9,0.173,0.91,0.883,0.99,0.265,0.96,0.554,0.88,0.607,0.74,0.94,0.99,0.885,0.71,2600,1,165,0.91,0.79,135,60,0.9052
New York,0.548,0.94,0.173,0.82,0.883,0.96,0.265,0.99,0.554,0.97,0.607,0.71,0.94,0.99,0.885,0.63,2600,1,230,0.92,0.76,210,85,0.8847
Switzerland,0.548,0.79,0.173,0.78,0.883,0.82,0.265,0.58,0.554,0.75,0.607,0.99,0.94,0.76,0.885,0.98,2600,1,240,0.88,0.78,220,90,0.8438
Singapore,0.838,0.91,0.751,0.72,0.998,0.98,0.769,0.85,0.202,0.79,0.278,0.94,0.302,0.97,0.923,0.79,900,1,155,0.9,0.94,145,50,0.9198
Rome,0.838,0.97,0.751,0.99,0.998,0.96,0.769,0.78,0.202,0.91,0.278,0.62,0.302,0.76,0.923,0.48,900,1,145,0.91,0.9,125,55,0.8553
Tokyo,0.838,0.9,0.751,0.91,0.998,0.99,0.769,0.96,0.202,0.88,0.278,0.74,0.302,0.99,0.923,0.71,900,1,165,0.91,0.79,135,60,0.8892
London,0.728,0.94,0.899,0.97,0.868,0.91,0.023,0.95,0.149,0.98,0.577,0.76,0.779,0.98,0.73,0.55,1800,0,210,0.89,0.64,190,75,0.8226
Amsterdam,0.728,0.91,0.899,0.88,0.868,0.79,0.023,0.92,0.149,0.95,0.577,0.78,0.779,0.86,0.73,0.65,1800,0,175,0.96,0.68,155,65,0.8283
Singapore,0.728,0.91,0.899,0.72,0.868,0.98,0.023,0.85,0.149,0.79,0.577,0.94,0.779,0.97,0.73,0.79,1800,0,155,0.9,0.94,145,50,0.8713
Paris,0.057,0.98,0.823,0.95,0.912,0.97,0.577,0.82,0.992,0.99,0.083,0.65,0.687,0.92,0.5,0.45,900,0,180,0.95,0.82,160,70,0.8446
Switzerland,0.057,0.79,0.823,0.78,0.912,0.82,0.577,0.58,0.992,0.75,0.083,0.99,0.687,0.76,0.5,0.98,900,0,240,0.88,0.78,220,90,0.8138
Barcelona,0.057,0.96,0.823,0.84,0.912,0.94,0.577,0.96,0.992,0.82,0.083,0.82,0.687,0.88,0.5,0.72,900,0,150,0.93,0.94,130,58,0.8839
Bali,0.057,0.73,0.823,0.76,0.912,0.91,0.577,0.87,0.992,0.51,0.083,0.99,0.687,0.72,0.5,0.98,900,0,90,0.62,0.95,70,35,0.8308
Rome,0.057,0.97,0.823,0.99,0.912,0.96,0.577,0.78,0.992,0.91,0.083,0.62,0.687,0.76,0.5,0.48,900,0,145,0.91,0.9,125,55,0.8423
Singapore,0.057,0.91,0.823,0.72,0.912,0.98,0.577,0.85,0.992,0.79,0.083,0.94,0.687,0.97,0.5,0.79,900,0,155,0.9,0.94,145,50,0.8686
Istanbul,0.14,0.94,0.115,0.98,0.771,0.94,0.673,0.89,0.116,0.84,0.383,0.71,0.105,0.91,0.913,0.58,700,0,85,0.84,0.88,65,32,0.8373
Paris,0.14,0.98,0.115,0.95,0.771,0.97,0.673,0.82,0.116,0.99,0.383,0.65,0.105,0.92,0.913,0.45,700,0,180,0.95,0.82,160,70,0.796
Singapore,0.14,0.91,0.115,0.72,0.771,0.98,0.673,0.85,0.116,0.79,0.383,0.94,0.105,0.97,0.913,0.79,700,0,155,0.9,0.94,145,50,0.8904
Barcelona,0.14,0.96,0.115,0.84,0.771,0.94,0.673,0.96,0.116,0.82,0.383,0.82,0.105,0.88,0.913,0.72,700,0,150,0.93,0.94,130,58,0.844
Tokyo,0.14,0.9,0.115,0.91,0.771,0.99,0.673,0.96,0.116,0.88,0.383,0.74,0.105,0.99,0.913,0.71,700,0,165,0.91,0.79,135,60,0.8534
Bali,0.14,0.73,0.115,0.76,0.771,0.91,0.673,0.87,0.116,0.51,0.383,0.99,0.105,0.72,0.913,0.98,700,0,90,0.62,0.95,70,35,0.8948
Dubai,0.14,0.96,0.115,0.63,0.771,0.91,0.673,0.92,0.116,0.72,0.383,0.68,0.105,0.99,0.913,0.91,700,0,190,0.58,0.96,175,70,0.8464
Barcelona,0.572,0.96,0.431,0.84,0.337,0.94,0.536,0.96,0.66,0.82,0.455,0.82,0.877,0.88,0.811,0.72,900,0,150,0.93,0.94,130,58,0.873
Rome,0.572,0.97,0.431,0.99,0.337,0.96,0.536,0.78,0.66,0.91,0.455,0.62,0.877,0.76,0.811,0.48,900,0,145,0.91,0.9,125,55,0.8187
Switzerland,0.572,0.79,0.431,0.78,0.337,0.82,0.536,0.58,0.66,0.75,0.455,0.99,0.877,0.76,0.811,0.98,900,0,240,0.88,0.78,220,90,0.8192
London,0.572,0.94,0.431,0.97,0.337,0.91,0.536,0.95,0.66,0.98,0.455,0.76,0.877,0.98,0.811,0.55,900,0,210,0.89,0.64,190,75,0.8179
Paris,0.572,0.98,0.431,0.95,0.337,0.97,0.536,0.82,0.66,0.99,0.455,0.65,0.877,0.92,0.811,0.45,900,0,180,0.95,0.82,160,70,0.8185
Rome,0.009,0.97,0.665,0.99,0.982,0.96,0.15,0.78,0.287,0.91,0.129,0.62,0.84,0.76,0.591,0.48,1800,1,145,0.91,0.9,125,55,0.8861
Switzerland,0.009,0.79,0.665,0.78,0.982,0.82,0.15,0.58,0.287,0.75,0.129,0.99,0.84,0.76,0.591,0.98,1800,1,240,0.88,0.78,220,90,0.8594
Paris,0.009,0.98,0.665,0.95,0.982,0.97,0.15,0.82,0.287,0.99,0.129,0.65,0.84,0.92,0.591,0.45,1800,1,180,0.95,0.82,160,70,0.9061
Amsterdam,0.009,0.91,0.665,0.88,0.982,0.79,0.15,0.92,0.287,0.95,0.129,0.78,0.84,0.86,0.591,0.65,1800,1,175,0.96,0.68,155,65,0.8684
Tokyo,0.009,0.9,0.665,0.91,0.982,0.99,0.15,0.96,0.287,0.88,0.129,0.74,0.84,0.99,0.591,0.71,1800,1,165,0.91,0.79,135,60,0.9032
Istanbul,0.009,0.94,0.665,0.98,0.982,0.94,0.15,0.89,0.287,0.84,0.129,0.71,0.84,0.91,0.591,0.58,1800,1,85,0.84,0.88,65,32,0.8882
Istanbul,0.142,0.94,0.191,0.98,0.935,0.94,0.55,0.89,0.54,0.84,0.387,0.71,0.763,0.91,0.13,0.58,700,1,85,0.84,0.88,65,32,0.8797
Barcelona,0.142,0.96,0.191,0.84,0.935,0.94,0.55,0.96,0.54,0.82,0.387,0.82,0.763,0.88,0.13,0.72,700,1,150,0.93,0.94,130,58,0.9186
Paris,0.142,0.98,0.191,0.95,0.935,0.97,0.55,0.82,0.54,0.99,0.387,0.65,0.763,0.92,0.13,0.45,700,1,180,0.95,0.82,160,70,0.8866
Bali,0.123,0.73,0.614,0.76,0.479,0.91,0.558,0.87,0.278,0.51,0.166,0.99,0.619,0.72,0.443,0.98,900,1,90,0.62,0.95,70,35,0.8623
Paris,0.123,0.98,0.614,0.95,0.479,0.97,0.558,0.82,0.278,0.99,0.166,0.65,0.619,0.92,0.443,0.45,900,1,180,0.95,0.82,160,70,0.8867
Dubai,0.123,0.96,0.614,0.63,0.479,0.91,0.558,0.92,0.278,0.72,0.166,0.68,0.619,0.99,0.443,0.91,900,1,190,0.58,0.96,175,70,0.8854
Amsterdam,0.123,0.91,0.614,0.88,0.479,0.79,0.558,0.92,0.278,0.95,0.166,0.78,0.619,0.86,0.443,0.65,900,1,175,0.96,0.68,155,65,0.8488
Barcelona,0.123,0.96,0.614,0.84,0.479,0.94,0.558,0.96,0.278,0.82,0.166,0.82,0.619,0.88,0.443,0.72,900,1,150,0.93,0.94,130,58,0.8989
Rome,0.123,0.97,0.614,0.99,0.479,0.96,0.558,0.78,0.278,0.91,0.166,0.62,0.619,0.76,0.443,0.48,900,1,145,0.91,0.9,125,55,0.8905
Singapore,0.159,0.91,0.879,0.72,0.632,0.98,0.008,0.85,0.701,0.79,0.866,0.94,0.032,0.97,0.059,0.79,700,1,155,0.9,0.94,145,50,0.8869
Bali,0.159,0.73,0.879,0.76,0.632,0.91,0.008,0.87,0.701,0.51,0.866,0.99,0.032,0.72,0.059,0.98,700,1,90,0.62,0.95,70,35,0.814
Istanbul,0.159,0.94,0.879,0.98,0.632,0.94,0.008,0.89,0.701,0.84,0.866,0.71,0.032,0.91,0.059,0.58,700,1,85,0.84,0.88,65,32,0.887
Tokyo,0.159,0.9,0.879,0.91,0.632,0.99,0.008,0.96,0.701,0.88,0.866,0.74,0.032,0.99,0.059,0.71,700,1,165,0.91,0.79,135,60,0.9018
Dubai,0.159,0.96,0.879,0.63,0.632,0.91,0.008,0.92,0.701,0.72,0.866,0.68,0.032,0.99,0.059,0.91,700,1,190,0.58,0.96,175,70,0.8228
Switzerland,0.159,0.79,0.879,0.78,0.632,0.82,0.008,0.58,0.701,0.75,0.866,0.99,0.032,0.76,0.059,0.98,700,1,240,0.88,0.78,220,90,0.8631
Paris,0.425,0.98,0.172,0.95,0.246,0.97,0.48,0.82,0.106,0.99,0.837,0.65,0.251,0.92,0.434,0.45,900,0,180,0.95,0.82,160,70,0.8124
Rome,0.425,0.97,0.172,0.99,0.246,0.96,0.48,0.78,0.106,0.91,0.837,0.62,0.251,0.76,0.434,0.48,900,0,145,0.91,0.9,125,55,0.8007
New York,0.425,0.94,0.172,0.82,0.246,0.96,0.48,0.99,0.106,0.97,0.837,0.71,0.251,0.99,0.434,0.63,900,0,230,0.92,0.76,210,85,0.824
Switzerland,0.425,0.79,0.172,0.78,0.246,0.82,0.48,0.58,0.106,0.75,0.837,0.99,0.251,0.76,0.434,0.98,900,0,240,0.88,0.78,220,90,0.8176
Istanbul,0.425,0.94,0.172,0.98,0.246,0.94,0.48,0.89,0.106,0.84,0.837,0.71,0.251,0.91,0.434,0.58,900,0,85,0.84,0.88,65,32,0.8214
Bali,0.425,0.73,0.172,0.76,0.246,0.91,0.48,0.87,0.106,0.51,0.837,0.99,0.251,0.72,0.434,0.98,900,0,90,0.62,0.95,70,35,0.8566
Singapore,0.425,0.91,0.172,0.72,0.246,0.98,0.48,0.85,0.106,0.79,0.837,0.94,0.251,0.97,0.434,0.79,900,0,155,0.9,0.94,145,50,0.8982
Istanbul,0.489,0.94,0.424,0.98,0.043,0.94,0.013,0.89,0.097,0.84,0.727,0.71,0.366,0.91,0.107,0.58,700,0,85,0.84,0.88,65,32,0.8468
Paris,0.489,0.98,0.424,0.95,0.043,0.97,0.013,0.82,0.097,0.99,0.727,0.65,0.366,0.92,0.107,0.45,700,0,180,0.95,0.82,160,70,0.8273
Singapore,0.489,0.91,0.424,0.72,0.043,0.98,0.013,0.85,0.097,0.79,0.727,0.94,0.366,0.97,0.107,0.79,700,0,155,0.9,0.94,145,50,0.8545
Rome,0.489,0.97,0.424,0.99,0.043,0.96,0.013,0.78,0.097,0.91,0.727,0.62,0.366,0.76,0.107,0.48,700,0,145,0.91,0.9,125,55,0.798
Amsterdam,0.489,0.91,0.424,0.88,0.043,0.79,0.013,0.92,0.097,0.95,0.727,0.78,0.366,0.86,0.107,0.65,700,0,175,0.96,0.68,155,65,0.8337
Istanbul,0.332,0.94,0.969,0.98,0.813,0.94,0.288,0.89,0.97,0.84,0.954,0.71,0.492,0.91,0.199,0.58,2200,0,85,0.84,0.88,65,32,0.8326
Amsterdam,0.332,0.91,0.969,0.88,0.813,0.79,0.288,0.92,0.97,0.95,0.954,0.78,0.492,0.86,0.199,0.65,2200,0,175,0.96,0.68,155,65,0.8266
Paris,0.332,0.98,0.969,0.95,0.813,0.97,0.288,0.82,0.97,0.99,0.954,0.65,0.492,0.92,0.199,0.45,2200,0,180,0.95,0.82,160,70,0.8499
Bali,0.859,0.73,0.676,0.76,0.447,0.91,0.703,0.87,0.596,0.51,0.496,0.99,0.205,0.72,0.561,0.98,1800,0,90,0.62,0.95,70,35,0.8484
Dubai,0.859,0.96,0.676,0.63,0.447,0.91,0.703,0.92,0.596,0.72,0.496,0.68,0.205,0.99,0.561,0.91,1800,0,190,0.58,0.96,175,70,0.8627
Barcelona,0.859,0.96,0.676,0.84,0.447,0.94,0.703,0.96,0.596,0.82,0.496,0.82,0.205,0.88,0.561,0.72,1800,0,150,0.93,0.94,130,58,0.8874
Singapore,0.859,0.91,0.676,0.72,0.447,0.98,0.703,0.85,0.596,0.79,0.496,0.94,0.205,0.97,0.561,0.79,1800,0,155,0.9,0.94,145,50,0.8537
Dubai,0.149,0.96,0.353,0.63,0.064,0.91,0.241,0.92,0.138,0.72,0.854,0.68,0.019,0.99,0.058,0.91,1500,1,190,0.58,0.96,175,70,0.7792
Rome,0.149,0.97,0.353,0.99,0.064,0.96,0.241,0.78,0.138,0.91,0.854,0.62,0.019,0.76,0.058,0.48,1500,1,145,0.91,0.9,125,55,0.8226
London,0.149,0.94,0.353,0.97,0.064,0.91,0.241,0.95,0.138,0.98,0.854,0.76,0.019,0.98,0.058,0.55,1500,1,210,0.89,0.64,190,75,0.8635
Tokyo,0.149,0.9,0.353,0.91,0.064,0.99,0.241,0.96,0.138,0.88,0.854,0.74,0.019,0.99,0.058,0.71,1500,1,165,0.91,0.79,135,60,0.8693
Paris,0.149,0.98,0.353,0.95,0.064,0.97,0.241,0.82,0.138,0.99,0.854,0.65,0.019,0.92,0.058,0.45,1500,1,180,0.95,0.82,160,70,0.8476
Istanbul,0.149,0.94,0.353,0.98,0.064,0.94,0.241,0.89,0.138,0.84,0.854,0.71,0.019,0.91,0.058,0.58,1500,1,85,0.84,0.88,65,32,0.8833
Amsterdam,0.037,0.91,0.749,0.88,0.263,0.79,0.236,0.92,0.768,0.95,0.552,0.78,0.821,0.86,0.563,0.65,1500,0,175,0.96,0.68,155,65,0.799
Switzerland,0.037,0.79,0.749,0.78,0.263,0.82,0.236,0.58,0.768,0.75,0.552,0.99,0.821,0.76,0.563,0.98,1500,0,240,0.88,0.78,220,90,0.8245
Rome,0.037,0.97,0.749,0.99,0.263,0.96,0.236,0.78,0.768,0.91,0.552,0.62,0.821,0.76,0.563,0.48,1500,0,145,0.91,0.9,125,55,0.8138
Tokyo,0.037,0.9,0.749,0.91,0.263,0.99,0.236,0.96,0.768,0.88,0.552,0.74,0.821,0.99,0.563,0.71,1500,0,165,0.91,0.79,135,60,0.8706
Barcelona,0.037,0.96,0.749,0.84,0.263,0.94,0.236,0.96,0.768,0.82,0.552,0.82,0.821,0.88,0.563,0.72,1500,0,150,0.93,0.94,130,58,0.8376
Singapore,0.83,0.91,0.822,0.72,0.929,0.98,0.395,0.85,0.606,0.79,0.99,0.94,0.639,0.97,0.648,0.79,1300,1,155,0.9,0.94,145,50,0.9223
Switzerland,0.83,0.79,0.822,0.78,0.929,0.82,0.395,0.58,0.606,0.75,0.99,0.99,0.639,0.76,0.648,0.98,1300,1,240,0.88,0.78,220,90,0.8421
Rome,0.83,0.97,0.822,0.99,0.929,0.96,0.395,0.78,0.606,0.91,0.99,0.62,0.639,0.76,0.648,0.48,1300,1,145,0.91,0.9,125,55,0.891
Dubai,0.83,0.96,0.822,0.63,0.929,0.91,0.395,0.92,0.606,0.72,0.99,0.68,0.639,0.99,0.648,0.91,1300,1,190,0.58,0.96,175,70,0.874
New York,0.83,0.94,0.822,0.82,0.929,0.96,0.395,0.99,0.606,0.97,0.99,0.71,0.639,0.99,0.648,0.63,1300,1,230,0.92,0.76,210,85,0.8695
London,0.83,0.94,0.822,0.97,0.929,0.91,0.395,0.95,0.606,0.98,0.99,0.76,0.639,0.98,0.648,0.55,1300,1,210,0.89,0.64,190,75,0.8773
Istanbul,0.83,0.94,0.822,0.98,0.929,0.94,0.395,0.89,0.606,0.84,0.99,0.71,0.639,0.91,0.648,0.58,1300,1,85,0.84,0.88,65,32,0.9046
Singapore,0.485,0.91,0.571,0.72,0.248,0.98,0.831,0.85,0.762,0.79,0.437,0.94,0.211,0.97,0.689,0.79,1500,0,155,0.9,0.94,145,50,0.831
Paris,0.485,0.98,0.571,0.95,0.248,0.97,0.831,0.82,0.762,0.99,0.437,0.65,0.211,0.92,0.689,0.45,1500,0,180,0.95,0.82,160,70,0.8112
Rome,0.485,0.97,0.571,0.99,0.248,0.96,0.831,0.78,0.762,0.91,0.437,0.62,0.211,0.76,0.689,0.48,1500,0,145,0.91,0.9,125,55,0.7962
London,0.485,0.94,0.571,0.97,0.248,0.91,0.831,0.95,0.762,0.98,0.437,0.76,0.211,0.98,0.689,0.55,1500,0,210,0.89,0.64,190,75,0.8349
Barcelona,0.485,0.96,0.571,0.84,0.248,0.94,0.831,0.96,0.762,0.82,0.437,0.82,0.211,0.88,0.689,0.72,1500,0,150,0.93,0.94,130,58,0.8802
Amsterdam,0.485,0.91,0.571,0.88,0.248,0.79,0.831,0.92,0.762,0.95,0.437,0.78,0.211,0.86,0.689,0.65,1500,0,175,0.96,0.68,155,65,0.8451
Tokyo,0.485,0.9,0.571,0.91,0.248,0.99,0.831,0.96,0.762,0.88,0.437,0.74,0.211,0.99,0.689,0.71,1500,0,165,0.91,0.79,135,60,0.8324
Switzerland,0.411,0.79,0.841,0.78,0.661,0.82,0.659,0.58,0.631,0.75,0.66,0.99,0.259,0.76,0.85,0.98,900,0,240,0.88,0.78,220,90,0.8382
Bali,0.411,0.73,0.841,0.76,0.661,0.91,0.659,0.87,0.631,0.51,0.66,0.99,0.259,0.72,0.85,0.98,900,0,90,0.62,0.95,70,35,0.8607
Istanbul,0.411,0.94,0.841,0.98,0.661,0.94,0.659,0.89,0.631,0.84,0.66,0.71,0.259,0.91,0.85,0.58,900,0,85,0.84,0.88,65,32,0.8175
New York,0.411,0.94,0.841,0.82,0.661,0.96,0.659,0.99,0.631,0.97,0.66,0.71,0.259,0.99,0.85,0.63,900,0,230,0.92,0.76,210,85,0.8343
Singapore,0.411,0.91,0.841,0.72,0.661,0.98,0.659,0.85,0.631,0.79,0.66,0.94,0.259,0.97,0.85,0.79,900,0,155,0.9,0.94,145,50,0.8305
New York,0.836,0.94,0.504,0.82,0.588,0.96,0.29,0.99,0.661,0.97,0.031,0.71,0.82,0.99,0.071,0.63,2200,1,230,0.92,0.76,210,85,0.9539
Barcelona,0.836,0.96,0.504,0.84,0.588,0.94,0.29,0.96,0.661,0.82,0.031,0.82,0.82,0.88,0.071,0.72,2200,1,150,0.93,0.94,130,58,0.9424
Switzerland,0.836,0.79,0.504,0.78,0.588,0.82,0.29,0.58,0.661,0.75,0.031,0.99,0.82,0.76,0.071,0.98,2200,1,240,0.88,0.78,220,90,0.8285
Rome,0.836,0.97,0.504,0.99,0.588,0.96,0.29,0.78,0.661,0.91,0.031,0.62,0.82,0.76,0.071,0.48,2200,1,145,0.91,0.9,125,55,0.9262
Singapore,0.836,0.91,0.504,0.72,0.588,0.98,0.29,0.85,0.661,0.79,0.031,0.94,0.82,0.97,0.071,0.79,2200,1,155,0.9,0.94,145,50,0.8993
Singapore,0.983,0.91,0.973,0.72,0.374,0.98,0.933,0.85,0.539,0.79,0.062,0.94,0.026,0.97,0.54,0.79,2200,1,155,0.9,0.94,145,50,0.8779
Switzerland,0.983,0.79,0.973,0.78,0.374,0.82,0.933,0.58,0.539,0.75,0.062,0.99,0.026,0.76,0.54,0.98,2200,1,240,0.88,0.78,220,90,0.8055
Rome,0.983,0.97,0.973,0.99,0.374,0.96,0.933,0.78,0.539,0.91,0.062,0.62,0.026,0.76,0.54,0.48,2200,1,145,0.91,0.9,125,55,0.902
Barcelona,0.983,0.96,0.973,0.84,0.374,0.94,0.933,0.96,0.539,0.82,0.062,0.82,0.026,0.88,0.54,0.72,2200,1,150,0.93,0.94,130,58,0.8965
Amsterdam,0.983,0.91,0.973,0.88,0.374,0.79,0.933,0.92,0.539,0.95,0.062,0.78,0.026,0.86,0.54,0.65,2200,1,175,0.96,0.68,155,65,0.8913
Bali,0.084,0.73,0.158,0.76,0.891,0.91,0.674,0.87,0.59,0.51,0.791,0.99,0.6,0.72,0.423,0.98,1100,1,90,0.62,0.95,70,35,0.8614
Switzerland,0.084,0.79,0.158,0.78,0.891,0.82,0.674,0.58,0.59,0.75,0.791,0.99,0.6,0.76,0.423,0.98,1100,1,240,0.88,0.78,220,90,0.8379
Singapore,0.084,0.91,0.158,0.72,0.891,0.98,0.674,0.85,0.59,0.79,0.791,0.94,0.6,0.97,0.423,0.79,1100,1,155,0.9,0.94,145,50,0.9009
Paris,0.084,0.98,0.158,0.95,0.891,0.97,0.674,0.82,0.59,0.99,0.791,0.65,0.6,0.92,0.423,0.45,1100,1,180,0.95,0.82,160,70,0.8945
London,0.084,0.94,0.158,0.97,0.891,0.91,0.674,0.95,0.59,0.98,0.791,0.76,0.6,0.98,0.423,0.55,1100,1,210,0.89,0.64,190,75,0.8572
New York,0.084,0.94,0.158,0.82,0.891,0.96,0.674,0.99,0.59,0.97,0.791,0.71,0.6,0.99,0.423,0.63,1100,1,230,0.92,0.76,210,85,0.9029
Tokyo,0.112,0.9,0.427,0.91,0.494,0.99,0.552,0.96,0.248,0.88,0.488,0.74,0.674,0.99,0.808,0.71,1300,1,165,0.91,0.79,135,60,0.9022
Rome,0.112,0.97,0.427,0.99,0.494,0.96,0.552,0.78,0.248,0.91,0.488,0.62,0.674,0.76,0.808,0.48,1300,1,145,0.91,0.9,125,55,0.8522
Singapore,0.112,0.91,0.427,0.72,0.494,0.98,0.552,0.85,0.248,0.79,0.488,0.94,0.674,0.97,0.808,0.79,1300,1,155,0.9,0.94,145,50,0.9274
Dubai,0.112,0.96,0.427,0.63,0.494,0.91,0.552,0.92,0.248,0.72,0.488,0.68,0.674,0.99,0.808,0.91,1300,1,190,0.58,0.96,175,70,0.8764
Barcelona,0.112,0.96,0.427,0.84,0.494,0.94,0.552,0.96,0.248,0.82,0.488,0.82,0.674,0.88,0.808,0.72,1300,1,150,0.93,0.94,130,58,0.8872
Bali,0.112,0.73,0.427,0.76,0.494,0.91,0.552,0.87,0.248,0.51,0.488,0.99,0.674,0.72,0.808,0.98,1300,1,90,0.62,0.95,70,35,0.8709
Tokyo,0.384,0.9,0.249,0.91,0.265,0.99,0.612,0.96,0.026,0.88,0.453,0.74,0.312,0.99,0.065,0.71,700,0,165,0.91,0.79,135,60,0.8835
Rome,0.384,0.97,0.249,0.99,0.265,0.96,0.612,0.78,0.026,0.91,0.453,0.62,0.312,0.76,0.065,0.48,700,0,145,0.91,0.9,125,55,0.8441
Dubai,0.384,0.96,0.249,0.63,0.265,0.91,0.612,0.92,0.026,0.72,0.453,0.68,0.312,0.99,0.065,0.91,700,0,190,0.58,0.96,175,70,0.8547
Barcelona,0.384,0.96,0.249,0.84,0.265,0.94,0.612,0.96,0.026,0.82,0.453,0.82,0.312,0.88,0.065,0.72,700,0,150,0.93,0.94,130,58,0.8859
New York,0.384,0.94,0.249,0.82,0.265,0.96,0.612,0.99,0.026,0.97,0.453,0.71,0.312,0.99,0.065,0.63,700,0,230,0.92,0.76,210,85,0.8454
Singapore,0.384,0.91,0.249,0.72,0.265,0.98,0.612,0.85,0.026,0.79,0.453,0.94,0.312,0.97,0.065,0.79,700,0,155,0.9,0.94,145,50,0.8789
London,0.384,0.94,0.249,0.97,0.265,0.91,0.612,0.95,0.026,0.98,0.453,0.76,0.312,0.98,0.065,0.55,700,0,210,0.89,0.64,190,75,0.8594
Barcelona,0.789,0.96,0.222,0.84,0.535,0.94,0.533,0.96,0.502,0.82,0.614,0.82,0.88,0.88,0.137,0.72,1500,1,150,0.93,0.94,130,58,0.9269
New York,0.789,0.94,0.222,0.82,0.535,0.96,0.533,0.99,0.502,0.97,0.614,0.71,0.88,0.99,0.137,0.63,1500,1,230,0.92,0.76,210,85,0.8939
Singapore,0.789,0.91,0.222,0.72,0.535,0.98,0.533,0.85,0.502,0.79,0.614,0.94,0.88,0.97,0.137,0.79,1500,1,155,0.9,0.94,145,50,0.914
Rome,0.789,0.97,0.222,0.99,0.535,0.96,0.533,0.78,0.502,0.91,0.614,0.62,0.88,0.76,0.137,0.48,1500,1,145,0.91,0.9,125,55,0.8634
Dubai,0.789,0.96,0.222,0.63,0.535,0.91,0.533,0.92,0.502,0.72,0.614,0.68,0.88,0.99,0.137,0.91,1500,1,190,0.58,0.96,175,70,0.8903
Paris,0.789,0.98,0.222,0.95,0.535,0.97,0.533,0.82,0.502,0.99,0.614,0.65,0.88,0.92,0.137,0.45,1500,1,180,0.95,0.82,160,70,0.9095
Amsterdam,0.757,0.91,0.725,0.88,0.358,0.79,0.755,0.92,0.6,0.95,0.815,0.78,0.999,0.86,0.873,0.65,2200,0,175,0.96,0.68,155,65,0.8136
Singapore,0.757,0.91,0.725,0.72,0.358,0.98,0.755,0.85,0.6,0.79,0.815,0.94,0.999,0.97,0.873,0.79,2200,0,155,0.9,0.94,145,50,0.8885
Dubai,0.757,0.96,0.725,0.63,0.358,0.91,0.755,0.92,0.6,0.72,0.815,0.68,0.999,0.99,0.873,0.91,2200,0,190,0.58,0.96,175,70,0.8305
Paris,0.757,0.98,0.725,0.95,0.358,0.97,0.755,0.82,0.6,0.99,0.815,0.65,0.999,0.92,0.873,0.45,2200,0,180,0.95,0.82,160,70,0.8127
London,0.556,0.94,0.094,0.97,0.332,0.91,0.83,0.95,0.022,0.98,0.166,0.76,0.906,0.98,0.278,0.55,1500,1,210,0.89,0.64,190,75,0.8946
Rome,0.556,0.97,0.094,0.99,0.332,0.96,0.83,0.78,0.022,0.91,0.166,0.62,0.906,0.76,0.278,0.48,1500,1,145,0.91,0.9,125,55,0.8678
Bali,0.556,0.73,0.094,0.76,0.332,0.91,0.83,0.87,0.022,0.51,0.166,0.99,0.906,0.72,0.278,0.98,1500,1,90,0.62,0.95,70,35,0.866
Switzerland,0.556,0.79,0.094,0.78,0.332,0.82,0.83,0.58,0.022,0.75,0.166,0.99,0.906,0.76,0.278,0.98,1500,1,240,0.88,0.78,220,90,0.8296
Bali,0.274,0.73,0.788,0.76,0.416,0.91,0.845,0.87,0.47,0.51,0.74,0.99,0.897,0.72,0.931,0.98,900,0,90,0.62,0.95,70,35,0.8446
New York,0.274,0.94,0.788,0.82,0.416,0.96,0.845,0.99,0.47,0.97,0.74,0.71,0.897,0.99,0.931,0.63,900,0,230,0.92,0.76,210,85,0.8631
Istanbul,0.274,0.94,0.788,0.98,0.416,0.94,0.845,0.89,0.47,0.84,0.74,0.71,0.897,0.91,0.931,0.58,900,0,85,0.84,0.88,65,32,0.8474
Switzerland,0.274,0.79,0.788,0.78,0.416,0.82,0.845,0.58,0.47,0.75,0.74,0.99,0.897,0.76,0.931,0.98,900,0,240,0.88,0.78,220,90,0.8322
Paris,0.274,0.98,0.788,0.95,0.416,0.97,0.845,0.82,0.47,0.99,0.74,0.65,0.897,0.92,0.931,0.45,900,0,180,0.95,0.82,160,70,0.8118
London,0.551,0.94,0.097,0.97,0.08,0.91,0.271,0.95,0.517,0.98,0.995,0.76,0.787,0.98,0.84,0.55,1100,1,210,0.89,0.64,190,75,0.8753
New York,0.551,0.94,0.097,0.82,0.08,0.96,0.271,0.99,0.517,0.97,0.995,0.71,0.787,0.99,0.84,0.63,1100,1,230,0.92,0.76,210,85,0.8643
Dubai,0.551,0.96,0.097,0.63,0.08,0.91,0.271,0.92,0.517,0.72,0.995,0.68,0.787,0.99,0.84,0.91,1100,1,190,0.58,0.96,175,70,0.8681
Switzerland,0.551,0.79,0.097,0.78,0.08,0.82,0.271,0.58,0.517,0.75,0.995,0.99,0.787,0.76,0.84,0.98,1100,1,240,0.88,0.78,220,90,0.8745
Amsterdam,0.551,0.91,0.097,0.88,0.08,0.79,0.271,0.92,0.517,0.95,0.995,0.78,0.787,0.86,0.84,0.65,1100,1,175,0.96,0.68,155,65,0.877
Tokyo,0.551,0.9,0.097,0.91,0.08,0.99,0.271,0.96,0.517,0.88,0.995,0.74,0.787,0.99,0.84,0.71,1100,1,165,0.91,0.79,135,60,0.8701
Switzerland,0.312,0.79,0.893,0.78,0.09,0.82,0.34,0.58,0.261,0.75,0.314,0.99,0.66,0.76,0.111,0.98,1100,0,240,0.88,0.78,220,90,0.7845
Singapore,0.312,0.91,0.893,0.72,0.09,0.98,0.34,0.85,0.261,0.79,0.314,0.94,0.66,0.97,0.111,0.79,1100,0,155,0.9,0.94,145,50,0.8753
Tokyo,0.312,0.9,0.893,0.91,0.09,0.99,0.34,0.96,0.261,0.88,0.314,0.74,0.66,0.99,0.111,0.71,1100,0,165,0.91,0.79,135,60,0.8925
Tokyo,0.044,0.9,0.113,0.91,0.474,0.99,0.422,0.96,0.728,0.88,0.227,0.74,0.596,0.99,0.753,0.71,2200,0,165,0.91,0.79,135,60,0.8602
Amsterdam,0.044,0.91,0.113,0.88,0.474,0.79,0.422,0.92,0.728,0.95,0.227,0.78,0.596,0.86,0.753,0.65,2200,0,175,0.96,0.68,155,65,0.805
Dubai,0.044,0.96,0.113,0.63,0.474,0.91,0.422,0.92,0.728,0.72,0.227,0.68,0.596,0.99,0.753,0.91,2200,0,190,0.58,0.96,175,70,0.8669
Barcelona,0.044,0.96,0.113,0.84,0.474,0.94,0.422,0.96,0.728,0.82,0.227,0.82,0.596,0.88,0.753,0.72,2200,0,150,0.93,0.94,130,58,0.8451
Rome,0.044,0.97,0.113,0.99,0.474,0.96,0.422,0.78,0.728,0.91,0.227,0.62,0.596,0.76,0.753,0.48,2200,0,145,0.91,0.9,125,55,0.7723
London,0.044,0.94,0.113,0.97,0.474,0.91,0.422,0.95,0.728,0.98,0.227,0.76,0.596,0.98,0.753,0.55,2200,0,210,0.89,0.64,190,75,0.8027
Bali,0.656,0.73,0.572,0.76,0.807,0.91,0.299,0.87,0.971,0.51,0.25,0.99,0.047,0.72,0.921,0.98,2200,1,90,0.62,0.95,70,35,0.8473
Dubai,0.656,0.96,0.572,0.63,0.807,0.91,0.299,0.92,0.971,0.72,0.25,0.68,0.047,0.99,0.921,0.91,2200,1,190,0.58,0.96,175,70,0.84
Switzerland,0.656,0.79,0.572,0.78,0.807,0.82,0.299,0.58,0.971,0.75,0.25,0.99,0.047,0.76,0.921,0.98,2200,1,240,0.88,0.78,220,90,0.8343
Singapore,0.656,0.91,0.572,0.72,0.807,0.98,0.299,0.85,0.971,0.79,0.25,0.94,0.047,0.97,0.921,0.79,2200,1,155,0.9,0.94,145,50,0.9065
Istanbul,0.656,0.94,0.572,0.98,0.807,0.94,0.299,0.89,0.971,0.84,0.25,0.71,0.047,0.91,0.921,0.58,2200,1,85,0.84,0.88,65,32,0.8629
Paris,0.656,0.98,0.572,0.95,0.807,0.97,0.299,0.82,0.971,0.99,0.25,0.65,0.047,0.92,0.921,0.45,2200,1,180,0.95,0.82,160,70,0.8767
Barcelona,0.656,0.96,0.572,0.84,0.807,0.94,0.299,0.96,0.971,0.82,0.25,0.82,0.047,0.88,0.921,0.72,2200,1,150,0.93,0.94,130,58,0.8925
Amsterdam,0.756,0.91,0.34,0.88,0.892,0.79,0.571,0.92,0.783,0.95,0.309,0.78,0.319,0.86,0.221,0.65,700,1,175,0.96,0.68,155,65,0.9011
Tokyo,0.756,0.9,0.34,0.91,0.892,0.99,0.571,0.96,0.783,0.88,0.309,0.74,0.319,0.99,0.221,0.71,700,1,165,0.91,0.79,135,60,0.9298
London,0.756,0.94,0.34,0.97,0.892,0.91,0.571,0.95,0.783,0.98,0.309,0.76,0.319,0.98,0.221,0.55,700,1,210,0.89,0.64,190,75,0.9192
Dubai,0.756,0.96,0.34,0.63,0.892,0.91,0.571,0.92,0.783,0.72,0.309,0.68,0.319,0.99,0.221,0.91,700,1,190,0.58,0.96,175,70,0.849
Rome,0.419,0.97,0.701,0.99,0.054,0.96,0.396,0.78,0.334,0.91,0.608,0.62,0.229,0.76,0.054,0.48,2200,0,145,0.91,0.9,125,55,0.8268
Barcelona,0.419,0.96,0.701,0.84,0.054,0.94,0.396,0.96,0.334,0.82,0.608,0.82,0.229,0.88,0.054,0.72,2200,0,150,0.93,0.94,130,58,0.8798
Switzerland,0.419,0.79,0.701,0.78,0.054,0.82,0.396,0.58,0.334,0.75,0.608,0.99,0.229,0.76,0.054,0.98,2200,0,240,0.88,0.78,220,90,0.8046
London,0.419,0.94,0.701,0.97,0.054,0.91,0.396,0.95,0.334,0.98,0.608,0.76,0.229,0.98,0.054,0.55,2200,0,210,0.89,0.64,190,75,0.8831
Tokyo,0.478,0.9,0.657,0.91,0.311,0.99,0.134,0.96,0.316,0.88,0.067,0.74,0.028,0.99,0.079,0.71,1500,0,165,0.91,0.79,135,60,0.8745
New York,0.478,0.94,0.657,0.82,0.311,0.96,0.134,0.99,0.316,0.97,0.067,0.71,0.028,0.99,0.079,0.63,1500,0,230,0.92,0.76,210,85,0.8633
London,0.478,0.94,0.657,0.97,0.311,0.91,0.134,0.95,0.316,0.98,0.067,0.76,0.028,0.98,0.079,0.55,1500,0,210,0.89,0.64,190,75,0.8674
Barcelona,0.06,0.96,0.76,0.84,0.979,0.94,0.015,0.96,0.475,0.82,0.516,0.82,0.396,0.88,0.711,0.72,1100,0,150,0.93,0.94,130,58,0.8698
Bali,0.06,0.73,0.76,0.76,0.979,0.91,0.015,0.87,0.475,0.51,0.516,0.99,0.396,0.72,0.711,0.98,1100,0,90,0.62,0.95,70,35,0.838
Switzerland,0.06,0.79,0.76,0.78,0.979,0.82,0.015,0.58,0.475,0.75,0.516,0.99,0.396,0.76,0.711,0.98,1100,0,240,0.88,0.78,220,90,0.8582
Istanbul,0.897,0.94,0.931,0.98,0.273,0.94,0.135,0.89,0.718,0.84,0.793,0.71,0.853,0.91,0.639,0.58,2200,0,85,0.84,0.88,65,32,0.8323
Rome,0.897,0.97,0.931,0.99,0.273,0.96,0.135,0.78,0.718,0.91,0.793,0.62,0.853,0.76,0.639,0.48,2200,0,145,0.91,0.9,125,55,0.8153
Barcelona,0.897,0.96,0.931,0.84,0.273,0.94,0.135,0.96,0.718,0.82,0.793,0.82,0.853,0.88,0.639,0.72,2200,0,150,0.93,0.94,130,58,0.8687
Paris,0.897,0.98,0.931,0.95,0.273,0.97,0.135,0.82,0.718,0.99,0.793,0.65,0.853,0.92,0.639,0.45,2200,0,180,0.95,0.82,160,70,0.8594
New York,0.342,0.94,0.43,0.82,0.696,0.96,0.729,0.99,0.866,0.97,0.532,0.71,0.461,0.99,0.35,0.63,1100,1,230,0.92,0.76,210,85,0.9157
Barcelona,0.342,0.96,0.43,0.84,0.696,0.94,0.729,0.96,0.866,0.82,0.532,0.82,0.461,0.88,0.35,0.72,1100,1,150,0.93,0.94,130,58,0.9207
London,0.342,0.94,0.43,0.97,0.696,0.91,0.729,0.95,0.866,0.98,0.532,0.76,0.461,0.98,0.35,0.55,1100,1,210,0.89,0.64,190,75,0.8791
Switzerland,0.342,0.79,0.43,0.78,0.696,0.82,0.729,0.58,0.866,0.75,0.532,0.99,0.461,0.76,0.35,0.98,1100,1,240,0.88,0.78,220,90,0.8296
Rome,0.342,0.97,0.43,0.99,0.696,0.96,0.729,0.78,0.866,0.91,0.532,0.62,0.461,0.76,0.35,0.48,1100,1,145,0.91,0.9,125,55,0.8631
Amsterdam,0.797,0.91,0.98,0.88,0.268,0.79,0.031,0.92,0.945,0.95,0.254,0.78,0.653,0.86,0.285,0.65,2600,1,175,0.96,0.68,155,65,0.909
Rome,0.797,0.97,0.98,0.99,0.268,0.96,0.031,0.78,0.945,0.91,0.254,0.62,0.653,0.76,0.285,0.48,2600,1,145,0.91,0.9,125,55,0.8871
Switzerland,0.797,0.79,0.98,0.78,0.268,0.82,0.031,0.58,0.945,0.75,0.254,0.99,0.653,0.76,0.285,0.98,2600,1,240,0.88,0.78,220,90,0.8562
Barcelona,0.797,0.96,0.98,0.84,0.268,0.94,0.031,0.96,0.945,0.82,0.254,0.82,0.653,0.88,0.285,0.72,2600,1,150,0.93,0.94,130,58,0.9018
Amsterdam,0.77,0.91,0.615,0.88,0.736,0.79,0.977,0.92,0.682,0.95,0.621,0.78,0.816,0.86,0.085,0.65,2600,1,175,0.96,0.68,155,65,0.8853
Switzerland,0.77,0.79,0.615,0.78,0.736,0.82,0.977,0.58,0.682,0.75,0.621,0.99,0.816,0.76,0.085,0.98,2600,1,240,0.88,0.78,220,90,0.8051
London,0.77,0.94,0.615,0.97,0.736,0.91,0.977,0.95,0.682,0.98,0.621,0.76,0.816,0.98,0.085,0.55,2600,1,210,0.89,0.64,190,75,0.9265
Barcelona,0.77,0.96,0.615,0.84,0.736,0.94,0.977,0.96,0.682,0.82,0.621,0.82,0.816,0.88,0.085,0.72,2600,1,150,0.93,0.94,130,58,0.9254
London,0.38,0.94,0.17,0.97,0.073,0.91,0.475,0.95,0.714,0.98,0.655,0.76,0.061,0.98,0.847,0.55,2200,0,210,0.89,0.64,190,75,0.7818
Tokyo,0.38,0.9,0.17,0.91,0.073,0.99,0.475,0.96,0.714,0.88,0.655,0.74,0.061,0.99,0.847,0.71,2200,0,165,0.91,0.79,135,60,0.8322
Amsterdam,0.38,0.91,0.17,0.88,0.073,0.79,0.475,0.92,0.714,0.95,0.655,0.78,0.061,0.86,0.847,0.65,2200,0,175,0.96,0.68,155,65,0.8273
New York,0.23,0.94,0.719,0.82,0.503,0.96,0.145,0.99,0.624,0.97,0.229,0.71,0.848,0.99,0.881,0.63,700,0,230,0.92,0.76,210,85,0.8391
Rome,0.23,0.97,0.719,0.99,0.503,0.96,0.145,0.78,0.624,0.91,0.229,0.62,0.848,0.76,0.881,0.48,700,0,145,0.91,0.9,125,55,0.8152
Dubai,0.23,0.96,0.719,0.63,0.503,0.91,0.145,0.92,0.624,0.72,0.229,0.68,0.848,0.99,0.881,0.91,700,0,190,0.58,0.96,175,70,0.8508
Tokyo,0.067,0.9,0.425,0.91,0.989,0.99,0.279,0.96,0.254,0.88,0.67,0.74,0.359,0.99,0.262,0.71,700,0,165,0.91,0.79,135,60,0.8458
Rome,0.067,0.97,0.425,0.99,0.989,0.96,0.279,0.78,0.254,0.91,0.67,0.62,0.359,0.76,0.262,0.48,700,0,145,0.91,0.9,125,55,0.8369
Singapore,0.067,0.91,0.425,0.72,0.989,0.98,0.279,0.85,0.254,0.79,0.67,0.94,0.359,0.97,0.262,0.79,700,0,155,0.9,0.94,145,50,0.8887
Amsterdam,0.067,0.91,0.425,0.88,0.989,0.79,0.279,0.92,0.254,0.95,0.67,0.78,0.359,0.86,0.262,0.65,700,0,175,0.96,0.68,155,65,0.8316
Bali,0.067,0.73,0.425,0.76,0.989,0.91,0.279,0.87,0.254,0.51,0.67,0.99,0.359,0.72,0.262,0.98,700,0,90,0.62,0.95,70,35,0.8687
Istanbul,0.067,0.94,0.425,0.98,0.989,0.94,0.279,0.89,0.254,0.84,0.67,0.71,0.359,0.91,0.262,0.58,700,0,85,0.84,0.88,65,32,0.8419
London,0.067,0.94,0.425,0.97,0.989,0.91,0.279,0.95,0.254,0.98,0.67,0.76,0.359,0.98,0.262,0.55,700,0,210,0.89,0.64,190,75,0.8466
Paris,0.123,0.98,0.537,0.95,0.96,0.97,0.512,0.82,0.255,0.99,0.539,0.65,0.386,0.92,0.622,0.45,2200,0,180,0.95,0.82,160,70,0.8033
London,0.123,0.94,0.537,0.97,0.96,0.91,0.512,0.95,0.255,0.98,0.539,0.76,0.386,0.98,0.622,0.55,2200,0,210,0.89,0.64,190,75,0.8459
Tokyo,0.123,0.9,0.537,0.91,0.96,0.99,0.512,0.96,0.255,0.88,0.539,0.74,0.386,0.99,0.622,0.71,2200,0,165,0.91,0.79,135,60,0.8701
Singapore,0.123,0.91,0.537,0.72,0.96,0.98,0.512,0.85,0.255,0.79,0.539,0.94,0.386,0.97,0.622,0.79,2200,0,155,0.9,0.94,145,50,0.8576
Barcelona,0.123,0.96,0.537,0.84,0.96,0.94,0.512,0.96,0.255,0.82,0.539,0.82,0.386,0.88,0.622,0.72,2200,0,150,0.93,0.94,130,58,0.8494
Dubai,0.123,0.96,0.537,0.63,0.96,0.91,0.512,0.92,0.255,0.72,0.539,0.68,0.386,0.99,0.622,0.91,2200,0,190,0.58,0.96,175,70,0.8647
Amsterdam,0.123,0.91,0.537,0.88,0.96,0.79,0.512,0.92,0.255,0.95,0.539,0.78,0.386,0.86,0.622,0.65,2200,0,175,0.96,0.68,155,65,0.8261
New York,0.986,0.94,0.54,0.82,0.964,0.96,0.71,0.99,0.175,0.97,0.132,0.71,0.204,0.99,0.557,0.63,1300,1,230,0.92,0.76,210,85,0.8868
Amsterdam,0.986,0.91,0.54,0.88,0.964,0.79,0.71,0.92,0.175,0.95,0.132,0.78,0.204,0.86,0.557,0.65,1300,1,175,0.96,0.68,155,65,0.8499
Switzerland,0.986,0.79,0.54,0.78,0.964,0.82,0.71,0.58,0.175,0.75,0.132,0.99,0.204,0.76,0.557,0.98,1300,1,240,0.88,0.78,220,90,0.8464
Rome,0.986,0.97,0.54,0.99,0.964,0.96,0.71,0.78,0.175,0.91,0.132,0.62,0.204,0.76,0.557,0.48,1300,1,145,0.91,0.9,125,55,0.8943
Rome,0.03,0.97,0.92,0.99,0.157,0.96,0.882,0.78,0.21,0.91,0.172,0.62,0.867,0.76,0.924,0.48,1300,0,145,0.91,0.9,125,55,0.7825
Paris,0.03,0.98,0.92,0.95,0.157,0.97,0.882,0.82,0.21,0.99,0.172,0.65,0.867,0.92,0.924,0.45,1300,0,180,0.95,0.82,160,70,0.7933
Istanbul,0.03,0.94,0.92,0.98,0.157,0.94,0.882,0.89,0.21,0.84,0.172,0.71,0.867,0.91,0.924,0.58,1300,0,85,0.84,0.88,65,32,0.8156
Switzerland,0.03,0.79,0.92,0.78,0.157,0.82,0.882,0.58,0.21,0.75,0.172,0.99,0.867,0.76,0.924,0.98,1300,0,240,0.88,0.78,220,90,0.7781
Paris,0.522,0.98,0.461,0.95,0.379,0.97,0.045,0.82,0.03,0.99,0.841,0.65,0.597,0.92,0.868,0.45,2600,1,180,0.95,0.82,160,70,0.853
New York,0.522,0.94,0.461,0.82,0.379,0.96,0.045,0.99,0.03,0.97,0.841,0.71,0.597,0.99,0.868,0.63,2600,1,230,0.92,0.76,210,85,0.84
Rome,0.522,0.97,0.461,0.99,0.379,0.96,0.045,0.78,0.03,0.91,0.841,0.62,0.597,0.76,0.868,0.48,2600,1,145,0.91,0.9,125,55,0.8209
Dubai,0.093,0.96,0.062,0.63,0.725,0.91,0.898,0.92,0.289,0.72,0.319,0.68,0.244,0.99,0.943,0.91,700,1,190,0.58,0.96,175,70,0.8716
New York,0.093,0.94,0.062,0.82,0.725,0.96,0.898,0.99,0.289,0.97,0.319,0.71,0.244,0.99,0.943,0.63,700,1,230,0.92,0.76,210,85,0.9011
Barcelona,0.093,0.96,0.062,0.84,0.725,0.94,0.898,0.96,0.289,0.82,0.319,0.82,0.244,0.88,0.943,0.72,700,1,150,0.93,0.94,130,58,0.9082
Amsterdam,0.093,0.91,0.062,0.88,0.725,0.79,0.898,0.92,0.289,0.95,0.319,0.78,0.244,0.86,0.943,0.65,700,1,175,0.96,0.68,155,65,0.8649
Tokyo,0.093,0.9,0.062,0.91,0.725,0.99,0.898,0.96,0.289,0.88,0.319,0.74,0.244,0.99,0.943,0.71,700,1,165,0.91,0.79,135,60,0.9087
Dubai,0.035,0.96,0.199,0.63,0.773,0.91,0.017,0.92,0.835,0.72,0.404,0.68,0.182,0.99,0.37,0.91,1500,1,190,0.58,0.96,175,70,0.8348
Singapore,0.035,0.91,0.199,0.72,0.773,0.98,0.017,0.85,0.835,0.79,0.404,0.94,0.182,0.97,0.37,0.79,1500,1,155,0.9,0.94,145,50,0.931
Rome,0.035,0.97,0.199,0.99,0.773,0.96,0.017,0.78,0.835,0.91,0.404,0.62,0.182,0.76,0.37,0.48,1500,1,145,0.91,0.9,125,55,0.8823
Tokyo,0.035,0.9,0.199,0.91,0.773,0.99,0.017,0.96,0.835,0.88,0.404,0.74,0.182,0.99,0.37,0.71,1500,1,165,0.91,0.79,135,60,0.8927
Paris,0.035,0.98,0.199,0.95,0.773,0.97,0.017,0.82,0.835,0.99,0.404,0.65,0.182,0.92,0.37,0.45,1500,1,180,0.95,0.82,160,70,0.8703
New York,0.035,0.94,0.199,0.82,0.773,0.96,0.017,0.99,0.835,0.97,0.404,0.71,0.182,0.99,0.37,0.63,1500,1,230,0.92,0.76,210,85,0.8691
Switzerland,0.035,0.79,0.199,0.78,0.773,0.82,0.017,0.58,0.835,0.75,0.404,0.99,0.182,0.76,0.37,0.98,1500,1,240,0.88,0.78,220,90,0.875
Dubai,0.916,0.96,0.299,0.63,0.087,0.91,0.09,0.92,0.841,0.72,0.993,0.68,0.225,0.99,0.282,0.91,2600,1,190,0.58,0.96,175,70,0.823
Bali,0.916,0.73,0.299,0.76,0.087,0.91,0.09,0.87,0.841,0.51,0.993,0.99,0.225,0.72,0.282,0.98,2600,1,90,0.62,0.95,70,35,0.8296
Switzerland,0.916,0.79,0.299,0.78,0.087,0.82,0.09,0.58,0.841,0.75,0.993,0.99,0.225,0.76,0.282,0.98,2600,1,240,0.88,0.78,220,90,0.848
Bali,0.615,0.73,0.367,0.76,0.562,0.91,0.195,0.87,0.42,0.51,0.202,0.99,0.554,0.72,0.378,0.98,2200,0,90,0.62,0.95,70,35,0.814
Singapore,0.615,0.91,0.367,0.72,0.562,0.98,0.195,0.85,0.42,0.79,0.202,0.94,0.554,0.97,0.378,0.79,2200,0,155,0.9,0.94,145,50,0.8748
Paris,0.615,0.98,0.367,0.95,0.562,0.97,0.195,0.82,0.42,0.99,0.202,0.65,0.554,0.92,0.378,0.45,2200,0,180,0.95,0.82,160,70,0.8772
New York,0.615,0.94,0.367,0.82,0.562,0.96,0.195,0.99,0.42,0.97,0.202,0.71,0.554,0.99,0.378,0.63,2200,0,230,0.92,0.76,210,85,0.8666
Amsterdam,0.615,0.91,0.367,0.88,0.562,0.79,0.195,0.92,0.42,0.95,0.202,0.78,0.554,0.86,0.378,0.65,2200,0,175,0.96,0.68,155,65,0.824
London,0.615,0.94,0.367,0.97,0.562,0.91,0.195,0.95,0.42,0.98,0.202,0.76,0.554,0.98,0.378,0.55,2200,0,210,0.89,0.64,190,75,0.8757
Paris,0.66,0.98,0.485,0.95,0.614,0.97,0.364,0.82,0.371,0.99,0.591,0.65,0.181,0.92,0.454,0.45,900,1,180,0.95,0.82,160,70,0.8625
Bali,0.66,0.73,0.485,0.76,0.614,0.91,0.364,0.87,0.371,0.51,0.591,0.99,0.181,0.72,0.454,0.98,900,1,90,0.62,0.95,70,35,0.8721
Amsterdam,0.66,0.91,0.485,0.88,0.614,0.79,0.364,0.92,0.371,0.95,0.591,0.78,0.181,0.86,0.454,0.65,900,1,175,0.96,0.68,155,65,0.8791
Barcelona,0.66,0.96,0.485,0.84,0.614,0.94,0.364,0.96,0.371,0.82,0.591,0.82,0.181,0.88,0.454,0.72,900,1,150,0.93,0.94,130,58,0.9029
Istanbul,0.66,0.94,0.485,0.98,0.614,0.94,0.364,0.89,0.371,0.84,0.591,0.71,0.181,0.91,0.454,0.58,900,1,85,0.84,0.88,65,32,0.8985
Singapore,0.66,0.91,0.485,0.72,0.614,0.98,0.364,0.85,0.371,0.79,0.591,0.94,0.181,0.97,0.454,0.79,900,1,155,0.9,0.94,145,50,0.9137
Singapore,0.577,0.91,0.831,0.72,0.187,0.98,0.015,0.85,0.978,0.79,0.553,0.94,0.006,0.97,0.944,0.79,1800,0,155,0.9,0.94,145,50,0.8378
Tokyo,0.577,0.9,0.831,0.91,0.187,0.99,0.015,0.96,0.978,0.88,0.553,0.74,0.006,0.99,0.944,0.71,1800,0,165,0.91,0.79,135,60,0.8543
Switzerland,0.577,0.79,0.831,0.78,0.187,0.82,0.015,0.58,0.978,0.75,0.553,0.99,0.006,0.76,0.944,0.98,1800,0,240,0.88,0.78,220,90,0.8188
Bali,0.487,0.73,0.291,0.76,0.09,0.91,0.748,0.87,0.488,0.51,0.385,0.99,0.185,0.72,0.075,0.98,1100,1,90,0.62,0.95,70,35,0.8474
Istanbul,0.487,0.94,0.291,0.98,0.09,0.94,0.748,0.89,0.488,0.84,0.385,0.71,0.185,0.91,0.075,0.58,1100,1,85,0.84,0.88,65,32,0.8901
Dubai,0.487,0.96,0.291,0.63,0.09,0.91,0.748,0.92,0.488,0.72,0.385,0.68,0.185,0.99,0.075,0.91,1100,1,190,0.58,0.96,175,70,0.8367
Barcelona,0.141,0.96,0.943,0.84,0.334,0.94,0.588,0.96,0.449,0.82,0.811,0.82,0.882,0.88,0.913,0.72,1500,1,150,0.93,0.94,130,58,0.8872
Rome,0.141,0.97,0.943,0.99,0.334,0.96,0.588,0.78,0.449,0.91,0.811,0.62,0.882,0.76,0.913,0.48,1500,1,145,0.91,0.9,125,55,0.8564
New York,0.141,0.94,0.943,0.82,0.334,0.96,0.588,0.99,0.449,0.97,0.811,0.71,0.882,0.99,0.913,0.63,1500,1,230,0.92,0.76,210,85,0.8513
Tokyo,0.141,0.9,0.943,0.91,0.334,0.99,0.588,0.96,0.449,0.88,0.811,0.74,0.882,0.99,0.913,0.71,1500,1,165,0.91,0.79,135,60,0.888
London,0.141,0.94,0.943,0.97,0.334,0.91,0.588,0.95,0.449,0.98,0.811,0.76,0.882,0.98,0.913,0.55,1500,1,210,0.89,0.64,190,75,0.8669
Amsterdam,0.003,0.91,0.578,0.88,0.126,0.79,0.87,0.92,0.497,0.95,0.0,0.78,0.575,0.86,0.938,0.65,700,0,175,0.96,0.68,155,65,0.8013
Tokyo,0.003,0.9,0.578,0.91,0.126,0.99,0.87,0.96,0.497,0.88,0.0,0.74,0.575,0.99,0.938,0.71,700,0,165,0.91,0.79,135,60,0.8741
Dubai,0.003,0.96,0.578,0.63,0.126,0.91,0.87,0.92,0.497,0.72,0.0,0.68,0.575,0.99,0.938,0.91,700,0,190,0.58,0.96,175,70,0.8472
London,0.003,0.94,0.578,0.97,0.126,0.91,0.87,0.95,0.497,0.98,0.0,0.76,0.575,0.98,0.938,0.55,700,0,210,0.89,0.64,190,75,0.8459
Paris,0.003,0.98,0.578,0.95,0.126,0.97,0.87,0.82,0.497,0.99,0.0,0.65,0.575,0.92,0.938,0.45,700,0,180,0.95,0.82,160,70,0.8301
Istanbul,0.003,0.94,0.578,0.98,0.126,0.94,0.87,0.89,0.497,0.84,0.0,0.71,0.575,0.91,0.938,0.58,700,0,85,0.84,0.88,65,32,0.8311
Istanbul,0.92,0.94,0.611,0.98,0.887,0.94,0.885,0.89,0.28,0.84,0.058,0.71,0.485,0.91,0.652,0.58,1100,0,85,0.84,0.88,65,32,0.8877
Singapore,0.92,0.91,0.611,0.72,0.887,0.98,0.885,0.85,0.28,0.79,0.058,0.94,0.485,0.97,0.652,0.79,1100,0,155,0.9,0.94,145,50,0.845
Amsterdam,0.92,0.91,0.611,0.88,0.887,0.79,0.885,0.92,0.28,0.95,0.058,0.78,0.485,0.86,0.652,0.65,1100,0,175,0.96,0.68,155,65,0.8476
Rome,0.92,0.97,0.611,0.99,0.887,0.96,0.885,0.78,0.28,0.91,0.058,0.62,0.485,0.76,0.652,0.48,1100,0,145,0.91,0.9,125,55,0.8458
Barcelona,0.92,0.96,0.611,0.84,0.887,0.94,0.885,0.96,0.28,0.82,0.058,0.82,0.485,0.88,0.652,0.72,1100,0,150,0.93,0.94,130,58,0.8997
Bali,0.772,0.73,0.006,0.76,0.066,0.91,0.786,0.87,0.943,0.51,0.641,0.99,0.753,0.72,0.059,0.98,900,1,90,0.62,0.95,70,35,0.8275
Barcelona,0.772,0.96,0.006,0.84,0.066,0.94,0.786,0.96,0.943,0.82,0.641,0.82,0.753,0.88,0.059,0.72,900,1,150,0.93,0.94,130,58,0.899
Singapore,0.772,0.91,0.006,0.72,0.066,0.98,0.786,0.85,0.943,0.79,0.641,0.94,0.753,0.97,0.059,0.79,900,1,155,0.9,0.94,145,50,0.931
Paris,0.086,0.98,0.186,0.95,0.081,0.97,0.88,0.82,0.744,0.99,0.227,0.65,0.817,0.92,0.794,0.45,700,0,180,0.95,0.82,160,70,0.8278
Istanbul,0.086,0.94,0.186,0.98,0.081,0.94,0.88,0.89,0.744,0.84,0.227,0.71,0.817,0.91,0.794,0.58,700,0,85,0.84,0.88,65,32,0.8322
Singapore,0.086,0.91,0.186,0.72,0.081,0.98,0.88,0.85,0.744,0.79,0.227,0.94,0.817,0.97,0.794,0.79,700,0,155,0.9,0.94,145,50,0.8658
Rome,0.086,0.97,0.186,0.99,0.081,0.96,0.88,0.78,0.744,0.91,0.227,0.62,0.817,0.76,0.794,0.48,700,0,145,0.91,0.9,125,55,0.7637
Bali,0.484,0.73,0.906,0.76,0.83,0.91,0.654,0.87,0.877,0.51,0.574,0.99,0.312,0.72,0.711,0.98,1500,0,90,0.62,0.95,70,35,0.8324
New York,0.484,0.94,0.906,0.82,0.83,0.96,0.654,0.99,0.877,0.97,0.574,0.71,0.312,0.99,0.711,0.63,1500,0,230,0.92,0.76,210,85,0.8522
Singapore,0.484,0.91,0.906,0.72,0.83,0.98,0.654,0.85,0.877,0.79,0.574,0.94,0.312,0.97,0.711,0.79,1500,0,155,0.9,0.94,145,50,0.8737
Dubai,0.484,0.96,0.906,0.63,0.83,0.91,0.654,0.92,0.877,0.72,0.574,0.68,0.312,0.99,0.711,0.91,1500,0,190,0.58,0.96,175,70,0.8319
London,0.132,0.94,0.257,0.97,0.957,0.91,0.766,0.95,0.413,0.98,0.733,0.76,0.959,0.98,0.793,0.55,1100,1,210,0.89,0.64,190,75,0.8892
New York,0.132,0.94,0.257,0.82,0.957,0.96,0.766,0.99,0.413,0.97,0.733,0.71,0.959,0.99,0.793,0.63,1100,1,230,0.92,0.76,210,85,0.904
Rome,0.132,0.97,0.257,0.99,0.957,0.96,0.766,0.78,0.413,0.91,0.733,0.62,0.959,0.76,0.793,0.48,1100,1,145,0.91,0.9,125,55,0.8192
Amsterdam,0.132,0.91,0.257,0.88,0.957,0.79,0.766,0.92,0.413,0.95,0.733,0.78,0.959,0.86,0.793,0.65,1100,1,175,0.96,0.68,155,65,0.8443
New York,0.045,0.94,0.352,0.82,0.561,0.96,0.611,0.99,0.222,0.97,0.183,0.71,0.468,0.99,0.297,0.63,1800,1,230,0.92,0.76,210,85,0.9106
Amsterdam,0.045,0.91,0.352,0.88,0.561,0.79,0.611,0.92,0.222,0.95,0.183,0.78,0.468,0.86,0.297,0.65,1800,1,175,0.96,0.68,155,65,0.8643
Tokyo,0.045,0.9,0.352,0.91,0.561,0.99,0.611,0.96,0.222,0.88,0.183,0.74,0.468,0.99,0.297,0.71,1800,1,165,0.91,0.79,135,60,0.908
Barcelona,0.045,0.96,0.352,0.84,0.561,0.94,0.611,0.96,0.222,0.82,0.183,0.82,0.468,0.88,0.297,0.72,1800,1,150,0.93,0.94,130,58,0.9173
Dubai,0.045,0.96,0.352,0.63,0.561,0.91,0.611,0.92,0.222,0.72,0.183,0.68,0.468,0.99,0.297,0.91,1800,1,190,0.58,0.96,175,70,0.8469
Amsterdam,0.429,0.91,0.194,0.88,0.548,0.79,0.99,0.92,0.996,0.95,0.891,0.78,0.931,0.86,0.503,0.65,1500,0,175,0.96,0.68,155,65,0.8315
Dubai,0.429,0.96,0.194,0.63,0.548,0.91,0.99,0.92,0.996,0.72,0.891,0.68,0.931,0.99,0.503,0.91,1500,0,190,0.58,0.96,175,70,0.846
London,0.429,0.94,0.194,0.97,0.548,0.91,0.99,0.95,0.996,0.98,0.891,0.76,0.931,0.98,0.503,0.55,1500,0,210,0.89,0.64,190,75,0.825
Switzerland,0.429,0.79,0.194,0.78,0.548,0.82,0.99,0.58,0.996,0.75,0.891,0.99,0.931,0.76,0.503,0.98,1500,0,240,0.88,0.78,220,90,0.8192
Barcelona,0.429,0.96,0.194,0.84,0.548,0.94,0.99,0.96,0.996,0.82,0.891,0.82,0.931,0.88,0.503,0.72,1500,0,150,0.93,0.94,130,58,0.8873
Tokyo,0.705,0.9,0.393,0.91,0.449,0.99,0.336,0.96,0.08,0.88,0.961,0.74,0.159,0.99,0.565,0.71,700,0,165,0.91,0.79,135,60,0.8292
Istanbul,0.705,0.94,0.393,0.98,0.449,0.94,0.336,0.89,0.08,0.84,0.961,0.71,0.159,0.91,0.565,0.58,700,0,85,0.84,0.88,65,32,0.8063
Rome,0.705,0.97,0.393,0.99,0.449,0.96,0.336,0.78,0.08,0.91,0.961,0.62,0.159,0.76,0.565,0.48,700,0,145,0.91,0.9,125,55,0.8294
Paris,0.705,0.98,0.393,0.95,0.449,0.97,0.336,0.82,0.08,0.99,0.961,0.65,0.159,0.92,0.565,0.45,700,0,180,0.95,0.82,160,70,0.7857
Singapore,0.705,0.91,0.393,0.72,0.449,0.98,0.336,0.85,0.08,0.79,0.961,0.94,0.159,0.97,0.565,0.79,700,0,155,0.9,0.94,145,50,0.8598
Switzerland,0.705,0.79,0.393,0.78,0.449,0.82,0.336,0.58,0.08,0.75,0.961,0.99,0.159,0.76,0.565,0.98,700,0,240,0.88,0.78,220,90,0.8625
Dubai,0.705,0.96,0.393,0.63,0.449,0.91,0.336,0.92,0.08,0.72,0.961,0.68,0.159,0.99,0.565,0.91,700,0,190,0.58,0.96,175,70,0.8683
Switzerland,0.463,0.79,0.508,0.78,0.388,0.82,0.601,0.58,0.687,0.75,0.142,0.99,0.805,0.76,0.704,0.98,2600,1,240,0.88,0.78,220,90,0.8454
Barcelona,0.463,0.96,0.508,0.84,0.388,0.94,0.601,0.96,0.687,0.82,0.142,0.82,0.805,0.88,0.704,0.72,2600,1,150,0.93,0.94,130,58,0.8999
Istanbul,0.463,0.94,0.508,0.98,0.388,0.94,0.601,0.89,0.687,0.84,0.142,0.71,0.805,0.91,0.704,0.58,2600,1,85,0.84,0.88,65,32,0.8878
Tokyo,0.919,0.9,0.315,0.91,0.92,0.99,0.268,0.96,0.94,0.88,0.683,0.74,0.998,0.99,0.893,0.71,1100,0,165,0.91,0.79,135,60,0.8763
Bali,0.919,0.73,0.315,0.76,0.92,0.91,0.268,0.87,0.94,0.51,0.683,0.99,0.998,0.72,0.893,0.98,1100,0,90,0.62,0.95,70,35,0.8361
Istanbul,0.919,0.94,0.315,0.98,0.92,0.94,0.268,0.89,0.94,0.84,0.683,0.71,0.998,0.91,0.893,0.58,1100,0,85,0.84,0.88,65,32,0.851
Paris,0.919,0.98,0.315,0.95,0.92,0.97,0.268,0.82,0.94,0.99,0.683,0.65,0.998,0.92,0.893,0.45,1100,0,180,0.95,0.82,160,70,0.8156
New York,0.919,0.94,0.315,0.82,0.92,0.96,0.268,0.99,0.94,0.97,0.683,0.71,0.998,0.99,0.893,0.63,1100,0,230,0.92,0.76,210,85,0.8444
Rome,0.919,0.97,0.315,0.99,0.92,0.96,0.268,0.78,0.94,0.91,0.683,0.62,0.998,0.76,0.893,0.48,1100,0,145,0.91,0.9,125,55,0.8131
London,0.863,0.94,0.931,0.97,0.907,0.91,0.347,0.95,0.798,0.98,0.686,0.76,0.588,0.98,0.44,0.55,1800,0,210,0.89,0.64,190,75,0.8372
Paris,0.863,0.98,0.931,0.95,0.907,0.97,0.347,0.82,0.798,0.99,0.686,0.65,0.588,0.92,0.44,0.45,1800,0,180,0.95,0.82,160,70,0.8389
Singapore,0.863,0.91,0.931,0.72,0.907,0.98,0.347,0.85,0.798,0.79,0.686,0.94,0.588,0.97,0.44,0.79,1800,0,155,0.9,0.94,145,50,0.8703
Rome,0.863,0.97,0.931,0.99,0.907,0.96,0.347,0.78,0.798,0.91,0.686,0.62,0.588,0.76,0.44,0.48,1800,0,145,0.91,0.9,125,55,0.8257
Bali,0.863,0.73,0.931,0.76,0.907,0.91,0.347,0.87,0.798,0.51,0.686,0.99,0.588,0.72,0.44,0.98,1800,0,90,0.62,0.95,70,35,0.8131
Tokyo,0.863,0.9,0.931,0.91,0.907,0.99,0.347,0.96,0.798,0.88,0.686,0.74,0.588,0.99,0.44,0.71,1800,0,165,0.91,0.79,135,60,0.8763
Amsterdam,0.674,0.91,0.644,0.88,0.913,0.79,0.666,0.92,0.829,0.95,0.048,0.78,0.983,0.86,0.288,0.65,1300,1,175,0.96,0.68,155,65,0.8591
Bali,0.674,0.73,0.644,0.76,0.913,0.91,0.666,0.87,0.829,0.51,0.048,0.99,0.983,0.72,0.288,0.98,1300,1,90,0.62,0.95,70,35,0.8075
Rome,0.674,0.97,0.644,0.99,0.913,0.96,0.666,0.78,0.829,0.91,0.048,0.62,0.983,0.76,0.288,0.48,1300,1,145,0.91,0.9,125,55,0.921
Bali,0.878,0.73,0.428,0.76,0.506,0.91,0.699,0.87,0.76,0.51,0.064,0.99,0.543,0.72,0.627,0.98,900,0,90,0.62,0.95,70,35,0.8023
Istanbul,0.878,0.94,0.428,0.98,0.506,0.94,0.699,0.89,0.76,0.84,0.064,0.71,0.543,0.91,0.627,0.58,900,0,85,0.84,0.88,65,32,0.8678
Barcelona,0.878,0.96,0.428,0.84,0.506,0.94,0.699,0.96,0.76,0.82,0.064,0.82,0.543,0.88,0.627,0.72,900,0,150,0.93,0.94,130,58,0.8911
New York,0.878,0.94,0.428,0.82,0.506,0.96,0.699,0.99,0.76,0.97,0.064,0.71,0.543,0.99,0.627,0.63,900,0,230,0.92,0.76,210,85,0.8773
Tokyo,0.878,0.9,0.428,0.91,0.506,0.99,0.699,0.96,0.76,0.88,0.064,0.74,0.543,0.99,0.627,0.71,900,0,165,0.91,0.79,135,60,0.8605
New York,0.046,0.94,0.388,0.82,0.033,0.96,0.408,0.99,0.487,0.97,0.941,0.71,0.013,0.99,0.019,0.63,2200,0,230,0.92,0.76,210,85,0.8291
Dubai,0.046,0.96,0.388,0.63,0.033,0.91,0.408,0.92,0.487,0.72,0.941,0.68,0.013,0.99,0.019,0.91,2200,0,190,0.58,0.96,175,70,0.7638
Singapore,0.046,0.91,0.388,0.72,0.033,0.98,0.408,0.85,0.487,0.79,0.941,0.94,0.013,0.97,0.019,0.79,2200,0,155,0.9,0.94,145,50,0.867
Istanbul,0.242,0.94,0.479,0.98,0.267,0.94,0.68,0.89,0.717,0.84,0.956,0.71,0.662,0.91,0.57,0.58,1500,1,85,0.84,0.88,65,32,0.8642
Tokyo,0.242,0.9,0.479,0.91,0.267,0.99,0.68,0.96,0.717,0.88,0.956,0.74,0.662,0.99,0.57,0.71,1500,1,165,0.91,0.79,135,60,0.9037
Amsterdam,0.242,0.91,0.479,0.88,0.267,0.79,0.68,0.92,0.717,0.95,0.956,0.78,0.662,0.86,0.57,0.65,1500,1,175,0.96,0.68,155,65,0.8858
Paris,0.242,0.98,0.479,0.95,0.267,0.97,0.68,0.82,0.717,0.99,0.956,0.65,0.662,0.92,0.57,0.45,1500,1,180,0.95,0.82,160,70,0.8549
New York,0.242,0.94,0.479,0.82,0.267,0.96,0.68,0.99,0.717,0.97,0.956,0.71,0.662,0.99,0.57,0.63,1500,1,230,0.92,0.76,210,85,0.8602
Bali,0.242,0.73,0.479,0.76,0.267,0.91,0.68,0.87,0.717,0.51,0.956,0.99,0.662,0.72,0.57,0.98,1500,1,90,0.62,0.95,70,35,0.8285
Dubai,0.242,0.96,0.479,0.63,0.267,0.91,0.68,0.92,0.717,0.72,0.956,0.68,0.662,0.99,0.57,0.91,1500,1,190,0.58,0.96,175,70,0.8375
Paris,0.011,0.98,0.493,0.95,0.985,0.97,0.313,0.82,0.13,0.99,0.391,0.65,0.286,0.92,0.459,0.45,1500,0,180,0.95,0.82,160,70,0.8199
Switzerland,0.011,0.79,0.493,0.78,0.985,0.82,0.313,0.58,0.13,0.75,0.391,0.99,0.286,0.76,0.459,0.98,1500,0,240,0.88,0.78,220,90,0.8414
Barcelona,0.011,0.96,0.493,0.84,0.985,0.94,0.313,0.96,0.13,0.82,0.391,0.82,0.286,0.88,0.459,0.72,1500,0,150,0.93,0.94,130,58,0.8428
Bali,0.011,0.73,0.493,0.76,0.985,0.91,0.313,0.87,0.13,0.51,0.391,0.99,0.286,0.72,0.459,0.98,1500,0,90,0.62,0.95,70,35,0.8772
Amsterdam,0.011,0.91,0.493,0.88,0.985,0.79,0.313,0.92,0.13,0.95,0.391,0.78,0.286,0.86,0.459,0.65,1500,0,175,0.96,0.68,155,65,0.7801
Dubai,0.011,0.96,0.493,0.63,0.985,0.91,0.313,0.92,0.13,0.72,0.391,0.68,0.286,0.99,0.459,0.91,1500,0,190,0.58,0.96,175,70,0.8248
Rome,0.011,0.97,0.493,0.99,0.985,0.96,0.313,0.78,0.13,0.91,0.391,0.62,0.286,0.76,0.459,0.48,1500,0,145,0.91,0.9,125,55,0.8461
Rome,0.422,0.97,0.677,0.99,0.356,0.96,0.006,0.78,0.764,0.91,0.541,0.62,0.914,0.76,0.51,0.48,1300,0,145,0.91,0.9,125,55,0.8235
Istanbul,0.422,0.94,0.677,0.98,0.356,0.94,0.006,0.89,0.764,0.84,0.541,0.71,0.914,0.91,0.51,0.58,1300,0,85,0.84,0.88,65,32,0.8616
Dubai,0.422,0.96,0.677,0.63,0.356,0.91,0.006,0.92,0.764,0.72,0.541,0.68,0.914,0.99,0.51,0.91,1300,0,190,0.58,0.96,175,70,0.8456
Bali,0.422,0.73,0.677,0.76,0.356,0.91,0.006,0.87,0.764,0.51,0.541,0.99,0.914,0.72,0.51,0.98,1300,0,90,0.62,0.95,70,35,0.7836
Barcelona,0.896,0.96,0.335,0.84,0.975,0.94,0.912,0.96,0.334,0.82,0.876,0.82,0.563,0.88,0.79,0.72,2600,1,150,0.93,0.94,130,58,0.8913
Rome,0.896,0.97,0.335,0.99,0.975,0.96,0.912,0.78,0.334,0.91,0.876,0.62,0.563,0.76,0.79,0.48,2600,1,145,0.91,0.9,125,55,0.8792
Istanbul,0.896,0.94,0.335,0.98,0.975,0.94,0.912,0.89,0.334,0.84,0.876,0.71,0.563,0.91,0.79,0.58,2600,1,85,0.84,0.88,65,32,0.863
Dubai,0.896,0.96,0.335,0.63,0.975,0.91,0.912,0.92,0.334,0.72,0.876,0.68,0.563,0.99,0.79,0.91,2600,1,190,0.58,0.96,175,70,0.8811
London,0.896,0.94,0.335,0.97,0.975,0.91,0.912,0.95,0.334,0.98,0.876,0.76,0.563,0.98,0.79,0.55,2600,1,210,0.89,0.64,190,75,0.8896
Switzerland,0.896,0.79,0.335,0.78,0.975,0.82,0.912,0.58,0.334,0.75,0.876,0.99,0.563,0.76,0.79,0.98,2600,1,240,0.88,0.78,220,90,0.8685
Amsterdam,0.896,0.91,0.335,0.88,0.975,0.79,0.912,0.92,0.334,0.95,0.876,0.78,0.563,0.86,0.79,0.65,2600,1,175,0.96,0.68,155,65,0.8815
Rome,0.141,0.97,0.37,0.99,0.521,0.96,0.078,0.78,0.462,0.91,0.463,0.62,0.025,0.76,0.596,0.48,700,1,145,0.91,0.9,125,55,0.8364
Tokyo,0.141,0.9,0.37,0.91,0.521,0.99,0.078,0.96,0.462,0.88,0.463,0.74,0.025,0.99,0.596,0.71,700,1,165,0.91,0.79,135,60,0.8912
Barcelona,0.141,0.96,0.37,0.84,0.521,0.94,0.078,0.96,0.462,0.82,0.463,0.82,0.025,0.88,0.596,0.72,700,1,150,0.93,0.94,130,58,0.8639
Switzerland,0.189,0.79,0.7,0.78,0.168,0.82,0.647,0.58,0.608,0.75,0.66,0.99,0.068,0.76,0.907,0.98,900,1,240,0.88,0.78,220,90,0.841
Tokyo,0.189,0.9,0.7,0.91,0.168,0.99,0.647,0.96,0.608,0.88,0.66,0.74,0.068,0.99,0.907,0.71,900,1,165,0.91,0.79,135,60,0.8564
Bali,0.189,0.73,0.7,0.76,0.168,0.91,0.647,0.87,0.608,0.51,0.66,0.99,0.068,0.72,0.907,0.98,900,1,90,0.62,0.95,70,35,0.8373
Dubai,0.437,0.96,0.536,0.63,0.332,0.91,0.551,0.92,0.73,0.72,0.881,0.68,0.569,0.99,0.464,0.91,2600,0,190,0.58,0.96,175,70,0.8134
New York,0.437,0.94,0.536,0.82,0.332,0.96,0.551,0.99,0.73,0.97,0.881,0.71,0.569,0.99,0.464,0.63,2600,0,230,0.92,0.76,210,85,0.824
Switzerland,0.437,0.79,0.536,0.78,0.332,0.82,0.551,0.58,0.73,0.75,0.881,0.99,0.569,0.76,0.464,0.98,2600,0,240,0.88,0.78,220,90,0.8409
New York,0.34,0.94,0.236,0.82,0.535,0.96,0.808,0.99,0.604,0.97,0.216,0.71,0.547,0.99,0.375,0.63,1100,1,230,0.92,0.76,210,85,0.9343
London,0.34,0.94,0.236,0.97,0.535,0.91,0.808,0.95,0.604,0.98,0.216,0.76,0.547,0.98,0.375,0.55,1100,1,210,0.89,0.64,190,75,0.9019
Tokyo,0.34,0.9,0.236,0.91,0.535,0.99,0.808,0.96,0.604,0.88,0.216,0.74,0.547,0.99,0.375,0.71,1100,1,165,0.91,0.79,135,60,0.9397
Switzerland,0.34,0.79,0.236,0.78,0.535,0.82,0.808,0.58,0.604,0.75,0.216,0.99,0.547,0.76,0.375,0.98,1100,1,240,0.88,0.78,220,90,0.8084
Paris,0.722,0.98,0.477,0.95,0.001,0.97,0.178,0.82,0.214,0.99,0.295,0.65,0.127,0.92,0.927,0.45,1300,0,180,0.95,0.82,160,70,0.779
London,0.722,0.94,0.477,0.97,0.001,0.91,0.178,0.95,0.214,0.98,0.295,0.76,0.127,0.98,0.927,0.55,1300,0,210,0.89,0.64,190,75,0.8238
Rome,0.722,0.97,0.477,0.99,0.001,0.96,0.178,0.78,0.214,0.91,0.295,0.62,0.127,0.76,0.927,0.48,1300,0,145,0.91,0.9,125,55,0.803
Switzerland,0.722,0.79,0.477,0.78,0.001,0.82,0.178,0.58,0.214,0.75,0.295,0.99,0.127,0.76,0.927,0.98,1300,0,240,0.88,0.78,220,90,0.8504
Barcelona,0.925,0.96,0.86,0.84,0.748,0.94,0.066,0.96,0.974,0.82,0.957,0.82,0.577,0.88,0.711,0.72,700,0,150,0.93,0.94,130,58,0.8815
Paris,0.925,0.98,0.86,0.95,0.748,0.97,0.066,0.82,0.974,0.99,0.957,0.65,0.577,0.92,0.711,0.45,700,0,180,0.95,0.82,160,70,0.8303
Amsterdam,0.925,0.91,0.86,0.88,0.748,0.79,0.066,0.92,0.974,0.95,0.957,0.78,0.577,0.86,0.711,0.65,700,0,175,0.96,0.68,155,65,0.832
Barcelona,0.149,0.96,0.852,0.84,0.131,0.94,0.439,0.96,0.359,0.82,0.93,0.82,0.695,0.88,0.103,0.72,1800,0,150,0.93,0.94,130,58,0.8559
New York,0.149,0.94,0.852,0.82,0.131,0.96,0.439,0.99,0.359,0.97,0.93,0.71,0.695,0.99,0.103,0.63,1800,0,230,0.92,0.76,210,85,0.8637
Rome,0.149,0.97,0.852,0.99,0.131,0.96,0.439,0.78,0.359,0.91,0.93,0.62,0.695,0.76,0.103,0.48,1800,0,145,0.91,0.9,125,55,0.8171
Bali,0.396,0.73,0.003,0.76,0.984,0.91,0.057,0.87,0.715,0.51,0.595,0.99,0.935,0.72,0.44,0.98,2600,1,90,0.62,0.95,70,35,0.8496
Rome,0.396,0.97,0.003,0.99,0.984,0.96,0.057,0.78,0.715,0.91,0.595,0.62,0.935,0.76,0.44,0.48,2600,1,145,0.91,0.9,125,55,0.8727
Istanbul,0.396,0.94,0.003,0.98,0.984,0.94,0.057,0.89,0.715,0.84,0.595,0.71,0.935,0.91,0.44,0.58,2600,1,85,0.84,0.88,65,32,0.8858
New York,0.396,0.94,0.003,0.82,0.984,0.96,0.057,0.99,0.715,0.97,0.595,0.71,0.935,0.99,0.44,0.63,2600,1,230,0.92,0.76,210,85,0.9299
Amsterdam,0.396,0.91,0.003,0.88,0.984,0.79,0.057,0.92,0.715,0.95,0.595,0.78,0.935,0.86,0.44,0.65,2600,1,175,0.96,0.68,155,65,0.8418
Switzerland,0.396,0.79,0.003,0.78,0.984,0.82,0.057,0.58,0.715,0.75,0.595,0.99,0.935,0.76,0.44,0.98,2600,1,240,0.88,0.78,220,90,0.8729
London,0.813,0.94,0.978,0.97,0.074,0.91,0.299,0.95,0.865,0.98,0.041,0.76,0.945,0.98,0.582,0.55,1300,0,210,0.89,0.64,190,75,0.8768
Amsterdam,0.813,0.91,0.978,0.88,0.074,0.79,0.299,0.92,0.865,0.95,0.041,0.78,0.945,0.86,0.582,0.65,1300,0,175,0.96,0.68,155,65,0.8156
New York,0.813,0.94,0.978,0.82,0.074,0.96,0.299,0.99,0.865,0.97,0.041,0.71,0.945,0.99,0.582,0.63,1300,0,230,0.92,0.76,210,85,0.856
Singapore,0.162,0.91,0.567,0.72,0.801,0.98,0.203,0.85,0.119,0.79,0.487,0.94,0.501,0.97,0.367,0.79,1800,1,155,0.9,0.94,145,50,0.8947
Paris,0.162,0.98,0.567,0.95,0.801,0.97,0.203,0.82,0.119,0.99,0.487,0.65,0.501,0.92,0.367,0.45,1800,1,180,0.95,0.82,160,70,0.883
Dubai,0.162,0.96,0.567,0.63,0.801,0.91,0.203,0.92,0.119,0.72,0.487,0.68,0.501,0.99,0.367,0.91,1800,1,190,0.58,0.96,175,70,0.8492
Amsterdam,0.162,0.91,0.567,0.88,0.801,0.79,0.203,0.92,0.119,0.95,0.487,0.78,0.501,0.86,0.367,0.65,1800,1,175,0.96,0.68,155,65,0.8488
Bali,0.162,0.73,0.567,0.76,0.801,0.91,0.203,0.87,0.119,0.51,0.487,0.99,0.501,0.72,0.367,0.98,1800,1,90,0.62,0.95,70,35,0.8557
Rome,0.162,0.97,0.567,0.99,0.801,0.96,0.203,0.78,0.119,0.91,0.487,0.62,0.501,0.76,0.367,0.48,1800,1,145,0.91,0.9,125,55,0.8592
Dubai,0.763,0.96,0.255,0.63,0.656,0.91,0.441,0.92,0.431,0.72,0.98,0.68,0.685,0.99,0.605,0.91,1300,0,190,0.58,0.96,175,70,0.8414
Tokyo,0.763,0.9,0.255,0.91,0.656,0.99,0.441,0.96,0.431,0.88,0.98,0.74,0.685,0.99,0.605,0.71,1300,0,165,0.91,0.79,135,60,0.87
Paris,0.763,0.98,0.255,0.95,0.656,0.97,0.441,0.82,0.431,0.99,0.98,0.65,0.685,0.92,0.605,0.45,1300,0,180,0.95,0.82,160,70,0.8189
London,0.763,0.94,0.255,0.97,0.656,0.91,0.441,0.95,0.431,0.98,0.98,0.76,0.685,0.98,0.605,0.55,1300,0,210,0.89,0.64,190,75,0.8279
Istanbul,0.763,0.94,0.255,0.98,0.656,0.94,0.441,0.89,0.431,0.84,0.98,0.71,0.685,0.91,0.605,0.58,1300,0,85,0.84,0.88,65,32,0.8541
Rome,0.763,0.97,0.255,0.99,0.656,0.96,0.441,0.78,0.431,0.91,0.98,0.62,0.685,0.76,0.605,0.48,1300,0,145,0.91,0.9,125,55,0.79
Amsterdam,0.763,0.91,0.255,0.88,0.656,0.79,0.441,0.92,0.431,0.95,0.98,0.78,0.685,0.86,0.605,0.65,1300,0,175,0.96,0.68,155,65,0.8396
New York,0.256,0.94,0.786,0.82,0.665,0.96,0.92,0.99,0.739,0.97,0.941,0.71,0.555,0.99,0.321,0.63,1100,0,230,0.92,0.76,210,85,0.861
Switzerland,0.256,0.79,0.786,0.78,0.665,0.82,0.92,0.58,0.739,0.75,0.941,0.99,0.555,0.76,0.321,0.98,1100,0,240,0.88,0.78,220,90,0.8165
Paris,0.256,0.98,0.786,0.95,0.665,0.97,0.92,0.82,0.739,0.99,0.941,0.65,0.555,0.92,0.321,0.45,1100,0,180,0.95,0.82,160,70,0.8623
Istanbul,0.256,0.94,0.786,0.98,0.665,0.94,0.92,0.89,0.739,0.84,0.941,0.71,0.555,0.91,0.321,0.58,1100,0,85,0.84,0.88,65,32,0.8338
Singapore,0.256,0.91,0.786,0.72,0.665,0.98,0.92,0.85,0.739,0.79,0.941,0.94,0.555,0.97,0.321,0.79,1100,0,155,0.9,0.94,145,50,0.8511
London,0.256,0.94,0.786,0.97,0.665,0.91,0.92,0.95,0.739,0.98,0.941,0.76,0.555,0.98,0.321,0.55,1100,0,210,0.89,0.64,190,75,0.8419
Tokyo,0.256,0.9,0.786,0.91,0.665,0.99,0.92,0.96,0.739,0.88,0.941,0.74,0.555,0.99,0.321,0.71,1100,0,165,0.91,0.79,135,60,0.8788
Tokyo,0.085,0.9,0.601,0.91,0.683,0.99,0.264,0.96,0.201,0.88,0.339,0.74,0.239,0.99,0.134,0.71,1500,1,165,0.91,0.79,135,60,0.9166
Switzerland,0.085,0.79,0.601,0.78,0.683,0.82,0.264,0.58,0.201,0.75,0.339,0.99,0.239,0.76,0.134,0.98,1500,1,240,0.88,0.78,220,90,0.835
Paris,0.085,0.98,0.601,0.95,0.683,0.97,0.264,0.82,0.201,0.99,0.339,0.65,0.239,0.92,0.134,0.45,1500,1,180,0.95,0.82,160,70,0.8912
Istanbul,0.085,0.94,0.601,0.98,0.683,0.94,0.264,0.89,0.201,0.84,0.339,0.71,0.239,0.91,0.134,0.58,1500,1,85,0.84,0.88,65,32,0.8875
Singapore,0.815,0.91,0.809,0.72,0.241,0.98,0.079,0.85,0.834,0.79,0.848,0.94,0.529,0.97,0.406,0.79,1800,1,155,0.9,0.94,145,50,0.8909
Dubai,0.815,0.96,0.809,0.63,0.241,0.91,0.079,0.92,0.834,0.72,0.848,0.68,0.529,0.99,0.406,0.91,1800,1,190,0.58,0.96,175,70,0.8324
Bali,0.815,0.73,0.809,0.76,0.241,0.91,0.079,0.87,0.834,0.51,0.848,0.99,0.529,0.72,0.406,0.98,1800,1,90,0.62,0.95,70,35,0.8272
London,0.815,0.94,0.809,0.97,0.241,0.91,0.079,0.95,0.834,0.98,0.848,0.76,0.529,0.98,0.406,0.55,1800,1,210,0.89,0.64,190,75,0.9054
Istanbul,0.815,0.94,0.809,0.98,0.241,0.94,0.079,0.89,0.834,0.84,0.848,0.71,0.529,0.91,0.406,0.58,1800,1,85,0.84,0.88,65,32,0.8967
Dubai,0.268,0.96,0.772,0.63,0.901,0.91,0.636,0.92,0.947,0.72,0.36,0.68,0.24,0.99,0.371,0.91,2600,1,190,0.58,0.96,175,70,0.8267
Bali,0.268,0.73,0.772,0.76,0.901,0.91,0.636,0.87,0.947,0.51,0.36,0.99,0.24,0.72,0.371,0.98,2600,1,90,0.62,0.95,70,35,0.8174
New York,0.268,0.94,0.772,0.82,0.901,0.96,0.636,0.99,0.947,0.97,0.36,0.71,0.24,0.99,0.371,0.63,2600,1,230,0.92,0.76,210,85,0.8842
Istanbul,0.268,0.94,0.772,0.98,0.901,0.94,0.636,0.89,0.947,0.84,0.36,0.71,0.24,0.91,0.371,0.58,2600,1,85,0.84,0.88,65,32,0.8856
Rome,0.268,0.97,0.772,0.99,0.901,0.96,0.636,0.78,0.947,0.91,0.36,0.62,0.24,0.76,0.371,0.48,2600,1,145,0.91,0.9,125,55,0.8858
Amsterdam,0.268,0.91,0.772,0.88,0.901,0.79,0.636,0.92,0.947,0.95,0.36,0.78,0.24,0.86,0.371,0.65,2600,1,175,0.96,0.68,155,65,0.8794
Tokyo,0.908,0.9,0.573,0.91,0.925,0.99,0.937,0.96,0.917,0.88,0.306,0.74,0.088,0.99,0.342,0.71,2200,0,165,0.91,0.79,135,60,0.8887
Bali,0.908,0.73,0.573,0.76,0.925,0.91,0.937,0.87,0.917,0.51,0.306,0.99,0.088,0.72,0.342,0.98,2200,0,90,0.62,0.95,70,35,0.8004
Dubai,0.908,0.96,0.573,0.63,0.925,0.91,0.937,0.92,0.917,0.72,0.306,0.68,0.088,0.99,0.342,0.91,2200,0,190,0.58,0.96,175,70,0.8685
Switzerland,0.908,0.79,0.573,0.78,0.925,0.82,0.937,0.58,0.917,0.75,0.306,0.99,0.088,0.76,0.342,0.98,2200,0,240,0.88,0.78,220,90,0.7784
London,0.908,0.94,0.573,0.97,0.925,0.91,0.937,0.95,0.917,0.98,0.306,0.76,0.088,0.98,0.342,0.55,2200,0,210,0.89,0.64,190,75,0.8577
Switzerland,0.981,0.79,0.137,0.78,0.368,0.82,0.717,0.58,0.987,0.75,0.266,0.99,0.385,0.76,0.933,0.98,1500,0,240,0.88,0.78,220,90,0.8215
New York,0.981,0.94,0.137,0.82,0.368,0.96,0.717,0.99,0.987,0.97,0.266,0.71,0.385,0.99,0.933,0.63,1500,0,230,0.92,0.76,210,85,0.8383
Bali,0.981,0.73,0.137,0.76,0.368,0.91,0.717,0.87,0.987,0.51,0.266,0.99,0.385,0.72,0.933,0.98,1500,0,90,0.62,0.95,70,35,0.8105
Amsterdam,0.981,0.91,0.137,0.88,0.368,0.79,0.717,0.92,0.987,0.95,0.266,0.78,0.385,0.86,0.933,0.65,1500,0,175,0.96,0.68,155,65,0.8074
Istanbul,0.981,0.94,0.137,0.98,0.368,0.94,0.717,0.89,0.987,0.84,0.266,0.71,0.385,0.91,0.933,0.58,1500,0,85,0.84,0.88,65,32,0.8483
Switzerland,0.886,0.79,0.213,0.78,0.81,0.82,0.453,0.58,0.413,0.75,0.658,0.99,0.458,0.76,0.104,0.98,700,0,240,0.88,0.78,220,90,0.8308
Istanbul,0.886,0.94,0.213,0.98,0.81,0.94,0.453,0.89,0.413,0.84,0.658,0.71,0.458,0.91,0.104,0.58,700,0,85,0.84,0.88,65,32,0.8422
Rome,0.886,0.97,0.213,0.99,0.81,0.96,0.453,0.78,0.413,0.91,0.658,0.62,0.458,0.76,0.104,0.48,700,0,145,0.91,0.9,125,55,0.8596
Singapore,0.886,0.91,0.213,0.72,0.81,0.98,0.453,0.85,0.413,0.79,0.658,0.94,0.458,0.97,0.104,0.79,700,0,155,0.9,0.94,145,50,0.8835
Tokyo,0.886,0.9,0.213,0.91,0.81,0.99,0.453,0.96,0.413,0.88,0.658,0.74,0.458,0.99,0.104,0.71,700,0,165,0.91,0.79,135,60,0.8913
Bali,0.886,0.73,0.213,0.76,0.81,0.91,0.453,0.87,0.413,0.51,0.658,0.99,0.458,0.72,0.104,0.98,700,0,90,0.62,0.95,70,35,0.8335
Dubai,0.886,0.96,0.213,0.63,0.81,0.91,0.453,0.92,0.413,0.72,0.658,0.68,0.458,0.99,0.104,0.91,700,0,190,0.58,0.96,175,70,0.8523
Rome,0.209,0.97,0.816,0.99,0.658,0.96,0.739,0.78,0.176,0.91,0.889,0.62,0.505,0.76,0.461,0.48,1500,1,145,0.91,0.9,125,55,0.8645
Singapore,0.209,0.91,0.816,0.72,0.658,0.98,0.739,0.85,0.176,0.79,0.889,0.94,0.505,0.97,0.461,0.79,1500,1,155,0.9,0.94,145,50,0.8899
Amsterdam,0.209,0.91,0.816,0.88,0.658,0.79,0.739,0.92,0.176,0.95,0.889,0.78,0.505,0.86,0.461,0.65,1500,1,175,0.96,0.68,155,65,0.8703
Dubai,0.816,0.96,0.025,0.63,0.529,0.91,0.797,0.92,0.875,0.72,0.82,0.68,0.223,0.99,0.445,0.91,2600,0,190,0.58,0.96,175,70,0.8281
Istanbul,0.816,0.94,0.025,0.98,0.529,0.94,0.797,0.89,0.875,0.84,0.82,0.71,0.223,0.91,0.445,0.58,2600,0,85,0.84,0.88,65,32,0.8271
Tokyo,0.816,0.9,0.025,0.91,0.529,0.99,0.797,0.96,0.875,0.88,0.82,0.74,0.223,0.99,0.445,0.71,2600,0,165,0.91,0.79,135,60,0.8315
Switzerland,0.816,0.79,0.025,0.78,0.529,0.82,0.797,0.58,0.875,0.75,0.82,0.99,0.223,0.76,0.445,0.98,2600,0,240,0.88,0.78,220,90,0.8257
Amsterdam,0.816,0.91,0.025,0.88,0.529,0.79,0.797,0.92,0.875,0.95,0.82,0.78,0.223,0.86,0.445,0.65,2600,0,175,0.96,0.68,155,65,0.8515
Rome,0.816,0.97,0.025,0.99,0.529,0.96,0.797,0.78,0.875,0.91,0.82,0.62,0.223,0.76,0.445,0.48,2600,0,145,0.91,0.9,125,55,0.8277
Singapore,0.816,0.91,0.025,0.72,0.529,0.98,0.797,0.85,0.875,0.79,0.82,0.94,0.223,0.97,0.445,0.79,2600,0,155,0.9,0.94,145,50,0.8648
Singapore,0.153,0.91,0.439,0.72,0.537,0.98,0.025,0.85,0.936,0.79,0.325,0.94,0.519,0.97,0.984,0.79,700,0,155,0.9,0.94,145,50,0.832
Switzerland,0.153,0.79,0.439,0.78,0.537,0.82,0.025,0.58,0.936,0.75,0.325,0.99,0.519,0.76,0.984,0.98,700,0,240,0.88,0.78,220,90,0.8178
Barcelona,0.153,0.96,0.439,0.84,0.537,0.94,0.025,0.96,0.936,0.82,0.325,0.82,0.519,0.88,0.984,0.72,700,0,150,0.93,0.94,130,58,0.8389
Bali,0.153,0.73,0.439,0.76,0.537,0.91,0.025,0.87,0.936,0.51,0.325,0.99,0.519,0.72,0.984,0.98,700,0,90,0.62,0.95,70,35,0.836
Barcelona,0.195,0.96,0.425,0.84,0.604,0.94,0.227,0.96,0.574,0.82,0.792,0.82,0.769,0.88,0.218,0.72,2200,0,150,0.93,0.94,130,58,0.8681
Paris,0.195,0.98,0.425,0.95,0.604,0.97,0.227,0.82,0.574,0.99,0.792,0.65,0.769,0.92,0.218,0.45,2200,0,180,0.95,0.82,160,70,0.838
Amsterdam,0.195,0.91,0.425,0.88,0.604,0.79,0.227,0.92,0.574,0.95,0.792,0.78,0.769,0.86,0.218,0.65,2200,0,175,0.96,0.68,155,65,0.806
Rome,0.195,0.97,0.425,0.99,0.604,0.96,0.227,0.78,0.574,0.91,0.792,0.62,0.769,0.76,0.218,0.48,2200,0,145,0.91,0.9,125,55,0.8379
Bali,0.195,0.73,0.425,0.76,0.604,0.91,0.227,0.87,0.574,0.51,0.792,0.99,0.769,0.72,0.218,0.98,2200,0,90,0.62,0.95,70,35,0.8109
Singapore,0.195,0.91,0.425,0.72,0.604,0.98,0.227,0.85,0.574,0.79,0.792,0.94,0.769,0.97,0.218,0.79,2200,0,155,0.9,0.94,145,50,0.8889
Barcelona,0.601,0.96,0.186,0.84,0.726,0.94,0.856,0.96,0.784,0.82,0.344,0.82,0.719,0.88,0.966,0.72,1800,0,150,0.93,0.94,130,58,0.8503
Istanbul,0.601,0.94,0.186,0.98,0.726,0.94,0.856,0.89,0.784,0.84,0.344,0.71,0.719,0.91,0.966,0.58,1800,0,85,0.84,0.88,65,32,0.8427
Switzerland,0.601,0.79,0.186,0.78,0.726,0.82,0.856,0.58,0.784,0.75,0.344,0.99,0.719,0.76,0.966,0.98,1800,0,240,0.88,0.78,220,90,0.8263
Singapore,0.601,0.91,0.186,0.72,0.726,0.98,0.856,0.85,0.784,0.79,0.344,0.94,0.719,0.97,0.966,0.79,1800,0,155,0.9,0.94,145,50,0.8729
Dubai,0.174,0.96,0.287,0.63,0.853,0.91,0.691,0.92,0.828,0.72,0.782,0.68,0.222,0.99,0.354,0.91,1100,0,190,0.58,0.96,175,70,0.8319
Rome,0.174,0.97,0.287,0.99,0.853,0.96,0.691,0.78,0.828,0.91,0.782,0.62,0.222,0.76,0.354,0.48,1100,0,145,0.91,0.9,125,55,0.8454
New York,0.174,0.94,0.287,0.82,0.853,0.96,0.691,0.99,0.828,0.97,0.782,0.71,0.222,0.99,0.354,0.63,1100,0,230,0.92,0.76,210,85,0.8587
Tokyo,0.174,0.9,0.287,0.91,0.853,0.99,0.691,0.96,0.828,0.88,0.782,0.74,0.222,0.99,0.354,0.71,1100,0,165,0.91,0.79,135,60,0.8572
Paris,0.174,0.98,0.287,0.95,0.853,0.97,0.691,0.82,0.828,0.99,0.782,0.65,0.222,0.92,0.354,0.45,1100,0,180,0.95,0.82,160,70,0.8378
Amsterdam,0.174,0.91,0.287,0.88,0.853,0.79,0.691,0.92,0.828,0.95,0.782,0.78,0.222,0.86,0.354,0.65,1100,0,175,0.96,0.68,155,65,0.819
Rome,0.498,0.97,0.96,0.99,0.764,0.96,0.807,0.78,0.83,0.91,0.2,0.62,0.039,0.76,0.014,0.48,900,0,145,0.91,0.9,125,55,0.8611
Tokyo,0.498,0.9,0.96,0.91,0.764,0.99,0.807,0.96,0.83,0.88,0.2,0.74,0.039,0.99,0.014,0.71,900,0,165,0.91,0.79,135,60,0.8985
New York,0.498,0.94,0.96,0.82,0.764,0.96,0.807,0.99,0.83,0.97,0.2,0.71,0.039,0.99,0.014,0.63,900,0,230,0.92,0.76,210,85,0.8862
Amsterdam,0.498,0.91,0.96,0.88,0.764,0.79,0.807,0.92,0.83,0.95,0.2,0.78,0.039,0.86,0.014,0.65,900,0,175,0.96,0.68,155,65,0.8649
Barcelona,0.498,0.96,0.96,0.84,0.764,0.94,0.807,0.96,0.83,0.82,0.2,0.82,0.039,0.88,0.014,0.72,900,0,150,0.93,0.94,130,58,0.8757
Switzerland,0.498,0.79,0.96,0.78,0.764,0.82,0.807,0.58,0.83,0.75,0.2,0.99,0.039,0.76,0.014,0.98,900,0,240,0.88,0.78,220,90,0.7908
Barcelona,0.262,0.96,0.86,0.84,0.779,0.94,0.478,0.96,0.324,0.82,0.754,0.82,0.131,0.88,0.21,0.72,1300,0,150,0.93,0.94,130,58,0.8805
New York,0.262,0.94,0.86,0.82,0.779,0.96,0.478,0.99,0.324,0.97,0.754,0.71,0.131,0.99,0.21,0.63,1300,0,230,0.92,0.76,210,85,0.8344
Paris,0.262,0.98,0.86,0.95,0.779,0.97,0.478,0.82,0.324,0.99,0.754,0.65,0.131,0.92,0.21,0.45,1300,0,180,0.95,0.82,160,70,0.8698
Rome,0.262,0.97,0.86,0.99,0.779,0.96,0.478,0.78,0.324,0.91,0.754,0.62,0.131,0.76,0.21,0.48,1300,0,145,0.91,0.9,125,55,0.8361
Dubai,0.99,0.96,0.858,0.63,0.566,0.91,0.717,0.92,0.665,0.72,0.685,0.68,0.86,0.99,0.179,0.91,1800,1,190,0.58,0.96,175,70,0.8813
Barcelona,0.99,0.96,0.858,0.84,0.566,0.94,0.717,0.96,0.665,0.82,0.685,0.82,0.86,0.88,0.179,0.72,1800,1,150,0.93,0.94,130,58,0.9098
Bali,0.99,0.73,0.858,0.76,0.566,0.91,0.717,0.87,0.665,0.51,0.685,0.99,0.86,0.72,0.179,0.98,1800,1,90,0.62,0.95,70,35,0.8207
Dubai,0.049,0.96,0.39,0.63,0.833,0.91,0.635,0.92,0.722,0.72,0.864,0.68,0.245,0.99,0.855,0.91,900,0,190,0.58,0.96,175,70,0.8539
Switzerland,0.049,0.79,0.39,0.78,0.833,0.82,0.635,0.58,0.722,0.75,0.864,0.99,0.245,0.76,0.855,0.98,900,0,240,0.88,0.78,220,90,0.8017
Singapore,0.049,0.91,0.39,0.72,0.833,0.98,0.635,0.85,0.722,0.79,0.864,0.94,0.245,0.97,0.855,0.79,900,0,155,0.9,0.94,145,50,0.872
London,0.049,0.94,0.39,0.97,0.833,0.91,0.635,0.95,0.722,0.98,0.864,0.76,0.245,0.98,0.855,0.55,900,0,210,0.89,0.64,190,75,0.8047
Rome,0.049,0.97,0.39,0.99,0.833,0.96,0.635,0.78,0.722,0.91,0.864,0.62,0.245,0.76,0.855,0.48,900,0,145,0.91,0.9,125,55,0.8025
Amsterdam,0.305,0.91,0.122,0.88,0.562,0.79,0.148,0.92,0.888,0.95,0.072,0.78,0.775,0.86,0.175,0.65,700,1,175,0.96,0.68,155,65,0.8755
Bali,0.305,0.73,0.122,0.76,0.562,0.91,0.148,0.87,0.888,0.51,0.072,0.99,0.775,0.72,0.175,0.98,700,1,90,0.62,0.95,70,35,0.7809
Singapore,0.305,0.91,0.122,0.72,0.562,0.98,0.148,0.85,0.888,0.79,0.072,0.94,0.775,0.97,0.175,0.79,700,1,155,0.9,0.94,145,50,0.9147
Tokyo,0.305,0.9,0.122,0.91,0.562,0.99,0.148,0.96,0.888,0.88,0.072,0.74,0.775,0.99,0.175,0.71,700,1,165,0.91,0.79,135,60,0.9164
Dubai,0.305,0.96,0.122,0.63,0.562,0.91,0.148,0.92,0.888,0.72,0.072,0.68,0.775,0.99,0.175,0.91,700,1,190,0.58,0.96,175,70,0.8599
Paris,0.305,0.98,0.122,0.95,0.562,0.97,0.148,0.82,0.888,0.99,0.072,0.65,0.775,0.92,0.175,0.45,700,1,180,0.95,0.82,160,70,0.9068
London,0.174,0.94,0.626,0.97,0.067,0.91,0.086,0.95,0.977,0.98,0.268,0.76,0.077,0.98,0.766,0.55,1800,1,210,0.89,0.64,190,75,0.8846
Paris,0.174,0.98,0.626,0.95,0.067,0.97,0.086,0.82,0.977,0.99,0.268,0.65,0.077,0.92,0.766,0.45,1800,1,180,0.95,0.82,160,70,0.8665
Bali,0.174,0.73,0.626,0.76,0.067,0.91,0.086,0.87,0.977,0.51,0.268,0.99,0.077,0.72,0.766,0.98,1800,1,90,0.62,0.95,70,35,0.81
Rome,0.174,0.97,0.626,0.99,0.067,0.96,0.086,0.78,0.977,0.91,0.268,0.62,0.077,0.76,0.766,0.48,1800,1,145,0.91,0.9,125,55,0.8546
Dubai,0.174,0.96,0.626,0.63,0.067,0.91,0.086,0.92,0.977,0.72,0.268,0.68,0.077,0.99,0.766,0.91,1800,1,190,0.58,0.96,175,70,0.835
Istanbul,0.174,0.94,0.626,0.98,0.067,0.94,0.086,0.89,0.977,0.84,0.268,0.71,0.077,0.91,0.766,0.58,1800,1,85,0.84,0.88,65,32,0.8318
Istanbul,0.803,0.94,0.811,0.98,0.018,0.94,0.169,0.89,0.976,0.84,0.667,0.71,0.071,0.91,0.867,0.58,2600,0,85,0.84,0.88,65,32,0.8183
Switzerland,0.803,0.79,0.811,0.78,0.018,0.82,0.169,0.58,0.976,0.75,0.667,0.99,0.071,0.76,0.867,0.98,2600,0,240,0.88,0.78,220,90,0.8533
Rome,0.803,0.97,0.811,0.99,0.018,0.96,0.169,0.78,0.976,0.91,0.667,0.62,0.071,0.76,0.867,0.48,2600,0,145,0.91,0.9,125,55,0.8232
Barcelona,0.803,0.96,0.811,0.84,0.018,0.94,0.169,0.96,0.976,0.82,0.667,0.82,0.071,0.88,0.867,0.72,2600,0,150,0.93,0.94,130,58,0.8585
Dubai,0.43,0.96,0.947,0.63,0.404,0.91,0.532,0.92,0.647,0.72,0.406,0.68,0.566,0.99,0.523,0.91,1300,0,190,0.58,0.96,175,70,0.8159
Singapore,0.43,0.91,0.947,0.72,0.404,0.98,0.532,0.85,0.647,0.79,0.406,0.94,0.566,0.97,0.523,0.79,1300,0,155,0.9,0.94,145,50,0.8577
Switzerland,0.43,0.79,0.947,0.78,0.404,0.82,0.532,0.58,0.647,0.75,0.406,0.99,0.566,0.76,0.523,0.98,1300,0,240,0.88,0.78,220,90,0.8194
Amsterdam,0.43,0.91,0.947,0.88,0.404,0.79,0.532,0.92,0.647,0.95,0.406,0.78,0.566,0.86,0.523,0.65,1300,0,175,0.96,0.68,155,65,0.8102
Switzerland,0.652,0.79,0.675,0.78,0.028,0.82,0.959,0.58,0.695,0.75,0.964,0.99,0.535,0.76,0.475,0.98,2200,1,240,0.88,0.78,220,90,0.829
Amsterdam,0.652,0.91,0.675,0.88,0.028,0.79,0.959,0.92,0.695,0.95,0.964,0.78,0.535,0.86,0.475,0.65,2200,1,175,0.96,0.68,155,65,0.8836
Bali,0.652,0.73,0.675,0.76,0.028,0.91,0.959,0.87,0.695,0.51,0.964,0.99,0.535,0.72,0.475,0.98,2200,1,90,0.62,0.95,70,35,0.8461
London,0.652,0.94,0.675,0.97,0.028,0.91,0.959,0.95,0.695,0.98,0.964,0.76,0.535,0.98,0.475,0.55,2200,1,210,0.89,0.64,190,75,0.8773
Rome,0.309,0.97,0.031,0.99,0.512,0.96,0.725,0.78,0.578,0.91,0.335,0.62,0.233,0.76,0.145,0.48,1100,0,145,0.91,0.9,125,55,0.824
Tokyo,0.309,0.9,0.031,0.91,0.512,0.99,0.725,0.96,0.578,0.88,0.335,0.74,0.233,0.99,0.145,0.71,1100,0,165,0.91,0.79,135,60,0.8619
Paris,0.309,0.98,0.031,0.95,0.512,0.97,0.725,0.82,0.578,0.99,0.335,0.65,0.233,0.92,0.145,0.45,1100,0,180,0.95,0.82,160,70,0.8606
Switzerland,0.309,0.79,0.031,0.78,0.512,0.82,0.725,0.58,0.578,0.75,0.335,0.99,0.233,0.76,0.145,0.98,1100,0,240,0.88,0.78,220,90,0.8018
Singapore,0.309,0.91,0.031,0.72,0.512,0.98,0.725,0.85,0.578,0.79,0.335,0.94,0.233,0.97,0.145,0.79,1100,0,155,0.9,0.94,145,50,0.8632
Dubai,0.309,0.96,0.031,0.63,0.512,0.91,0.725,0.92,0.578,0.72,0.335,0.68,0.233,0.99,0.145,0.91,1100,0,190,0.58,0.96,175,70,0.8351
Amsterdam,0.309,0.91,0.031,0.88,0.512,0.79,0.725,0.92,0.578,0.95,0.335,0.78,0.233,0.86,0.145,0.65,1100,0,175,0.96,0.68,155,65,0.8154
Rome,0.14,0.97,0.968,0.99,0.464,0.96,0.306,0.78,0.545,0.91,0.763,0.62,0.496,0.76,0.298,0.48,2600,1,145,0.91,0.9,125,55,0.8699
Dubai,0.14,0.96,0.968,0.63,0.464,0.91,0.306,0.92,0.545,0.72,0.763,0.68,0.496,0.99,0.298,0.91,2600,1,190,0.58,0.96,175,70,0.8491
Amsterdam,0.14,0.91,0.968,0.88,0.464,0.79,0.306,0.92,0.545,0.95,0.763,0.78,0.496,0.86,0.298,0.65,2600,1,175,0.96,0.68,155,65,0.8585
Switzerland,0.14,0.79,0.968,0.78,0.464,0.82,0.306,0.58,0.545,0.75,0.763,0.99,0.496,0.76,0.298,0.98,2600,1,240,0.88,0.78,220,90,0.8485
Tokyo,0.14,0.9,0.968,0.91,0.464,0.99,0.306,0.96,0.545,0.88,0.763,0.74,0.496,0.99,0.298,0.71,2600,1,165,0.91,0.79,135,60,0.8748
Rome,0.244,0.97,0.315,0.99,0.221,0.96,0.199,0.78,0.589,0.91,0.386,0.62,0.272,0.76,0.427,0.48,1100,1,145,0.91,0.9,125,55,0.8664
Istanbul,0.244,0.94,0.315,0.98,0.221,0.94,0.199,0.89,0.589,0.84,0.386,0.71,0.272,0.91,0.427,0.58,1100,1,85,0.84,0.88,65,32,0.8527
Bali,0.244,0.73,0.315,0.76,0.221,0.91,0.199,0.87,0.589,0.51,0.386,0.99,0.272,0.72,0.427,0.98,1100,1,90,0.62,0.95,70,35,0.8146
Tokyo,0.244,0.9,0.315,0.91,0.221,0.99,0.199,0.96,0.589,0.88,0.386,0.74,0.272,0.99,0.427,0.71,1100,1,165,0.91,0.79,135,60,0.8982
Barcelona,0.244,0.96,0.315,0.84,0.221,0.94,0.199,0.96,0.589,0.82,0.386,0.82,0.272,0.88,0.427,0.72,1100,1,150,0.93,0.94,130,58,0.8992
London,0.244,0.94,0.315,0.97,0.221,0.91,0.199,0.95,0.589,0.98,0.386,0.76,0.272,0.98,0.427,0.55,1100,1,210,0.89,0.64,190,75,0.8835
Bali,0.179,0.73,0.35,0.76,0.162,0.91,0.161,0.87,0.414,0.51,0.206,0.99,0.3,0.72,0.987,0.98,1800,1,90,0.62,0.95,70,35,0.8491
New York,0.179,0.94,0.35,0.82,0.162,0.96,0.161,0.99,0.414,0.97,0.206,0.71,0.3,0.99,0.987,0.63,1800,1,230,0.92,0.76,210,85,0.8512
Istanbul,0.179,0.94,0.35,0.98,0.162,0.94,0.161,0.89,0.414,0.84,0.206,0.71,0.3,0.91,0.987,0.58,1800,1,85,0.84,0.88,65,32,0.8287
Tokyo,0.179,0.9,0.35,0.91,0.162,0.99,0.161,0.96,0.414,0.88,0.206,0.74,0.3,0.99,0.987,0.71,1800,1,165,0.91,0.79,135,60,0.8637
Dubai,0.179,0.96,0.35,0.63,0.162,0.91,0.161,0.92,0.414,0.72,0.206,0.68,0.3,0.99,0.987,0.91,1800,1,190,0.58,0.96,175,70,0.8469
Barcelona,0.179,0.96,0.35,0.84,0.162,0.94,0.161,0.96,0.414,0.82,0.206,0.82,0.3,0.88,0.987,0.72,1800,1,150,0.93,0.94,130,58,0.8976
Singapore,0.179,0.91,0.35,0.72,0.162,0.98,0.161,0.85,0.414,0.79,0.206,0.94,0.3,0.97,0.987,0.79,1800,1,155,0.9,0.94,145,50,0.9058
London,0.745,0.94,0.307,0.97,0.257,0.91,0.073,0.95,0.897,0.98,0.612,0.76,0.396,0.98,0.928,0.55,1300,0,210,0.89,0.64,190,75,0.8222
Bali,0.745,0.73,0.307,0.76,0.257,0.91,0.073,0.87,0.897,0.51,0.612,0.99,0.396,0.72,0.928,0.98,1300,0,90,0.62,0.95,70,35,0.8079
Singapore,0.745,0.91,0.307,0.72,0.257,0.98,0.073,0.85,0.897,0.79,0.612,0.94,0.396,0.97,0.928,0.79,1300,0,155,0.9,0.94,145,50,0.854
Istanbul,0.745,0.94,0.307,0.98,0.257,0.94,0.073,0.89,0.897,0.84,0.612,0.71,0.396,0.91,0.928,0.58,1300,0,85,0.84,0.88,65,32,0.797
Amsterdam,0.745,0.91,0.307,0.88,0.257,0.79,0.073,0.92,0.897,0.95,0.612,0.78,0.396,0.86,0.928,0.65,1300,0,175,0.96,0.68,155,65,0.828
Amsterdam,0.837,0.91,0.7,0.88,0.171,0.79,0.225,0.92,0.593,0.95,0.501,0.78,0.128,0.86,0.723,0.65,1300,1,175,0.96,0.68,155,65,0.8908
Barcelona,0.837,0.96,0.7,0.84,0.171,0.94,0.225,0.96,0.593,0.82,0.501,0.82,0.128,0.88,0.723,0.72,1300,1,150,0.93,0.94,130,58,0.9222
Rome,0.837,0.97,0.7,0.99,0.171,0.96,0.225,0.78,0.593,0.91,0.501,0.62,0.128,0.76,0.723,0.48,1300,1,145,0.91,0.9,125,55,0.8797
Switzerland,0.446,0.79,0.061,0.78,0.173,0.82,0.86,0.58,0.762,0.75,0.479,0.99,0.301,0.76,0.852,0.98,1800,0,240,0.88,0.78,220,90,0.8234
Dubai,0.446,0.96,0.061,0.63,0.173,0.91,0.86,0.92,0.762,0.72,0.479,0.68,0.301,0.99,0.852,0.91,1800,0,190,0.58,0.96,175,70,0.8405
Tokyo,0.446,0.9,0.061,0.91,0.173,0.99,0.86,0.96,0.762,0.88,0.479,0.74,0.301,0.99,0.852,0.71,1800,0,165,0.91,0.79,135,60,0.8587
Bali,0.446,0.73,0.061,0.76,0.173,0.91,0.86,0.87,0.762,0.51,0.479,0.99,0.301,0.72,0.852,0.98,1800,0,90,0.62,0.95,70,35,0.8087
Singapore,0.446,0.91,0.061,0.72,0.173,0.98,0.86,0.85,0.762,0.79,0.479,0.94,0.301,0.97,0.852,0.79,1800,0,155,0.9,0.94,145,50,0.8331
Rome,0.302,0.97,0.567,0.99,0.848,0.96,0.382,0.78,0.064,0.91,0.724,0.62,0.223,0.76,0.055,0.48,700,0,145,0.91,0.9,125,55,0.8377
Barcelona,0.302,0.96,0.567,0.84,0.848,0.94,0.382,0.96,0.064,0.82,0.724,0.82,0.223,0.88,0.055,0.72,700,0,150,0.93,0.94,130,58,0.8718
Istanbul,0.302,0.94,0.567,0.98,0.848,0.94,0.382,0.89,0.064,0.84,0.724,0.71,0.223,0.91,0.055,0.58,700,0,85,0.84,0.88,65,32,0.8577
Amsterdam,0.302,0.91,0.567,0.88,0.848,0.79,0.382,0.92,0.064,0.95,0.724,0.78,0.223,0.86,0.055,0.65,700,0,175,0.96,0.68,155,65,0.8304
Singapore,0.302,0.91,0.567,0.72,0.848,0.98,0.382,0.85,0.064,0.79,0.724,0.94,0.223,0.97,0.055,0.79,700,0,155,0.9,0.94,145,50,0.875
Istanbul,0.331,0.94,0.337,0.98,0.678,0.94,0.471,0.89,0.002,0.84,0.94,0.71,0.971,0.91,0.079,0.58,1300,0,85,0.84,0.88,65,32,0.8452
Tokyo,0.331,0.9,0.337,0.91,0.678,0.99,0.471,0.96,0.002,0.88,0.94,0.74,0.971,0.99,0.079,0.71,1300,0,165,0.91,0.79,135,60,0.8627
New York,0.331,0.94,0.337,0.82,0.678,0.96,0.471,0.99,0.002,0.97,0.94,0.71,0.971,0.99,0.079,0.63,1300,0,230,0.92,0.76,210,85,0.8536
London,0.331,0.94,0.337,0.97,0.678,0.91,0.471,0.95,0.002,0.98,0.94,0.76,0.971,0.98,0.079,0.55,1300,0,210,0.89,0.64,190,75,0.831
Amsterdam,0.331,0.91,0.337,0.88,0.678,0.79,0.471,0.92,0.002,0.95,0.94,0.78,0.971,0.86,0.079,0.65,1300,0,175,0.96,0.68,155,65,0.8064
Amsterdam,0.542,0.91,0.371,0.88,0.885,0.79,0.297,0.92,0.184,0.95,0.829,0.78,0.158,0.86,0.671,0.65,1100,0,175,0.96,0.68,155,65,0.7876
London,0.542,0.94,0.371,0.97,0.885,0.91,0.297,0.95,0.184,0.98,0.829,0.76,0.158,0.98,0.671,0.55,1100,0,210,0.89,0.64,190,75,0.8109
Singapore,0.542,0.91,0.371,0.72,0.885,0.98,0.297,0.85,0.184,0.79,0.829,0.94,0.158,0.97,0.671,0.79,1100,0,155,0.9,0.94,145,50,0.8834
Switzerland,0.542,0.79,0.371,0.78,0.885,0.82,0.297,0.58,0.184,0.75,0.829,0.99,0.158,0.76,0.671,0.98,1100,0,240,0.88,0.78,220,90,0.8148
Switzerland,0.232,0.79,0.451,0.78,0.579,0.82,0.504,0.58,0.693,0.75,0.801,0.99,0.396,0.76,0.822,0.98,700,0,240,0.88,0.78,220,90,0.8496
Tokyo,0.232,0.9,0.451,0.91,0.579,0.99,0.504,0.96,0.693,0.88,0.801,0.74,0.396,0.99,0.822,0.71,700,0,165,0.91,0.79,135,60,0.8281
Barcelona,0.232,0.96,0.451,0.84,0.579,0.94,0.504,0.96,0.693,0.82,0.801,0.82,0.396,0.88,0.822,0.72,700,0,150,0.93,0.94,130,58,0.8677
London,0.232,0.94,0.451,0.97,0.579,0.91,0.504,0.95,0.693,0.98,0.801,0.76,0.396,0.98,0.822,0.55,700,0,210,0.89,0.64,190,75,0.8012
Dubai,0.232,0.96,0.451,0.63,0.579,0.91,0.504,0.92,0.693,0.72,0.801,0.68,0.396,0.99,0.822,0.91,700,0,190,0.58,0.96,175,70,0.8474
Singapore,0.232,0.91,0.451,0.72,0.579,0.98,0.504,0.85,0.693,0.79,0.801,0.94,0.396,0.97,0.822,0.79,700,0,155,0.9,0.94,145,50,0.8613
New York,0.232,0.94,0.451,0.82,0.579,0.96,0.504,0.99,0.693,0.97,0.801,0.71,0.396,0.99,0.822,0.63,700,0,230,0.92,0.76,210,85,0.8538
Barcelona,0.064,0.96,0.263,0.84,0.994,0.94,0.302,0.96,0.841,0.82,0.058,0.82,0.228,0.88,0.794,0.72,1800,0,150,0.93,0.94,130,58,0.8507
New York,0.064,0.94,0.263,0.82,0.994,0.96,0.302,0.99,0.841,0.97,0.058,0.71,0.228,0.99,0.794,0.63,1800,0,230,0.92,0.76,210,85,0.8448
Bali,0.064,0.73,0.263,0.76,0.994,0.91,0.302,0.87,0.841,0.51,0.058,0.99,0.228,0.72,0.794,0.98,1800,0,90,0.62,0.95,70,35,0.8237
London,0.064,0.94,0.263,0.97,0.994,0.91,0.302,0.95,0.841,0.98,0.058,0.76,0.228,0.98,0.794,0.55,1800,0,210,0.89,0.64,190,75,0.8197
Dubai,0.872,0.96,0.922,0.63,0.159,0.91,0.201,0.92,0.52,0.72,0.153,0.68,0.793,0.99,0.009,0.91,700,0,190,0.58,0.96,175,70,0.8641
Bali,0.872,0.73,0.922,0.76,0.159,0.91,0.201,0.87,0.52,0.51,0.153,0.99,0.793,0.72,0.009,0.98,700,0,90,0.62,0.95,70,35,0.7702
Rome,0.872,0.97,0.922,0.99,0.159,0.96,0.201,0.78,0.52,0.91,0.153,0.62,0.793,0.76,0.009,0.48,700,0,145,0.91,0.9,125,55,0.8622
Amsterdam,0.872,0.91,0.922,0.88,0.159,0.79,0.201,0.92,0.52,0.95,0.153,0.78,0.793,0.86,0.009,0.65,700,0,175,0.96,0.68,155,65,0.8375
New York,0.872,0.94,0.922,0.82,0.159,0.96,0.201,0.99,0.52,0.97,0.153,0.71,0.793,0.99,0.009,0.63,700,0,230,0.92,0.76,210,85,0.8752
Bali,0.068,0.73,0.692,0.76,0.67,0.91,0.428,0.87,0.456,0.51,0.933,0.99,0.011,0.72,0.856,0.98,1100,1,90,0.62,0.95,70,35,0.8834
Tokyo,0.068,0.9,0.692,0.91,0.67,0.99,0.428,0.96,0.456,0.88,0.933,0.74,0.011,0.99,0.856,0.71,1100,1,165,0.91,0.79,135,60,0.8624
Switzerland,0.068,0.79,0.692,0.78,0.67,0.82,0.428,0.58,0.456,0.75,0.933,0.99,0.011,0.76,0.856,0.98,1100,1,240,0.88,0.78,220,90,0.856
Amsterdam,0.068,0.91,0.692,0.88,0.67,0.79,0.428,0.92,0.456,0.95,0.933,0.78,0.011,0.86,0.856,0.65,1100,1,175,0.96,0.68,155,65,0.8685
Paris,0.068,0.98,0.692,0.95,0.67,0.97,0.428,0.82,0.456,0.99,0.933,0.65,0.011,0.92,0.856,0.45,1100,1,180,0.95,0.82,160,70,0.861
Rome,0.068,0.97,0.692,0.99,0.67,0.96,0.428,0.78,0.456,0.91,0.933,0.62,0.011,0.76,0.856,0.48,1100,1,145,0.91,0.9,125,55,0.8508
Barcelona,0.068,0.96,0.692,0.84,0.67,0.94,0.428,0.96,0.456,0.82,0.933,0.82,0.011,0.88,0.856,0.72,1100,1,150,0.93,0.94,130,58,0.8933
Bali,0.258,0.73,0.488,0.76,0.235,0.91,0.217,0.87,0.717,0.51,0.951,0.99,0.132,0.72,0.127,0.98,1500,1,90,0.62,0.95,70,35,0.8325
Paris,0.258,0.98,0.488,0.95,0.235,0.97,0.217,0.82,0.717,0.99,0.951,0.65,0.132,0.92,0.127,0.45,1500,1,180,0.95,0.82,160,70,0.8649
Rome,0.258,0.97,0.488,0.99,0.235,0.96,0.217,0.78,0.717,0.91,0.951,0.62,0.132,0.76,0.127,0.48,1500,1,145,0.91,0.9,125,55,0.8502
Switzerland,0.797,0.79,0.293,0.78,0.881,0.82,0.058,0.58,0.814,0.75,0.722,0.99,0.916,0.76,0.259,0.98,2600,0,240,0.88,0.78,220,90,0.8006
Istanbul,0.797,0.94,0.293,0.98,0.881,0.94,0.058,0.89,0.814,0.84,0.722,0.71,0.916,0.91,0.259,0.58,2600,0,85,0.84,0.88,65,32,0.8708
Singapore,0.797,0.91,0.293,0.72,0.881,0.98,0.058,0.85,0.814,0.79,0.722,0.94,0.916,0.97,0.259,0.79,2600,0,155,0.9,0.94,145,50,0.8888
Tokyo,0.797,0.9,0.293,0.91,0.881,0.99,0.058,0.96,0.814,0.88,0.722,0.74,0.916,0.99,0.259,0.71,2600,0,165,0.91,0.79,135,60,0.8855
London,0.797,0.94,0.293,0.97,0.881,0.91,0.058,0.95,0.814,0.98,0.722,0.76,0.916,0.98,0.259,0.55,2600,0,210,0.89,0.64,190,75,0.8766
Amsterdam,0.797,0.91,0.293,0.88,0.881,0.79,0.058,0.92,0.814,0.95,0.722,0.78,0.916,0.86,0.259,0.65,2600,0,175,0.96,0.68,155,65,0.805
Tokyo,0.36,0.9,0.542,0.91,0.537,0.99,0.92,0.96,0.154,0.88,0.678,0.74,0.629,0.99,0.339,0.71,900,0,165,0.91,0.79,135,60,0.8618
Bali,0.36,0.73,0.542,0.76,0.537,0.91,0.92,0.87,0.154,0.51,0.678,0.99,0.629,0.72,0.339,0.98,900,0,90,0.62,0.95,70,35,0.8626
Paris,0.36,0.98,0.542,0.95,0.537,0.97,0.92,0.82,0.154,0.99,0.678,0.65,0.629,0.92,0.339,0.45,900,0,180,0.95,0.82,160,70,0.8213
Istanbul,0.36,0.94,0.542,0.98,0.537,0.94,0.92,0.89,0.154,0.84,0.678,0.71,0.629,0.91,0.339,0.58,900,0,85,0.84,0.88,65,32,0.8412
Rome,0.507,0.97,0.739,0.99,0.947,0.96,0.485,0.78,0.627,0.91,0.451,0.62,0.769,0.76,0.076,0.48,1100,0,145,0.91,0.9,125,55,0.8608
Istanbul,0.507,0.94,0.739,0.98,0.947,0.94,0.485,0.89,0.627,0.84,0.451,0.71,0.769,0.91,0.076,0.58,1100,0,85,0.84,0.88,65,32,0.8977
Paris,0.507,0.98,0.739,0.95,0.947,0.97,0.485,0.82,0.627,0.99,0.451,0.65,0.769,0.92,0.076,0.45,1100,0,180,0.95,0.82,160,70,0.853
Switzerland,0.507,0.79,0.739,0.78,0.947,0.82,0.485,0.58,0.627,0.75,0.451,0.99,0.769,0.76,0.076,0.98,1100,0,240,0.88,0.78,220,90,0.8087
Istanbul,0.983,0.94,0.553,0.98,0.807,0.94,0.743,0.89,0.05,0.84,0.916,0.71,0.976,0.91,0.074,0.58,700,1,85,0.84,0.88,65,32,0.8825
Paris,0.983,0.98,0.553,0.95,0.807,0.97,0.743,0.82,0.05,0.99,0.916,0.65,0.976,0.92,0.074,0.45,700,1,180,0.95,0.82,160,70,0.9247
Amsterdam,0.983,0.91,0.553,0.88,0.807,0.79,0.743,0.92,0.05,0.95,0.916,0.78,0.976,0.86,0.074,0.65,700,1,175,0.96,0.68,155,65,0.8816
Barcelona,0.983,0.96,0.553,0.84,0.807,0.94,0.743,0.96,0.05,0.82,0.916,0.82,0.976,0.88,0.074,0.72,700,1,150,0.93,0.94,130,58,0.9358
Tokyo,0.983,0.9,0.553,0.91,0.807,0.99,0.743,0.96,0.05,0.88,0.916,0.74,0.976,0.99,0.074,0.71,700,1,165,0.91,0.79,135,60,0.8997
New York,0.318,0.94,0.886,0.82,0.764,0.96,0.494,0.99,0.173,0.97,0.142,0.71,0.492,0.99,0.388,0.63,1500,0,230,0.92,0.76,210,85,0.835
Singapore,0.318,0.91,0.886,0.72,0.764,0.98,0.494,0.85,0.173,0.79,0.142,0.94,0.492,0.97,0.388,0.79,1500,0,155,0.9,0.94,145,50,0.8786
Barcelona,0.318,0.96,0.886,0.84,0.764,0.94,0.494,0.96,0.173,0.82,0.142,0.82,0.492,0.88,0.388,0.72,1500,0,150,0.93,0.94,130,58,0.8536
Bali,0.318,0.73,0.886,0.76,0.764,0.91,0.494,0.87,0.173,0.51,0.142,0.99,0.492,0.72,0.388,0.98,1500,0,90,0.62,0.95,70,35,0.8168
London,0.176,0.94,0.679,0.97,0.685,0.91,0.261,0.95,0.879,0.98,0.383,0.76,0.958,0.98,0.909,0.55,700,0,210,0.89,0.64,190,75,0.8546
Istanbul,0.176,0.94,0.679,0.98,0.685,0.94,0.261,0.89,0.879,0.84,0.383,0.71,0.958,0.91,0.909,0.58,700,0,85,0.84,0.88,65,32,0.8557
Switzerland,0.176,0.79,0.679,0.78,0.685,0.82,0.261,0.58,0.879,0.75,0.383,0.99,0.958,0.76,0.909,0.98,700,0,240,0.88,0.78,220,90,0.8098
Singapore,0.176,0.91,0.679,0.72,0.685,0.98,0.261,0.85,0.879,0.79,0.383,0.94,0.958,0.97,0.909,0.79,700,0,155,0.9,0.94,145,50,0.8775
Bali,0.499,0.73,0.599,0.76,0.922,0.91,0.012,0.87,0.465,0.51,0.804,0.99,0.01,0.72,0.374,0.98,2200,1,90,0.62,0.95,70,35,0.8722
Tokyo,0.499,0.9,0.599,0.91,0.922,0.99,0.012,0.96,0.465,0.88,0.804,0.74,0.01,0.99,0.374,0.71,2200,1,165,0.91,0.79,135,60,0.8881
Amsterdam,0.499,0.91,0.599,0.88,0.922,0.79,0.012,0.92,0.465,0.95,0.804,0.78,0.01,0.86,0.374,0.65,2200,1,175,0.96,0.68,155,65,0.847
Singapore,0.702,0.91,0.182,0.72,0.427,0.98,0.658,0.85,0.16,0.79,0.878,0.94,0.741,0.97,0.414,0.79,1500,0,155,0.9,0.94,145,50,0.8873
Istanbul,0.702,0.94,0.182,0.98,0.427,0.94,0.658,0.89,0.16,0.84,0.878,0.71,0.741,0.91,0.414,0.58,1500,0,85,0.84,0.88,65,32,0.8181
Tokyo,0.702,0.9,0.182,0.91,0.427,0.99,0.658,0.96,0.16,0.88,0.878,0.74,0.741,0.99,0.414,0.71,1500,0,165,0.91,0.79,135,60,0.8371
Barcelona,0.702,0.96,0.182,0.84,0.427,0.94,0.658,0.96,0.16,0.82,0.878,0.82,0.741,0.88,0.414,0.72,1500,0,150,0.93,0.94,130,58,0.8668
New York,0.702,0.94,0.182,0.82,0.427,0.96,0.658,0.99,0.16,0.97,0.878,0.71,0.741,0.99,0.414,0.63,1500,0,230,0.92,0.76,210,85,0.8534
Switzerland,0.702,0.79,0.182,0.78,0.427,0.82,0.658,0.58,0.16,0.75,0.878,0.99,0.741,0.76,0.414,0.98,1500,0,240,0.88,0.78,220,90,0.7983
Barcelona,0.605,0.96,0.028,0.84,0.369,0.94,0.725,0.96,0.158,0.82,0.593,0.82,0.117,0.88,0.323,0.72,2200,0,150,0.93,0.94,130,58,0.8691
Bali,0.605,0.73,0.028,0.76,0.369,0.91,0.725,0.87,0.158,0.51,0.593,0.99,0.117,0.72,0.323,0.98,2200,0,90,0.62,0.95,70,35,0.8669
Tokyo,0.605,0.9,0.028,0.91,0.369,0.99,0.725,0.96,0.158,0.88,0.593,0.74,0.117,0.99,0.323,0.71,2200,0,165,0.91,0.79,135,60,0.8583
Dubai,0.233,0.96,0.244,0.63,0.668,0.91,0.812,0.92,0.646,0.72,0.172,0.68,0.622,0.99,0.297,0.91,1100,0,190,0.58,0.96,175,70,0.8743
Rome,0.233,0.97,0.244,0.99,0.668,0.96,0.812,0.78,0.646,0.91,0.172,0.62,0.622,0.76,0.297,0.48,1100,0,145,0.91,0.9,125,55,0.8277
Tokyo,0.233,0.9,0.244,0.91,0.668,0.99,0.812,0.96,0.646,0.88,0.172,0.74,0.622,0.99,0.297,0.71,1100,0,165,0.91,0.79,135,60,0.8652
London,0.233,0.94,0.244,0.97,0.668,0.91,0.812,0.95,0.646,0.98,0.172,0.76,0.622,0.98,0.297,0.55,1100,0,210,0.89,0.64,190,75,0.8728
Paris,0.233,0.98,0.244,0.95,0.668,0.97,0.812,0.82,0.646,0.99,0.172,0.65,0.622,0.92,0.297,0.45,1100,0,180,0.95,0.82,160,70,0.843
Bali,0.233,0.73,0.244,0.76,0.668,0.91,0.812,0.87,0.646,0.51,0.172,0.99,0.622,0.72,0.297,0.98,1100,0,90,0.62,0.95,70,35,0.8193
Barcelona,0.851,0.96,0.044,0.84,0.574,0.94,0.852,0.96,0.224,0.82,0.856,0.82,0.064,0.88,0.642,0.72,1100,0,150,0.93,0.94,130,58,0.8847
Rome,0.851,0.97,0.044,0.99,0.574,0.96,0.852,0.78,0.224,0.91,0.856,0.62,0.064,0.76,0.642,0.48,1100,0,145,0.91,0.9,125,55,0.8046
Tokyo,0.851,0.9,0.044,0.91,0.574,0.99,0.852,0.96,0.224,0.88,0.856,0.74,0.064,0.99,0.642,0.71,1100,0,165,0.91,0.79,135,60,0.867
Tokyo,0.113,0.9,0.372,0.91,0.154,0.99,0.435,0.96,0.417,0.88,0.5,0.74,0.401,0.99,0.894,0.71,900,0,165,0.91,0.79,135,60,0.8609
London,0.113,0.94,0.372,0.97,0.154,0.91,0.435,0.95,0.417,0.98,0.5,0.76,0.401,0.98,0.894,0.55,900,0,210,0.89,0.64,190,75,0.8184
New York,0.113,0.94,0.372,0.82,0.154,0.96,0.435,0.99,0.417,0.97,0.5,0.71,0.401,0.99,0.894,0.63,900,0,230,0.92,0.76,210,85,0.8376
Bali,0.113,0.73,0.372,0.76,0.154,0.91,0.435,0.87,0.417,0.51,0.5,0.99,0.401,0.72,0.894,0.98,900,0,90,0.62,0.95,70,35,0.857
Paris,0.113,0.98,0.372,0.95,0.154,0.97,0.435,0.82,0.417,0.99,0.5,0.65,0.401,0.92,0.894,0.45,900,0,180,0.95,0.82,160,70,0.7618
Amsterdam,0.113,0.91,0.372,0.88,0.154,0.79,0.435,0.92,0.417,0.95,0.5,0.78,0.401,0.86,0.894,0.65,900,0,175,0.96,0.68,155,65,0.7989
Barcelona,0.113,0.96,0.372,0.84,0.154,0.94,0.435,0.96,0.417,0.82,0.5,0.82,0.401,0.88,0.894,0.72,900,0,150,0.93,0.94,130,58,0.8463
Dubai,0.502,0.96,0.932,0.63,0.442,0.91,0.524,0.92,0.245,0.72,0.314,0.68,0.327,0.99,0.737,0.91,2200,1,190,0.58,0.96,175,70,0.8377
London,0.502,0.94,0.932,0.97,0.442,0.91,0.524,0.95,0.245,0.98,0.314,0.76,0.327,0.98,0.737,0.55,2200,1,210,0.89,0.64,190,75,0.88
Rome,0.502,0.97,0.932,0.99,0.442,0.96,0.524,0.78,0.245,0.91,0.314,0.62,0.327,0.76,0.737,0.48,2200,1,145,0.91,0.9,125,55,0.8482
Istanbul,0.502,0.94,0.932,0.98,0.442,0.94,0.524,0.89,0.245,0.84,0.314,0.71,0.327,0.91,0.737,0.58,2200,1,85,0.84,0.88,65,32,0.8642
Barcelona,0.502,0.96,0.932,0.84,0.442,0.94,0.524,0.96,0.245,0.82,0.314,0.82,0.327,0.88,0.737,0.72,2200,1,150,0.93,0.94,130,58,0.9246
Istanbul,0.809,0.94,0.179,0.98,0.193,0.94,0.017,0.89,0.69,0.84,0.045,0.71,0.163,0.91,0.253,0.58,1300,0,85,0.84,0.88,65,32,0.8574
Singapore,0.809,0.91,0.179,0.72,0.193,0.98,0.017,0.85,0.69,0.79,0.045,0.94,0.163,0.97,0.253,0.79,1300,0,155,0.9,0.94,145,50,0.8642
New York,0.809,0.94,0.179,0.82,0.193,0.96,0.017,0.99,0.69,0.97,0.045,0.71,0.163,0.99,0.253,0.63,1300,0,230,0.92,0.76,210,85,0.8531
Rome,0.809,0.97,0.179,0.99,0.193,0.96,0.017,0.78,0.69,0.91,0.045,0.62,0.163,0.76,0.253,0.48,1300,0,145,0.91,0.9,125,55,0.8796
Bali,0.809,0.73,0.179,0.76,0.193,0.91,0.017,0.87,0.69,0.51,0.045,0.99,0.163,0.72,0.253,0.98,1300,0,90,0.62,0.95,70,35,0.7782
Dubai,0.594,0.96,0.613,0.63,0.575,0.91,0.527,0.92,0.652,0.72,0.514,0.68,0.199,0.99,0.735,0.91,700,0,190,0.58,0.96,175,70,0.8545
Istanbul,0.594,0.94,0.613,0.98,0.575,0.94,0.527,0.89,0.652,0.84,0.514,0.71,0.199,0.91,0.735,0.58,700,0,85,0.84,0.88,65,32,0.8522
Switzerland,0.594,0.79,0.613,0.78,0.575,0.82,0.527,0.58,0.652,0.75,0.514,0.99,0.199,0.76,0.735,0.98,700,0,240,0.88,0.78,220,90,0.8274
Paris,0.594,0.98,0.613,0.95,0.575,0.97,0.527,0.82,0.652,0.99,0.514,0.65,0.199,0.92,0.735,0.45,700,0,180,0.95,0.82,160,70,0.8065
London,0.348,0.94,0.197,0.97,0.161,0.91,0.337,0.95,0.544,0.98,0.189,0.76,0.096,0.98,0.322,0.55,700,1,210,0.89,0.64,190,75,0.8841
Amsterdam,0.348,0.91,0.197,0.88,0.161,0.79,0.337,0.92,0.544,0.95,0.189,0.78,0.096,0.86,0.322,0.65,700,1,175,0.96,0.68,155,65,0.8541
New York,0.348,0.94,0.197,0.82,0.161,0.96,0.337,0.99,0.544,0.97,0.189,0.71,0.096,0.99,0.322,0.63,700,1,230,0.92,0.76,210,85,0.8904
Switzerland,0.348,0.79,0.197,0.78,0.161,0.82,0.337,0.58,0.544,0.75,0.189,0.99,0.096,0.76,0.322,0.98,700,1,240,0.88,0.78,220,90,0.8512
Dubai,0.925,0.96,0.842,0.63,0.616,0.91,0.66,0.92,0.565,0.72,0.611,0.68,0.06,0.99,0.398,0.91,2200,0,190,0.58,0.96,175,70,0.8374
Amsterdam,0.925,0.91,0.842,0.88,0.616,0.79,0.66,0.92,0.565,0.95,0.611,0.78,0.06,0.86,0.398,0.65,2200,0,175,0.96,0.68,155,65,0.8508
Switzerland,0.925,0.79,0.842,0.78,0.616,0.82,0.66,0.58,0.565,0.75,0.611,0.99,0.06,0.76,0.398,0.98,2200,0,240,0.88,0.78,220,90,0.8164
Barcelona,0.925,0.96,0.842,0.84,0.616,0.94,0.66,0.96,0.565,0.82,0.611,0.82,0.06,0.88,0.398,0.72,2200,0,150,0.93,0.94,130,58,0.8906
Bali,0.925,0.73,0.842,0.76,0.616,0.91,0.66,0.87,0.565,0.51,0.611,0.99,0.06,0.72,0.398,0.98,2200,0,90,0.62,0.95,70,35,0.8146
Istanbul,0.925,0.94,0.842,0.98,0.616,0.94,0.66,0.89,0.565,0.84,0.611,0.71,0.06,0.91,0.398,0.58,2200,0,85,0.84,0.88,65,32,0.8739
Singapore,0.408,0.91,0.747,0.72,0.506,0.98,0.635,0.85,0.883,0.79,0.963,0.94,0.913,0.97,0.75,0.79,2200,0,155,0.9,0.94,145,50,0.8439
Rome,0.408,0.97,0.747,0.99,0.506,0.96,0.635,0.78,0.883,0.91,0.963,0.62,0.913,0.76,0.75,0.48,2200,0,145,0.91,0.9,125,55,0.8361
Amsterdam,0.408,0.91,0.747,0.88,0.506,0.79,0.635,0.92,0.883,0.95,0.963,0.78,0.913,0.86,0.75,0.65,2200,0,175,0.96,0.68,155,65,0.8064
Dubai,0.408,0.96,0.747,0.63,0.506,0.91,0.635,0.92,0.883,0.72,0.963,0.68,0.913,0.99,0.75,0.91,2200,0,190,0.58,0.96,175,70,0.8487
London,0.408,0.94,0.747,0.97,0.506,0.91,0.635,0.95,0.883,0.98,0.963,0.76,0.913,0.98,0.75,0.55,2200,0,210,0.89,0.64,190,75,0.8532
New York,0.408,0.94,0.747,0.82,0.506,0.96,0.635,0.99,0.883,0.97,0.963,0.71,0.913,0.99,0.75,0.63,2200,0,230,0.92,0.76,210,85,0.8307
Istanbul,0.226,0.94,0.609,0.98,0.099,0.94,0.541,0.89,0.508,0.84,0.971,0.71,0.349,0.91,0.187,0.58,900,1,85,0.84,0.88,65,32,0.8693
Paris,0.226,0.98,0.609,0.95,0.099,0.97,0.541,0.82,0.508,0.99,0.971,0.65,0.349,0.92,0.187,0.45,900,1,180,0.95,0.82,160,70,0.8795
Dubai,0.226,0.96,0.609,0.63,0.099,0.91,0.541,0.92,0.508,0.72,0.971,0.68,0.349,0.99,0.187,0.91,900,1,190,0.58,0.96,175,70,0.8195
Singapore,0.226,0.91,0.609,0.72,0.099,0.98,0.541,0.85,0.508,0.79,0.971,0.94,0.349,0.97,0.187,0.79,900,1,155,0.9,0.94,145,50,0.9064
New York,0.226,0.94,0.609,0.82,0.099,0.96,0.541,0.99,0.508,0.97,0.971,0.71,0.349,0.99,0.187,0.63,900,1,230,0.92,0.76,210,85,0.8752
Singapore,0.582,0.91,0.006,0.72,0.899,0.98,0.538,0.85,0.1,0.79,0.654,0.94,0.266,0.97,0.77,0.79,1100,1,155,0.9,0.94,145,50,0.9198
Dubai,0.582,0.96,0.006,0.63,0.899,0.91,0.538,0.92,0.1,0.72,0.654,0.68,0.266,0.99,0.77,0.91,1100,1,190,0.58,0.96,175,70,0.8995
Rome,0.582,0.97,0.006,0.99,0.899,0.96,0.538,0.78,0.1,0.91,0.654,0.62,0.266,0.76,0.77,0.48,1100,1,145,0.91,0.9,125,55,0.8476
Istanbul,0.582,0.94,0.006,0.98,0.899,0.94,0.538,0.89,0.1,0.84,0.654,0.71,0.266,0.91,0.77,0.58,1100,1,85,0.84,0.88,65,32,0.8638
Bali,0.582,0.73,0.006,0.76,0.899,0.91,0.538,0.87,0.1,0.51,0.654,0.99,0.266,0.72,0.77,0.98,1100,1,90,0.62,0.95,70,35,0.8754
Barcelona,0.582,0.96,0.006,0.84,0.899,0.94,0.538,0.96,0.1,0.82,0.654,0.82,0.266,0.88,0.77,0.72,1100,1,150,0.93,0.94,130,58,0.9191
London,0.582,0.94,0.006,0.97,0.899,0.91,0.538,0.95,0.1,0.98,0.654,0.76,0.266,0.98,0.77,0.55,1100,1,210,0.89,0.64,190,75,0.8341
Tokyo,0.676,0.9,0.991,0.91,0.822,0.99,0.151,0.96,0.391,0.88,0.369,0.74,0.953,0.99,0.399,0.71,2200,0,165,0.91,0.79,135,60,0.864
Bali,0.676,0.73,0.991,0.76,0.822,0.91,0.151,0.87,0.391,0.51,0.369,0.99,0.953,0.72,0.399,0.98,2200,0,90,0.62,0.95,70,35,0.8211
Rome,0.676,0.97,0.991,0.99,0.822,0.96,0.151,0.78,0.391,0.91,0.369,0.62,0.953,0.76,0.399,0.48,2200,0,145,0.91,0.9,125,55,0.8539
Barcelona,0.676,0.96,0.991,0.84,0.822,0.94,0.151,0.96,0.391,0.82,0.369,0.82,0.953,0.88,0.399,0.72,2200,0,150,0.93,0.94,130,58,0.8904
Istanbul,0.676,0.94,0.991,0.98,0.822,0.94,0.151,0.89,0.391,0.84,0.369,0.71,0.953,0.91,0.399,0.58,2200,0,85,0.84,0.88,65,32,0.8608
Amsterdam,0.676,0.91,0.991,0.88,0.822,0.79,0.151,0.92,0.391,0.95,0.369,0.78,0.953,0.86,0.399,0.65,2200,0,175,0.96,0.68,155,65,0.811
Switzerland,0.676,0.79,0.991,0.78,0.822,0.82,0.151,0.58,0.391,0.75,0.369,0.99,0.953,0.76,0.399,0.98,2200,0,240,0.88,0.78,220,90,0.8018
Dubai,0.435,0.96,0.636,0.63,0.764,0.91,0.738,0.92,0.887,0.72,0.579,0.68,0.608,0.99,0.445,0.91,2600,0,190,0.58,0.96,175,70,0.8483
Istanbul,0.435,0.94,0.636,0.98,0.764,0.94,0.738,0.89,0.887,0.84,0.579,0.71,0.608,0.91,0.445,0.58,2600,0,85,0.84,0.88,65,32,0.8483
Bali,0.435,0.73,0.636,0.76,0.764,0.91,0.738,0.87,0.887,0.51,0.579,0.99,0.608,0.72,0.445,0.98,2600,0,90,0.62,0.95,70,35,0.7968
London,0.435,0.94,0.636,0.97,0.764,0.91,0.738,0.95,0.887,0.98,0.579,0.76,0.608,0.98,0.445,0.55,2600,0,210,0.89,0.64,190,75,0.8279
Rome,0.435,0.97,0.636,0.99,0.764,0.96,0.738,0.78,0.887,0.91,0.579,0.62,0.608,0.76,0.445,0.48,2600,0,145,0.91,0.9,125,55,0.8493
Switzerland,0.435,0.79,0.636,0.78,0.764,0.82,0.738,0.58,0.887,0.75,0.579,0.99,0.608,0.76,0.445,0.98,2600,0,240,0.88,0.78,220,90,0.8008
Amsterdam,0.435,0.91,0.636,0.88,0.764,0.79,0.738,0.92,0.887,0.95,0.579,0.78,0.608,0.86,0.445,0.65,2600,0,175,0.96,0.68,155,65,0.8392
Singapore,0.498,0.91,0.559,0.72,0.686,0.98,0.851,0.85,0.284,0.79,0.276,0.94,0.954,0.97,0.194,0.79,1500,0,155,0.9,0.94,145,50,0.8708
Amsterdam,0.498,0.91,0.559,0.88,0.686,0.79,0.851,0.92,0.284,0.95,0.276,0.78,0.954,0.86,0.194,0.65,1500,0,175,0.96,0.68,155,65,0.8383
London,0.498,0.94,0.559,0.97,0.686,0.91,0.851,0.95,0.284,0.98,0.276,0.76,0.954,0.98,0.194,0.55,1500,0,210,0.89,0.64,190,75,0.8835
Istanbul,0.498,0.94,0.559,0.98,0.686,0.94,0.851,0.89,0.284,0.84,0.276,0.71,0.954,0.91,0.194,0.58,1500,0,85,0.84,0.88,65,32,0.853
Tokyo,0.498,0.9,0.559,0.91,0.686,0.99,0.851,0.96,0.284,0.88,0.276,0.74,0.954,0.99,0.194,0.71,1500,0,165,0.91,0.79,135,60,0.8794
Rome,0.498,0.97,0.559,0.99,0.686,0.96,0.851,0.78,0.284,0.91,0.276,0.62,0.954,0.76,0.194,0.48,1500,0,145,0.91,0.9,125,55,0.8568
Paris,0.534,0.98,0.265,0.95,0.316,0.97,0.792,0.82,0.167,0.99,0.64,0.65,0.806,0.92,0.876,0.45,1800,0,180,0.95,0.82,160,70,0.7846
Barcelona,0.534,0.96,0.265,0.84,0.316,0.94,0.792,0.96,0.167,0.82,0.64,0.82,0.806,0.88,0.876,0.72,1800,0,150,0.93,0.94,130,58,0.8598
Dubai,0.534,0.96,0.265,0.63,0.316,0.91,0.792,0.92,0.167,0.72,0.64,0.68,0.806,0.99,0.876,0.91,1800,0,190,0.58,0.96,175,70,0.8658
New York,0.29,0.94,0.602,0.82,0.061,0.96,0.84,0.99,0.179,0.97,0.535,0.71,0.253,0.99,0.52,0.63,1300,0,230,0.92,0.76,210,85,0.8262
Bali,0.29,0.73,0.602,0.76,0.061,0.91,0.84,0.87,0.179,0.51,0.535,0.99,0.253,0.72,0.52,0.98,1300,0,90,0.62,0.95,70,35,0.8671
Istanbul,0.29,0.94,0.602,0.98,0.061,0.94,0.84,0.89,0.179,0.84,0.535,0.71,0.253,0.91,0.52,0.58,1300,0,85,0.84,0.88,65,32,0.8399
Amsterdam,0.29,0.91,0.602,0.88,0.061,0.79,0.84,0.92,0.179,0.95,0.535,0.78,0.253,0.86,0.52,0.65,1300,0,175,0.96,0.68,155,65,0.8284
Paris,0.29,0.98,0.602,0.95,0.061,0.97,0.84,0.82,0.179,0.99,0.535,0.65,0.253,0.92,0.52,0.45,1300,0,180,0.95,0.82,160,70,0.8187
Barcelona,0.29,0.96,0.602,0.84,0.061,0.94,0.84,0.96,0.179,0.82,0.535,0.82,0.253,0.88,0.52,0.72,1300,0,150,0.93,0.94,130,58,0.8498
Switzerland,0.29,0.79,0.602,0.78,0.061,0.82,0.84,0.58,0.179,0.75,0.535,0.99,0.253,0.76,0.52,0.98,1300,0,240,0.88,0.78,220,90,0.8216
Amsterdam,0.995,0.91,0.553,0.88,0.416,0.79,0.865,0.92,0.015,0.95,0.925,0.78,0.447,0.86,0.371,0.65,700,0,175,0.96,0.68,155,65,0.8363
Paris,0.995,0.98,0.553,0.95,0.416,0.97,0.865,0.82,0.015,0.99,0.925,0.65,0.447,0.92,0.371,0.45,700,0,180,0.95,0.82,160,70,0.843
Tokyo,0.995,0.9,0.553,0.91,0.416,0.99,0.865,0.96,0.015,0.88,0.925,0.74,0.447,0.99,0.371,0.71,700,0,165,0.91,0.79,135,60,0.8532
New York,0.592,0.94,0.869,0.82,0.596,0.96,0.645,0.99,0.017,0.97,0.968,0.71,0.357,0.99,0.293,0.63,1500,0,230,0.92,0.76,210,85,0.8184
Switzerland,0.592,0.79,0.869,0.78,0.596,0.82,0.645,0.58,0.017,0.75,0.968,0.99,0.357,0.76,0.293,0.98,1500,0,240,0.88,0.78,220,90,0.8305
London,0.592,0.94,0.869,0.97,0.596,0.91,0.645,0.95,0.017,0.98,0.968,0.76,0.357,0.98,0.293,0.55,1500,0,210,0.89,0.64,190,75,0.8629
Dubai,0.592,0.96,0.869,0.63,0.596,0.91,0.645,0.92,0.017,0.72,0.968,0.68,0.357,0.99,0.293,0.91,1500,0,190,0.58,0.96,175,70,0.8566
Singapore,0.592,0.91,0.869,0.72,0.596,0.98,0.645,0.85,0.017,0.79,0.968,0.94,0.357,0.97,0.293,0.79,1500,0,155,0.9,0.94,145,50,0.8771
Bali,0.592,0.73,0.869,0.76,0.596,0.91,0.645,0.87,0.017,0.51,0.968,0.99,0.357,0.72,0.293,0.98,1500,0,90,0.62,0.95,70,35,0.8594
London,0.162,0.94,0.878,0.97,0.804,0.91,0.031,0.95,0.631,0.98,0.204,0.76,0.372,0.98,0.688,0.55,700,0,210,0.89,0.64,190,75,0.8309
Istanbul,0.162,0.94,0.878,0.98,0.804,0.94,0.031,0.89,0.631,0.84,0.204,0.71,0.372,0.91,0.688,0.58,700,0,85,0.84,0.88,65,32,0.8374
Switzerland,0.162,0.79,0.878,0.78,0.804,0.82,0.031,0.58,0.631,0.75,0.204,0.99,0.372,0.76,0.688,0.98,700,0,240,0.88,0.78,220,90,0.8171
Barcelona,0.162,0.96,0.878,0.84,0.804,0.94,0.031,0.96,0.631,0.82,0.204,0.82,0.372,0.88,0.688,0.72,700,0,150,0.93,0.94,130,58,0.8471
Paris,0.162,0.98,0.878,0.95,0.804,0.97,0.031,0.82,0.631,0.99,0.204,0.65,0.372,0.92,0.688,0.45,700,0,180,0.95,0.82,160,70,0.8626
Barcelona,0.401,0.96,0.917,0.84,0.165,0.94,0.94,0.96,0.378,0.82,0.787,0.82,0.126,0.88,0.324,0.72,1800,1,150,0.93,0.94,130,58,0.8929
Tokyo,0.401,0.9,0.917,0.91,0.165,0.99,0.94,0.96,0.378,0.88,0.787,0.74,0.126,0.99,0.324,0.71,1800,1,165,0.91,0.79,135,60,0.9001
Dubai,0.401,0.96,0.917,0.63,0.165,0.91,0.94,0.92,0.378,0.72,0.787,0.68,0.126,0.99,0.324,0.91,1800,1,190,0.58,0.96,175,70,0.8217
Istanbul,0.401,0.94,0.917,0.98,0.165,0.94,0.94,0.89,0.378,0.84,0.787,0.71,0.126,0.91,0.324,0.58,1800,1,85,0.84,0.88,65,32,0.8698
New York,0.401,0.94,0.917,0.82,0.165,0.96,0.94,0.99,0.378,0.97,0.787,0.71,0.126,0.99,0.324,0.63,1800,1,230,0.92,0.76,210,85,0.8907
Bali,0.401,0.73,0.917,0.76,0.165,0.91,0.94,0.87,0.378,0.51,0.787,0.99,0.126,0.72,0.324,0.98,1800,1,90,0.62,0.95,70,35,0.8609
Barcelona,0.44,0.96,0.029,0.84,0.499,0.94,0.48,0.96,0.389,0.82,0.541,0.82,0.685,0.88,0.326,0.72,1300,1,150,0.93,0.94,130,58,0.9046
Rome,0.44,0.97,0.029,0.99,0.499,0.96,0.48,0.78,0.389,0.91,0.541,0.62,0.685,0.76,0.326,0.48,1300,1,145,0.91,0.9,125,55,0.8541
Amsterdam,0.44,0.91,0.029,0.88,0.499,0.79,0.48,0.92,0.389,0.95,0.541,0.78,0.685,0.86,0.326,0.65,1300,1,175,0.96,0.68,155,65,0.8484
New York,0.44,0.94,0.029,0.82,0.499,0.96,0.48,0.99,0.389,0.97,0.541,0.71,0.685,0.99,0.326,0.63,1300,1,230,0.92,0.76,210,85,0.8875
Bali,0.44,0.73,0.029,0.76,0.499,0.91,0.48,0.87,0.389,0.51,0.541,0.99,0.685,0.72,0.326,0.98,1300,1,90,0.62,0.95,70,35,0.8376
Istanbul,0.348,0.94,0.102,0.98,0.702,0.94,0.862,0.89,0.596,0.84,0.003,0.71,0.249,0.91,0.128,0.58,1100,0,85,0.84,0.88,65,32,0.8925
Singapore,0.348,0.91,0.102,0.72,0.702,0.98,0.862,0.85,0.596,0.79,0.003,0.94,0.249,0.97,0.128,0.79,1100,0,155,0.9,0.94,145,50,0.8782
Amsterdam,0.348,0.91,0.102,0.88,0.702,0.79,0.862,0.92,0.596,0.95,0.003,0.78,0.249,0.86,0.128,0.65,1100,0,175,0.96,0.68,155,65,0.8504
Barcelona,0.463,0.96,0.157,0.84,0.772,0.94,0.536,0.96,0.546,0.82,0.246,0.82,0.347,0.88,0.321,0.72,1800,1,150,0.93,0.94,130,58,0.9278
Bali,0.463,0.73,0.157,0.76,0.772,0.91,0.536,0.87,0.546,0.51,0.246,0.99,0.347,0.72,0.321,0.98,1800,1,90,0.62,0.95,70,35,0.8297
London,0.463,0.94,0.157,0.97,0.772,0.91,0.536,0.95,0.546,0.98,0.246,0.76,0.347,0.98,0.321,0.55,1800,1,210,0.89,0.64,190,75,0.9016
Istanbul,0.463,0.94,0.157,0.98,0.772,0.94,0.536,0.89,0.546,0.84,0.246,0.71,0.347,0.91,0.321,0.58,1800,1,85,0.84,0.88,65,32,0.881
Bali,0.406,0.73,0.977,0.76,0.328,0.91,0.368,0.87,0.084,0.51,0.067,0.99,0.336,0.72,0.052,0.98,700,1,90,0.62,0.95,70,35,0.8194
Rome,0.406,0.97,0.977,0.99,0.328,0.96,0.368,0.78,0.084,0.91,0.067,0.62,0.336,0.76,0.052,0.48,700,1,145,0.91,0.9,125,55,0.9207
London,0.406,0.94,0.977,0.97,0.328,0.91,0.368,0.95,0.084,0.98,0.067,0.76,0.336,0.98,0.052,0.55,700,1,210,0.89,0.64,190,75,0.932
Singapore,0.406,0.91,0.977,0.72,0.328,0.98,0.368,0.85,0.084,0.79,0.067,0.94,0.336,0.97,0.052,0.79,700,1,155,0.9,0.94,145,50,0.8959
New York,0.406,0.94,0.977,0.82,0.328,0.96,0.368,0.99,0.084,0.97,0.067,0.71,0.336,0.99,0.052,0.63,700,1,230,0.92,0.76,210,85,0.9009
Singapore,0.141,0.91,0.438,0.72,0.529,0.98,0.743,0.85,0.732,0.79,0.112,0.94,0.789,0.97,0.461,0.79,1800,1,155,0.9,0.94,145,50,0.8887
Amsterdam,0.141,0.91,0.438,0.88,0.529,0.79,0.743,0.92,0.732,0.95,0.112,0.78,0.789,0.86,0.461,0.65,1800,1,175,0.96,0.68,155,65,0.878
London,0.141,0.94,0.438,0.97,0.529,0.91,0.743,0.95,0.732,0.98,0.112,0.76,0.789,0.98,0.461,0.55,1800,1,210,0.89,0.64,190,75,0.8731
Bali,0.141,0.73,0.438,0.76,0.529,0.91,0.743,0.87,0.732,0.51,0.112,0.99,0.789,0.72,0.461,0.98,1800,1,90,0.62,0.95,70,35,0.8083
Switzerland,0.141,0.79,0.438,0.78,0.529,0.82,0.743,0.58,0.732,0.75,0.112,0.99,0.789,0.76,0.461,0.98,1800,1,240,0.88,0.78,220,90,0.8282
Paris,0.141,0.98,0.438,0.95,0.529,0.97,0.743,0.82,0.732,0.99,0.112,0.65,0.789,0.92,0.461,0.45,1800,1,180,0.95,0.82,160,70,0.8913
Barcelona,0.141,0.96,0.438,0.84,0.529,0.94,0.743,0.96,0.732,0.82,0.112,0.82,0.789,0.88,0.461,0.72,1800,1,150,0.93,0.94,130,58,0.9277
Barcelona,0.069,0.96,0.201,0.84,0.825,0.94,0.521,0.96,0.601,0.82,0.182,0.82,0.936,0.88,0.513,0.72,1100,0,150,0.93,0.94,130,58,0.8412
Singapore,0.069,0.91,0.201,0.72,0.825,0.98,0.521,0.85,0.601,0.79,0.182,0.94,0.936,0.97,0.513,0.79,1100,0,155,0.9,0.94,145,50,0.8933
New York,0.069,0.94,0.201,0.82,0.825,0.96,0.521,0.99,0.601,0.97,0.182,0.71,0.936,0.99,0.513,0.63,1100,0,230,0.92,0.76,210,85,0.8684
Switzerland,0.069,0.79,0.201,0.78,0.825,0.82,0.521,0.58,0.601,0.75,0.182,0.99,0.936,0.76,0.513,0.98,1100,0,240,0.88,0.78,220,90,0.792
Amsterdam,0.069,0.91,0.201,0.88,0.825,0.79,0.521,0.92,0.601,0.95,0.182,0.78,0.936,0.86,0.513,0.65,1100,0,175,0.96,0.68,155,65,0.7985
Bali,0.182,0.73,0.445,0.76,0.306,0.91,0.327,0.87,0.661,0.51,0.927,0.99,0.729,0.72,0.483,0.98,700,0,90,0.62,0.95,70,35,0.8197
Rome,0.182,0.97,0.445,0.99,0.306,0.96,0.327,0.78,0.661,0.91,0.927,0.62,0.729,0.76,0.483,0.48,700,0,145,0.91,0.9,125,55,0.7963
Tokyo,0.182,0.9,0.445,0.91,0.306,0.99,0.327,0.96,0.661,0.88,0.927,0.74,0.729,0.99,0.483,0.71,700,0,165,0.91,0.79,135,60,0.8283
Dubai,0.182,0.96,0.445,0.63,0.306,0.91,0.327,0.92,0.661,0.72,0.927,0.68,0.729,0.99,0.483,0.91,700,0,190,0.58,0.96,175,70,0.8329
Singapore,0.182,0.91,0.445,0.72,0.306,0.98,0.327,0.85,0.661,0.79,0.927,0.94,0.729,0.97,0.483,0.79,700,0,155,0.9,0.94,145,50,0.8802
Switzerland,0.182,0.79,0.445,0.78,0.306,0.82,0.327,0.58,0.661,0.75,0.927,0.99,0.729,0.76,0.483,0.98,700,0,240,0.88,0.78,220,90,0.848
Barcelona,0.182,0.96,0.445,0.84,0.306,0.94,0.327,0.96,0.661,0.82,0.927,0.82,0.729,0.88,0.483,0.72,700,0,150,0.93,0.94,130,58,0.8572
Tokyo,0.397,0.9,0.932,0.91,0.987,0.99,0.224,0.96,0.814,0.88,0.137,0.74,0.605,0.99,0.257,0.71,2200,1,165,0.91,0.79,135,60,0.9015
Paris,0.397,0.98,0.932,0.95,0.987,0.97,0.224,0.82,0.814,0.99,0.137,0.65,0.605,0.92,0.257,0.45,2200,1,180,0.95,0.82,160,70,0.9276
Bali,0.397,0.73,0.932,0.76,0.987,0.91,0.224,0.87,0.814,0.51,0.137,0.99,0.605,0.72,0.257,0.98,2200,1,90,0.62,0.95,70,35,0.8186
Switzerland,0.397,0.79,0.932,0.78,0.987,0.82,0.224,0.58,0.814,0.75,0.137,0.99,0.605,0.76,0.257,0.98,2200,1,240,0.88,0.78,220,90,0.8388
New York,0.397,0.94,0.932,0.82,0.987,0.96,0.224,0.99,0.814,0.97,0.137,0.71,0.605,0.99,0.257,0.63,2200,1,230,0.92,0.76,210,85,0.9169
Switzerland,0.531,0.79,0.234,0.78,0.931,0.82,0.709,0.58,0.164,0.75,0.704,0.99,0.54,0.76,0.41,0.98,1500,1,240,0.88,0.78,220,90,0.8621
London,0.531,0.94,0.234,0.97,0.931,0.91,0.709,0.95,0.164,0.98,0.704,0.76,0.54,0.98,0.41,0.55,1500,1,210,0.89,0.64,190,75,0.879
Dubai,0.531,0.96,0.234,0.63,0.931,0.91,0.709,0.92,0.164,0.72,0.704,0.68,0.54,0.99,0.41,0.91,1500,1,190,0.58,0.96,175,70,0.875
Istanbul,0.531,0.94,0.234,0.98,0.931,0.94,0.709,0.89,0.164,0.84,0.704,0.71,0.54,0.91,0.41,0.58,1500,1,85,0.84,0.88,65,32,0.8896
Tokyo,0.939,0.9,0.839,0.91,0.615,0.99,0.458,0.96,0.371,0.88,0.171,0.74,0.911,0.99,0.371,0.71,2600,1,165,0.91,0.79,135,60,0.8963
New York,0.939,0.94,0.839,0.82,0.615,0.96,0.458,0.99,0.371,0.97,0.171,0.71,0.911,0.99,0.371,0.63,2600,1,230,0.92,0.76,210,85,0.8932
Barcelona,0.939,0.96,0.839,0.84,0.615,0.94,0.458,0.96,0.371,0.82,0.171,0.82,0.911,0.88,0.371,0.72,2600,1,150,0.93,0.94,130,58,0.915
Switzerland,0.939,0.79,0.839,0.78,0.615,0.82,0.458,0.58,0.371,0.75,0.171,0.99,0.911,0.76,0.371,0.98,2600,1,240,0.88,0.78,220,90,0.8412
Rome,0.939,0.97,0.839,0.99,0.615,0.96,0.458,0.78,0.371,0.91,0.171,0.62,0.911,0.76,0.371,0.48,2600,1,145,0.91,0.9,125,55,0.9063
Dubai,0.939,0.96,0.839,0.63,0.615,0.91,0.458,0.92,0.371,0.72,0.171,0.68,0.911,0.99,0.371,0.91,2600,1,190,0.58,0.96,175,70,0.8772
London,0.939,0.94,0.839,0.97,0.615,0.91,0.458,0.95,0.371,0.98,0.171,0.76,0.911,0.98,0.371,0.55,2600,1,210,0.89,0.64,190,75,0.9224
Tokyo,0.846,0.9,0.839,0.91,0.82,0.99,0.299,0.96,0.54,0.88,0.639,0.74,0.907,0.99,0.452,0.71,900,1,165,0.91,0.79,135,60,0.898
Bali,0.846,0.73,0.839,0.76,0.82,0.91,0.299,0.87,0.54,0.51,0.639,0.99,0.907,0.72,0.452,0.98,900,1,90,0.62,0.95,70,35,0.8594
New York,0.846,0.94,0.839,0.82,0.82,0.96,0.299,0.99,0.54,0.97,0.639,0.71,0.907,0.99,0.452,0.63,900,1,230,0.92,0.76,210,85,0.9202
Istanbul,0.811,0.94,0.79,0.98,0.795,0.94,0.206,0.89,0.496,0.84,0.874,0.71,0.523,0.91,0.391,0.58,900,0,85,0.84,0.88,65,32,0.856
Amsterdam,0.811,0.91,0.79,0.88,0.795,0.79,0.206,0.92,0.496,0.95,0.874,0.78,0.523,0.86,0.391,0.65,900,0,175,0.96,0.68,155,65,0.8145
Paris,0.811,0.98,0.79,0.95,0.795,0.97,0.206,0.82,0.496,0.99,0.874,0.65,0.523,0.92,0.391,0.45,900,0,180,0.95,0.82,160,70,0.8447
Switzerland,0.811,0.79,0.79,0.78,0.795,0.82,0.206,0.58,0.496,0.75,0.874,0.99,0.523,0.76,0.391,0.98,900,0,240,0.88,0.78,220,90,0.8267
Switzerland,0.775,0.79,0.578,0.78,0.61,0.82,0.986,0.58,0.834,0.75,0.08,0.99,0.945,0.76,0.337,0.98,700,0,240,0.88,0.78,220,90,0.7588
Bali,0.775,0.73,0.578,0.76,0.61,0.91,0.986,0.87,0.834,0.51,0.08,0.99,0.945,0.72,0.337,0.98,700,0,90,0.62,0.95,70,35,0.7945
Barcelona,0.775,0.96,0.578,0.84,0.61,0.94,0.986,0.96,0.834,0.82,0.08,0.82,0.945,0.88,0.337,0.72,700,0,150,0.93,0.94,130,58,0.8803
Rome,0.775,0.97,0.578,0.99,0.61,0.96,0.986,0.78,0.834,0.91,0.08,0.62,0.945,0.76,0.337,0.48,700,0,145,0.91,0.9,125,55,0.8455
Singapore,0.775,0.91,0.578,0.72,0.61,0.98,0.986,0.85,0.834,0.79,0.08,0.94,0.945,0.97,0.337,0.79,700,0,155,0.9,0.94,145,50,0.8619
Amsterdam,0.775,0.91,0.578,0.88,0.61,0.79,0.986,0.92,0.834,0.95,0.08,0.78,0.945,0.86,0.337,0.65,700,0,175,0.96,0.68,155,65,0.8269
London,0.775,0.94,0.578,0.97,0.61,0.91,0.986,0.95,0.834,0.98,0.08,0.76,0.945,0.98,0.337,0.55,700,0,210,0.89,0.64,190,75,0.8865
Barcelona,0.374,0.96,0.628,0.84,0.657,0.94,0.745,0.96,0.538,0.82,0.021,0.82,0.722,0.88,0.961,0.72,700,1,150,0.93,0.94,130,58,0.9165
Switzerland,0.374,0.79,0.628,0.78,0.657,0.82,0.745,0.58,0.538,0.75,0.021,0.99,0.722,0.76,0.961,0.98,700,1,240,0.88,0.78,220,90,0.8212
Dubai,0.374,0.96,0.628,0.63,0.657,0.91,0.745,0.92,0.538,0.72,0.021,0.68,0.722,0.99,0.961,0.91,700,1,190,0.58,0.96,175,70,0.8781
Paris,0.374,0.98,0.628,0.95,0.657,0.97,0.745,0.82,0.538,0.99,0.021,0.65,0.722,0.92,0.961,0.45,700,1,180,0.95,0.82,160,70,0.8891
Istanbul,0.08,0.94,0.249,0.98,0.858,0.94,0.126,0.89,0.574,0.84,0.474,0.71,0.134,0.91,0.866,0.58,1800,0,85,0.84,0.88,65,32,0.8261
Dubai,0.08,0.96,0.249,0.63,0.858,0.91,0.126,0.92,0.574,0.72,0.474,0.68,0.134,0.99,0.866,0.91,1800,0,190,0.58,0.96,175,70,0.8349
Paris,0.08,0.98,0.249,0.95,0.858,0.97,0.126,0.82,0.574,0.99,0.474,0.65,0.134,0.92,0.866,0.45,1800,0,180,0.95,0.82,160,70,0.805
Bali,0.08,0.73,0.249,0.76,0.858,0.91,0.126,0.87,0.574,0.51,0.474,0.99,0.134,0.72,0.866,0.98,1800,0,90,0.62,0.95,70,35,0.833
Dubai,0.502,0.96,0.123,0.63,0.283,0.91,0.061,0.92,0.136,0.72,0.212,0.68,0.461,0.99,0.4,0.91,1800,1,190,0.58,0.96,175,70,0.8661
Istanbul,0.502,0.94,0.123,0.98,0.283,0.94,0.061,0.89,0.136,0.84,0.212,0.71,0.461,0.91,0.4,0.58,1800,1,85,0.84,0.88,65,32,0.8854
Barcelona,0.502,0.96,0.123,0.84,0.283,0.94,0.061,0.96,0.136,0.82,0.212,0.82,0.461,0.88,0.4,0.72,1800,1,150,0.93,0.94,130,58,0.9078
Singapore,0.502,0.91,0.123,0.72,0.283,0.98,0.061,0.85,0.136,0.79,0.212,0.94,0.461,0.97,0.4,0.79,1800,1,155,0.9,0.94,145,50,0.9246
Switzerland,0.568,0.79,0.209,0.78,0.242,0.82,0.619,0.58,0.704,0.75,0.627,0.99,0.545,0.76,0.975,0.98,2200,0,240,0.88,0.78,220,90,0.8284
London,0.568,0.94,0.209,0.97,0.242,0.91,0.619,0.95,0.704,0.98,0.627,0.76,0.545,0.98,0.975,0.55,2200,0,210,0.89,0.64,190,75,0.8375
Singapore,0.568,0.91,0.209,0.72,0.242,0.98,0.619,0.85,0.704,0.79,0.627,0.94,0.545,0.97,0.975,0.79,2200,0,155,0.9,0.94,145,50,0.878
Amsterdam,0.568,0.91,0.209,0.88,0.242,0.79,0.619,0.92,0.704,0.95,0.627,0.78,0.545,0.86,0.975,0.65,2200,0,175,0.96,0.68,155,65,0.8024
Rome,0.568,0.97,0.209,0.99,0.242,0.96,0.619,0.78,0.704,0.91,0.627,0.62,0.545,0.76,0.975,0.48,2200,0,145,0.91,0.9,125,55,0.7918
Singapore,0.186,0.91,0.347,0.72,0.877,0.98,0.101,0.85,0.29,0.79,0.393,0.94,0.679,0.97,0.043,0.79,1100,0,155,0.9,0.94,145,50,0.8951
Barcelona,0.186,0.96,0.347,0.84,0.877,0.94,0.101,0.96,0.29,0.82,0.393,0.82,0.679,0.88,0.043,0.72,1100,0,150,0.93,0.94,130,58,0.8997
Istanbul,0.186,0.94,0.347,0.98,0.877,0.94,0.101,0.89,0.29,0.84,0.393,0.71,0.679,0.91,0.043,0.58,1100,0,85,0.84,0.88,65,32,0.8794
Paris,0.186,0.98,0.347,0.95,0.877,0.97,0.101,0.82,0.29,0.99,0.393,0.65,0.679,0.92,0.043,0.45,1100,0,180,0.95,0.82,160,70,0.8691
Switzerland,0.186,0.79,0.347,0.78,0.877,0.82,0.101,0.58,0.29,0.75,0.393,0.99,0.679,0.76,0.043,0.98,1100,0,240,0.88,0.78,220,90,0.8058
London,0.186,0.94,0.347,0.97,0.877,0.91,0.101,0.95,0.29,0.98,0.393,0.76,0.679,0.98,0.043,0.55,1100,0,210,0.89,0.64,190,75,0.8524
Tokyo,0.177,0.9,0.082,0.91,0.807,0.99,0.256,0.96,0.817,0.88,0.683,0.74,0.077,0.99,0.893,0.71,2600,1,165,0.91,0.79,135,60,0.8948
New York,0.177,0.94,0.082,0.82,0.807,0.96,0.256,0.99,0.817,0.97,0.683,0.71,0.077,0.99,0.893,0.63,2600,1,230,0.92,0.76,210,85,0.848
London,0.177,0.94,0.082,0.97,0.807,0.91,0.256,0.95,0.817,0.98,0.683,0.76,0.077,0.98,0.893,0.55,2600,1,210,0.89,0.64,190,75,0.8387
Dubai,0.177,0.96,0.082,0.63,0.807,0.91,0.256,0.92,0.817,0.72,0.683,0.68,0.077,0.99,0.893,0.91,2600,1,190,0.58,0.96,175,70,0.831
Switzerland,0.189,0.79,0.56,0.78,0.001,0.82,0.49,0.58,0.214,0.75,0.264,0.99,0.487,0.76,0.209,0.98,1100,0,240,0.88,0.78,220,90,0.7937
London,0.189,0.94,0.56,0.97,0.001,0.91,0.49,0.95,0.214,0.98,0.264,0.76,0.487,0.98,0.209,0.55,1100,0,210,0.89,0.64,190,75,0.8622
Istanbul,0.189,0.94,0.56,0.98,0.001,0.94,0.49,0.89,0.214,0.84,0.264,0.71,0.487,0.91,0.209,0.58,1100,0,85,0.84,0.88,65,32,0.8633
Singapore,0.189,0.91,0.56,0.72,0.001,0.98,0.49,0.85,0.214,0.79,0.264,0.94,0.487,0.97,0.209,0.79,1100,0,155,0.9,0.94,145,50,0.8676
Rome,0.189,0.97,0.56,0.99,0.001,0.96,0.49,0.78,0.214,0.91,0.264,0.62,0.487,0.76,0.209,0.48,1100,0,145,0.91,0.9,125,55,0.8459
New York,0.575,0.94,0.575,0.82,0.045,0.96,0.495,0.99,0.26,0.97,0.756,0.71,0.917,0.99,0.86,0.63,700,0,230,0.92,0.76,210,85,0.8301
Istanbul,0.575,0.94,0.575,0.98,0.045,0.94,0.495,0.89,0.26,0.84,0.756,0.71,0.917,0.91,0.86,0.58,700,0,85,0.84,0.88,65,32,0.8184
London,0.575,0.94,0.575,0.97,0.045,0.91,0.495,0.95,0.26,0.98,0.756,0.76,0.917,0.98,0.86,0.55,700,0,210,0.89,0.64,190,75,0.815
Switzerland,0.575,0.79,0.575,0.78,0.045,0.82,0.495,0.58,0.26,0.75,0.756,0.99,0.917,0.76,0.86,0.98,700,0,240,0.88,0.78,220,90,0.8476
Paris,0.112,0.98,0.707,0.95,0.831,0.97,0.767,0.82,0.538,0.99,0.893,0.65,0.136,0.92,0.491,0.45,2600,1,180,0.95,0.82,160,70,0.8928
Switzerland,0.112,0.79,0.707,0.78,0.831,0.82,0.767,0.58,0.538,0.75,0.893,0.99,0.136,0.76,0.491,0.98,2600,1,240,0.88,0.78,220,90,0.8781
Dubai,0.112,0.96,0.707,0.63,0.831,0.91,0.767,0.92,0.538,0.72,0.893,0.68,0.136,0.99,0.491,0.91,2600,1,190,0.58,0.96,175,70,0.8499
New York,0.112,0.94,0.707,0.82,0.831,0.96,0.767,0.99,0.538,0.97,0.893,0.71,0.136,0.99,0.491,0.63,2600,1,230,0.92,0.76,210,85,0.896
New York,0.839,0.94,0.821,0.82,0.776,0.96,0.766,0.99,0.035,0.97,0.305,0.71,0.208,0.99,0.504,0.63,900,1,230,0.92,0.76,210,85,0.9185
Singapore,0.839,0.91,0.821,0.72,0.776,0.98,0.766,0.85,0.035,0.79,0.305,0.94,0.208,0.97,0.504,0.79,900,1,155,0.9,0.94,145,50,0.8892
Switzerland,0.839,0.79,0.821,0.78,0.776,0.82,0.766,0.58,0.035,0.75,0.305,0.99,0.208,0.76,0.504,0.98,900,1,240,0.88,0.78,220,90,0.8272
Tokyo,0.839,0.9,0.821,0.91,0.776,0.99,0.766,0.96,0.035,0.88,0.305,0.74,0.208,0.99,0.504,0.71,900,1,165,0.91,0.79,135,60,0.9049
Switzerland,0.761,0.79,0.45,0.78,0.829,0.82,0.094,0.58,0.717,0.75,0.605,0.99,0.623,0.76,0.113,0.98,1800,0,240,0.88,0.78,220,90,0.8081
Dubai,0.761,0.96,0.45,0.63,0.829,0.91,0.094,0.92,0.717,0.72,0.605,0.68,0.623,0.99,0.113,0.91,1800,0,190,0.58,0.96,175,70,0.8616
Paris,0.761,0.98,0.45,0.95,0.829,0.97,0.094,0.82,0.717,0.99,0.605,0.65,0.623,0.92,0.113,0.45,1800,0,180,0.95,0.82,160,70,0.8968
Barcelona,0.761,0.96,0.45,0.84,0.829,0.94,0.094,0.96,0.717,0.82,0.605,0.82,0.623,0.88,0.113,0.72,1800,0,150,0.93,0.94,130,58,0.8936
New York,0.761,0.94,0.45,0.82,0.829,0.96,0.094,0.99,0.717,0.97,0.605,0.71,0.623,0.99,0.113,0.63,1800,0,230,0.92,0.76,210,85,0.8463
Amsterdam,0.761,0.91,0.45,0.88,0.829,0.79,0.094,0.92,0.717,0.95,0.605,0.78,0.623,0.86,0.113,0.65,1800,0,175,0.96,0.68,155,65,0.8495
Rome,0.761,0.97,0.45,0.99,0.829,0.96,0.094,0.78,0.717,0.91,0.605,0.62,0.623,0.76,0.113,0.48,1800,0,145,0.91,0.9,125,55,0.8745
Istanbul,0.233,0.94,0.085,0.98,0.035,0.94,0.652,0.89,0.45,0.84,0.134,0.71,0.269,0.91,0.279,0.58,700,0,85,0.84,0.88,65,32,0.8306
Bali,0.233,0.73,0.085,0.76,0.035,0.91,0.652,0.87,0.45,0.51,0.134,0.99,0.269,0.72,0.279,0.98,700,0,90,0.62,0.95,70,35,0.8368
London,0.233,0.94,0.085,0.97,0.035,0.91,0.652,0.95,0.45,0.98,0.134,0.76,0.269,0.98,0.279,0.55,700,0,210,0.89,0.64,190,75,0.838
Rome,0.233,0.97,0.085,0.99,0.035,0.96,0.652,0.78,0.45,0.91,0.134,0.62,0.269,0.76,0.279,0.48,700,0,145,0.91,0.9,125,55,0.8151
Amsterdam,0.233,0.91,0.085,0.88,0.035,0.79,0.652,0.92,0.45,0.95,0.134,0.78,0.269,0.86,0.279,0.65,700,0,175,0.96,0.68,155,65,0.8187
New York,0.233,0.94,0.085,0.82,0.035,0.96,0.652,0.99,0.45,0.97,0.134,0.71,0.269,0.99,0.279,0.63,700,0,230,0.92,0.76,210,85,0.8772
London,0.715,0.94,0.31,0.97,0.955,0.91,0.924,0.95,0.144,0.98,0.277,0.76,0.952,0.98,0.028,0.55,2600,0,210,0.89,0.64,190,75,0.8679
Bali,0.715,0.73,0.31,0.76,0.955,0.91,0.924,0.87,0.144,0.51,0.277,0.99,0.952,0.72,0.028,0.98,2600,0,90,0.62,0.95,70,35,0.8561
Dubai,0.715,0.96,0.31,0.63,0.955,0.91,0.924,0.92,0.144,0.72,0.277,0.68,0.952,0.99,0.028,0.91,2600,0,190,0.58,0.96,175,70,0.9012
Amsterdam,0.715,0.91,0.31,0.88,0.955,0.79,0.924,0.92,0.144,0.95,0.277,0.78,0.952,0.86,0.028,0.65,2600,0,175,0.96,0.68,155,65,0.8508
Barcelona,0.715,0.96,0.31,0.84,0.955,0.94,0.924,0.96,0.144,0.82,0.277,0.82,0.952,0.88,0.028,0.72,2600,0,150,0.93,0.94,130,58,0.8767
Rome,0.715,0.97,0.31,0.99,0.955,0.96,0.924,0.78,0.144,0.91,0.277,0.62,0.952,0.76,0.028,0.48,2600,0,145,0.91,0.9,125,55,0.8283
Dubai,0.832,0.96,0.694,0.63,0.673,0.91,0.172,0.92,0.1,0.72,0.534,0.68,0.622,0.99,0.035,0.91,1500,1,190,0.58,0.96,175,70,0.8426
Rome,0.832,0.97,0.694,0.99,0.673,0.96,0.172,0.78,0.1,0.91,0.534,0.62,0.622,0.76,0.035,0.48,1500,1,145,0.91,0.9,125,55,0.898
Istanbul,0.832,0.94,0.694,0.98,0.673,0.94,0.172,0.89,0.1,0.84,0.534,0.71,0.622,0.91,0.035,0.58,1500,1,85,0.84,0.88,65,32,0.922
Amsterdam,0.832,0.91,0.694,0.88,0.673,0.79,0.172,0.92,0.1,0.95,0.534,0.78,0.622,0.86,0.035,0.65,1500,1,175,0.96,0.68,155,65,0.8598
Paris,0.832,0.98,0.694,0.95,0.673,0.97,0.172,0.82,0.1,0.99,0.534,0.65,0.622,0.92,0.035,0.45,1500,1,180,0.95,0.82,160,70,0.9398
New York,0.832,0.94,0.694,0.82,0.673,0.96,0.172,0.99,0.1,0.97,0.534,0.71,0.622,0.99,0.035,0.63,1500,1,230,0.92,0.76,210,85,0.8882
Singapore,0.832,0.91,0.694,0.72,0.673,0.98,0.172,0.85,0.1,0.79,0.534,0.94,0.622,0.97,0.035,0.79,1500,1,155,0.9,0.94,145,50,0.8973
Singapore,0.595,0.91,0.779,0.72,0.236,0.98,0.893,0.85,0.414,0.79,0.136,0.94,0.571,0.97,0.197,0.79,700,0,155,0.9,0.94,145,50,0.8334
Istanbul,0.595,0.94,0.779,0.98,0.236,0.94,0.893,0.89,0.414,0.84,0.136,0.71,0.571,0.91,0.197,0.58,700,0,85,0.84,0.88,65,32,0.8744
Bali,0.595,0.73,0.779,0.76,0.236,0.91,0.893,0.87,0.414,0.51,0.136,0.99,0.571,0.72,0.197,0.98,700,0,90,0.62,0.95,70,35,0.7929
Tokyo,0.595,0.9,0.779,0.91,0.236,0.99,0.893,0.96,0.414,0.88,0.136,0.74,0.571,0.99,0.197,0.71,700,0,165,0.91,0.79,135,60,0.9022
Paris,0.595,0.98,0.779,0.95,0.236,0.97,0.893,0.82,0.414,0.99,0.136,0.65,0.571,0.92,0.197,0.45,700,0,180,0.95,0.82,160,70,0.8685
New York,0.012,0.94,0.799,0.82,0.216,0.96,0.461,0.99,0.19,0.97,0.779,0.71,0.654,0.99,0.172,0.63,900,0,230,0.92,0.76,210,85,0.8542
Dubai,0.012,0.96,0.799,0.63,0.216,0.91,0.461,0.92,0.19,0.72,0.779,0.68,0.654,0.99,0.172,0.91,900,0,190,0.58,0.96,175,70,0.8209
Bali,0.012,0.73,0.799,0.76,0.216,0.91,0.461,0.87,0.19,0.51,0.779,0.99,0.654,0.72,0.172,0.98,900,0,90,0.62,0.95,70,35,0.8211
Paris,0.012,0.98,0.799,0.95,0.216,0.97,0.461,0.82,0.19,0.99,0.779,0.65,0.654,0.92,0.172,0.45,900,0,180,0.95,0.82,160,70,0.8258
Bali,0.143,0.73,0.12,0.76,0.804,0.91,0.254,0.87,0.87,0.51,0.71,0.99,0.279,0.72,0.408,0.98,900,1,90,0.62,0.95,70,35,0.8566
Barcelona,0.143,0.96,0.12,0.84,0.804,0.94,0.254,0.96,0.87,0.82,0.71,0.82,0.279,0.88,0.408,0.72,900,1,150,0.93,0.94,130,58,0.924
New York,0.143,0.94,0.12,0.82,0.804,0.96,0.254,0.99,0.87,0.97,0.71,0.71,0.279,0.99,0.408,0.63,900,1,230,0.92,0.76,210,85,0.8913
Barcelona,0.006,0.96,0.257,0.84,0.245,0.94,0.054,0.96,0.978,0.82,0.825,0.82,0.76,0.88,0.293,0.72,1100,0,150,0.93,0.94,130,58,0.8385
Rome,0.006,0.97,0.257,0.99,0.245,0.96,0.054,0.78,0.978,0.91,0.825,0.62,0.76,0.76,0.293,0.48,1100,0,145,0.91,0.9,125,55,0.7922
Dubai,0.006,0.96,0.257,0.63,0.245,0.91,0.054,0.92,0.978,0.72,0.825,0.68,0.76,0.99,0.293,0.91,1100,0,190,0.58,0.96,175,70,0.8286
Paris,0.006,0.98,0.257,0.95,0.245,0.97,0.054,0.82,0.978,0.99,0.825,0.65,0.76,0.92,0.293,0.45,1100,0,180,0.95,0.82,160,70,0.8481
Istanbul,0.006,0.94,0.257,0.98,0.245,0.94,0.054,0.89,0.978,0.84,0.825,0.71,0.76,0.91,0.293,0.58,1100,0,85,0.84,0.88,65,32,0.8124
Paris,0.733,0.98,0.937,0.95,0.73,0.97,0.583,0.82,0.305,0.99,0.823,0.65,0.798,0.92,0.474,0.45,1100,1,180,0.95,0.82,160,70,0.8736
Amsterdam,0.733,0.91,0.937,0.88,0.73,0.79,0.583,0.92,0.305,0.95,0.823,0.78,0.798,0.86,0.474,0.65,1100,1,175,0.96,0.68,155,65,0.8505
Barcelona,0.733,0.96,0.937,0.84,0.73,0.94,0.583,0.96,0.305,0.82,0.823,0.82,0.798,0.88,0.474,0.72,1100,1,150,0.93,0.94,130,58,0.9069
Dubai,0.733,0.96,0.937,0.63,0.73,0.91,0.583,0.92,0.305,0.72,0.823,0.68,0.798,0.99,0.474,0.91,1100,1,190,0.58,0.96,175,70,0.8626
Tokyo,0.733,0.9,0.937,0.91,0.73,0.99,0.583,0.96,0.305,0.88,0.823,0.74,0.798,0.99,0.474,0.71,1100,1,165,0.91,0.79,135,60,0.91
Bali,0.733,0.73,0.937,0.76,0.73,0.91,0.583,0.87,0.305,0.51,0.823,0.99,0.798,0.72,0.474,0.98,1100,1,90,0.62,0.95,70,35,0.8406
Istanbul,0.733,0.94,0.937,0.98,0.73,0.94,0.583,0.89,0.305,0.84,0.823,0.71,0.798,0.91,0.474,0.58,1100,1,85,0.84,0.88,65,32,0.8936
Bali,0.971,0.73,0.677,0.76,0.27,0.91,0.345,0.87,0.692,0.51,0.584,0.99,0.351,0.72,0.382,0.98,1100,0,90,0.62,0.95,70,35,0.8033
Switzerland,0.971,0.79,0.677,0.78,0.27,0.82,0.345,0.58,0.692,0.75,0.584,0.99,0.351,0.76,0.382,0.98,1100,0,240,0.88,0.78,220,90,0.8348
Rome,0.971,0.97,0.677,0.99,0.27,0.96,0.345,0.78,0.692,0.91,0.584,0.62,0.351,0.76,0.382,0.48,1100,0,145,0.91,0.9,125,55,0.8472
New York,0.842,0.94,0.171,0.82,0.43,0.96,0.881,0.99,0.993,0.97,0.703,0.71,0.733,0.99,0.802,0.63,2200,1,230,0.92,0.76,210,85,0.8965
Dubai,0.842,0.96,0.171,0.63,0.43,0.91,0.881,0.92,0.993,0.72,0.703,0.68,0.733,0.99,0.802,0.91,2200,1,190,0.58,0.96,175,70,0.8938
Istanbul,0.842,0.94,0.171,0.98,0.43,0.94,0.881,0.89,0.993,0.84,0.703,0.71,0.733,0.91,0.802,0.58,2200,1,85,0.84,0.88,65,32,0.8906
Switzerland,0.842,0.79,0.171,0.78,0.43,0.82,0.881,0.58,0.993,0.75,0.703,0.99,0.733,0.76,0.802,0.98,2200,1,240,0.88,0.78,220,90,0.8462
Barcelona,0.842,0.96,0.171,0.84,0.43,0.94,0.881,0.96,0.993,0.82,0.703,0.82,0.733,0.88,0.802,0.72,2200,1,150,0.93,0.94,130,58,0.8955
Rome,0.842,0.97,0.171,0.99,0.43,0.96,0.881,0.78,0.993,0.91,0.703,0.62,0.733,0.76,0.802,0.48,2200,1,145,0.91,0.9,125,55,0.8506
Dubai,0.024,0.96,0.749,0.63,0.438,0.91,0.657,0.92,0.976,0.72,0.977,0.68,0.11,0.99,0.033,0.91,1500,0,190,0.58,0.96,175,70,0.7782
London,0.024,0.94,0.749,0.97,0.438,0.91,0.657,0.95,0.976,0.98,0.977,0.76,0.11,0.98,0.033,0.55,1500,0,210,0.89,0.64,190,75,0.862
Paris,0.024,0.98,0.749,0.95,0.438,0.97,0.657,0.82,0.976,0.99,0.977,0.65,0.11,0.92,0.033,0.45,1500,0,180,0.95,0.82,160,70,0.8604
New York,0.529,0.94,0.824,0.82,0.894,0.96,0.974,0.99,0.393,0.97,0.962,0.71,0.625,0.99,0.834,0.63,1800,0,230,0.92,0.76,210,85,0.8408
London,0.529,0.94,0.824,0.97,0.894,0.91,0.974,0.95,0.393,0.98,0.962,0.76,0.625,0.98,0.834,0.55,1800,0,210,0.89,0.64,190,75,0.8558
Istanbul,0.529,0.94,0.824,0.98,0.894,0.94,0.974,0.89,0.393,0.84,0.962,0.71,0.625,0.91,0.834,0.58,1800,0,85,0.84,0.88,65,32,0.843
Dubai,0.529,0.96,0.824,0.63,0.894,0.91,0.974,0.92,0.393,0.72,0.962,0.68,0.625,0.99,0.834,0.91,1800,0,190,0.58,0.96,175,70,0.8291
Switzerland,0.529,0.79,0.824,0.78,0.894,0.82,0.974,0.58,0.393,0.75,0.962,0.99,0.625,0.76,0.834,0.98,1800,0,240,0.88,0.78,220,90,0.8187
Tokyo,0.528,0.9,0.319,0.91,0.432,0.99,0.148,0.96,0.856,0.88,0.168,0.74,0.998,0.99,0.199,0.71,2600,0,165,0.91,0.79,135,60,0.8976
Istanbul,0.528,0.94,0.319,0.98,0.432,0.94,0.148,0.89,0.856,0.84,0.168,0.71,0.998,0.91,0.199,0.58,2600,0,85,0.84,0.88,65,32,0.8788
Paris,0.528,0.98,0.319,0.95,0.432,0.97,0.148,0.82,0.856,0.99,0.168,0.65,0.998,0.92,0.199,0.45,2600,0,180,0.95,0.82,160,70,0.854
New York,0.021,0.94,0.549,0.82,0.377,0.96,0.793,0.99,0.744,0.97,0.994,0.71,0.453,0.99,0.594,0.63,700,0,230,0.92,0.76,210,85,0.8341
Bali,0.021,0.73,0.549,0.76,0.377,0.91,0.793,0.87,0.744,0.51,0.994,0.99,0.453,0.72,0.594,0.98,700,0,90,0.62,0.95,70,35,0.8157
Switzerland,0.021,0.79,0.549,0.78,0.377,0.82,0.793,0.58,0.744,0.75,0.994,0.99,0.453,0.76,0.594,0.98,700,0,240,0.88,0.78,220,90,0.8202
Rome,0.021,0.97,0.549,0.99,0.377,0.96,0.793,0.78,0.744,0.91,0.994,0.62,0.453,0.76,0.594,0.48,700,0,145,0.91,0.9,125,55,0.8175
Istanbul,0.021,0.94,0.549,0.98,0.377,0.94,0.793,0.89,0.744,0.84,0.994,0.71,0.453,0.91,0.594,0.58,700,0,85,0.84,0.88,65,32,0.8089
Barcelona,0.021,0.96,0.549,0.84,0.377,0.94,0.793,0.96,0.744,0.82,0.994,0.82,0.453,0.88,0.594,0.72,700,0,150,0.93,0.94,130,58,0.8577
Paris,0.021,0.98,0.549,0.95,0.377,0.97,0.793,0.82,0.744,0.99,0.994,0.65,0.453,0.92,0.594,0.45,700,0,180,0.95,0.82,160,70,0.8247
Paris,0.152,0.98,0.235,0.95,0.686,0.97,0.202,0.82,0.457,0.99,0.832,0.65,0.673,0.92,0.945,0.45,2600,0,180,0.95,0.82,160,70,0.8153
New York,0.152,0.94,0.235,0.82,0.686,0.96,0.202,0.99,0.457,0.97,0.832,0.71,0.673,0.99,0.945,0.63,2600,0,230,0.92,0.76,210,85,0.8291
Tokyo,0.152,0.9,0.235,0.91,0.686,0.99,0.202,0.96,0.457,0.88,0.832,0.74,0.673,0.99,0.945,0.71,2600,0,165,0.91,0.79,135,60,0.8415
London,0.152,0.94,0.235,0.97,0.686,0.91,0.202,0.95,0.457,0.98,0.832,0.76,0.673,0.98,0.945,0.55,2600,0,210,0.89,0.64,190,75,0.7964
Rome,0.152,0.97,0.235,0.99,0.686,0.96,0.202,0.78,0.457,0.91,0.832,0.62,0.673,0.76,0.945,0.48,2600,0,145,0.91,0.9,125,55,0.771
Dubai,0.152,0.96,0.235,0.63,0.686,0.91,0.202,0.92,0.457,0.72,0.832,0.68,0.673,0.99,0.945,0.91,2600,0,190,0.58,0.96,175,70,0.8293
Rome,0.921,0.97,0.816,0.99,0.972,0.96,0.515,0.78,0.684,0.91,0.249,0.62,0.119,0.76,0.097,0.48,1300,1,145,0.91,0.9,125,55,0.9139
New York,0.921,0.94,0.816,0.82,0.972,0.96,0.515,0.99,0.684,0.97,0.249,0.71,0.119,0.99,0.097,0.63,1300,1,230,0.92,0.76,210,85,0.9245
Istanbul,0.921,0.94,0.816,0.98,0.972,0.94,0.515,0.89,0.684,0.84,0.249,0.71,0.119,0.91,0.097,0.58,1300,1,85,0.84,0.88,65,32,0.9172
Tokyo,0.369,0.9,0.259,0.91,0.501,0.99,0.759,0.96,0.963,0.88,0.309,0.74,0.973,0.99,0.189,0.71,1500,0,165,0.91,0.79,135,60,0.8927
Amsterdam,0.369,0.91,0.259,0.88,0.501,0.79,0.759,0.92,0.963,0.95,0.309,0.78,0.973,0.86,0.189,0.65,1500,0,175,0.96,0.68,155,65,0.8307
Istanbul,0.369,0.94,0.259,0.98,0.501,0.94,0.759,0.89,0.963,0.84,0.309,0.71,0.973,0.91,0.189,0.58,1500,0,85,0.84,0.88,65,32,0.857
Rome,0.446,0.97,0.375,0.99,0.575,0.96,0.597,0.78,0.283,0.91,0.891,0.62,0.273,0.76,0.404,0.48,2600,0,145,0.91,0.9,125,55,0.7953
Paris,0.446,0.98,0.375,0.95,0.575,0.97,0.597,0.82,0.283,0.99,0.891,0.65,0.273,0.92,0.404,0.45,2600,0,180,0.95,0.82,160,70,0.8401
New York,0.446,0.94,0.375,0.82,0.575,0.96,0.597,0.99,0.283,0.97,0.891,0.71,0.273,0.99,0.404,0.63,2600,0,230,0.92,0.76,210,85,0.8524
Dubai,0.81,0.96,0.706,0.63,0.539,0.91,0.092,0.92,0.507,0.72,0.921,0.68,0.653,0.99,0.513,0.91,1500,0,190,0.58,0.96,175,70,0.8322
Barcelona,0.81,0.96,0.706,0.84,0.539,0.94,0.092,0.96,0.507,0.82,0.921,0.82,0.653,0.88,0.513,0.72,1500,0,150,0.93,0.94,130,58,0.8798
Paris,0.81,0.98,0.706,0.95,0.539,0.97,0.092,0.82,0.507,0.99,0.921,0.65,0.653,0.92,0.513,0.45,1500,0,180,0.95,0.82,160,70,0.8374
New York,0.81,0.94,0.706,0.82,0.539,0.96,0.092,0.99,0.507,0.97,0.921,0.71,0.653,0.99,0.513,0.63,1500,0,230,0.92,0.76,210,85,0.8498
Paris,0.905,0.98,0.468,0.95,0.79,0.97,0.359,0.82,0.971,0.99,0.412,0.65,0.16,0.92,0.931,0.45,1800,1,180,0.95,0.82,160,70,0.8629
London,0.905,0.94,0.468,0.97,0.79,0.91,0.359,0.95,0.971,0.98,0.412,0.76,0.16,0.98,0.931,0.55,1800,1,210,0.89,0.64,190,75,0.8489
Rome,0.905,0.97,0.468,0.99,0.79,0.96,0.359,0.78,0.971,0.91,0.412,0.62,0.16,0.76,0.931,0.48,1800,1,145,0.91,0.9,125,55,0.8854
Paris,0.95,0.98,0.552,0.95,0.332,0.97,0.549,0.82,0.687,0.99,0.938,0.65,0.628,0.92,0.786,0.45,1800,1,180,0.95,0.82,160,70,0.8744
London,0.95,0.94,0.552,0.97,0.332,0.91,0.549,0.95,0.687,0.98,0.938,0.76,0.628,0.98,0.786,0.55,1800,1,210,0.89,0.64,190,75,0.8575
Dubai,0.95,0.96,0.552,0.63,0.332,0.91,0.549,0.92,0.687,0.72,0.938,0.68,0.628,0.99,0.786,0.91,1800,1,190,0.58,0.96,175,70,0.8442
Rome,0.95,0.97,0.552,0.99,0.332,0.96,0.549,0.78,0.687,0.91,0.938,0.62,0.628,0.76,0.786,0.48,1800,1,145,0.91,0.9,125,55,0.8496
Istanbul,0.95,0.94,0.552,0.98,0.332,0.94,0.549,0.89,0.687,0.84,0.938,0.71,0.628,0.91,0.786,0.58,1800,1,85,0.84,0.88,65,32,0.8482
Singapore,0.95,0.91,0.552,0.72,0.332,0.98,0.549,0.85,0.687,0.79,0.938,0.94,0.628,0.97,0.786,0.79,1800,1,155,0.9,0.94,145,50,0.8864
Amsterdam,0.95,0.91,0.552,0.88,0.332,0.79,0.549,0.92,0.687,0.95,0.938,0.78,0.628,0.86,0.786,0.65,1800,1,175,0.96,0.68,155,65,0.8549
Rome,0.143,0.97,0.087,0.99,0.09,0.96,0.879,0.78,0.907,0.91,0.201,0.62,0.904,0.76,0.568,0.48,2200,0,145,0.91,0.9,125,55,0.7771
Barcelona,0.143,0.96,0.087,0.84,0.09,0.94,0.879,0.96,0.907,0.82,0.201,0.82,0.904,0.88,0.568,0.72,2200,0,150,0.93,0.94,130,58,0.8721
Paris,0.143,0.98,0.087,0.95,0.09,0.97,0.879,0.82,0.907,0.99,0.201,0.65,0.904,0.92,0.568,0.45,2200,0,180,0.95,0.82,160,70,0.8284
London,0.143,0.94,0.087,0.97,0.09,0.91,0.879,0.95,0.907,0.98,0.201,0.76,0.904,0.98,0.568,0.55,2200,0,210,0.89,0.64,190,75,0.8412
Tokyo,0.143,0.9,0.087,0.91,0.09,0.99,0.879,0.96,0.907,0.88,0.201,0.74,0.904,0.99,0.568,0.71,2200,0,165,0.91,0.79,135,60,0.8894
Amsterdam,0.772,0.91,0.731,0.88,0.974,0.79,0.259,0.92,0.382,0.95,0.046,0.78,0.875,0.86,0.655,0.65,1100,1,175,0.96,0.68,155,65,0.8725
Switzerland,0.772,0.79,0.731,0.78,0.974,0.82,0.259,0.58,0.382,0.75,0.046,0.99,0.875,0.76,0.655,0.98,1100,1,240,0.88,0.78,220,90,0.8393
London,0.772,0.94,0.731,0.97,0.974,0.91,0.259,0.95,0.382,0.98,0.046,0.76,0.875,0.98,0.655,0.55,1100,1,210,0.89,0.64,190,75,0.8645
Dubai,0.772,0.96,0.731,0.63,0.974,0.91,0.259,0.92,0.382,0.72,0.046,0.68,0.875,0.99,0.655,0.91,1100,1,190,0.58,0.96,175,70,0.8774
Paris,0.772,0.98,0.731,0.95,0.974,0.97,0.259,0.82,0.382,0.99,0.046,0.65,0.875,0.92,0.655,0.45,1100,1,180,0.95,0.82,160,70,0.9153
Singapore,0.772,0.91,0.731,0.72,0.974,0.98,0.259,0.85,0.382,0.79,0.046,0.94,0.875,0.97,0.655,0.79,1100,1,155,0.9,0.94,145,50,0.9163
Tokyo,0.205,0.9,0.732,0.91,0.492,0.99,0.149,0.96,0.235,0.88,0.558,0.74,0.422,0.99,0.491,0.71,2200,0,165,0.91,0.79,135,60,0.8612
Rome,0.205,0.97,0.732,0.99,0.492,0.96,0.149,0.78,0.235,0.91,0.558,0.62,0.422,0.76,0.491,0.48,2200,0,145,0.91,0.9,125,55,0.8044
Barcelona,0.205,0.96,0.732,0.84,0.492,0.94,0.149,0.96,0.235,0.82,0.558,0.82,0.422,0.88,0.491,0.72,2200,0,150,0.93,0.94,130,58,0.8518
Singapore,0.205,0.91,0.732,0.72,0.492,0.98,0.149,0.85,0.235,0.79,0.558,0.94,0.422,0.97,0.491,0.79,2200,0,155,0.9,0.94,145,50,0.8362
Singapore,0.392,0.91,0.418,0.72,0.809,0.98,0.935,0.85,0.932,0.79,0.783,0.94,0.953,0.97,0.856,0.79,1500,0,155,0.9,0.94,145,50,0.8587
Dubai,0.392,0.96,0.418,0.63,0.809,0.91,0.935,0.92,0.932,0.72,0.783,0.68,0.953,0.99,0.856,0.91,1500,0,190,0.58,0.96,175,70,0.8539
New York,0.392,0.94,0.418,0.82,0.809,0.96,0.935,0.99,0.932,0.97,0.783,0.71,0.953,0.99,0.856,0.63,1500,0,230,0.92,0.76,210,85,0.8338
Istanbul,0.392,0.94,0.418,0.98,0.809,0.94,0.935,0.89,0.932,0.84,0.783,0.71,0.953,0.91,0.856,0.58,1500,0,85,0.84,0.88,65,32,0.8218
London,0.392,0.94,0.418,0.97,0.809,0.91,0.935,0.95,0.932,0.98,0.783,0.76,0.953,0.98,0.856,0.55,1500,0,210,0.89,0.64,190,75,0.8163
Switzerland,0.392,0.79,0.418,0.78,0.809,0.82,0.935,0.58,0.932,0.75,0.783,0.99,0.953,0.76,0.856,0.98,1500,0,240,0.88,0.78,220,90,0.795
Bali,0.392,0.73,0.418,0.76,0.809,0.91,0.935,0.87,0.932,0.51,0.783,0.99,0.953,0.72,0.856,0.98,1500,0,90,0.62,0.95,70,35,0.8073
London,0.413,0.94,0.933,0.97,0.806,0.91,0.303,0.95,0.566,0.98,0.993,0.76,0.974,0.98,0.126,0.55,1800,1,210,0.89,0.64,190,75,0.9172
Paris,0.413,0.98,0.933,0.95,0.806,0.97,0.303,0.82,0.566,0.99,0.993,0.65,0.974,0.92,0.126,0.45,1800,1,180,0.95,0.82,160,70,0.9153
Istanbul,0.413,0.94,0.933,0.98,0.806,0.94,0.303,0.89,0.566,0.84,0.993,0.71,0.974,0.91,0.126,0.58,1800,1,85,0.84,0.88,65,32,0.8988
Dubai,0.413,0.96,0.933,0.63,0.806,0.91,0.303,0.92,0.566,0.72,0.993,0.68,0.974,0.99,0.126,0.91,1800,1,190,0.58,0.96,175,70,0.8642
Switzerland,0.151,0.79,0.336,0.78,0.637,0.82,0.843,0.58,0.605,0.75,0.751,0.99,0.164,0.76,0.257,0.98,1100,0,240,0.88,0.78,220,90,0.8119
London,0.151,0.94,0.336,0.97,0.637,0.91,0.843,0.95,0.605,0.98,0.751,0.76,0.164,0.98,0.257,0.55,1100,0,210,0.89,0.64,190,75,0.8507
Istanbul,0.151,0.94,0.336,0.98,0.637,0.94,0.843,0.89,0.605,0.84,0.751,0.71,0.164,0.91,0.257,0.58,1100,0,85,0.84,0.88,65,32,0.8581
Rome,0.151,0.97,0.336,0.99,0.637,0.96,0.843,0.78,0.605,0.91,0.751,0.62,0.164,0.76,0.257,0.48,1100,0,145,0.91,0.9,125,55,0.8251
New York,0.151,0.94,0.336,0.82,0.637,0.96,0.843,0.99,0.605,0.97,0.751,0.71,0.164,0.99,0.257,0.63,1100,0,230,0.92,0.76,210,85,0.8351
Paris,0.151,0.98,0.336,0.95,0.637,0.97,0.843,0.82,0.605,0.99,0.751,0.65,0.164,0.92,0.257,0.45,1100,0,180,0.95,0.82,160,70,0.8159
New York,0.249,0.94,0.857,0.82,0.429,0.96,0.307,0.99,0.337,0.97,0.587,0.71,0.288,0.99,0.874,0.63,1100,0,230,0.92,0.76,210,85,0.8077
London,0.249,0.94,0.857,0.97,0.429,0.91,0.307,0.95,0.337,0.98,0.587,0.76,0.288,0.98,0.874,0.55,1100,0,210,0.89,0.64,190,75,0.8297
Bali,0.249,0.73,0.857,0.76,0.429,0.91,0.307,0.87,0.337,0.51,0.587,0.99,0.288,0.72,0.874,0.98,1100,0,90,0.62,0.95,70,35,0.8426
Dubai,0.249,0.96,0.857,0.63,0.429,0.91,0.307,0.92,0.337,0.72,0.587,0.68,0.288,0.99,0.874,0.91,1100,0,190,0.58,0.96,175,70,0.8107
Paris,0.249,0.98,0.857,0.95,0.429,0.97,0.307,0.82,0.337,0.99,0.587,0.65,0.288,0.92,0.874,0.45,1100,0,180,0.95,0.82,160,70,0.7855
Amsterdam,0.249,0.91,0.857,0.88,0.429,0.79,0.307,0.92,0.337,0.95,0.587,0.78,0.288,0.86,0.874,0.65,1100,0,175,0.96,0.68,155,65,0.7834
Istanbul,0.249,0.94,0.857,0.98,0.429,0.94,0.307,0.89,0.337,0.84,0.587,0.71,0.288,0.91,0.874,0.58,1100,0,85,0.84,0.88,65,32,0.8093
Bali,0.815,0.73,0.371,0.76,0.196,0.91,0.75,0.87,0.082,0.51,0.726,0.99,0.247,0.72,0.029,0.98,2200,0,90,0.62,0.95,70,35,0.8438
New York,0.815,0.94,0.371,0.82,0.196,0.96,0.75,0.99,0.082,0.97,0.726,0.71,0.247,0.99,0.029,0.63,2200,0,230,0.92,0.76,210,85,0.8394
Dubai,0.815,0.96,0.371,0.63,0.196,0.91,0.75,0.92,0.082,0.72,0.726,0.68,0.247,0.99,0.029,0.91,2200,0,190,0.58,0.96,175,70,0.8627
Paris,0.815,0.98,0.371,0.95,0.196,0.97,0.75,0.82,0.082,0.99,0.726,0.65,0.247,0.92,0.029,0.45,2200,0,180,0.95,0.82,160,70,0.8636
Amsterdam,0.815,0.91,0.371,0.88,0.196,0.79,0.75,0.92,0.082,0.95,0.726,0.78,0.247,0.86,0.029,0.65,2200,0,175,0.96,0.68,155,65,0.8325
London,0.987,0.94,0.203,0.97,0.062,0.91,0.699,0.95,0.105,0.98,0.447,0.76,0.828,0.98,0.623,0.55,700,0,210,0.89,0.64,190,75,0.8218
Paris,0.987,0.98,0.203,0.95,0.062,0.97,0.699,0.82,0.105,0.99,0.447,0.65,0.828,0.92,0.623,0.45,700,0,180,0.95,0.82,160,70,0.8431
Switzerland,0.987,0.79,0.203,0.78,0.062,0.82,0.699,0.58,0.105,0.75,0.447,0.99,0.828,0.76,0.623,0.98,700,0,240,0.88,0.78,220,90,0.8056
Tokyo,0.117,0.9,0.107,0.91,0.69,0.99,0.748,0.96,0.59,0.88,0.467,0.74,0.652,0.99,0.415,0.71,900,1,165,0.91,0.79,135,60,0.9213
Switzerland,0.117,0.79,0.107,0.78,0.69,0.82,0.748,0.58,0.59,0.75,0.467,0.99,0.652,0.76,0.415,0.98,900,1,240,0.88,0.78,220,90,0.8266
Bali,0.117,0.73,0.107,0.76,0.69,0.91,0.748,0.87,0.59,0.51,0.467,0.99,0.652,0.72,0.415,0.98,900,1,90,0.62,0.95,70,35,0.85
Paris,0.117,0.98,0.107,0.95,0.69,0.97,0.748,0.82,0.59,0.99,0.467,0.65,0.652,0.92,0.415,0.45,900,1,180,0.95,0.82,160,70,0.8691
New York,0.978,0.94,0.467,0.82,0.524,0.96,0.867,0.99,0.921,0.97,0.629,0.71,0.077,0.99,0.958,0.63,1800,0,230,0.92,0.76,210,85,0.8655
Barcelona,0.978,0.96,0.467,0.84,0.524,0.94,0.867,0.96,0.921,0.82,0.629,0.82,0.077,0.88,0.958,0.72,1800,0,150,0.93,0.94,130,58,0.8654
Rome,0.978,0.97,0.467,0.99,0.524,0.96,0.867,0.78,0.921,0.91,0.629,0.62,0.077,0.76,0.958,0.48,1800,0,145,0.91,0.9,125,55,0.8288
Paris,0.978,0.98,0.467,0.95,0.524,0.97,0.867,0.82,0.921,0.99,0.629,0.65,0.077,0.92,0.958,0.45,1800,0,180,0.95,0.82,160,70,0.8407
Singapore,0.978,0.91,0.467,0.72,0.524,0.98,0.867,0.85,0.921,0.79,0.629,0.94,0.077,0.97,0.958,0.79,1800,0,155,0.9,0.94,145,50,0.8573
Singapore,0.003,0.91,0.138,0.72,0.468,0.98,0.76,0.85,0.715,0.79,0.468,0.94,0.945,0.97,0.106,0.79,700,0,155,0.9,0.94,145,50,0.8784
Barcelona,0.003,0.96,0.138,0.84,0.468,0.94,0.76,0.96,0.715,0.82,0.468,0.82,0.945,0.88,0.106,0.72,700,0,150,0.93,0.94,130,58,0.8523
Switzerland,0.003,0.79,0.138,0.78,0.468,0.82,0.76,0.58,0.715,0.75,0.468,0.99,0.945,0.76,0.106,0.98,700,0,240,0.88,0.78,220,90,0.7719
Amsterdam,0.003,0.91,0.138,0.88,0.468,0.79,0.76,0.92,0.715,0.95,0.468,0.78,0.945,0.86,0.106,0.65,700,0,175,0.96,0.68,155,65,0.8293
Dubai,0.003,0.96,0.138,0.63,0.468,0.91,0.76,0.92,0.715,0.72,0.468,0.68,0.945,0.99,0.106,0.91,700,0,190,0.58,0.96,175,70,0.8452
Bali,0.003,0.73,0.138,0.76,0.468,0.91,0.76,0.87,0.715,0.51,0.468,0.99,0.945,0.72,0.106,0.98,700,0,90,0.62,0.95,70,35,0.8097
New York,0.003,0.94,0.138,0.82,0.468,0.96,0.76,0.99,0.715,0.97,0.468,0.71,0.945,0.99,0.106,0.63,700,0,230,0.92,0.76,210,85,0.8791
Paris,0.863,0.98,0.9,0.95,0.007,0.97,0.798,0.82,0.547,0.99,0.674,0.65,0.716,0.92,0.366,0.45,1800,1,180,0.95,0.82,160,70,0.8757
Istanbul,0.863,0.94,0.9,0.98,0.007,0.94,0.798,0.89,0.547,0.84,0.674,0.71,0.716,0.91,0.366,0.58,1800,1,85,0.84,0.88,65,32,0.8856
Barcelona,0.863,0.96,0.9,0.84,0.007,0.94,0.798,0.96,0.547,0.82,0.674,0.82,0.716,0.88,0.366,0.72,1800,1,150,0.93,0.94,130,58,0.8951
London,0.863,0.94,0.9,0.97,0.007,0.91,0.798,0.95,0.547,0.98,0.674,0.76,0.716,0.98,0.366,0.55,1800,1,210,0.89,0.64,190,75,0.9185
New York,0.863,0.94,0.9,0.82,0.007,0.96,0.798,0.99,0.547,0.97,0.674,0.71,0.716,0.99,0.366,0.63,1800,1,230,0.92,0.76,210,85,0.8781
Rome,0.863,0.97,0.9,0.99,0.007,0.96,0.798,0.78,0.547,0.91,0.674,0.62,0.716,0.76,0.366,0.48,1800,1,145,0.91,0.9,125,55,0.8771
Dubai,0.863,0.96,0.9,0.63,0.007,0.91,0.798,0.92,0.547,0.72,0.674,0.68,0.716,0.99,0.366,0.91,1800,1,190,0.58,0.96,175,70,0.8649
Dubai,0.384,0.96,0.669,0.63,0.382,0.91,0.352,0.92,0.456,0.72,0.398,0.68,0.472,0.99,0.389,0.91,2600,1,190,0.58,0.96,175,70,0.835
Bali,0.384,0.73,0.669,0.76,0.382,0.91,0.352,0.87,0.456,0.51,0.398,0.99,0.472,0.72,0.389,0.98,2600,1,90,0.62,0.95,70,35,0.8525
Rome,0.384,0.97,0.669,0.99,0.382,0.96,0.352,0.78,0.456,0.91,0.398,0.62,0.472,0.76,0.389,0.48,2600,1,145,0.91,0.9,125,55,0.8957
Paris,0.365,0.98,0.749,0.95,0.877,0.97,0.142,0.82,0.322,0.99,0.736,0.65,0.839,0.92,0.895,0.45,1100,1,180,0.95,0.82,160,70,0.8512
Singapore,0.365,0.91,0.749,0.72,0.877,0.98,0.142,0.85,0.322,0.79,0.736,0.94,0.839,0.97,0.895,0.79,1100,1,155,0.9,0.94,145,50,0.9033
Istanbul,0.365,0.94,0.749,0.98,0.877,0.94,0.142,0.89,0.322,0.84,0.736,0.71,0.839,0.91,0.895,0.58,1100,1,85,0.84,0.88,65,32,0.8959
New York,0.955,0.94,0.649,0.82,0.767,0.96,0.893,0.99,0.157,0.97,0.849,0.71,0.703,0.99,0.695,0.63,1300,0,230,0.92,0.76,210,85,0.825
London,0.955,0.94,0.649,0.97,0.767,0.91,0.893,0.95,0.157,0.98,0.849,0.76,0.703,0.98,0.695,0.55,1300,0,210,0.89,0.64,190,75,0.8274
Istanbul,0.955,0.94,0.649,0.98,0.767,0.94,0.893,0.89,0.157,0.84,0.849,0.71,0.703,0.91,0.695,0.58,1300,0,85,0.84,0.88,65,32,0.8293
Rome,0.955,0.97,0.649,0.99,0.767,0.96,0.893,0.78,0.157,0.91,0.849,0.62,0.703,0.76,0.695,0.48,1300,0,145,0.91,0.9,125,55,0.8167
Amsterdam,0.955,0.91,0.649,0.88,0.767,0.79,0.893,0.92,0.157,0.95,0.849,0.78,0.703,0.86,0.695,0.65,1300,0,175,0.96,0.68,155,65,0.8347
Istanbul,0.075,0.94,0.015,0.98,0.858,0.94,0.047,0.89,0.101,0.84,0.912,0.71,0.377,0.91,0.72,0.58,2200,1,85,0.84,0.88,65,32,0.8434
Amsterdam,0.075,0.91,0.015,0.88,0.858,0.79,0.047,0.92,0.101,0.95,0.912,0.78,0.377,0.86,0.72,0.65,2200,1,175,0.96,0.68,155,65,0.8078
Switzerland,0.075,0.79,0.015,0.78,0.858,0.82,0.047,0.58,0.101,0.75,0.912,0.99,0.377,0.76,0.72,0.98,2200,1,240,0.88,0.78,220,90,0.893
Tokyo,0.075,0.9,0.015,0.91,0.858,0.99,0.047,0.96,0.101,0.88,0.912,0.74,0.377,0.99,0.72,0.71,2200,1,165,0.91,0.79,135,60,0.893
Bali,0.075,0.73,0.015,0.76,0.858,0.91,0.047,0.87,0.101,0.51,0.912,0.99,0.377,0.72,0.72,0.98,2200,1,90,0.62,0.95,70,35,0.9208
Barcelona,0.075,0.96,0.015,0.84,0.858,0.94,0.047,0.96,0.101,0.82,0.912,0.82,0.377,0.88,0.72,0.72,2200,1,150,0.93,0.94,130,58,0.8815
New York,0.499,0.94,0.26,0.82,0.994,0.96,0.491,0.99,0.82,0.97,0.585,0.71,0.424,0.99,0.959,0.63,1800,1,230,0.92,0.76,210,85,0.8694
Tokyo,0.499,0.9,0.26,0.91,0.994,0.99,0.491,0.96,0.82,0.88,0.585,0.74,0.424,0.99,0.959,0.71,1800,1,165,0.91,0.79,135,60,0.9077
Switzerland,0.499,0.79,0.26,0.78,0.994,0.82,0.491,0.58,0.82,0.75,0.585,0.99,0.424,0.76,0.959,0.98,1800,1,240,0.88,0.78,220,90,0.8815
Rome,0.499,0.97,0.26,0.99,0.994,0.96,0.491,0.78,0.82,0.91,0.585,0.62,0.424,0.76,0.959,0.48,1800,1,145,0.91,0.9,125,55,0.8748
Singapore,0.33,0.91,0.098,0.72,0.234,0.98,0.372,0.85,0.563,0.79,0.507,0.94,0.341,0.97,0.26,0.79,2200,0,155,0.9,0.94,145,50,0.8849
Barcelona,0.33,0.96,0.098,0.84,0.234,0.94,0.372,0.96,0.563,0.82,0.507,0.82,0.341,0.88,0.26,0.72,2200,0,150,0.93,0.94,130,58,0.86
Amsterdam,0.33,0.91,0.098,0.88,0.234,0.79,0.372,0.92,0.563,0.95,0.507,0.78,0.341,0.86,0.26,0.65,2200,0,175,0.96,0.68,155,65,0.8415
Dubai,0.33,0.96,0.098,0.63,0.234,0.91,0.372,0.92,0.563,0.72,0.507,0.68,0.341,0.99,0.26,0.91,2200,0,190,0.58,0.96,175,70,0.8714
Paris,0.33,0.98,0.098,0.95,0.234,0.97,0.372,0.82,0.563,0.99,0.507,0.65,0.341,0.92,0.26,0.45,2200,0,180,0.95,0.82,160,70,0.8482
Rome,0.33,0.97,0.098,0.99,0.234,0.96,0.372,0.78,0.563,0.91,0.507,0.62,0.341,0.76,0.26,0.48,2200,0,145,0.91,0.9,125,55,0.8114
Switzerland,0.33,0.79,0.098,0.78,0.234,0.82,0.372,0.58,0.563,0.75,0.507,0.99,0.341,0.76,0.26,0.98,2200,0,240,0.88,0.78,220,90,0.8103
Switzerland,0.141,0.79,0.358,0.78,0.442,0.82,0.027,0.58,0.204,0.75,0.827,0.99,0.464,0.76,0.362,0.98,1500,1,240,0.88,0.78,220,90,0.8768
Amsterdam,0.141,0.91,0.358,0.88,0.442,0.79,0.027,0.92,0.204,0.95,0.827,0.78,0.464,0.86,0.362,0.65,1500,1,175,0.96,0.68,155,65,0.8744
Singapore,0.141,0.91,0.358,0.72,0.442,0.98,0.027,0.85,0.204,0.79,0.827,0.94,0.464,0.97,0.362,0.79,1500,1,155,0.9,0.94,145,50,0.92
Paris,0.141,0.98,0.358,0.95,0.442,0.97,0.027,0.82,0.204,0.99,0.827,0.65,0.464,0.92,0.362,0.45,1500,1,180,0.95,0.82,160,70,0.8705
Istanbul,0.141,0.94,0.358,0.98,0.442,0.94,0.027,0.89,0.204,0.84,0.827,0.71,0.464,0.91,0.362,0.58,1500,1,85,0.84,0.88,65,32,0.8828
New York,0.141,0.94,0.358,0.82,0.442,0.96,0.027,0.99,0.204,0.97,0.827,0.71,0.464,0.99,0.362,0.63,1500,1,230,0.92,0.76,210,85,0.8569
Bali,0.141,0.73,0.358,0.76,0.442,0.91,0.027,0.87,0.204,0.51,0.827,0.99,0.464,0.72,0.362,0.98,1500,1,90,0.62,0.95,70,35,0.848
Singapore,0.302,0.91,0.847,0.72,0.706,0.98,0.672,0.85,0.383,0.79,0.162,0.94,0.173,0.97,0.26,0.79,2200,1,155,0.9,0.94,145,50,0.9101
Barcelona,0.302,0.96,0.847,0.84,0.706,0.94,0.672,0.96,0.383,0.82,0.162,0.82,0.173,0.88,0.26,0.72,2200,1,150,0.93,0.94,130,58,0.9419
New York,0.302,0.94,0.847,0.82,0.706,0.96,0.672,0.99,0.383,0.97,0.162,0.71,0.173,0.99,0.26,0.63,2200,1,230,0.92,0.76,210,85,0.9035
Bali,0.302,0.73,0.847,0.76,0.706,0.91,0.672,0.87,0.383,0.51,0.162,0.99,0.173,0.72,0.26,0.98,2200,1,90,0.62,0.95,70,35,0.8373
Dubai,0.136,0.96,0.445,0.63,0.892,0.91,0.683,0.92,0.144,0.72,0.946,0.68,0.86,0.99,0.706,0.91,1800,0,190,0.58,0.96,175,70,0.8421
Singapore,0.136,0.91,0.445,0.72,0.892,0.98,0.683,0.85,0.144,0.79,0.946,0.94,0.86,0.97,0.706,0.79,1800,0,155,0.9,0.94,145,50,0.8808
Istanbul,0.136,0.94,0.445,0.98,0.892,0.94,0.683,0.89,0.144,0.84,0.946,0.71,0.86,0.91,0.706,0.58,1800,0,85,0.84,0.88,65,32,0.8472
Barcelona,0.136,0.96,0.445,0.84,0.892,0.94,0.683,0.96,0.144,0.82,0.946,0.82,0.86,0.88,0.706,0.72,1800,0,150,0.93,0.94,130,58,0.8792
Tokyo,0.136,0.9,0.445,0.91,0.892,0.99,0.683,0.96,0.144,0.88,0.946,0.74,0.86,0.99,0.706,0.71,1800,0,165,0.91,0.79,135,60,0.8637
London,0.136,0.94,0.445,0.97,0.892,0.91,0.683,0.95,0.144,0.98,0.946,0.76,0.86,0.98,0.706,0.55,1800,0,210,0.89,0.64,190,75,0.8219
Rome,0.136,0.97,0.445,0.99,0.892,0.96,0.683,0.78,0.144,0.91,0.946,0.62,0.86,0.76,0.706,0.48,1800,0,145,0.91,0.9,125,55,0.8064
Paris,0.03,0.98,0.263,0.95,0.919,0.97,0.523,0.82,0.393,0.99,0.679,0.65,0.176,0.92,0.694,0.45,1800,0,180,0.95,0.82,160,70,0.8046
Tokyo,0.03,0.9,0.263,0.91,0.919,0.99,0.523,0.96,0.393,0.88,0.679,0.74,0.176,0.99,0.694,0.71,1800,0,165,0.91,0.79,135,60,0.854
Istanbul,0.03,0.94,0.263,0.98,0.919,0.94,0.523,0.89,0.393,0.84,0.679,0.71,0.176,0.91,0.694,0.58,1800,0,85,0.84,0.88,65,32,0.838
New York,0.03,0.94,0.263,0.82,0.919,0.96,0.523,0.99,0.393,0.97,0.679,0.71,0.176,0.99,0.694,0.63,1800,0,230,0.92,0.76,210,85,0.8577
Barcelona,0.03,0.96,0.263,0.84,0.919,0.94,0.523,0.96,0.393,0.82,0.679,0.82,0.176,0.88,0.694,0.72,1800,0,150,0.93,0.94,130,58,0.8493
Istanbul,0.854,0.94,0.429,0.98,0.257,0.94,0.009,0.89,0.192,0.84,0.656,0.71,0.322,0.91,0.45,0.58,2600,1,85,0.84,0.88,65,32,0.892
Tokyo,0.854,0.9,0.429,0.91,0.257,0.99,0.009,0.96,0.192,0.88,0.656,0.74,0.322,0.99,0.45,0.71,2600,1,165,0.91,0.79,135,60,0.8883
Switzerland,0.854,0.79,0.429,0.78,0.257,0.82,0.009,0.58,0.192,0.75,0.656,0.99,0.322,0.76,0.45,0.98,2600,1,240,0.88,0.78,220,90,0.8962
London,0.854,0.94,0.429,0.97,0.257,0.91,0.009,0.95,0.192,0.98,0.656,0.76,0.322,0.98,0.45,0.55,2600,1,210,0.89,0.64,190,75,0.8534
Barcelona,0.854,0.96,0.429,0.84,0.257,0.94,0.009,0.96,0.192,0.82,0.656,0.82,0.322,0.88,0.45,0.72,2600,1,150,0.93,0.94,130,58,0.9185
Amsterdam,0.854,0.91,0.429,0.88,0.257,0.79,0.009,0.92,0.192,0.95,0.656,0.78,0.322,0.86,0.45,0.65,2600,1,175,0.96,0.68,155,65,0.8498
Rome,0.845,0.97,0.477,0.99,0.86,0.96,0.75,0.78,0.13,0.91,0.729,0.62,0.18,0.76,0.706,0.48,1100,0,145,0.91,0.9,125,55,0.8402
Istanbul,0.845,0.94,0.477,0.98,0.86,0.94,0.75,0.89,0.13,0.84,0.729,0.71,0.18,0.91,0.706,0.58,1100,0,85,0.84,0.88,65,32,0.8395
Switzerland,0.845,0.79,0.477,0.78,0.86,0.82,0.75,0.58,0.13,0.75,0.729,0.99,0.18,0.76,0.706,0.98,1100,0,240,0.88,0.78,220,90,0.8001
Singapore,0.845,0.91,0.477,0.72,0.86,0.98,0.75,0.85,0.13,0.79,0.729,0.94,0.18,0.97,0.706,0.79,1100,0,155,0.9,0.94,145,50,0.8712
Tokyo,0.845,0.9,0.477,0.91,0.86,0.99,0.75,0.96,0.13,0.88,0.729,0.74,0.18,0.99,0.706,0.71,1100,0,165,0.91,0.79,135,60,0.851
New York,0.845,0.94,0.477,0.82,0.86,0.96,0.75,0.99,0.13,0.97,0.729,0.71,0.18,0.99,0.706,0.63,1100,0,230,0.92,0.76,210,85,0.8196
Dubai,0.295,0.96,0.617,0.63,0.543,0.91,0.114,0.92,0.268,0.72,0.552,0.68,0.577,0.99,0.233,0.91,1800,0,190,0.58,0.96,175,70,0.8232
Bali,0.295,0.73,0.617,0.76,0.543,0.91,0.114,0.87,0.268,0.51,0.552,0.99,0.577,0.72,0.233,0.98,1800,0,90,0.62,0.95,70,35,0.8513
Paris,0.295,0.98,0.617,0.95,0.543,0.97,0.114,0.82,0.268,0.99,0.552,0.65,0.577,0.92,0.233,0.45,1800,0,180,0.95,0.82,160,70,0.8327
London,0.03,0.94,0.18,0.97,0.413,0.91,0.961,0.95,0.569,0.98,0.55,0.76,0.096,0.98,0.979,0.55,1500,0,210,0.89,0.64,190,75,0.7825
Singapore,0.03,0.91,0.18,0.72,0.413,0.98,0.961,0.85,0.569,0.79,0.55,0.94,0.096,0.97,0.979,0.79,1500,0,155,0.9,0.94,145,50,0.8326
Rome,0.03,0.97,0.18,0.99,0.413,0.96,0.961,0.78,0.569,0.91,0.55,0.62,0.096,0.76,0.979,0.48,1500,0,145,0.91,0.9,125,55,0.7758
Paris,0.03,0.98,0.18,0.95,0.413,0.97,0.961,0.82,0.569,0.99,0.55,0.65,0.096,0.92,0.979,0.45,1500,0,180,0.95,0.82,160,70,0.8022
Dubai,0.03,0.96,0.18,0.63,0.413,0.91,0.961,0.92,0.569,0.72,0.55,0.68,0.096,0.99,0.979,0.91,1500,0,190,0.58,0.96,175,70,0.8257
Istanbul,0.03,0.94,0.18,0.98,0.413,0.94,0.961,0.89,0.569,0.84,0.55,0.71,0.096,0.91,0.979,0.58,1500,0,85,0.84,0.88,65,32,0.7958
Dubai,0.998,0.96,0.4,0.63,0.194,0.91,0.887,0.92,0.039,0.72,0.342,0.68,0.011,0.99,0.033,0.91,1300,0,190,0.58,0.96,175,70,0.8842
Singapore,0.998,0.91,0.4,0.72,0.194,0.98,0.887,0.85,0.039,0.79,0.342,0.94,0.011,0.97,0.033,0.79,1300,0,155,0.9,0.94,145,50,0.8604
Barcelona,0.998,0.96,0.4,0.84,0.194,0.94,0.887,0.96,0.039,0.82,0.342,0.82,0.011,0.88,0.033,0.72,1300,0,150,0.93,0.94,130,58,0.8826
London,0.998,0.94,0.4,0.97,0.194,0.91,0.887,0.95,0.039,0.98,0.342,0.76,0.011,0.98,0.033,0.55,1300,0,210,0.89,0.64,190,75,0.8468
London,0.808,0.94,0.16,0.97,0.279,0.91,0.444,0.95,0.979,0.98,0.916,0.76,0.005,0.98,0.222,0.55,700,1,210,0.89,0.64,190,75,0.8642
Paris,0.808,0.98,0.16,0.95,0.279,0.97,0.444,0.82,0.979,0.99,0.916,0.65,0.005,0.92,0.222,0.45,700,1,180,0.95,0.82,160,70,0.8932
Barcelona,0.808,0.96,0.16,0.84,0.279,0.94,0.444,0.96,0.979,0.82,0.916,0.82,0.005,0.88,0.222,0.72,700,1,150,0.93,0.94,130,58,0.9208
Tokyo,0.808,0.9,0.16,0.91,0.279,0.99,0.444,0.96,0.979,0.88,0.916,0.74,0.005,0.99,0.222,0.71,700,1,165,0.91,0.79,135,60,0.8719
New York,0.808,0.94,0.16,0.82,0.279,0.96,0.444,0.99,0.979,0.97,0.916,0.71,0.005,0.99,0.222,0.63,700,1,230,0.92,0.76,210,85,0.8921
Dubai,0.158,0.96,0.758,0.63,0.18,0.91,0.861,0.92,0.16,0.72,0.573,0.68,0.822,0.99,0.222,0.91,700,1,190,0.58,0.96,175,70,0.8603
Paris,0.158,0.98,0.758,0.95,0.18,0.97,0.861,0.82,0.16,0.99,0.573,0.65,0.822,0.92,0.222,0.45,700,1,180,0.95,0.82,160,70,0.8982
Barcelona,0.158,0.96,0.758,0.84,0.18,0.94,0.861,0.96,0.16,0.82,0.573,0.82,0.822,0.88,0.222,0.72,700,1,150,0.93,0.94,130,58,0.9099
Istanbul,0.158,0.94,0.758,0.98,0.18,0.94,0.861,0.89,0.16,0.84,0.573,0.71,0.822,0.91,0.222,0.58,700,1,85,0.84,0.88,65,32,0.8767
New York,0.158,0.94,0.758,0.82,0.18,0.96,0.861,0.99,0.16,0.97,0.573,0.71,0.822,0.99,0.222,0.63,700,1,230,0.92,0.76,210,85,0.9072
Amsterdam,0.158,0.91,0.758,0.88,0.18,0.79,0.861,0.92,0.16,0.95,0.573,0.78,0.822,0.86,0.222,0.65,700,1,175,0.96,0.68,155,65,0.8702
Singapore,0.158,0.91,0.758,0.72,0.18,0.98,0.861,0.85,0.16,0.79,0.573,0.94,0.822,0.97,0.222,0.79,700,1,155,0.9,0.94,145,50,0.8892
Tokyo,0.489,0.9,0.623,0.91,0.627,0.99,0.374,0.96,0.453,0.88,0.001,0.74,0.859,0.99,0.435,0.71,700,1,165,0.91,0.79,135,60,0.8965
Dubai,0.489,0.96,0.623,0.63,0.627,0.91,0.374,0.92,0.453,0.72,0.001,0.68,0.859,0.99,0.435,0.91,700,1,190,0.58,0.96,175,70,0.8853
Paris,0.489,0.98,0.623,0.95,0.627,0.97,0.374,0.82,0.453,0.99,0.001,0.65,0.859,0.92,0.435,0.45,700,1,180,0.95,0.82,160,70,0.8888
Barcelona,0.489,0.96,0.623,0.84,0.627,0.94,0.374,0.96,0.453,0.82,0.001,0.82,0.859,0.88,0.435,0.72,700,1,150,0.93,0.94,130,58,0.9356
Bali,0.489,0.73,0.623,0.76,0.627,0.91,0.374,0.87,0.453,0.51,0.001,0.99,0.859,0.72,0.435,0.98,700,1,90,0.62,0.95,70,35,0.8409
London,0.489,0.94,0.623,0.97,0.627,0.91,0.374,0.95,0.453,0.98,0.001,0.76,0.859,0.98,0.435,0.55,700,1,210,0.89,0.64,190,75,0.9041
Amsterdam,0.166,0.91,0.772,0.88,0.904,0.79,0.777,0.92,0.944,0.95,0.882,0.78,0.238,0.86,0.033,0.65,1500,0,175,0.96,0.68,155,65,0.8195
Barcelona,0.166,0.96,0.772,0.84,0.904,0.94,0.777,0.96,0.944,0.82,0.882,0.82,0.238,0.88,0.033,0.72,1500,0,150,0.93,0.94,130,58,0.8928
Switzerland,0.166,0.79,0.772,0.78,0.904,0.82,0.777,0.58,0.944,0.75,0.882,0.99,0.238,0.76,0.033,0.98,1500,0,240,0.88,0.78,220,90,0.7885
Tokyo,0.166,0.9,0.772,0.91,0.904,0.99,0.777,0.96,0.944,0.88,0.882,0.74,0.238,0.99,0.033,0.71,1500,0,165,0.91,0.79,135,60,0.8462
Istanbul,0.166,0.94,0.772,0.98,0.904,0.94,0.777,0.89,0.944,0.84,0.882,0.71,0.238,0.91,0.033,0.58,1500,0,85,0.84,0.88,65,32,0.8434
Rome,0.166,0.97,0.772,0.99,0.904,0.96,0.777,0.78,0.944,0.91,0.882,0.62,0.238,0.76,0.033,0.48,1500,0,145,0.91,0.9,125,55,0.8428
Dubai,0.166,0.96,0.772,0.63,0.904,0.91,0.777,0.92,0.944,0.72,0.882,0.68,0.238,0.99,0.033,0.91,1500,0,190,0.58,0.96,175,70,0.8279
Bali,0.331,0.73,0.854,0.76,0.059,0.91,0.618,0.87,0.729,0.51,0.989,0.99,0.284,0.72,0.796,0.98,700,0,90,0.62,0.95,70,35,0.8507
New York,0.331,0.94,0.854,0.82,0.059,0.96,0.618,0.99,0.729,0.97,0.989,0.71,0.284,0.99,0.796,0.63,700,0,230,0.92,0.76,210,85,0.8307
Switzerland,0.331,0.79,0.854,0.78,0.059,0.82,0.618,0.58,0.729,0.75,0.989,0.99,0.284,0.76,0.796,0.98,700,0,240,0.88,0.78,220,90,0.8373
Istanbul,0.331,0.94,0.854,0.98,0.059,0.94,0.618,0.89,0.729,0.84,0.989,0.71,0.284,0.91,0.796,0.58,700,0,85,0.84,0.88,65,32,0.813
London,0.331,0.94,0.854,0.97,0.059,0.91,0.618,0.95,0.729,0.98,0.989,0.76,0.284,0.98,0.796,0.55,700,0,210,0.89,0.64,190,75,0.8429
Tokyo,0.331,0.9,0.854,0.91,0.059,0.99,0.618,0.96,0.729,0.88,0.989,0.74,0.284,0.99,0.796,0.71,700,0,165,0.91,0.79,135,60,0.8269
London,0.246,0.94,0.919,0.97,0.592,0.91,0.132,0.95,0.812,0.98,0.027,0.76,0.564,0.98,0.74,0.55,1300,0,210,0.89,0.64,190,75,0.8632
Istanbul,0.246,0.94,0.919,0.98,0.592,0.94,0.132,0.89,0.812,0.84,0.027,0.71,0.564,0.91,0.74,0.58,1300,0,85,0.84,0.88,65,32,0.8292
Rome,0.246,0.97,0.919,0.99,0.592,0.96,0.132,0.78,0.812,0.91,0.027,0.62,0.564,0.76,0.74,0.48,1300,0,145,0.91,0.9,125,55,0.8539
Barcelona,0.246,0.96,0.919,0.84,0.592,0.94,0.132,0.96,0.812,0.82,0.027,0.82,0.564,0.88,0.74,0.72,1300,0,150,0.93,0.94,130,58,0.8638
Singapore,0.393,0.91,0.908,0.72,0.612,0.98,0.615,0.85,0.951,0.79,0.118,0.94,0.243,0.97,0.496,0.79,1300,0,155,0.9,0.94,145,50,0.8237
London,0.393,0.94,0.908,0.97,0.612,0.91,0.615,0.95,0.951,0.98,0.118,0.76,0.243,0.98,0.496,0.55,1300,0,210,0.89,0.64,190,75,0.8327
Bali,0.393,0.73,0.908,0.76,0.612,0.91,0.615,0.87,0.951,0.51,0.118,0.99,0.243,0.72,0.496,0.98,1300,0,90,0.62,0.95,70,35,0.7902
Tokyo,0.393,0.9,0.908,0.91,0.612,0.99,0.615,0.96,0.951,0.88,0.118,0.74,0.243,0.99,0.496,0.71,1300,0,165,0.91,0.79,135,60,0.8815
Switzerland,0.393,0.79,0.908,0.78,0.612,0.82,0.615,0.58,0.951,0.75,0.118,0.99,0.243,0.76,0.496,0.98,1300,0,240,0.88,0.78,220,90,0.7839
Rome,0.393,0.97,0.908,0.99,0.612,0.96,0.615,0.78,0.951,0.91,0.118,0.62,0.243,0.76,0.496,0.48,1300,0,145,0.91,0.9,125,55,0.8328
Amsterdam,0.203,0.91,0.448,0.88,0.622,0.79,0.797,0.92,0.586,0.95,0.181,0.78,0.446,0.86,0.703,0.65,900,1,175,0.96,0.68,155,65,0.8657
Dubai,0.203,0.96,0.448,0.63,0.622,0.91,0.797,0.92,0.586,0.72,0.181,0.68,0.446,0.99,0.703,0.91,900,1,190,0.58,0.96,175,70,0.8487
Barcelona,0.203,0.96,0.448,0.84,0.622,0.94,0.797,0.96,0.586,0.82,0.181,0.82,0.446,0.88,0.703,0.72,900,1,150,0.93,0.94,130,58,0.9238
Switzerland,0.203,0.79,0.448,0.78,0.622,0.82,0.797,0.58,0.586,0.75,0.181,0.99,0.446,0.76,0.703,0.98,900,1,240,0.88,0.78,220,90,0.8434
London,0.203,0.94,0.448,0.97,0.622,0.91,0.797,0.95,0.586,0.98,0.181,0.76,0.446,0.98,0.703,0.55,900,1,210,0.89,0.64,190,75,0.8724
London,0.383,0.94,0.897,0.97,0.142,0.91,0.025,0.95,0.621,0.98,0.12,0.76,0.809,0.98,0.229,0.55,700,0,210,0.89,0.64,190,75,0.8825
Tokyo,0.383,0.9,0.897,0.91,0.142,0.99,0.025,0.96,0.621,0.88,0.12,0.74,0.809,0.99,0.229,0.71,700,0,165,0.91,0.79,135,60,0.851
Barcelona,0.383,0.96,0.897,0.84,0.142,0.94,0.025,0.96,0.621,0.82,0.12,0.82,0.809,0.88,0.229,0.72,700,0,150,0.93,0.94,130,58,0.8675
Istanbul,0.383,0.94,0.897,0.98,0.142,0.94,0.025,0.89,0.621,0.84,0.12,0.71,0.809,0.91,0.229,0.58,700,0,85,0.84,0.88,65,32,0.8899
Paris,0.383,0.98,0.897,0.95,0.142,0.97,0.025,0.82,0.621,0.99,0.12,0.65,0.809,0.92,0.229,0.45,700,0,180,0.95,0.82,160,70,0.8689
Rome,0.383,0.97,0.897,0.99,0.142,0.96,0.025,0.78,0.621,0.91,0.12,0.62,0.809,0.76,0.229,0.48,700,0,145,0.91,0.9,125,55,0.8479
Dubai,0.383,0.96,0.897,0.63,0.142,0.91,0.025,0.92,0.621,0.72,0.12,0.68,0.809,0.99,0.229,0.91,700,0,190,0.58,0.96,175,70,0.8224
Singapore,0.72,0.91,0.14,0.72,0.582,0.98,0.105,0.85,0.238,0.79,0.841,0.94,0.517,0.97,0.442,0.79,2600,0,155,0.9,0.94,145,50,0.9051
Bali,0.72,0.73,0.14,0.76,0.582,0.91,0.105,0.87,0.238,0.51,0.841,0.99,0.517,0.72,0.442,0.98,2600,0,90,0.62,0.95,70,35,0.8318
Barcelona,0.72,0.96,0.14,0.84,0.582,0.94,0.105,0.96,0.238,0.82,0.841,0.82,0.517,0.88,0.442,0.72,2600,0,150,0.93,0.94,130,58,0.845
Tokyo,0.72,0.9,0.14,0.91,0.582,0.99,0.105,0.96,0.238,0.88,0.841,0.74,0.517,0.99,0.442,0.71,2600,0,165,0.91,0.79,135,60,0.8517
London,0.72,0.94,0.14,0.97,0.582,0.91,0.105,0.95,0.238,0.98,0.841,0.76,0.517,0.98,0.442,0.55,2600,0,210,0.89,0.64,190,75,0.8372
Paris,0.254,0.98,0.798,0.95,0.321,0.97,0.932,0.82,0.791,0.99,0.591,0.65,0.736,0.92,0.969,0.45,1500,1,180,0.95,0.82,160,70,0.8815
Dubai,0.254,0.96,0.798,0.63,0.321,0.91,0.932,0.92,0.791,0.72,0.591,0.68,0.736,0.99,0.969,0.91,1500,1,190,0.58,0.96,175,70,0.8652
Singapore,0.254,0.91,0.798,0.72,0.321,0.98,0.932,0.85,0.791,0.79,0.591,0.94,0.736,0.97,0.969,0.79,1500,1,155,0.9,0.94,145,50,0.8972
Switzerland,0.254,0.79,0.798,0.78,0.321,0.82,0.932,0.58,0.791,0.75,0.591,0.99,0.736,0.76,0.969,0.98,1500,1,240,0.88,0.78,220,90,0.8704
Amsterdam,0.254,0.91,0.798,0.88,0.321,0.79,0.932,0.92,0.791,0.95,0.591,0.78,0.736,0.86,0.969,0.65,1500,1,175,0.96,0.68,155,65,0.8634
Rome,0.254,0.97,0.798,0.99,0.321,0.96,0.932,0.78,0.791,0.91,0.591,0.62,0.736,0.76,0.969,0.48,1500,1,145,0.91,0.9,125,55,0.8261
New York,0.873,0.94,0.943,0.82,0.166,0.96,0.467,0.99,0.543,0.97,0.29,0.71,0.433,0.99,0.057,0.63,1800,1,230,0.92,0.76,210,85,0.9214
Amsterdam,0.873,0.91,0.943,0.88,0.166,0.79,0.467,0.92,0.543,0.95,0.29,0.78,0.433,0.86,0.057,0.65,1800,1,175,0.96,0.68,155,65,0.8936
Istanbul,0.873,0.94,0.943,0.98,0.166,0.94,0.467,0.89,0.543,0.84,0.29,0.71,0.433,0.91,0.057,0.58,1800,1,85,0.84,0.88,65,32,0.9089
Barcelona,0.873,0.96,0.943,0.84,0.166,0.94,0.467,0.96,0.543,0.82,0.29,0.82,0.433,0.88,0.057,0.72,1800,1,150,0.93,0.94,130,58,0.9018
Tokyo,0.873,0.9,0.943,0.91,0.166,0.99,0.467,0.96,0.543,0.88,0.29,0.74,0.433,0.99,0.057,0.71,1800,1,165,0.91,0.79,135,60,0.9257
Singapore,0.873,0.91,0.943,0.72,0.166,0.98,0.467,0.85,0.543,0.79,0.29,0.94,0.433,0.97,0.057,0.79,1800,1,155,0.9,0.94,145,50,0.8813
Switzerland,0.873,0.79,0.943,0.78,0.166,0.82,0.467,0.58,0.543,0.75,0.29,0.99,0.433,0.76,0.057,0.98,1800,1,240,0.88,0.78,220,90,0.8282
Barcelona,0.658,0.96,0.779,0.84,0.362,0.94,0.924,0.96,0.862,0.82,0.638,0.82,0.319,0.88,0.373,0.72,2200,0,150,0.93,0.94,130,58,0.8697
Istanbul,0.658,0.94,0.779,0.98,0.362,0.94,0.924,0.89,0.862,0.84,0.638,0.71,0.319,0.91,0.373,0.58,2200,0,85,0.84,0.88,65,32,0.8468
Switzerland,0.658,0.79,0.779,0.78,0.362,0.82,0.924,0.58,0.862,0.75,0.638,0.99,0.319,0.76,0.373,0.98,2200,0,240,0.88,0.78,220,90,0.8123
Tokyo,0.658,0.9,0.779,0.91,0.362,0.99,0.924,0.96,0.862,0.88,0.638,0.74,0.319,0.99,0.373,0.71,2200,0,165,0.91,0.79,135,60,0.8827
Paris,0.658,0.98,0.779,0.95,0.362,0.97,0.924,0.82,0.862,0.99,0.638,0.65,0.319,0.92,0.373,0.45,2200,0,180,0.95,0.82,160,70,0.8428
Dubai,0.658,0.96,0.779,0.63,0.362,0.91,0.924,0.92,0.862,0.72,0.638,0.68,0.319,0.99,0.373,0.91,2200,0,190,0.58,0.96,175,70,0.8486
Singapore,0.658,0.91,0.779,0.72,0.362,0.98,0.924,0.85,0.862,0.79,0.638,0.94,0.319,0.97,0.373,0.79,2200,0,155,0.9,0.94,145,50,0.8793
Rome,0.447,0.97,0.552,0.99,0.189,0.96,0.76,0.78,0.881,0.91,0.646,0.62,0.091,0.76,0.946,0.48,1100,0,145,0.91,0.9,125,55,0.8171
London,0.447,0.94,0.552,0.97,0.189,0.91,0.76,0.95,0.881,0.98,0.646,0.76,0.091,0.98,0.946,0.55,1100,0,210,0.89,0.64,190,75,0.8264
Bali,0.447,0.73,0.552,0.76,0.189,0.91,0.76,0.87,0.881,0.51,0.646,0.99,0.091,0.72,0.946,0.98,1100,0,90,0.62,0.95,70,35,0.8395
Barcelona,0.447,0.96,0.552,0.84,0.189,0.94,0.76,0.96,0.881,0.82,0.646,0.82,0.091,0.88,0.946,0.72,1100,0,150,0.93,0.94,130,58,0.8458
Paris,0.447,0.98,0.552,0.95,0.189,0.97,0.76,0.82,0.881,0.99,0.646,0.65,0.091,0.92,0.946,0.45,1100,0,180,0.95,0.82,160,70,0.8234
Barcelona,0.443,0.96,0.134,0.84,0.399,0.94,0.262,0.96,0.831,0.82,0.343,0.82,0.839,0.88,0.963,0.72,1800,1,150,0.93,0.94,130,58,0.9011
Rome,0.443,0.97,0.134,0.99,0.399,0.96,0.262,0.78,0.831,0.91,0.343,0.62,0.839,0.76,0.963,0.48,1800,1,145,0.91,0.9,125,55,0.8152
Singapore,0.443,0.91,0.134,0.72,0.399,0.98,0.262,0.85,0.831,0.79,0.343,0.94,0.839,0.97,0.963,0.79,1800,1,155,0.9,0.94,145,50,0.8927
London,0.443,0.94,0.134,0.97,0.399,0.91,0.262,0.95,0.831,0.98,0.343,0.76,0.839,0.98,0.963,0.55,1800,1,210,0.89,0.64,190,75,0.8422
Bali,0.737,0.73,0.084,0.76,0.22,0.91,0.371,0.87,0.201,0.51,0.619,0.99,0.134,0.72,0.298,0.98,2600,0,90,0.62,0.95,70,35,0.8646
Amsterdam,0.737,0.91,0.084,0.88,0.22,0.79,0.371,0.92,0.201,0.95,0.619,0.78,0.134,0.86,0.298,0.65,2600,0,175,0.96,0.68,155,65,0.8328
Dubai,0.737,0.96,0.084,0.63,0.22,0.91,0.371,0.92,0.201,0.72,0.619,0.68,0.134,0.99,0.298,0.91,2600,0,190,0.58,0.96,175,70,0.8536
Dubai,0.021,0.96,0.529,0.63,0.461,0.91,0.659,0.92,0.32,0.72,0.281,0.68,0.111,0.99,0.685,0.91,2200,0,190,0.58,0.96,175,70,0.843
Barcelona,0.021,0.96,0.529,0.84,0.461,0.94,0.659,0.96,0.32,0.82,0.281,0.82,0.111,0.88,0.685,0.72,2200,0,150,0.93,0.94,130,58,0.8774
Istanbul,0.021,0.94,0.529,0.98,0.461,0.94,0.659,0.89,0.32,0.84,0.281,0.71,0.111,0.91,0.685,0.58,2200,0,85,0.84,0.88,65,32,0.8074
London,0.021,0.94,0.529,0.97,0.461,0.91,0.659,0.95,0.32,0.98,0.281,0.76,0.111,0.98,0.685,0.55,2200,0,210,0.89,0.64,190,75,0.8245
Amsterdam,0.021,0.91,0.529,0.88,0.461,0.79,0.659,0.92,0.32,0.95,0.281,0.78,0.111,0.86,0.685,0.65,2200,0,175,0.96,0.68,155,65,0.7972
Tokyo,0.021,0.9,0.529,0.91,0.461,0.99,0.659,0.96,0.32,0.88,0.281,0.74,0.111,0.99,0.685,0.71,2200,0,165,0.91,0.79,135,60,0.836
Paris,0.271,0.98,0.09,0.95,0.826,0.97,0.659,0.82,0.857,0.99,0.673,0.65,0.206,0.92,0.867,0.45,1300,1,180,0.95,0.82,160,70,0.8448
Switzerland,0.271,0.79,0.09,0.78,0.826,0.82,0.659,0.58,0.857,0.75,0.673,0.99,0.206,0.76,0.867,0.98,1300,1,240,0.88,0.78,220,90,0.8701
Bali,0.271,0.73,0.09,0.76,0.826,0.91,0.659,0.87,0.857,0.51,0.673,0.99,0.206,0.72,0.867,0.98,1300,1,90,0.62,0.95,70,35,0.8782
Singapore,0.3,0.91,0.939,0.72,0.715,0.98,0.389,0.85,0.276,0.79,0.817,0.94,0.116,0.97,0.749,0.79,2600,0,155,0.9,0.94,145,50,0.8786
Switzerland,0.3,0.79,0.939,0.78,0.715,0.82,0.389,0.58,0.276,0.75,0.817,0.99,0.116,0.76,0.749,0.98,2600,0,240,0.88,0.78,220,90,0.8526
Dubai,0.3,0.96,0.939,0.63,0.715,0.91,0.389,0.92,0.276,0.72,0.817,0.68,0.116,0.99,0.749,0.91,2600,0,190,0.58,0.96,175,70,0.8383
New York,0.3,0.94,0.939,0.82,0.715,0.96,0.389,0.99,0.276,0.97,0.817,0.71,0.116,0.99,0.749,0.63,2600,0,230,0.92,0.76,210,85,0.8184
Tokyo,0.3,0.9,0.939,0.91,0.715,0.99,0.389,0.96,0.276,0.88,0.817,0.74,0.116,0.99,0.749,0.71,2600,0,165,0.91,0.79,135,60,0.8548
Amsterdam,0.3,0.91,0.939,0.88,0.715,0.79,0.389,0.92,0.276,0.95,0.817,0.78,0.116,0.86,0.749,0.65,2600,0,175,0.96,0.68,155,65,0.8219
Rome,0.604,0.97,0.18,0.99,0.975,0.96,0.819,0.78,0.88,0.91,0.809,0.62,0.473,0.76,0.858,0.48,900,1,145,0.91,0.9,125,55,0.8597
Singapore,0.604,0.91,0.18,0.72,0.975,0.98,0.819,0.85,0.88,0.79,0.809,0.94,0.473,0.97,0.858,0.79,900,1,155,0.9,0.94,145,50,0.8961
Bali,0.604,0.73,0.18,0.76,0.975,0.91,0.819,0.87,0.88,0.51,0.809,0.99,0.473,0.72,0.858,0.98,900,1,90,0.62,0.95,70,35,0.8409
Dubai,0.183,0.96,0.882,0.63,0.287,0.91,0.219,0.92,0.308,0.72,0.771,0.68,0.078,0.99,0.496,0.91,1300,1,190,0.58,0.96,175,70,0.817
Tokyo,0.183,0.9,0.882,0.91,0.287,0.99,0.219,0.96,0.308,0.88,0.771,0.74,0.078,0.99,0.496,0.71,1300,1,165,0.91,0.79,135,60,0.876
Amsterdam,0.183,0.91,0.882,0.88,0.287,0.79,0.219,0.92,0.308,0.95,0.771,0.78,0.078,0.86,0.496,0.65,1300,1,175,0.96,0.68,155,65,0.871
New York,0.183,0.94,0.882,0.82,0.287,0.96,0.219,0.99,0.308,0.97,0.771,0.71,0.078,0.99,0.496,0.63,1300,1,230,0.92,0.76,210,85,0.8318
Istanbul,0.183,0.94,0.882,0.98,0.287,0.94,0.219,0.89,0.308,0.84,0.771,0.71,0.078,0.91,0.496,0.58,1300,1,85,0.84,0.88,65,32,0.8611
New York,0.293,0.94,0.536,0.82,0.745,0.96,0.379,0.99,0.761,0.97,0.418,0.71,0.568,0.99,0.281,0.63,2600,0,230,0.92,0.76,210,85,0.8732
Dubai,0.293,0.96,0.536,0.63,0.745,0.91,0.379,0.92,0.761,0.72,0.418,0.68,0.568,0.99,0.281,0.91,2600,0,190,0.58,0.96,175,70,0.8667
London,0.293,0.94,0.536,0.97,0.745,0.91,0.379,0.95,0.761,0.98,0.418,0.76,0.568,0.98,0.281,0.55,2600,0,210,0.89,0.64,190,75,0.8329
Rome,0.293,0.97,0.536,0.99,0.745,0.96,0.379,0.78,0.761,0.91,0.418,0.62,0.568,0.76,0.281,0.48,2600,0,145,0.91,0.9,125,55,0.8359
Bali,0.501,0.73,0.337,0.76,0.886,0.91,0.482,0.87,0.944,0.51,0.174,0.99,0.391,0.72,0.279,0.98,1800,0,90,0.62,0.95,70,35,0.8058
Amsterdam,0.501,0.91,0.337,0.88,0.886,0.79,0.482,0.92,0.944,0.95,0.174,0.78,0.391,0.86,0.279,0.65,1800,0,175,0.96,0.68,155,65,0.8238
Singapore,0.501,0.91,0.337,0.72,0.886,0.98,0.482,0.85,0.944,0.79,0.174,0.94,0.391,0.97,0.279,0.79,1800,0,155,0.9,0.94,145,50,0.864
Paris,0.305,0.98,0.846,0.95,0.635,0.97,0.737,0.82,0.294,0.99,0.456,0.65,0.956,0.92,0.523,0.45,1500,0,180,0.95,0.82,160,70,0.8478
Dubai,0.305,0.96,0.846,0.63,0.635,0.91,0.737,0.92,0.294,0.72,0.456,0.68,0.956,0.99,0.523,0.91,1500,0,190,0.58,0.96,175,70,0.8721
Switzerland,0.305,0.79,0.846,0.78,0.635,0.82,0.737,0.58,0.294,0.75,0.456,0.99,0.956,0.76,0.523,0.98,1500,0,240,0.88,0.78,220,90,0.8217
Rome,0.305,0.97,0.846,0.99,0.635,0.96,0.737,0.78,0.294,0.91,0.456,0.62,0.956,0.76,0.523,0.48,1500,0,145,0.91,0.9,125,55,0.8134
Singapore,0.305,0.91,0.846,0.72,0.635,0.98,0.737,0.85,0.294,0.79,0.456,0.94,0.956,0.97,0.523,0.79,1500,0,155,0.9,0.94,145,50,0.862
Bali,0.305,0.73,0.846,0.76,0.635,0.91,0.737,0.87,0.294,0.51,0.456,0.99,0.956,0.72,0.523,0.98,1500,0,90,0.62,0.95,70,35,0.8341
Istanbul,0.679,0.94,0.388,0.98,0.234,0.94,0.553,0.89,0.809,0.84,0.965,0.71,0.067,0.91,0.659,0.58,900,1,85,0.84,0.88,65,32,0.8584
Bali,0.679,0.73,0.388,0.76,0.234,0.91,0.553,0.87,0.809,0.51,0.965,0.99,0.067,0.72,0.659,0.98,900,1,90,0.62,0.95,70,35,0.8555
Switzerland,0.679,0.79,0.388,0.78,0.234,0.82,0.553,0.58,0.809,0.75,0.965,0.99,0.067,0.76,0.659,0.98,900,1,240,0.88,0.78,220,90,0.8674
Paris,0.679,0.98,0.388,0.95,0.234,0.97,0.553,0.82,0.809,0.99,0.965,0.65,0.067,0.92,0.659,0.45,900,1,180,0.95,0.82,160,70,0.8399
New York,0.679,0.94,0.388,0.82,0.234,0.96,0.553,0.99,0.809,0.97,0.965,0.71,0.067,0.99,0.659,0.63,900,1,230,0.92,0.76,210,85,0.889
Rome,0.679,0.97,0.388,0.99,0.234,0.96,0.553,0.78,0.809,0.91,0.965,0.62,0.067,0.76,0.659,0.48,900,1,145,0.91,0.9,125,55,0.84
Amsterdam,0.679,0.91,0.388,0.88,0.234,0.79,0.553,0.92,0.809,0.95,0.965,0.78,0.067,0.86,0.659,0.65,900,1,175,0.96,0.68,155,65,0.8454
Istanbul,0.454,0.94,0.841,0.98,0.562,0.94,0.02,0.89,0.976,0.84,0.363,0.71,0.753,0.91,0.428,0.58,1800,0,85,0.84,0.88,65,32,0.8784
Amsterdam,0.454,0.91,0.841,0.88,0.562,0.79,0.02,0.92,0.976,0.95,0.363,0.78,0.753,0.86,0.428,0.65,1800,0,175,0.96,0.68,155,65,0.8346
Singapore,0.454,0.91,0.841,0.72,0.562,0.98,0.02,0.85,0.976,0.79,0.363,0.94,0.753,0.97,0.428,0.79,1800,0,155,0.9,0.94,145,50,0.8453
London,0.454,0.94,0.841,0.97,0.562,0.91,0.02,0.95,0.976,0.98,0.363,0.76,0.753,0.98,0.428,0.55,1800,0,210,0.89,0.64,190,75,0.8333
Dubai,0.483,0.96,0.44,0.63,0.211,0.91,0.817,0.92,0.471,0.72,0.791,0.68,0.905,0.99,0.548,0.91,1100,0,190,0.58,0.96,175,70,0.8685
Istanbul,0.483,0.94,0.44,0.98,0.211,0.94,0.817,0.89,0.471,0.84,0.791,0.71,0.905,0.91,0.548,0.58,1100,0,85,0.84,0.88,65,32,0.8464
Singapore,0.483,0.91,0.44,0.72,0.211,0.98,0.817,0.85,0.471,0.79,0.791,0.94,0.905,0.97,0.548,0.79,1100,0,155,0.9,0.94,145,50,0.8827
London,0.483,0.94,0.44,0.97,0.211,0.91,0.817,0.95,0.471,0.98,0.791,0.76,0.905,0.98,0.548,0.55,1100,0,210,0.89,0.64,190,75,0.8388
London,0.647,0.94,0.431,0.97,0.218,0.91,0.76,0.95,0.676,0.98,0.808,0.76,0.047,0.98,0.471,0.55,1300,1,210,0.89,0.64,190,75,0.8844
Switzerland,0.647,0.79,0.431,0.78,0.218,0.82,0.76,0.58,0.676,0.75,0.808,0.99,0.047,0.76,0.471,0.98,1300,1,240,0.88,0.78,220,90,0.8681
Barcelona,0.647,0.96,0.431,0.84,0.218,0.94,0.76,0.96,0.676,0.82,0.808,0.82,0.047,0.88,0.471,0.72,1300,1,150,0.93,0.94,130,58,0.9069
New York,0.647,0.94,0.431,0.82,0.218,0.96,0.76,0.99,0.676,0.97,0.808,0.71,0.047,0.99,0.471,0.63,1300,1,230,0.92,0.76,210,85,0.884
Istanbul,0.4,0.94,0.742,0.98,0.315,0.94,0.994,0.89,0.323,0.84,0.022,0.71,0.671,0.91,0.303,0.58,1100,0,85,0.84,0.88,65,32,0.8604
Singapore,0.4,0.91,0.742,0.72,0.315,0.98,0.994,0.85,0.323,0.79,0.022,0.94,0.671,0.97,0.303,0.79,1100,0,155,0.9,0.94,145,50,0.874
Paris,0.4,0.98,0.742,0.95,0.315,0.97,0.994,0.82,0.323,0.99,0.022,0.65,0.671,0.92,0.303,0.45,1100,0,180,0.95,0.82,160,70,0.8542
Bali,0.7,0.73,0.078,0.76,0.864,0.91,0.683,0.87,0.443,0.51,0.407,0.99,0.206,0.72,0.839,0.98,900,1,90,0.62,0.95,70,35,0.8463
Switzerland,0.7,0.79,0.078,0.78,0.864,0.82,0.683,0.58,0.443,0.75,0.407,0.99,0.206,0.76,0.839,0.98,900,1,240,0.88,0.78,220,90,0.8695
Paris,0.7,0.98,0.078,0.95,0.864,0.97,0.683,0.82,0.443,0.99,0.407,0.65,0.206,0.92,0.839,0.45,900,1,180,0.95,0.82,160,70,0.8685
Singapore,0.7,0.91,0.078,0.72,0.864,0.98,0.683,0.85,0.443,0.79,0.407,0.94,0.206,0.97,0.839,0.79,900,1,155,0.9,0.94,145,50,0.9256
Singapore,0.509,0.91,0.616,0.72,0.673,0.98,0.567,0.85,0.537,0.79,0.16,0.94,0.12,0.97,0.154,0.79,1800,0,155,0.9,0.94,145,50,0.8602
Rome,0.509,0.97,0.616,0.99,0.673,0.96,0.567,0.78,0.537,0.91,0.16,0.62,0.12,0.76,0.154,0.48,1800,0,145,0.91,0.9,125,55,0.8858
Istanbul,0.509,0.94,0.616,0.98,0.673,0.94,0.567,0.89,0.537,0.84,0.16,0.71,0.12,0.91,0.154,0.58,1800,0,85,0.84,0.88,65,32,0.8648
Paris,0.509,0.98,0.616,0.95,0.673,0.97,0.567,0.82,0.537,0.99,0.16,0.65,0.12,0.92,0.154,0.45,1800,0,180,0.95,0.82,160,70,0.8628
London,0.405,0.94,0.292,0.97,0.03,0.91,0.718,0.95,0.591,0.98,0.687,0.76,0.665,0.98,0.972,0.55,900,0,210,0.89,0.64,190,75,0.8069
Switzerland,0.405,0.79,0.292,0.78,0.03,0.82,0.718,0.58,0.591,0.75,0.687,0.99,0.665,0.76,0.972,0.98,900,0,240,0.88,0.78,220,90,0.8331
Bali,0.405,0.73,0.292,0.76,0.03,0.91,0.718,0.87,0.591,0.51,0.687,0.99,0.665,0.72,0.972,0.98,900,0,90,0.62,0.95,70,35,0.8435
Paris,0.405,0.98,0.292,0.95,0.03,0.97,0.718,0.82,0.591,0.99,0.687,0.65,0.665,0.92,0.972,0.45,900,0,180,0.95,0.82,160,70,0.7921
Rome,0.405,0.97,0.292,0.99,0.03,0.96,0.718,0.78,0.591,0.91,0.687,0.62,0.665,0.76,0.972,0.48,900,0,145,0.91,0.9,125,55,0.7576
New York,0.38,0.94,0.18,0.82,0.617,0.96,0.82,0.99,0.439,0.97,0.002,0.71,0.258,0.99,0.607,0.63,1100,1,230,0.92,0.76,210,85,0.9238
Istanbul,0.38,0.94,0.18,0.98,0.617,0.94,0.82,0.89,0.439,0.84,0.002,0.71,0.258,0.91,0.607,0.58,1100,1,85,0.84,0.88,65,32,0.8906
London,0.38,0.94,0.18,0.97,0.617,0.91,0.82,0.95,0.439,0.98,0.002,0.76,0.258,0.98,0.607,0.55,1100,1,210,0.89,0.64,190,75,0.8922
Amsterdam,0.38,0.91,0.18,0.88,0.617,0.79,0.82,0.92,0.439,0.95,0.002,0.78,0.258,0.86,0.607,0.65,1100,1,175,0.96,0.68,155,65,0.8789
Tokyo,0.822,0.9,0.075,0.91,0.725,0.99,0.112,0.96,0.471,0.88,0.86,0.74,0.006,0.99,0.634,0.71,1500,0,165,0.91,0.79,135,60,0.8415
Switzerland,0.822,0.79,0.075,0.78,0.725,0.82,0.112,0.58,0.471,0.75,0.86,0.99,0.006,0.76,0.634,0.98,1500,0,240,0.88,0.78,220,90,0.8587
New York,0.822,0.94,0.075,0.82,0.725,0.96,0.112,0.99,0.471,0.97,0.86,0.71,0.006,0.99,0.634,0.63,1500,0,230,0.92,0.76,210,85,0.8504
Amsterdam,0.052,0.91,0.38,0.88,0.851,0.79,0.882,0.92,0.581,0.95,0.723,0.78,0.142,0.86,0.85,0.65,900,1,175,0.96,0.68,155,65,0.8364
Singapore,0.052,0.91,0.38,0.72,0.851,0.98,0.882,0.85,0.581,0.79,0.723,0.94,0.142,0.97,0.85,0.79,900,1,155,0.9,0.94,145,50,0.8799
Paris,0.052,0.98,0.38,0.95,0.851,0.97,0.882,0.82,0.581,0.99,0.723,0.65,0.142,0.92,0.85,0.45,900,1,180,0.95,0.82,160,70,0.8552
Dubai,0.156,0.96,0.631,0.63,0.043,0.91,0.88,0.92,0.204,0.72,0.513,0.68,0.539,0.99,0.518,0.91,900,1,190,0.58,0.96,175,70,0.8579
Barcelona,0.156,0.96,0.631,0.84,0.043,0.94,0.88,0.96,0.204,0.82,0.513,0.82,0.539,0.88,0.518,0.72,900,1,150,0.93,0.94,130,58,0.8994
New York,0.156,0.94,0.631,0.82,0.043,0.96,0.88,0.99,0.204,0.97,0.513,0.71,0.539,0.99,0.518,0.63,900,1,230,0.92,0.76,210,85,0.8681
Switzerland,0.156,0.79,0.631,0.78,0.043,0.82,0.88,0.58,0.204,0.75,0.513,0.99,0.539,0.76,0.518,0.98,900,1,240,0.88,0.78,220,90,0.8562
Switzerland,0.296,0.79,0.299,0.78,0.527,0.82,0.752,0.58,0.03,0.75,0.851,0.99,0.458,0.76,0.516,0.98,1800,0,240,0.88,0.78,220,90,0.7945
London,0.296,0.94,0.299,0.97,0.527,0.91,0.752,0.95,0.03,0.98,0.851,0.76,0.458,0.98,0.516,0.55,1800,0,210,0.89,0.64,190,75,0.8461
Rome,0.296,0.97,0.299,0.99,0.527,0.96,0.752,0.78,0.03,0.91,0.851,0.62,0.458,0.76,0.516,0.48,1800,0,145,0.91,0.9,125,55,0.804
Bali,0.296,0.73,0.299,0.76,0.527,0.91,0.752,0.87,0.03,0.51,0.851,0.99,0.458,0.72,0.516,0.98,1800,0,90,0.62,0.95,70,35,0.8822
Dubai,0.296,0.96,0.299,0.63,0.527,0.91,0.752,0.92,0.03,0.72,0.851,0.68,0.458,0.99,0.516,0.91,1800,0,190,0.58,0.96,175,70,0.8748
Istanbul,0.296,0.94,0.299,0.98,0.527,0.94,0.752,0.89,0.03,0.84,0.851,0.71,0.458,0.91,0.516,0.58,1800,0,85,0.84,0.88,65,32,0.828
Switzerland,0.11,0.79,0.8,0.78,0.406,0.82,0.132,0.58,0.557,0.75,0.53,0.99,0.841,0.76,0.24,0.98,900,1,240,0.88,0.78,220,90,0.8381
Barcelona,0.11,0.96,0.8,0.84,0.406,0.94,0.132,0.96,0.557,0.82,0.53,0.82,0.841,0.88,0.24,0.72,900,1,150,0.93,0.94,130,58,0.9198
Dubai,0.11,0.96,0.8,0.63,0.406,0.91,0.132,0.92,0.557,0.72,0.53,0.68,0.841,0.99,0.24,0.91,900,1,190,0.58,0.96,175,70,0.8256
Barcelona,0.269,0.96,0.326,0.84,0.595,0.94,0.63,0.96,0.184,0.82,0.253,0.82,0.998,0.88,0.68,0.72,2600,0,150,0.93,0.94,130,58,0.8814
Paris,0.269,0.98,0.326,0.95,0.595,0.97,0.63,0.82,0.184,0.99,0.253,0.65,0.998,0.92,0.68,0.45,2600,0,180,0.95,0.82,160,70,0.8472
London,0.269,0.94,0.326,0.97,0.595,0.91,0.63,0.95,0.184,0.98,0.253,0.76,0.998,0.98,0.68,0.55,2600,0,210,0.89,0.64,190,75,0.8197
Barcelona,0.162,0.96,0.877,0.84,0.215,0.94,0.597,0.96,0.586,0.82,0.939,0.82,0.156,0.88,0.223,0.72,1800,0,150,0.93,0.94,130,58,0.8613
New York,0.162,0.94,0.877,0.82,0.215,0.96,0.597,0.99,0.586,0.97,0.939,0.71,0.156,0.99,0.223,0.63,1800,0,230,0.92,0.76,210,85,0.8324
London,0.162,0.94,0.877,0.97,0.215,0.91,0.597,0.95,0.586,0.98,0.939,0.76,0.156,0.98,0.223,0.55,1800,0,210,0.89,0.64,190,75,0.8618
Tokyo,0.704,0.9,0.25,0.91,0.377,0.99,0.761,0.96,0.001,0.88,0.918,0.74,0.294,0.99,0.375,0.71,1100,1,165,0.91,0.79,135,60,0.9021
Istanbul,0.704,0.94,0.25,0.98,0.377,0.94,0.761,0.89,0.001,0.84,0.918,0.71,0.294,0.91,0.375,0.58,1100,1,85,0.84,0.88,65,32,0.8698
Amsterdam,0.704,0.91,0.25,0.88,0.377,0.79,0.761,0.92,0.001,0.95,0.918,0.78,0.294,0.86,0.375,0.65,1100,1,175,0.96,0.68,155,65,0.865
Tokyo,0.079,0.9,0.533,0.91,0.44,0.99,0.367,0.96,0.942,0.88,0.68,0.74,0.971,0.99,0.874,0.71,1500,0,165,0.91,0.79,135,60,0.8768
Bali,0.079,0.73,0.533,0.76,0.44,0.91,0.367,0.87,0.942,0.51,0.68,0.99,0.971,0.72,0.874,0.98,1500,0,90,0.62,0.95,70,35,0.8103
Singapore,0.079,0.91,0.533,0.72,0.44,0.98,0.367,0.85,0.942,0.79,0.68,0.94,0.971,0.97,0.874,0.79,1500,0,155,0.9,0.94,145,50,0.855
Rome,0.939,0.97,0.4,0.99,0.152,0.96,0.198,0.78,0.127,0.91,0.428,0.62,0.381,0.76,0.807,0.48,2200,1,145,0.91,0.9,125,55,0.8672
Barcelona,0.939,0.96,0.4,0.84,0.152,0.94,0.198,0.96,0.127,0.82,0.428,0.82,0.381,0.88,0.807,0.72,2200,1,150,0.93,0.94,130,58,0.883
Tokyo,0.939,0.9,0.4,0.91,0.152,0.99,0.198,0.96,0.127,0.88,0.428,0.74,0.381,0.99,0.807,0.71,2200,1,165,0.91,0.79,135,60,0.8595
London,0.939,0.94,0.4,0.97,0.152,0.91,0.198,0.95,0.127,0.98,0.428,0.76,0.381,0.98,0.807,0.55,2200,1,210,0.89,0.64,190,75,0.8415
Singapore,0.939,0.91,0.4,0.72,0.152,0.98,0.198,0.85,0.127,0.79,0.428,0.94,0.381,0.97,0.807,0.79,2200,1,155,0.9,0.94,145,50,0.9084
Dubai,0.939,0.96,0.4,0.63,0.152,0.91,0.198,0.92,0.127,0.72,0.428,0.68,0.381,0.99,0.807,0.91,2200,1,190,0.58,0.96,175,70,0.8672
Bali,0.939,0.73,0.4,0.76,0.152,0.91,0.198,0.87,0.127,0.51,0.428,0.99,0.381,0.72,0.807,0.98,2200,1,90,0.62,0.95,70,35,0.8392
Dubai,0.411,0.96,0.62,0.63,0.011,0.91,0.417,0.92,0.073,0.72,0.454,0.68,0.931,0.99,0.583,0.91,1100,0,190,0.58,0.96,175,70,0.8447
Bali,0.411,0.73,0.62,0.76,0.011,0.91,0.417,0.87,0.073,0.51,0.454,0.99,0.931,0.72,0.583,0.98,1100,0,90,0.62,0.95,70,35,0.85
Switzerland,0.411,0.79,0.62,0.78,0.011,0.82,0.417,0.58,0.073,0.75,0.454,0.99,0.931,0.76,0.583,0.98,1100,0,240,0.88,0.78,220,90,0.827
Barcelona,0.411,0.96,0.62,0.84,0.011,0.94,0.417,0.96,0.073,0.82,0.454,0.82,0.931,0.88,0.583,0.72,1100,0,150,0.93,0.94,130,58,0.8761
Amsterdam,0.411,0.91,0.62,0.88,0.011,0.79,0.417,0.92,0.073,0.95,0.454,0.78,0.931,0.86,0.583,0.65,1100,0,175,0.96,0.68,155,65,0.8127
London,0.515,0.94,0.71,0.97,0.451,0.91,0.187,0.95,0.916,0.98,0.434,0.76,0.301,0.98,0.247,0.55,1100,0,210,0.89,0.64,190,75,0.8609
Bali,0.515,0.73,0.71,0.76,0.451,0.91,0.187,0.87,0.916,0.51,0.434,0.99,0.301,0.72,0.247,0.98,1100,0,90,0.62,0.95,70,35,0.7832
Amsterdam,0.515,0.91,0.71,0.88,0.451,0.79,0.187,0.92,0.916,0.95,0.434,0.78,0.301,0.86,0.247,0.65,1100,0,175,0.96,0.68,155,65,0.8497
Rome,0.515,0.97,0.71,0.99,0.451,0.96,0.187,0.78,0.916,0.91,0.434,0.62,0.301,0.76,0.247,0.48,1100,0,145,0.91,0.9,125,55,0.8347
Tokyo,0.515,0.9,0.71,0.91,0.451,0.99,0.187,0.96,0.916,0.88,0.434,0.74,0.301,0.99,0.247,0.71,1100,0,165,0.91,0.79,135,60,0.8858
New York,0.515,0.94,0.71,0.82,0.451,0.96,0.187,0.99,0.916,0.97,0.434,0.71,0.301,0.99,0.247,0.63,1100,0,230,0.92,0.76,210,85,0.8531
Istanbul,0.515,0.94,0.71,0.98,0.451,0.94,0.187,0.89,0.916,0.84,0.434,0.71,0.301,0.91,0.247,0.58,1100,0,85,0.84,0.88,65,32,0.8353
Paris,0.897,0.98,0.29,0.95,0.05,0.97,0.979,0.82,0.698,0.99,0.93,0.65,0.147,0.92,0.617,0.45,900,1,180,0.95,0.82,160,70,0.8465
London,0.897,0.94,0.29,0.97,0.05,0.91,0.979,0.95,0.698,0.98,0.93,0.76,0.147,0.98,0.617,0.55,900,1,210,0.89,0.64,190,75,0.8514
Bali,0.897,0.73,0.29,0.76,0.05,0.91,0.979,0.87,0.698,0.51,0.93,0.99,0.147,0.72,0.617,0.98,900,1,90,0.62,0.95,70,35,0.8317
Rome,0.897,0.97,0.29,0.99,0.05,0.96,0.979,0.78,0.698,0.91,0.93,0.62,0.147,0.76,0.617,0.48,900,1,145,0.91,0.9,125,55,0.8638
Istanbul,0.496,0.94,0.152,0.98,0.636,0.94,0.544,0.89,0.132,0.84,0.591,0.71,0.54,0.91,0.644,0.58,2200,1,85,0.84,0.88,65,32,0.8892
Switzerland,0.496,0.79,0.152,0.78,0.636,0.82,0.544,0.58,0.132,0.75,0.591,0.99,0.54,0.76,0.644,0.98,2200,1,240,0.88,0.78,220,90,0.8511
Barcelona,0.496,0.96,0.152,0.84,0.636,0.94,0.544,0.96,0.132,0.82,0.591,0.82,0.54,0.88,0.644,0.72,2200,1,150,0.93,0.94,130,58,0.9335
London,0.496,0.94,0.152,0.97,0.636,0.91,0.544,0.95,0.132,0.98,0.591,0.76,0.54,0.98,0.644,0.55,2200,1,210,0.89,0.64,190,75,0.8699
Bali,0.056,0.73,0.183,0.76,0.337,0.91,0.232,0.87,0.57,0.51,0.484,0.99,0.427,0.72,0.609,0.98,900,1,90,0.62,0.95,70,35,0.8413
Dubai,0.056,0.96,0.183,0.63,0.337,0.91,0.232,0.92,0.57,0.72,0.484,0.68,0.427,0.99,0.609,0.91,900,1,190,0.58,0.96,175,70,0.8336
Barcelona,0.056,0.96,0.183,0.84,0.337,0.94,0.232,0.96,0.57,0.82,0.484,0.82,0.427,0.88,0.609,0.72,900,1,150,0.93,0.94,130,58,0.8644
New York,0.056,0.94,0.183,0.82,0.337,0.96,0.232,0.99,0.57,0.97,0.484,0.71,0.427,0.99,0.609,0.63,900,1,230,0.92,0.76,210,85,0.8758
Paris,0.056,0.98,0.183,0.95,0.337,0.97,0.232,0.82,0.57,0.99,0.484,0.65,0.427,0.92,0.609,0.45,900,1,180,0.95,0.82,160,70,0.8447
Tokyo,0.056,0.9,0.183,0.91,0.337,0.99,0.232,0.96,0.57,0.88,0.484,0.74,0.427,0.99,0.609,0.71,900,1,165,0.91,0.79,135,60,0.8915
Istanbul,0.056,0.94,0.183,0.98,0.337,0.94,0.232,0.89,0.57,0.84,0.484,0.71,0.427,0.91,0.609,0.58,900,1,85,0.84,0.88,65,32,0.8274
Amsterdam,0.616,0.91,0.409,0.88,0.936,0.79,0.431,0.92,0.333,0.95,0.48,0.78,0.758,0.86,0.652,0.65,1500,0,175,0.96,0.68,155,65,0.8256
London,0.616,0.94,0.409,0.97,0.936,0.91,0.431,0.95,0.333,0.98,0.48,0.76,0.758,0.98,0.652,0.55,1500,0,210,0.89,0.64,190,75,0.8288
Singapore,0.616,0.91,0.409,0.72,0.936,0.98,0.431,0.85,0.333,0.79,0.48,0.94,0.758,0.97,0.652,0.79,1500,0,155,0.9,0.94,145,50,0.9007
Switzerland,0.616,0.79,0.409,0.78,0.936,0.82,0.431,0.58,0.333,0.75,0.48,0.99,0.758,0.76,0.652,0.98,1500,0,240,0.88,0.78,220,90,0.8251
Rome,0.616,0.97,0.409,0.99,0.936,0.96,0.431,0.78,0.333,0.91,0.48,0.62,0.758,0.76,0.652,0.48,1500,0,145,0.91,0.9,125,55,0.8236
Dubai,0.619,0.96,0.85,0.63,0.097,0.91,0.052,0.92,0.49,0.72,0.196,0.68,0.17,0.99,0.496,0.91,1800,0,190,0.58,0.96,175,70,0.8484
Rome,0.619,0.97,0.85,0.99,0.097,0.96,0.052,0.78,0.49,0.91,0.196,0.62,0.17,0.76,0.496,0.48,1800,0,145,0.91,0.9,125,55,0.8295
Bali,0.619,0.73,0.85,0.76,0.097,0.91,0.052,0.87,0.49,0.51,0.196,0.99,0.17,0.72,0.496,0.98,1800,0,90,0.62,0.95,70,35,0.7981
Barcelona,0.619,0.96,0.85,0.84,0.097,0.94,0.052,0.96,0.49,0.82,0.196,0.82,0.17,0.88,0.496,0.72,1800,0,150,0.93,0.94,130,58,0.8589
London,0.836,0.94,0.598,0.97,0.071,0.91,0.198,0.95,0.484,0.98,0.21,0.76,0.04,0.98,0.298,0.55,1100,1,210,0.89,0.64,190,75,0.9057
Singapore,0.836,0.91,0.598,0.72,0.071,0.98,0.198,0.85,0.484,0.79,0.21,0.94,0.04,0.97,0.298,0.79,1100,1,155,0.9,0.94,145,50,0.8845
Istanbul,0.836,0.94,0.598,0.98,0.071,0.94,0.198,0.89,0.484,0.84,0.21,0.71,0.04,0.91,0.298,0.58,1100,1,85,0.84,0.88,65,32,0.8703
New York,0.836,0.94,0.598,0.82,0.071,0.96,0.198,0.99,0.484,0.97,0.21,0.71,0.04,0.99,0.298,0.63,1100,1,230,0.92,0.76,210,85,0.904
Paris,0.836,0.98,0.598,0.95,0.071,0.97,0.198,0.82,0.484,0.99,0.21,0.65,0.04,0.92,0.298,0.45,1100,1,180,0.95,0.82,160,70,0.9064
Switzerland,0.866,0.79,0.774,0.78,0.315,0.82,0.066,0.58,0.969,0.75,0.005,0.99,0.837,0.76,0.414,0.98,900,0,240,0.88,0.78,220,90,0.8123
Paris,0.866,0.98,0.774,0.95,0.315,0.97,0.066,0.82,0.969,0.99,0.005,0.65,0.837,0.92,0.414,0.45,900,0,180,0.95,0.82,160,70,0.9009
New York,0.866,0.94,0.774,0.82,0.315,0.96,0.066,0.99,0.969,0.97,0.005,0.71,0.837,0.99,0.414,0.63,900,0,230,0.92,0.76,210,85,0.8533
Tokyo,0.866,0.9,0.774,0.91,0.315,0.99,0.066,0.96,0.969,0.88,0.005,0.74,0.837,0.99,0.414,0.71,900,0,165,0.91,0.79,135,60,0.8732
Rome,0.866,0.97,0.774,0.99,0.315,0.96,0.066,0.78,0.969,0.91,0.005,0.62,0.837,0.76,0.414,0.48,900,0,145,0.91,0.9,125,55,0.8524
Amsterdam,0.866,0.91,0.774,0.88,0.315,0.79,0.066,0.92,0.969,0.95,0.005,0.78,0.837,0.86,0.414,0.65,900,0,175,0.96,0.68,155,65,0.8281
Singapore,0.384,0.91,0.972,0.72,0.037,0.98,0.814,0.85,0.558,0.79,0.354,0.94,0.001,0.97,0.346,0.79,900,0,155,0.9,0.94,145,50,0.8205
London,0.384,0.94,0.972,0.97,0.037,0.91,0.814,0.95,0.558,0.98,0.354,0.76,0.001,0.98,0.346,0.55,900,0,210,0.89,0.64,190,75,0.8621
Switzerland,0.384,0.79,0.972,0.78,0.037,0.82,0.814,0.58,0.558,0.75,0.354,0.99,0.001,0.76,0.346,0.98,900,0,240,0.88,0.78,220,90,0.8118
Dubai,0.384,0.96,0.972,0.63,0.037,0.91,0.814,0.92,0.558,0.72,0.354,0.68,0.001,0.99,0.346,0.91,900,0,190,0.58,0.96,175,70,0.7945
Tokyo,0.384,0.9,0.972,0.91,0.037,0.99,0.814,0.96,0.558,0.88,0.354,0.74,0.001,0.99,0.346,0.71,900,0,165,0.91,0.79,135,60,0.8562
Amsterdam,0.473,0.91,0.051,0.88,0.011,0.79,0.246,0.92,0.829,0.95,0.013,0.78,0.311,0.86,0.893,0.65,900,1,175,0.96,0.68,155,65,0.8465
Bali,0.473,0.73,0.051,0.76,0.011,0.91,0.246,0.87,0.829,0.51,0.013,0.99,0.311,0.72,0.893,0.98,900,1,90,0.62,0.95,70,35,0.7909
New York,0.473,0.94,0.051,0.82,0.011,0.96,0.246,0.99,0.829,0.97,0.013,0.71,0.311,0.99,0.893,0.63,900,1,230,0.92,0.76,210,85,0.8845
Switzerland,0.681,0.79,0.589,0.78,0.394,0.82,0.16,0.58,0.94,0.75,0.731,0.99,0.239,0.76,0.372,0.98,2200,1,240,0.88,0.78,220,90,0.8631
Singapore,0.681,0.91,0.589,0.72,0.394,0.98,0.16,0.85,0.94,0.79,0.731,0.94,0.239,0.97,0.372,0.79,2200,1,155,0.9,0.94,145,50,0.8811
New York,0.681,0.94,0.589,0.82,0.394,0.96,0.16,0.99,0.94,0.97,0.731,0.71,0.239,0.99,0.372,0.63,2200,1,230,0.92,0.76,210,85,0.8795
Barcelona,0.608,0.96,0.338,0.84,0.971,0.94,0.382,0.96,0.692,0.82,0.709,0.82,0.207,0.88,0.204,0.72,1300,1,150,0.93,0.94,130,58,0.9042
Amsterdam,0.608,0.91,0.338,0.88,0.971,0.79,0.382,0.92,0.692,0.95,0.709,0.78,0.207,0.86,0.204,0.65,1300,1,175,0.96,0.68,155,65,0.8494
Paris,0.608,0.98,0.338,0.95,0.971,0.97,0.382,0.82,0.692,0.99,0.709,0.65,0.207,0.92,0.204,0.45,1300,1,180,0.95,0.82,160,70,0.9228
Switzerland,0.608,0.79,0.338,0.78,0.971,0.82,0.382,0.58,0.692,0.75,0.709,0.99,0.207,0.76,0.204,0.98,1300,1,240,0.88,0.78,220,90,0.8735
Singapore,0.608,0.91,0.338,0.72,0.971,0.98,0.382,0.85,0.692,0.79,0.709,0.94,0.207,0.97,0.204,0.79,1300,1,155,0.9,0.94,145,50,0.9295
Istanbul,0.608,0.94,0.338,0.98,0.971,0.94,0.382,0.89,0.692,0.84,0.709,0.71,0.207,0.91,0.204,0.58,1300,1,85,0.84,0.88,65,32,0.9067
Istanbul,0.487,0.94,0.506,0.98,0.965,0.94,0.558,0.89,0.992,0.84,0.043,0.71,0.168,0.91,0.979,0.58,900,0,85,0.84,0.88,65,32,0.8505
Switzerland,0.487,0.79,0.506,0.78,0.965,0.82,0.558,0.58,0.992,0.75,0.043,0.99,0.168,0.76,0.979,0.98,900,0,240,0.88,0.78,220,90,0.8298
London,0.487,0.94,0.506,0.97,0.965,0.91,0.558,0.95,0.992,0.98,0.043,0.76,0.168,0.98,0.979,0.55,900,0,210,0.89,0.64,190,75,0.8487
Amsterdam,0.487,0.91,0.506,0.88,0.965,0.79,0.558,0.92,0.992,0.95,0.043,0.78,0.168,0.86,0.979,0.65,900,0,175,0.96,0.68,155,65,0.8127
Rome,0.487,0.97,0.506,0.99,0.965,0.96,0.558,0.78,0.992,0.91,0.043,0.62,0.168,0.76,0.979,0.48,900,0,145,0.91,0.9,125,55,0.813
Paris,0.487,0.98,0.506,0.95,0.965,0.97,0.558,0.82,0.992,0.99,0.043,0.65,0.168,0.92,0.979,0.45,900,0,180,0.95,0.82,160,70,0.8392
Singapore,0.487,0.91,0.506,0.72,0.965,0.98,0.558,0.85,0.992,0.79,0.043,0.94,0.168,0.97,0.979,0.79,900,0,155,0.9,0.94,145,50,0.856
Paris,0.561,0.98,0.343,0.95,0.8,0.97,0.241,0.82,0.658,0.99,0.111,0.65,0.656,0.92,0.032,0.45,2600,0,180,0.95,0.82,160,70,0.9036
Tokyo,0.561,0.9,0.343,0.91,0.8,0.99,0.241,0.96,0.658,0.88,0.111,0.74,0.656,0.99,0.032,0.71,2600,0,165,0.91,0.79,135,60,0.8875
Amsterdam,0.561,0.91,0.343,0.88,0.8,0.79,0.241,0.92,0.658,0.95,0.111,0.78,0.656,0.86,0.032,0.65,2600,0,175,0.96,0.68,155,65,0.8631
Singapore,0.561,0.91,0.343,0.72,0.8,0.98,0.241,0.85,0.658,0.79,0.111,0.94,0.656,0.97,0.032,0.79,2600,0,155,0.9,0.94,145,50,0.8719
Rome,0.279,0.97,0.48,0.99,0.698,0.96,0.79,0.78,0.864,0.91,0.679,0.62,0.679,0.76,0.138,0.48,1300,0,145,0.91,0.9,125,55,0.8249
London,0.279,0.94,0.48,0.97,0.698,0.91,0.79,0.95,0.864,0.98,0.679,0.76,0.679,0.98,0.138,0.55,1300,0,210,0.89,0.64,190,75,0.8519
Dubai,0.279,0.96,0.48,0.63,0.698,0.91,0.79,0.92,0.864,0.72,0.679,0.68,0.679,0.99,0.138,0.91,1300,0,190,0.58,0.96,175,70,0.8615
Istanbul,0.279,0.94,0.48,0.98,0.698,0.94,0.79,0.89,0.864,0.84,0.679,0.71,0.679,0.91,0.138,0.58,1300,0,85,0.84,0.88,65,32,0.8579
Tokyo,0.279,0.9,0.48,0.91,0.698,0.99,0.79,0.96,0.864,0.88,0.679,0.74,0.679,0.99,0.138,0.71,1300,0,165,0.91,0.79,135,60,0.8665
Singapore,0.279,0.91,0.48,0.72,0.698,0.98,0.79,0.85,0.864,0.79,0.679,0.94,0.679,0.97,0.138,0.79,1300,0,155,0.9,0.94,145,50,0.866
London,0.873,0.94,0.18,0.97,0.327,0.91,0.759,0.95,0.376,0.98,0.003,0.76,0.232,0.98,0.014,0.55,2200,0,210,0.89,0.64,190,75,0.903
Paris,0.873,0.98,0.18,0.95,0.327,0.97,0.759,0.82,0.376,0.99,0.003,0.65,0.232,0.92,0.014,0.45,2200,0,180,0.95,0.82,160,70,0.863
Barcelona,0.873,0.96,0.18,0.84,0.327,0.94,0.759,0.96,0.376,0.82,0.003,0.82,0.232,0.88,0.014,0.72,2200,0,150,0.93,0.94,130,58,0.918
Tokyo,0.873,0.9,0.18,0.91,0.327,0.99,0.759,0.96,0.376,0.88,0.003,0.74,0.232,0.99,0.014,0.71,2200,0,165,0.91,0.79,135,60,0.8887
Singapore,0.873,0.91,0.18,0.72,0.327,0.98,0.759,0.85,0.376,0.79,0.003,0.94,0.232,0.97,0.014,0.79,2200,0,155,0.9,0.94,145,50,0.848
Dubai,0.873,0.96,0.18,0.63,0.327,0.91,0.759,0.92,0.376,0.72,0.003,0.68,0.232,0.99,0.014,0.91,2200,0,190,0.58,0.96,175,70,0.902
Istanbul,0.873,0.94,0.18,0.98,0.327,0.94,0.759,0.89,0.376,0.84,0.003,0.71,0.232,0.91,0.014,0.58,2200,0,85,0.84,0.88,65,32,0.862
Bali,0.237,0.73,0.396,0.76,0.239,0.91,0.829,0.87,0.371,0.51,0.129,0.99,0.531,0.72,0.641,0.98,2200,1,90,0.62,0.95,70,35,0.8255
New York,0.237,0.94,0.396,0.82,0.239,0.96,0.829,0.99,0.371,0.97,0.129,0.71,0.531,0.99,0.641,0.63,2200,1,230,0.92,0.76,210,85,0.9158
Istanbul,0.237,0.94,0.396,0.98,0.239,0.94,0.829,0.89,0.371,0.84,0.129,0.71,0.531,0.91,0.641,0.58,2200,1,85,0.84,0.88,65,32,0.88
Singapore,0.592,0.91,0.988,0.72,0.059,0.98,0.741,0.85,0.639,0.79,0.143,0.94,0.135,0.97,0.608,0.79,1800,0,155,0.9,0.94,145,50,0.8437
Tokyo,0.592,0.9,0.988,0.91,0.059,0.99,0.741,0.96,0.639,0.88,0.143,0.74,0.135,0.99,0.608,0.71,1800,0,165,0.91,0.79,135,60,0.8501
Bali,0.592,0.73,0.988,0.76,0.059,0.91,0.741,0.87,0.639,0.51,0.143,0.99,0.135,0.72,0.608,0.98,1800,0,90,0.62,0.95,70,35,0.8303
Istanbul,0.592,0.94,0.988,0.98,0.059,0.94,0.741,0.89,0.639,0.84,0.143,0.71,0.135,0.91,0.608,0.58,1800,0,85,0.84,0.88,65,32,0.857
London,0.824,0.94,0.969,0.97,0.042,0.91,0.623,0.95,0.533,0.98,0.043,0.76,0.863,0.98,0.463,0.55,2600,1,210,0.89,0.64,190,75,0.8944
Istanbul,0.824,0.94,0.969,0.98,0.042,0.94,0.623,0.89,0.533,0.84,0.043,0.71,0.863,0.91,0.463,0.58,2600,1,85,0.84,0.88,65,32,0.9142
Bali,0.824,0.73,0.969,0.76,0.042,0.91,0.623,0.87,0.533,0.51,0.043,0.99,0.863,0.72,0.463,0.98,2600,1,90,0.62,0.95,70,35,0.8353
Barcelona,0.824,0.96,0.969,0.84,0.042,0.94,0.623,0.96,0.533,0.82,0.043,0.82,0.863,0.88,0.463,0.72,2600,1,150,0.93,0.94,130,58,0.9001
Paris,0.824,0.98,0.969,0.95,0.042,0.97,0.623,0.82,0.533,0.99,0.043,0.65,0.863,0.92,0.463,0.45,2600,1,180,0.95,0.82,160,70,0.8944
London,0.329,0.94,0.514,0.97,0.124,0.91,0.016,0.95,0.561,0.98,0.718,0.76,0.595,0.98,0.348,0.55,1800,0,210,0.89,0.64,190,75,0.8576
Tokyo,0.329,0.9,0.514,0.91,0.124,0.99,0.016,0.96,0.561,0.88,0.718,0.74,0.595,0.99,0.348,0.71,1800,0,165,0.91,0.79,135,60,0.8511
Dubai,0.329,0.96,0.514,0.63,0.124,0.91,0.016,0.92,0.561,0.72,0.718,0.68,0.595,0.99,0.348,0.91,1800,0,190,0.58,0.96,175,70,0.8355
Bali,0.329,0.73,0.514,0.76,0.124,0.91,0.016,0.87,0.561,0.51,0.718,0.99,0.595,0.72,0.348,0.98,1800,0,90,0.62,0.95,70,35,0.8
Barcelona,0.329,0.96,0.514,0.84,0.124,0.94,0.016,0.96,0.561,0.82,0.718,0.82,0.595,0.88,0.348,0.72,1800,0,150,0.93,0.94,130,58,0.8496
Singapore,0.495,0.91,0.315,0.72,0.407,0.98,0.012,0.85,0.97,0.79,0.408,0.94,0.811,0.97,0.84,0.79,1500,1,155,0.9,0.94,145,50,0.9009
Paris,0.495,0.98,0.315,0.95,0.407,0.97,0.012,0.82,0.97,0.99,0.408,0.65,0.811,0.92,0.84,0.45,1500,1,180,0.95,0.82,160,70,0.8826
London,0.495,0.94,0.315,0.97,0.407,0.91,0.012,0.95,0.97,0.98,0.408,0.76,0.811,0.98,0.84,0.55,1500,1,210,0.89,0.64,190,75,0.883
Singapore,0.902,0.91,0.406,0.72,0.131,0.98,0.353,0.85,0.994,0.79,0.366,0.94,0.365,0.97,0.071,0.79,1300,0,155,0.9,0.94,145,50,0.8554
Amsterdam,0.902,0.91,0.406,0.88,0.131,0.79,0.353,0.92,0.994,0.95,0.366,0.78,0.365,0.86,0.071,0.65,1300,0,175,0.96,0.68,155,65,0.8679
Rome,0.902,0.97,0.406,0.99,0.131,0.96,0.353,0.78,0.994,0.91,0.366,0.62,0.365,0.76,0.071,0.48,1300,0,145,0.91,0.9,125,55,0.8527
London,0.054,0.94,0.527,0.97,0.572,0.91,0.373,0.95,0.179,0.98,0.302,0.76,0.209,0.98,0.591,0.55,1500,1,210,0.89,0.64,190,75,0.8689
Paris,0.054,0.98,0.527,0.95,0.572,0.97,0.373,0.82,0.179,0.99,0.302,0.65,0.209,0.92,0.591,0.45,1500,1,180,0.95,0.82,160,70,0.8481
Dubai,0.054,0.96,0.527,0.63,0.572,0.91,0.373,0.92,0.179,0.72,0.302,0.68,0.209,0.99,0.591,0.91,1500,1,190,0.58,0.96,175,70,0.8732
Istanbul,0.054,0.94,0.527,0.98,0.572,0.94,0.373,0.89,0.179,0.84,0.302,0.71,0.209,0.91,0.591,0.58,1500,1,85,0.84,0.88,65,32,0.8919
Tokyo,0.054,0.9,0.527,0.91,0.572,0.99,0.373,0.96,0.179,0.88,0.302,0.74,0.209,0.99,0.591,0.71,1500,1,165,0.91,0.79,135,60,0.9
Rome,0.054,0.97,0.527,0.99,0.572,0.96,0.373,0.78,0.179,0.91,0.302,0.62,0.209,0.76,0.591,0.48,1500,1,145,0.91,0.9,125,55,0.8437
Switzerland,0.054,0.79,0.527,0.78,0.572,0.82,0.373,0.58,0.179,0.75,0.302,0.99,0.209,0.76,0.591,0.98,1500,1,240,0.88,0.78,220,90,0.8579
Amsterdam,0.573,0.91,0.735,0.88,0.758,0.79,0.932,0.92,0.637,0.95,0.532,0.78,0.435,0.86,0.744,0.65,1500,1,175,0.96,0.68,155,65,0.854
Dubai,0.573,0.96,0.735,0.63,0.758,0.91,0.932,0.92,0.637,0.72,0.532,0.68,0.435,0.99,0.744,0.91,1500,1,190,0.58,0.96,175,70,0.8489
Tokyo,0.573,0.9,0.735,0.91,0.758,0.99,0.932,0.96,0.637,0.88,0.532,0.74,0.435,0.99,0.744,0.71,1500,1,165,0.91,0.79,135,60,0.9077
Switzerland,0.573,0.79,0.735,0.78,0.758,0.82,0.932,0.58,0.637,0.75,0.532,0.99,0.435,0.76,0.744,0.98,1500,1,240,0.88,0.78,220,90,0.8314
Rome,0.573,0.97,0.735,0.99,0.758,0.96,0.932,0.78,0.637,0.91,0.532,0.62,0.435,0.76,0.744,0.48,1500,1,145,0.91,0.9,125,55,0.8761
London,0.573,0.94,0.735,0.97,0.758,0.91,0.932,0.95,0.637,0.98,0.532,0.76,0.435,0.98,0.744,0.55,1500,1,210,0.89,0.64,190,75,0.8775
Singapore,0.573,0.91,0.735,0.72,0.758,0.98,0.932,0.85,0.637,0.79,0.532,0.94,0.435,0.97,0.744,0.79,1500,1,155,0.9,0.94,145,50,0.9025
Paris,0.007,0.98,0.687,0.95,0.049,0.97,0.186,0.82,0.243,0.99,0.746,0.65,0.478,0.92,0.474,0.45,900,1,180,0.95,0.82,160,70,0.8281
Switzerland,0.007,0.79,0.687,0.78,0.049,0.82,0.186,0.58,0.243,0.75,0.746,0.99,0.478,0.76,0.474,0.98,900,1,240,0.88,0.78,220,90,0.8809
Rome,0.007,0.97,0.687,0.99,0.049,0.96,0.186,0.78,0.243,0.91,0.746,0.62,0.478,0.76,0.474,0.48,900,1,145,0.91,0.9,125,55,0.8278
Barcelona,0.007,0.96,0.687,0.84,0.049,0.94,0.186,0.96,0.243,0.82,0.746,0.82,0.478,0.88,0.474,0.72,900,1,150,0.93,0.94,130,58,0.8719
Paris,0.19,0.98,0.817,0.95,0.69,0.97,0.604,0.82,0.479,0.99,0.786,0.65,0.133,0.92,0.566,0.45,2200,1,180,0.95,0.82,160,70,0.8549
Barcelona,0.19,0.96,0.817,0.84,0.69,0.94,0.604,0.96,0.479,0.82,0.786,0.82,0.133,0.88,0.566,0.72,2200,1,150,0.93,0.94,130,58,0.8849
New York,0.19,0.94,0.817,0.82,0.69,0.96,0.604,0.99,0.479,0.97,0.786,0.71,0.133,0.99,0.566,0.63,2200,1,230,0.92,0.76,210,85,0.872
Switzerland,0.19,0.79,0.817,0.78,0.69,0.82,0.604,0.58,0.479,0.75,0.786,0.99,0.133,0.76,0.566,0.98,2200,1,240,0.88,0.78,220,90,0.8731
Tokyo,0.19,0.9,0.817,0.91,0.69,0.99,0.604,0.96,0.479,0.88,0.786,0.74,0.133,0.99,0.566,0.71,2200,1,165,0.91,0.79,135,60,0.9157
Paris,0.376,0.98,0.859,0.95,0.653,0.97,0.258,0.82,0.439,0.99,0.918,0.65,0.622,0.92,0.709,0.45,1300,1,180,0.95,0.82,160,70,0.8436
Barcelona,0.376,0.96,0.859,0.84,0.653,0.94,0.258,0.96,0.439,0.82,0.918,0.82,0.622,0.88,0.709,0.72,1300,1,150,0.93,0.94,130,58,0.8774
Amsterdam,0.376,0.91,0.859,0.88,0.653,0.79,0.258,0.92,0.439,0.95,0.918,0.78,0.622,0.86,0.709,0.65,1300,1,175,0.96,0.68,155,65,0.8675
Switzerland,0.376,0.79,0.859,0.78,0.653,0.82,0.258,0.58,0.439,0.75,0.918,0.99,0.622,0.76,0.709,0.98,1300,1,240,0.88,0.78,220,90,0.8447
Paris,0.423,0.98,0.189,0.95,0.761,0.97,0.175,0.82,0.279,0.99,0.138,0.65,0.962,0.92,0.495,0.45,900,0,180,0.95,0.82,160,70,0.8406
Switzerland,0.423,0.79,0.189,0.78,0.761,0.82,0.175,0.58,0.279,0.75,0.138,0.99,0.962,0.76,0.495,0.98,900,0,240,0.88,0.78,220,90,0.802
Singapore,0.423,0.91,0.189,0.72,0.761,0.98,0.175,0.85,0.279,0.79,0.138,0.94,0.962,0.97,0.495,0.79,900,0,155,0.9,0.94,145,50,0.8779
Tokyo,0.423,0.9,0.189,0.91,0.761,0.99,0.175,0.96,0.279,0.88,0.138,0.74,0.962,0.99,0.495,0.71,900,0,165,0.91,0.79,135,60,0.8969
New York,0.423,0.94,0.189,0.82,0.761,0.96,0.175,0.99,0.279,0.97,0.138,0.71,0.962,0.99,0.495,0.63,900,0,230,0.92,0.76,210,85,0.8455
Dubai,0.423,0.96,0.189,0.63,0.761,0.91,0.175,0.92,0.279,0.72,0.138,0.68,0.962,0.99,0.495,0.91,900,0,190,0.58,0.96,175,70,0.9067
Istanbul,0.423,0.94,0.189,0.98,0.761,0.94,0.175,0.89,0.279,0.84,0.138,0.71,0.962,0.91,0.495,0.58,900,0,85,0.84,0.88,65,32,0.8462
Switzerland,0.568,0.79,0.609,0.78,0.069,0.82,0.551,0.58,0.221,0.75,0.029,0.99,0.717,0.76,0.393,0.98,1500,0,240,0.88,0.78,220,90,0.8134
Barcelona,0.568,0.96,0.609,0.84,0.069,0.94,0.551,0.96,0.221,0.82,0.029,0.82,0.717,0.88,0.393,0.72,1500,0,150,0.93,0.94,130,58,0.8816
Istanbul,0.568,0.94,0.609,0.98,0.069,0.94,0.551,0.89,0.221,0.84,0.029,0.71,0.717,0.91,0.393,0.58,1500,0,85,0.84,0.88,65,32,0.8475
Dubai,0.568,0.96,0.609,0.63,0.069,0.91,0.551,0.92,0.221,0.72,0.029,0.68,0.717,0.99,0.393,0.91,1500,0,190,0.58,0.96,175,70,0.8491
Paris,0.449,0.98,0.467,0.95,0.204,0.97,0.075,0.82,0.887,0.99,0.506,0.65,0.96,0.92,0.955,0.45,2200,1,180,0.95,0.82,160,70,0.852
Singapore,0.449,0.91,0.467,0.72,0.204,0.98,0.075,0.85,0.887,0.79,0.506,0.94,0.96,0.97,0.955,0.79,2200,1,155,0.9,0.94,145,50,0.9146
Istanbul,0.449,0.94,0.467,0.98,0.204,0.94,0.075,0.89,0.887,0.84,0.506,0.71,0.96,0.91,0.955,0.58,2200,1,85,0.84,0.88,65,32,0.8528
Amsterdam,0.449,0.91,0.467,0.88,0.204,0.79,0.075,0.92,0.887,0.95,0.506,0.78,0.96,0.86,0.955,0.65,2200,1,175,0.96,0.68,155,65,0.8521
Tokyo,0.449,0.9,0.467,0.91,0.204,0.99,0.075,0.96,0.887,0.88,0.506,0.74,0.96,0.99,0.955,0.71,2200,1,165,0.91,0.79,135,60,0.894
Bali,0.449,0.73,0.467,0.76,0.204,0.91,0.075,0.87,0.887,0.51,0.506,0.99,0.96,0.72,0.955,0.98,2200,1,90,0.62,0.95,70,35,0.84
Switzerland,0.135,0.79,0.288,0.78,0.728,0.82,0.038,0.58,0.473,0.75,0.708,0.99,0.728,0.76,0.132,0.98,2600,1,240,0.88,0.78,220,90,0.8641
Istanbul,0.135,0.94,0.288,0.98,0.728,0.94,0.038,0.89,0.473,0.84,0.708,0.71,0.728,0.91,0.132,0.58,2600,1,85,0.84,0.88,65,32,0.8988
Dubai,0.135,0.96,0.288,0.63,0.728,0.91,0.038,0.92,0.473,0.72,0.708,0.68,0.728,0.99,0.132,0.91,2600,1,190,0.58,0.96,175,70,0.8505
New York,0.428,0.94,0.42,0.82,0.371,0.96,0.926,0.99,0.842,0.97,0.43,0.71,0.16,0.99,0.843,0.63,1300,1,230,0.92,0.76,210,85,0.9072
Switzerland,0.428,0.79,0.42,0.78,0.371,0.82,0.926,0.58,0.842,0.75,0.43,0.99,0.16,0.76,0.843,0.98,1300,1,240,0.88,0.78,220,90,0.8575
Tokyo,0.428,0.9,0.42,0.91,0.371,0.99,0.926,0.96,0.842,0.88,0.43,0.74,0.16,0.99,0.843,0.71,1300,1,165,0.91,0.79,135,60,0.9135
Dubai,0.428,0.96,0.42,0.63,0.371,0.91,0.926,0.92,0.842,0.72,0.43,0.68,0.16,0.99,0.843,0.91,1300,1,190,0.58,0.96,175,70,0.8662
Rome,0.283,0.97,0.448,0.99,0.315,0.96,0.486,0.78,0.586,0.91,0.104,0.62,0.925,0.76,0.981,0.48,2600,1,145,0.91,0.9,125,55,0.8539
London,0.283,0.94,0.448,0.97,0.315,0.91,0.486,0.95,0.586,0.98,0.104,0.76,0.925,0.98,0.981,0.55,2600,1,210,0.89,0.64,190,75,0.8882
Bali,0.283,0.73,0.448,0.76,0.315,0.91,0.486,0.87,0.586,0.51,0.104,0.99,0.925,0.72,0.981,0.98,2600,1,90,0.62,0.95,70,35,0.8503
New York,0.283,0.94,0.448,0.82,0.315,0.96,0.486,0.99,0.586,0.97,0.104,0.71,0.925,0.99,0.981,0.63,2600,1,230,0.92,0.76,210,85,0.8659
Dubai,0.283,0.96,0.448,0.63,0.315,0.91,0.486,0.92,0.586,0.72,0.104,0.68,0.925,0.99,0.981,0.91,2600,1,190,0.58,0.96,175,70,0.8647
Paris,0.283,0.98,0.448,0.95,0.315,0.97,0.486,0.82,0.586,0.99,0.104,0.65,0.925,0.92,0.981,0.45,2600,1,180,0.95,0.82,160,70,0.8736
Switzerland,0.283,0.79,0.448,0.78,0.315,0.82,0.486,0.58,0.586,0.75,0.104,0.99,0.925,0.76,0.981,0.98,2600,1,240,0.88,0.78,220,90,0.8567
Rome,0.143,0.97,0.417,0.99,0.872,0.96,0.297,0.78,0.128,0.91,0.745,0.62,0.975,0.76,0.257,0.48,2200,0,145,0.91,0.9,125,55,0.8346
Barcelona,0.143,0.96,0.417,0.84,0.872,0.94,0.297,0.96,0.128,0.82,0.745,0.82,0.975,0.88,0.257,0.72,2200,0,150,0.93,0.94,130,58,0.8472
New York,0.143,0.94,0.417,0.82,0.872,0.96,0.297,0.99,0.128,0.97,0.745,0.71,0.975,0.99,0.257,0.63,2200,0,230,0.92,0.76,210,85,0.8745
Bali,0.143,0.73,0.417,0.76,0.872,0.91,0.297,0.87,0.128,0.51,0.745,0.99,0.975,0.72,0.257,0.98,2200,0,90,0.62,0.95,70,35,0.8307
Bali,0.616,0.73,0.562,0.76,0.339,0.91,0.251,0.87,0.004,0.51,0.073,0.99,0.685,0.72,0.437,0.98,1100,0,90,0.62,0.95,70,35,0.8202
New York,0.616,0.94,0.562,0.82,0.339,0.96,0.251,0.99,0.004,0.97,0.073,0.71,0.685,0.99,0.437,0.63,1100,0,230,0.92,0.76,210,85,0.8728
London,0.616,0.94,0.562,0.97,0.339,0.91,0.251,0.95,0.004,0.98,0.073,0.76,0.685,0.98,0.437,0.55,1100,0,210,0.89,0.64,190,75,0.8698
Singapore,0.616,0.91,0.562,0.72,0.339,0.98,0.251,0.85,0.004,0.79,0.073,0.94,0.685,0.97,0.437,0.79,1100,0,155,0.9,0.94,145,50,0.8513
New York,0.398,0.94,0.461,0.82,0.504,0.96,0.492,0.99,0.847,0.97,0.774,0.71,0.526,0.99,0.909,0.63,1100,0,230,0.92,0.76,210,85,0.8455
Switzerland,0.398,0.79,0.461,0.78,0.504,0.82,0.492,0.58,0.847,0.75,0.774,0.99,0.526,0.76,0.909,0.98,1100,0,240,0.88,0.78,220,90,0.8482
Istanbul,0.398,0.94,0.461,0.98,0.504,0.94,0.492,0.89,0.847,0.84,0.774,0.71,0.526,0.91,0.909,0.58,1100,0,85,0.84,0.88,65,32,0.8167
Singapore,0.398,0.91,0.461,0.72,0.504,0.98,0.492,0.85,0.847,0.79,0.774,0.94,0.526,0.97,0.909,0.79,1100,0,155,0.9,0.94,145,50,0.8553
Paris,0.398,0.98,0.461,0.95,0.504,0.97,0.492,0.82,0.847,0.99,0.774,0.65,0.526,0.92,0.909,0.45,1100,0,180,0.95,0.82,160,70,0.7927
Barcelona,0.398,0.96,0.461,0.84,0.504,0.94,0.492,0.96,0.847,0.82,0.774,0.82,0.526,0.88,0.909,0.72,1100,0,150,0.93,0.94,130,58,0.8624
Switzerland,0.987,0.79,0.2,0.78,0.723,0.82,0.576,0.58,0.37,0.75,0.306,0.99,0.748,0.76,0.575,0.98,1500,1,240,0.88,0.78,220,90,0.8407
Tokyo,0.987,0.9,0.2,0.91,0.723,0.99,0.576,0.96,0.37,0.88,0.306,0.74,0.748,0.99,0.575,0.71,1500,1,165,0.91,0.79,135,60,0.9076
New York,0.987,0.94,0.2,0.82,0.723,0.96,0.576,0.99,0.37,0.97,0.306,0.71,0.748,0.99,0.575,0.63,1500,1,230,0.92,0.76,210,85,0.8963
Paris,0.775,0.98,0.387,0.95,0.884,0.97,0.542,0.82,0.971,0.99,0.856,0.65,0.858,0.92,0.445,0.45,1300,1,180,0.95,0.82,160,70,0.8987
New York,0.775,0.94,0.387,0.82,0.884,0.96,0.542,0.99,0.971,0.97,0.856,0.71,0.858,0.99,0.445,0.63,1300,1,230,0.92,0.76,210,85,0.8863
Istanbul,0.775,0.94,0.387,0.98,0.884,0.94,0.542,0.89,0.971,0.84,0.856,0.71,0.858,0.91,0.445,0.58,1300,1,85,0.84,0.88,65,32,0.8636
Dubai,0.401,0.96,0.007,0.63,0.419,0.91,0.356,0.92,0.319,0.72,0.45,0.68,0.507,0.99,0.951,0.91,1800,1,190,0.58,0.96,175,70,0.9066
Tokyo,0.401,0.9,0.007,0.91,0.419,0.99,0.356,0.96,0.319,0.88,0.45,0.74,0.507,0.99,0.951,0.71,1800,1,165,0.91,0.79,135,60,0.8665
Switzerland,0.401,0.79,0.007,0.78,0.419,0.82,0.356,0.58,0.319,0.75,0.45,0.99,0.507,0.76,0.951,0.98,1800,1,240,0.88,0.78,220,90,0.8703
Bali,0.401,0.73,0.007,0.76,0.419,0.91,0.356,0.87,0.319,0.51,0.45,0.99,0.507,0.72,0.951,0.98,1800,1,90,0.62,0.95,70,35,0.855
Singapore,0.401,0.91,0.007,0.72,0.419,0.98,0.356,0.85,0.319,0.79,0.45,0.94,0.507,0.97,0.951,0.79,1800,1,155,0.9,0.94,145,50,0.8874
Barcelona,0.401,0.96,0.007,0.84,0.419,0.94,0.356,0.96,0.319,0.82,0.45,0.82,0.507,0.88,0.951,0.72,1800,1,150,0.93,0.94,130,58,0.8895
Paris,0.401,0.98,0.007,0.95,0.419,0.97,0.356,0.82,0.319,0.99,0.45,0.65,0.507,0.92,0.951,0.45,1800,1,180,0.95,0.82,160,70,0.8319
Barcelona,0.521,0.96,0.809,0.84,0.808,0.94,0.856,0.96,0.291,0.82,0.057,0.82,0.071,0.88,0.383,0.72,1500,1,150,0.93,0.94,130,58,0.9401
Istanbul,0.521,0.94,0.809,0.98,0.808,0.94,0.856,0.89,0.291,0.84,0.057,0.71,0.071,0.91,0.383,0.58,1500,1,85,0.84,0.88,65,32,0.8935
London,0.521,0.94,0.809,0.97,0.808,0.91,0.856,0.95,0.291,0.98,0.057,0.76,0.071,0.98,0.383,0.55,1500,1,210,0.89,0.64,190,75,0.9089
Amsterdam,0.589,0.91,0.472,0.88,0.296,0.79,0.144,0.92,0.848,0.95,0.202,0.78,0.529,0.86,0.912,0.65,2200,0,175,0.96,0.68,155,65,0.8412
Tokyo,0.589,0.9,0.472,0.91,0.296,0.99,0.144,0.96,0.848,0.88,0.202,0.74,0.529,0.99,0.912,0.71,2200,0,165,0.91,0.79,135,60,0.8441
Singapore,0.589,0.91,0.472,0.72,0.296,0.98,0.144,0.85,0.848,0.79,0.202,0.94,0.529,0.97,0.912,0.79,2200,0,155,0.9,0.94,145,50,0.8296
Paris,0.589,0.98,0.472,0.95,0.296,0.97,0.144,0.82,0.848,0.99,0.202,0.65,0.529,0.92,0.912,0.45,2200,0,180,0.95,0.82,160,70,0.8339
Rome,0.589,0.97,0.472,0.99,0.296,0.96,0.144,0.78,0.848,0.91,0.202,0.62,0.529,0.76,0.912,0.48,2200,0,145,0.91,0.9,125,55,0.8322
Istanbul,0.589,0.94,0.472,0.98,0.296,0.94,0.144,0.89,0.848,0.84,0.202,0.71,0.529,0.91,0.912,0.58,2200,0,85,0.84,0.88,65,32,0.8207
New York,0.589,0.94,0.472,0.82,0.296,0.96,0.144,0.99,0.848,0.97,0.202,0.71,0.529,0.99,0.912,0.63,2200,0,230,0.92,0.76,210,85,0.8626
Amsterdam,0.513,0.91,0.411,0.88,0.173,0.79,0.797,0.92,0.333,0.95,0.049,0.78,0.611,0.86,0.535,0.65,700,1,175,0.96,0.68,155,65,0.8527
London,0.513,0.94,0.411,0.97,0.173,0.91,0.797,0.95,0.333,0.98,0.049,0.76,0.611,0.98,0.535,0.55,700,1,210,0.89,0.64,190,75,0.9016
Bali,0.513,0.73,0.411,0.76,0.173,0.91,0.797,0.87,0.333,0.51,0.049,0.99,0.611,0.72,0.535,0.98,700,1,90,0.62,0.95,70,35,0.8409
London,0.824,0.94,0.476,0.97,0.485,0.91,0.845,0.95,0.821,0.98,0.576,0.76,0.487,0.98,0.841,0.55,1800,0,210,0.89,0.64,190,75,0.8377
Rome,0.824,0.97,0.476,0.99,0.485,0.96,0.845,0.78,0.821,0.91,0.576,0.62,0.487,0.76,0.841,0.48,1800,0,145,0.91,0.9,125,55,0.8087
Amsterdam,0.824,0.91,0.476,0.88,0.485,0.79,0.845,0.92,0.821,0.95,0.576,0.78,0.487,0.86,0.841,0.65,1800,0,175,0.96,0.68,155,65,0.8456
Tokyo,0.824,0.9,0.476,0.91,0.485,0.99,0.845,0.96,0.821,0.88,0.576,0.74,0.487,0.99,0.841,0.71,1800,0,165,0.91,0.79,135,60,0.8531
Dubai,0.824,0.96,0.476,0.63,0.485,0.91,0.845,0.92,0.821,0.72,0.576,0.68,0.487,0.99,0.841,0.91,1800,0,190,0.58,0.96,175,70,0.8474
Istanbul,0.824,0.94,0.476,0.98,0.485,0.94,0.845,0.89,0.821,0.84,0.576,0.71,0.487,0.91,0.841,0.58,1800,0,85,0.84,0.88,65,32,0.8533
Barcelona,0.824,0.96,0.476,0.84,0.485,0.94,0.845,0.96,0.821,0.82,0.576,0.82,0.487,0.88,0.841,0.72,1800,0,150,0.93,0.94,130,58,0.8762
Switzerland,0.492,0.79,0.988,0.78,0.974,0.82,0.014,0.58,0.322,0.75,0.64,0.99,0.953,0.76,0.573,0.98,700,1,240,0.88,0.78,220,90,0.8765
New York,0.492,0.94,0.988,0.82,0.974,0.96,0.014,0.99,0.322,0.97,0.64,0.71,0.953,0.99,0.573,0.63,700,1,230,0.92,0.76,210,85,0.8753
Paris,0.492,0.98,0.988,0.95,0.974,0.97,0.014,0.82,0.322,0.99,0.64,0.65,0.953,0.92,0.573,0.45,700,1,180,0.95,0.82,160,70,0.8735
Barcelona,0.492,0.96,0.988,0.84,0.974,0.94,0.014,0.96,0.322,0.82,0.64,0.82,0.953,0.88,0.573,0.72,700,1,150,0.93,0.94,130,58,0.9227
Dubai,0.492,0.96,0.988,0.63,0.974,0.91,0.014,0.92,0.322,0.72,0.64,0.68,0.953,0.99,0.573,0.91,700,1,190,0.58,0.96,175,70,0.8713
Bali,0.492,0.73,0.988,0.76,0.974,0.91,0.014,0.87,0.322,0.51,0.64,0.99,0.953,0.72,0.573,0.98,700,1,90,0.62,0.95,70,35,0.8629
Rome,0.492,0.97,0.988,0.99,0.974,0.96,0.014,0.78,0.322,0.91,0.64,0.62,0.953,0.76,0.573,0.48,700,1,145,0.91,0.9,125,55,0.8997
Amsterdam,0.354,0.91,0.53,0.88,0.975,0.79,0.14,0.92,0.521,0.95,0.611,0.78,0.871,0.86,0.469,0.65,1500,0,175,0.96,0.68,155,65,0.8285
Rome,0.354,0.97,0.53,0.99,0.975,0.96,0.14,0.78,0.521,0.91,0.611,0.62,0.871,0.76,0.469,0.48,1500,0,145,0.91,0.9,125,55,0.8385
Bali,0.354,0.73,0.53,0.76,0.975,0.91,0.14,0.87,0.521,0.51,0.611,0.99,0.871,0.72,0.469,0.98,1500,0,90,0.62,0.95,70,35,0.8304
Paris,0.533,0.98,0.46,0.95,0.61,0.97,0.956,0.82,0.114,0.99,0.309,0.65,0.513,0.92,0.425,0.45,1500,0,180,0.95,0.82,160,70,0.8559
New York,0.533,0.94,0.46,0.82,0.61,0.96,0.956,0.99,0.114,0.97,0.309,0.71,0.513,0.99,0.425,0.63,1500,0,230,0.92,0.76,210,85,0.8551
Switzerland,0.533,0.79,0.46,0.78,0.61,0.82,0.956,0.58,0.114,0.75,0.309,0.99,0.513,0.76,0.425,0.98,1500,0,240,0.88,0.78,220,90,0.7992
Barcelona,0.533,0.96,0.46,0.84,0.61,0.94,0.956,0.96,0.114,0.82,0.309,0.82,0.513,0.88,0.425,0.72,1500,0,150,0.93,0.94,130,58,0.8974
Istanbul,0.696,0.94,0.806,0.98,0.276,0.94,0.571,0.89,0.159,0.84,0.647,0.71,0.22,0.91,0.971,0.58,2200,0,85,0.84,0.88,65,32,0.8286
New York,0.696,0.94,0.806,0.82,0.276,0.96,0.571,0.99,0.159,0.97,0.647,0.71,0.22,0.99,0.971,0.63,2200,0,230,0.92,0.76,210,85,0.8384
Dubai,0.696,0.96,0.806,0.63,0.276,0.91,0.571,0.92,0.159,0.72,0.647,0.68,0.22,0.99,0.971,0.91,2200,0,190,0.58,0.96,175,70,0.8338
London,0.696,0.94,0.806,0.97,0.276,0.91,0.571,0.95,0.159,0.98,0.647,0.76,0.22,0.98,0.971,0.55,2200,0,210,0.89,0.64,190,75,0.8155
Barcelona,0.696,0.96,0.806,0.84,0.276,0.94,0.571,0.96,0.159,0.82,0.647,0.82,0.22,0.88,0.971,0.72,2200,0,150,0.93,0.94,130,58,0.8356
New York,0.982,0.94,0.192,0.82,0.002,0.96,0.403,0.99,0.843,0.97,0.214,0.71,0.967,0.99,0.915,0.63,900,1,230,0.92,0.76,210,85,0.8992
Rome,0.982,0.97,0.192,0.99,0.002,0.96,0.403,0.78,0.843,0.91,0.214,0.62,0.967,0.76,0.915,0.48,900,1,145,0.91,0.9,125,55,0.8326
Singapore,0.982,0.91,0.192,0.72,0.002,0.98,0.403,0.85,0.843,0.79,0.214,0.94,0.967,0.97,0.915,0.79,900,1,155,0.9,0.94,145,50,0.9165
Singapore,0.886,0.91,0.823,0.72,0.822,0.98,0.563,0.85,0.414,0.79,0.549,0.94,0.836,0.97,0.934,0.79,1100,0,155,0.9,0.94,145,50,0.8475
Barcelona,0.886,0.96,0.823,0.84,0.822,0.94,0.563,0.96,0.414,0.82,0.549,0.82,0.836,0.88,0.934,0.72,1100,0,150,0.93,0.94,130,58,0.8705
Amsterdam,0.886,0.91,0.823,0.88,0.822,0.79,0.563,0.92,0.414,0.95,0.549,0.78,0.836,0.86,0.934,0.65,1100,0,175,0.96,0.68,155,65,0.8392
Istanbul,0.886,0.94,0.823,0.98,0.822,0.94,0.563,0.89,0.414,0.84,0.549,0.71,0.836,0.91,0.934,0.58,1100,0,85,0.84,0.88,65,32,0.8244
Switzerland,0.152,0.79,0.171,0.78,0.472,0.82,0.828,0.58,0.057,0.75,0.708,0.99,0.797,0.76,0.978,0.98,1800,1,240,0.88,0.78,220,90,0.8844
Istanbul,0.152,0.94,0.171,0.98,0.472,0.94,0.828,0.89,0.057,0.84,0.708,0.71,0.797,0.91,0.978,0.58,1800,1,85,0.84,0.88,65,32,0.8566
Singapore,0.152,0.91,0.171,0.72,0.472,0.98,0.828,0.85,0.057,0.79,0.708,0.94,0.797,0.97,0.978,0.79,1800,1,155,0.9,0.94,145,50,0.9251
Paris,0.152,0.98,0.171,0.95,0.472,0.97,0.828,0.82,0.057,0.99,0.708,0.65,0.797,0.92,0.978,0.45,1800,1,180,0.95,0.82,160,70,0.8078
London,0.152,0.94,0.171,0.97,0.472,0.91,0.828,0.95,0.057,0.98,0.708,0.76,0.797,0.98,0.978,0.55,1800,1,210,0.89,0.64,190,75,0.863
Dubai,0.152,0.96,0.171,0.63,0.472,0.91,0.828,0.92,0.057,0.72,0.708,0.68,0.797,0.99,0.978,0.91,1800,1,190,0.58,0.96,175,70,0.8756
Amsterdam,0.152,0.91,0.171,0.88,0.472,0.79,0.828,0.92,0.057,0.95,0.708,0.78,0.797,0.86,0.978,0.65,1800,1,175,0.96,0.68,155,65,0.8377
Rome,0.203,0.97,0.525,0.99,0.989,0.96,0.879,0.78,0.545,0.91,0.624,0.62,0.04,0.76,0.452,0.48,1300,1,145,0.91,0.9,125,55,0.8497
Tokyo,0.203,0.9,0.525,0.91,0.989,0.99,0.879,0.96,0.545,0.88,0.624,0.74,0.04,0.99,0.452,0.71,1300,1,165,0.91,0.79,135,60,0.9076
Bali,0.203,0.73,0.525,0.76,0.989,0.91,0.879,0.87,0.545,0.51,0.624,0.99,0.04,0.72,0.452,0.98,1300,1,90,0.62,0.95,70,35,0.855
Istanbul,0.203,0.94,0.525,0.98,0.989,0.94,0.879,0.89,0.545,0.84,0.624,0.71,0.04,0.91,0.452,0.58,1300,1,85,0.84,0.88,65,32,0.9061
Switzerland,0.203,0.79,0.525,0.78,0.989,0.82,0.879,0.58,0.545,0.75,0.624,0.99,0.04,0.76,0.452,0.98,1300,1,240,0.88,0.78,220,90,0.857
Amsterdam,0.203,0.91,0.525,0.88,0.989,0.79,0.879,0.92,0.545,0.95,0.624,0.78,0.04,0.86,0.452,0.65,1300,1,175,0.96,0.68,155,65,0.8734
London,0.203,0.94,0.525,0.97,0.989,0.91,0.879,0.95,0.545,0.98,0.624,0.76,0.04,0.98,0.452,0.55,1300,1,210,0.89,0.64,190,75,0.8623
Barcelona,0.827,0.96,0.21,0.84,0.264,0.94,0.512,0.96,0.411,0.82,0.525,0.82,0.861,0.88,0.959,0.72,2600,1,150,0.93,0.94,130,58,0.8975
Amsterdam,0.827,0.91,0.21,0.88,0.264,0.79,0.512,0.92,0.411,0.95,0.525,0.78,0.861,0.86,0.959,0.65,2600,1,175,0.96,0.68,155,65,0.8409
Bali,0.827,0.73,0.21,0.76,0.264,0.91,0.512,0.87,0.411,0.51,0.525,0.99,0.861,0.72,0.959,0.98,2600,1,90,0.62,0.95,70,35,0.8286
Barcelona,0.632,0.96,0.668,0.84,0.028,0.94,0.85,0.96,0.738,0.82,0.547,0.82,0.807,0.88,0.1,0.72,2200,0,150,0.93,0.94,130,58,0.8851
Paris,0.632,0.98,0.668,0.95,0.028,0.97,0.85,0.82,0.738,0.99,0.547,0.65,0.807,0.92,0.1,0.45,2200,0,180,0.95,0.82,160,70,0.8841
Singapore,0.632,0.91,0.668,0.72,0.028,0.98,0.85,0.85,0.738,0.79,0.547,0.94,0.807,0.97,0.1,0.79,2200,0,155,0.9,0.94,145,50,0.8378
Switzerland,0.632,0.79,0.668,0.78,0.028,0.82,0.85,0.58,0.738,0.75,0.547,0.99,0.807,0.76,0.1,0.98,2200,0,240,0.88,0.78,220,90,0.7679
Dubai,0.632,0.96,0.668,0.63,0.028,0.91,0.85,0.92,0.738,0.72,0.547,0.68,0.807,0.99,0.1,0.91,2200,0,190,0.58,0.96,175,70,0.8419
Amsterdam,0.632,0.91,0.668,0.88,0.028,0.79,0.85,0.92,0.738,0.95,0.547,0.78,0.807,0.86,0.1,0.65,2200,0,175,0.96,0.68,155,65,0.8287
Tokyo,0.632,0.9,0.668,0.91,0.028,0.99,0.85,0.96,0.738,0.88,0.547,0.74,0.807,0.99,0.1,0.71,2200,0,165,0.91,0.79,135,60,0.8696
Singapore,0.147,0.91,0.555,0.72,0.388,0.98,0.607,0.85,0.231,0.79,0.275,0.94,0.706,0.97,0.663,0.79,2200,1,155,0.9,0.94,145,50,0.8926
Paris,0.147,0.98,0.555,0.95,0.388,0.97,0.607,0.82,0.231,0.99,0.275,0.65,0.706,0.92,0.663,0.45,2200,1,180,0.95,0.82,160,70,0.8648
Amsterdam,0.147,0.91,0.555,0.88,0.388,0.79,0.607,0.92,0.231,0.95,0.275,0.78,0.706,0.86,0.663,0.65,2200,1,175,0.96,0.68,155,65,0.8568
Tokyo,0.147,0.9,0.555,0.91,0.388,0.99,0.607,0.96,0.231,0.88,0.275,0.74,0.706,0.99,0.663,0.71,2200,1,165,0.91,0.79,135,60,0.9052
Switzerland,0.147,0.79,0.555,0.78,0.388,0.82,0.607,0.58,0.231,0.75,0.275,0.99,0.706,0.76,0.663,0.98,2200,1,240,0.88,0.78,220,90,0.8564
Bali,0.147,0.73,0.555,0.76,0.388,0.91,0.607,0.87,0.231,0.51,0.275,0.99,0.706,0.72,0.663,0.98,2200,1,90,0.62,0.95,70,35,0.8402
Dubai,0.147,0.96,0.555,0.63,0.388,0.91,0.607,0.92,0.231,0.72,0.275,0.68,0.706,0.99,0.663,0.91,2200,1,190,0.58,0.96,175,70,0.8914
Tokyo,0.338,0.9,0.691,0.91,0.013,0.99,0.487,0.96,0.236,0.88,0.102,0.74,0.171,0.99,0.805,0.71,1300,0,165,0.91,0.79,135,60,0.8522
Istanbul,0.338,0.94,0.691,0.98,0.013,0.94,0.487,0.89,0.236,0.84,0.102,0.71,0.171,0.91,0.805,0.58,1300,0,85,0.84,0.88,65,32,0.8072
Paris,0.338,0.98,0.691,0.95,0.013,0.97,0.487,0.82,0.236,0.99,0.102,0.65,0.171,0.92,0.805,0.45,1300,0,180,0.95,0.82,160,70,0.7817
Switzerland,0.338,0.79,0.691,0.78,0.013,0.82,0.487,0.58,0.236,0.75,0.102,0.99,0.171,0.76,0.805,0.98,1300,0,240,0.88,0.78,220,90,0.7922
Singapore,0.338,0.91,0.691,0.72,0.013,0.98,0.487,0.85,0.236,0.79,0.102,0.94,0.171,0.97,0.805,0.79,1300,0,155,0.9,0.94,145,50,0.8317
London,0.604,0.94,0.877,0.97,0.223,0.91,0.274,0.95,0.822,0.98,0.263,0.76,0.311,0.98,0.982,0.55,1300,0,210,0.89,0.64,190,75,0.8474
Rome,0.604,0.97,0.877,0.99,0.223,0.96,0.274,0.78,0.822,0.91,0.263,0.62,0.311,0.76,0.982,0.48,1300,0,145,0.91,0.9,125,55,0.8447
Istanbul,0.604,0.94,0.877,0.98,0.223,0.94,0.274,0.89,0.822,0.84,0.263,0.71,0.311,0.91,0.982,0.58,1300,0,85,0.84,0.88,65,32,0.8429
Switzerland,0.702,0.79,0.753,0.78,0.936,0.82,0.978,0.58,0.793,0.75,0.851,0.99,0.198,0.76,0.536,0.98,2600,0,240,0.88,0.78,220,90,0.8113
Dubai,0.702,0.96,0.753,0.63,0.936,0.91,0.978,0.92,0.793,0.72,0.851,0.68,0.198,0.99,0.536,0.91,2600,0,190,0.58,0.96,175,70,0.8371
New York,0.702,0.94,0.753,0.82,0.936,0.96,0.978,0.99,0.793,0.97,0.851,0.71,0.198,0.99,0.536,0.63,2600,0,230,0.92,0.76,210,85,0.872
Rome,0.702,0.97,0.753,0.99,0.936,0.96,0.978,0.78,0.793,0.91,0.851,0.62,0.198,0.76,0.536,0.48,2600,0,145,0.91,0.9,125,55,0.8413
Paris,0.702,0.98,0.753,0.95,0.936,0.97,0.978,0.82,0.793,0.99,0.851,0.65,0.198,0.92,0.536,0.45,2600,0,180,0.95,0.82,160,70,0.8428
London,0.874,0.94,0.142,0.97,0.639,0.91,0.303,0.95,0.778,0.98,0.267,0.76,0.426,0.98,0.292,0.55,2200,1,210,0.89,0.64,190,75,0.8751
Paris,0.874,0.98,0.142,0.95,0.639,0.97,0.303,0.82,0.778,0.99,0.267,0.65,0.426,0.92,0.292,0.45,2200,1,180,0.95,0.82,160,70,0.8993
Amsterdam,0.874,0.91,0.142,0.88,0.639,0.79,0.303,0.92,0.778,0.95,0.267,0.78,0.426,0.86,0.292,0.65,2200,1,175,0.96,0.68,155,65,0.8629
Dubai,0.874,0.96,0.142,0.63,0.639,0.91,0.303,0.92,0.778,0.72,0.267,0.68,0.426,0.99,0.292,0.91,2200,1,190,0.58,0.96,175,70,0.8638
New York,0.874,0.94,0.142,0.82,0.639,0.96,0.303,0.99,0.778,0.97,0.267,0.71,0.426,0.99,0.292,0.63,2200,1,230,0.92,0.76,210,85,0.9024
Barcelona,0.874,0.96,0.142,0.84,0.639,0.94,0.303,0.96,0.778,0.82,0.267,0.82,0.426,0.88,0.292,0.72,2200,1,150,0.93,0.94,130,58,0.9177
Switzerland,0.874,0.79,0.142,0.78,0.639,0.82,0.303,0.58,0.778,0.75,0.267,0.99,0.426,0.76,0.292,0.98,2200,1,240,0.88,0.78,220,90,0.8512
New York,0.869,0.94,0.355,0.82,0.945,0.96,0.366,0.99,0.706,0.97,0.16,0.71,0.91,0.99,0.669,0.63,2600,0,230,0.92,0.76,210,85,0.8817
Dubai,0.869,0.96,0.355,0.63,0.945,0.91,0.366,0.92,0.706,0.72,0.16,0.68,0.91,0.99,0.669,0.91,2600,0,190,0.58,0.96,175,70,0.8593
Istanbul,0.869,0.94,0.355,0.98,0.945,0.94,0.366,0.89,0.706,0.84,0.16,0.71,0.91,0.91,0.669,0.58,2600,0,85,0.84,0.88,65,32,0.8331
Dubai,0.565,0.96,0.089,0.63,0.559,0.91,0.922,0.92,0.662,0.72,0.643,0.68,0.996,0.99,0.227,0.91,1100,1,190,0.58,0.96,175,70,0.8792
Tokyo,0.565,0.9,0.089,0.91,0.559,0.99,0.922,0.96,0.662,0.88,0.643,0.74,0.996,0.99,0.227,0.71,1100,1,165,0.91,0.79,135,60,0.9211
Rome,0.565,0.97,0.089,0.99,0.559,0.96,0.922,0.78,0.662,0.91,0.643,0.62,0.996,0.76,0.227,0.48,1100,1,145,0.91,0.9,125,55,0.8524
Istanbul,0.247,0.94,0.433,0.98,0.389,0.94,0.947,0.89,0.91,0.84,0.3,0.71,0.795,0.91,0.847,0.58,1500,1,85,0.84,0.88,65,32,0.8743
Rome,0.247,0.97,0.433,0.99,0.389,0.96,0.947,0.78,0.91,0.91,0.3,0.62,0.795,0.76,0.847,0.48,1500,1,145,0.91,0.9,125,55,0.8575
Tokyo,0.247,0.9,0.433,0.91,0.389,0.99,0.947,0.96,0.91,0.88,0.3,0.74,0.795,0.99,0.847,0.71,1500,1,165,0.91,0.79,135,60,0.9238
Bali,0.247,0.73,0.433,0.76,0.389,0.91,0.947,0.87,0.91,0.51,0.3,0.99,0.795,0.72,0.847,0.98,1500,1,90,0.62,0.95,70,35,0.831
Bali,0.741,0.73,0.923,0.76,0.61,0.91,0.425,0.87,0.442,0.51,0.337,0.99,0.948,0.72,0.898,0.98,900,0,90,0.62,0.95,70,35,0.8427
New York,0.741,0.94,0.923,0.82,0.61,0.96,0.425,0.99,0.442,0.97,0.337,0.71,0.948,0.99,0.898,0.63,900,0,230,0.92,0.76,210,85,0.838
Rome,0.741,0.97,0.923,0.99,0.61,0.96,0.425,0.78,0.442,0.91,0.337,0.62,0.948,0.76,0.898,0.48,900,0,145,0.91,0.9,125,55,0.8147
London,0.741,0.94,0.923,0.97,0.61,0.91,0.425,0.95,0.442,0.98,0.337,0.76,0.948,0.98,0.898,0.55,900,0,210,0.89,0.64,190,75,0.8385
Istanbul,0.741,0.94,0.923,0.98,0.61,0.94,0.425,0.89,0.442,0.84,0.337,0.71,0.948,0.91,0.898,0.58,900,0,85,0.84,0.88,65,32,0.8604
Singapore,0.741,0.91,0.923,0.72,0.61,0.98,0.425,0.85,0.442,0.79,0.337,0.94,0.948,0.97,0.898,0.79,900,0,155,0.9,0.94,145,50,0.8395
Switzerland,0.591,0.79,0.817,0.78,0.203,0.82,0.487,0.58,0.45,0.75,0.026,0.99,0.996,0.76,0.591,0.98,1100,1,240,0.88,0.78,220,90,0.8506
Istanbul,0.591,0.94,0.817,0.98,0.203,0.94,0.487,0.89,0.45,0.84,0.026,0.71,0.996,0.91,0.591,0.58,1100,1,85,0.84,0.88,65,32,0.8911
Amsterdam,0.591,0.91,0.817,0.88,0.203,0.79,0.487,0.92,0.45,0.95,0.026,0.78,0.996,0.86,0.591,0.65,1100,1,175,0.96,0.68,155,65,0.8941
Bali,0.591,0.73,0.817,0.76,0.203,0.91,0.487,0.87,0.45,0.51,0.026,0.99,0.996,0.72,0.591,0.98,1100,1,90,0.62,0.95,70,35,0.8126
Paris,0.591,0.98,0.817,0.95,0.203,0.97,0.487,0.82,0.45,0.99,0.026,0.65,0.996,0.92,0.591,0.45,1100,1,180,0.95,0.82,160,70,0.9172
Istanbul,0.03,0.94,0.726,0.98,0.585,0.94,0.707,0.89,0.187,0.84,0.558,0.71,0.189,0.91,0.377,0.58,2600,0,85,0.84,0.88,65,32,0.8313
Dubai,0.03,0.96,0.726,0.63,0.585,0.91,0.707,0.92,0.187,0.72,0.558,0.68,0.189,0.99,0.377,0.91,2600,0,190,0.58,0.96,175,70,0.8213
Switzerland,0.03,0.79,0.726,0.78,0.585,0.82,0.707,0.58,0.187,0.75,0.558,0.99,0.189,0.76,0.377,0.98,2600,0,240,0.88,0.78,220,90,0.8024
Bali,0.03,0.73,0.726,0.76,0.585,0.91,0.707,0.87,0.187,0.51,0.558,0.99,0.189,0.72,0.377,0.98,2600,0,90,0.62,0.95,70,35,0.8455
New York,0.03,0.94,0.726,0.82,0.585,0.96,0.707,0.99,0.187,0.97,0.558,0.71,0.189,0.99,0.377,0.63,2600,0,230,0.92,0.76,210,85,0.8254
Paris,0.03,0.98,0.726,0.95,0.585,0.97,0.707,0.82,0.187,0.99,0.558,0.65,0.189,0.92,0.377,0.45,2600,0,180,0.95,0.82,160,70,0.8471
Singapore,0.03,0.91,0.726,0.72,0.585,0.98,0.707,0.85,0.187,0.79,0.558,0.94,0.189,0.97,0.377,0.79,2600,0,155,0.9,0.94,145,50,0.8346
New York,0.793,0.94,0.838,0.82,0.134,0.96,0.699,0.99,0.22,0.97,0.614,0.71,0.544,0.99,0.072,0.63,1300,1,230,0.92,0.76,210,85,0.9145
Amsterdam,0.793,0.91,0.838,0.88,0.134,0.79,0.699,0.92,0.22,0.95,0.614,0.78,0.544,0.86,0.072,0.65,1300,1,175,0.96,0.68,155,65,0.8665
Dubai,0.793,0.96,0.838,0.63,0.134,0.91,0.699,0.92,0.22,0.72,0.614,0.68,0.544,0.99,0.072,0.91,1300,1,190,0.58,0.96,175,70,0.868
Singapore,0.793,0.91,0.838,0.72,0.134,0.98,0.699,0.85,0.22,0.79,0.614,0.94,0.544,0.97,0.072,0.79,1300,1,155,0.9,0.94,145,50,0.9088
Tokyo,0.793,0.9,0.838,0.91,0.134,0.99,0.699,0.96,0.22,0.88,0.614,0.74,0.544,0.99,0.072,0.71,1300,1,165,0.91,0.79,135,60,0.9006
London,0.793,0.94,0.838,0.97,0.134,0.91,0.699,0.95,0.22,0.98,0.614,0.76,0.544,0.98,0.072,0.55,1300,1,210,0.89,0.64,190,75,0.9115
Dubai,0.276,0.96,0.404,0.63,0.274,0.91,0.027,0.92,0.164,0.72,0.245,0.68,0.858,0.99,0.063,0.91,1500,1,190,0.58,0.96,175,70,0.8499
London,0.276,0.94,0.404,0.97,0.274,0.91,0.027,0.95,0.164,0.98,0.245,0.76,0.858,0.98,0.063,0.55,1500,1,210,0.89,0.64,190,75,0.9051
Barcelona,0.276,0.96,0.404,0.84,0.274,0.94,0.027,0.96,0.164,0.82,0.245,0.82,0.858,0.88,0.063,0.72,1500,1,150,0.93,0.94,130,58,0.9119
Istanbul,0.276,0.94,0.404,0.98,0.274,0.94,0.027,0.89,0.164,0.84,0.245,0.71,0.858,0.91,0.063,0.58,1500,1,85,0.84,0.88,65,32,0.8898
Paris,0.276,0.98,0.404,0.95,0.274,0.97,0.027,0.82,0.164,0.99,0.245,0.65,0.858,0.92,0.063,0.45,1500,1,180,0.95,0.82,160,70,0.9033
Switzerland,0.568,0.79,0.782,0.78,0.357,0.82,0.905,0.58,0.381,0.75,0.612,0.99,0.335,0.76,0.583,0.98,1100,0,240,0.88,0.78,220,90,0.8101
Singapore,0.568,0.91,0.782,0.72,0.357,0.98,0.905,0.85,0.381,0.79,0.612,0.94,0.335,0.97,0.583,0.79,1100,0,155,0.9,0.94,145,50,0.8325
Dubai,0.568,0.96,0.782,0.63,0.357,0.91,0.905,0.92,0.381,0.72,0.612,0.68,0.335,0.99,0.583,0.91,1100,0,190,0.58,0.96,175,70,0.8646
London,0.568,0.94,0.782,0.97,0.357,0.91,0.905,0.95,0.381,0.98,0.612,0.76,0.335,0.98,0.583,0.55,1100,0,210,0.89,0.64,190,75,0.8634
Rome,0.568,0.97,0.782,0.99,0.357,0.96,0.905,0.78,0.381,0.91,0.612,0.62,0.335,0.76,0.583,0.48,1100,0,145,0.91,0.9,125,55,0.8431
Barcelona,0.568,0.96,0.782,0.84,0.357,0.94,0.905,0.96,0.381,0.82,0.612,0.82,0.335,0.88,0.583,0.72,1100,0,150,0.93,0.94,130,58,0.8684
New York,0.002,0.94,0.179,0.82,0.802,0.96,0.343,0.99,0.729,0.97,0.979,0.71,0.832,0.99,0.782,0.63,1500,1,230,0.92,0.76,210,85,0.883
Dubai,0.002,0.96,0.179,0.63,0.802,0.91,0.343,0.92,0.729,0.72,0.979,0.68,0.832,0.99,0.782,0.91,1500,1,190,0.58,0.96,175,70,0.8574
Singapore,0.002,0.91,0.179,0.72,0.802,0.98,0.343,0.85,0.729,0.79,0.979,0.94,0.832,0.97,0.782,0.79,1500,1,155,0.9,0.94,145,50,0.9207
Barcelona,0.002,0.96,0.179,0.84,0.802,0.94,0.343,0.96,0.729,0.82,0.979,0.82,0.832,0.88,0.782,0.72,1500,1,150,0.93,0.94,130,58,0.8845
Istanbul,0.002,0.94,0.179,0.98,0.802,0.94,0.343,0.89,0.729,0.84,0.979,0.71,0.832,0.91,0.782,0.58,1500,1,85,0.84,0.88,65,32,0.8694
Rome,0.957,0.97,0.066,0.99,0.925,0.96,0.276,0.78,0.731,0.91,0.696,0.62,0.374,0.76,0.482,0.48,1300,0,145,0.91,0.9,125,55,0.8383
Istanbul,0.957,0.94,0.066,0.98,0.925,0.94,0.276,0.89,0.731,0.84,0.696,0.71,0.374,0.91,0.482,0.58,1300,0,85,0.84,0.88,65,32,0.8357
London,0.957,0.94,0.066,0.97,0.925,0.91,0.276,0.95,0.731,0.98,0.696,0.76,0.374,0.98,0.482,0.55,1300,0,210,0.89,0.64,190,75,0.8173
Singapore,0.957,0.91,0.066,0.72,0.925,0.98,0.276,0.85,0.731,0.79,0.696,0.94,0.374,0.97,0.482,0.79,1300,0,155,0.9,0.94,145,50,0.8999
New York,0.957,0.94,0.066,0.82,0.925,0.96,0.276,0.99,0.731,0.97,0.696,0.71,0.374,0.99,0.482,0.63,1300,0,230,0.92,0.76,210,85,0.8329
Rome,0.014,0.97,0.322,0.99,0.244,0.96,0.496,0.78,0.435,0.91,0.095,0.62,0.194,0.76,0.698,0.48,1800,0,145,0.91,0.9,125,55,0.8174
New York,0.014,0.94,0.322,0.82,0.244,0.96,0.496,0.99,0.435,0.97,0.095,0.71,0.194,0.99,0.698,0.63,1800,0,230,0.92,0.76,210,85,0.8154
Singapore,0.014,0.91,0.322,0.72,0.244,0.98,0.496,0.85,0.435,0.79,0.095,0.94,0.194,0.97,0.698,0.79,1800,0,155,0.9,0.94,145,50,0.8284
Rome,0.084,0.97,0.092,0.99,0.065,0.96,0.229,0.78,0.481,0.91,0.413,0.62,0.631,0.76,0.945,0.48,700,1,145,0.91,0.9,125,55,0.7927
New York,0.084,0.94,0.092,0.82,0.065,0.96,0.229,0.99,0.481,0.97,0.413,0.71,0.631,0.99,0.945,0.63,700,1,230,0.92,0.76,210,85,0.8638
Singapore,0.084,0.91,0.092,0.72,0.065,0.98,0.229,0.85,0.481,0.79,0.413,0.94,0.631,0.97,0.945,0.79,700,1,155,0.9,0.94,145,50,0.8961
Istanbul,0.084,0.94,0.092,0.98,0.065,0.94,0.229,0.89,0.481,0.84,0.413,0.71,0.631,0.91,0.945,0.58,700,1,85,0.84,0.88,65,32,0.8134
Paris,0.084,0.98,0.092,0.95,0.065,0.97,0.229,0.82,0.481,0.99,0.413,0.65,0.631,0.92,0.945,0.45,700,1,180,0.95,0.82,160,70,0.8331
London,0.084,0.94,0.092,0.97,0.065,0.91,0.229,0.95,0.481,0.98,0.413,0.76,0.631,0.98,0.945,0.55,700,1,210,0.89,0.64,190,75,0.8533
Tokyo,0.084,0.9,0.092,0.91,0.065,0.99,0.229,0.96,0.481,0.88,0.413,0.74,0.631,0.99,0.945,0.71,700,1,165,0.91,0.79,135,60,0.869
Istanbul,0.548,0.94,0.838,0.98,0.143,0.94,0.428,0.89,0.578,0.84,0.198,0.71,0.924,0.91,0.721,0.58,1800,1,85,0.84,0.88,65,32,0.8608
Amsterdam,0.548,0.91,0.838,0.88,0.143,0.79,0.428,0.92,0.578,0.95,0.198,0.78,0.924,0.86,0.721,0.65,1800,1,175,0.96,0.68,155,65,0.8566
Paris,0.548,0.98,0.838,0.95,0.143,0.97,0.428,0.82,0.578,0.99,0.198,0.65,0.924,0.92,0.721,0.45,1800,1,180,0.95,0.82,160,70,0.8616
Dubai,0.548,0.96,0.838,0.63,0.143,0.91,0.428,0.92,0.578,0.72,0.198,0.68,0.924,0.99,0.721,0.91,1800,1,190,0.58,0.96,175,70,0.884
Rome,0.432,0.97,0.335,0.99,0.647,0.96,0.942,0.78,0.91,0.91,0.019,0.62,0.326,0.76,0.831,0.48,1100,1,145,0.91,0.9,125,55,0.8427
London,0.432,0.94,0.335,0.97,0.647,0.91,0.942,0.95,0.91,0.98,0.019,0.76,0.326,0.98,0.831,0.55,1100,1,210,0.89,0.64,190,75,0.8749
Barcelona,0.432,0.96,0.335,0.84,0.647,0.94,0.942,0.96,0.91,0.82,0.019,0.82,0.326,0.88,0.831,0.72,1100,1,150,0.93,0.94,130,58,0.8846
Barcelona,0.315,0.96,0.256,0.84,0.739,0.94,0.566,0.96,0.019,0.82,0.983,0.82,0.402,0.88,0.893,0.72,1300,0,150,0.93,0.94,130,58,0.8344
Istanbul,0.315,0.94,0.256,0.98,0.739,0.94,0.566,0.89,0.019,0.84,0.983,0.71,0.402,0.91,0.893,0.58,1300,0,85,0.84,0.88,65,32,0.8096
London,0.315,0.94,0.256,0.97,0.739,0.91,0.566,0.95,0.019,0.98,0.983,0.76,0.402,0.98,0.893,0.55,1300,0,210,0.89,0.64,190,75,0.8221
Paris,0.315,0.98,0.256,0.95,0.739,0.97,0.566,0.82,0.019,0.99,0.983,0.65,0.402,0.92,0.893,0.45,1300,0,180,0.95,0.82,160,70,0.791
London,0.184,0.94,0.176,0.97,0.372,0.91,0.14,0.95,0.028,0.98,0.961,0.76,0.739,0.98,0.758,0.55,900,0,210,0.89,0.64,190,75,0.7851
New York,0.184,0.94,0.176,0.82,0.372,0.96,0.14,0.99,0.028,0.97,0.961,0.71,0.739,0.99,0.758,0.63,900,0,230,0.92,0.76,210,85,0.7941
Istanbul,0.184,0.94,0.176,0.98,0.372,0.94,0.14,0.89,0.028,0.84,0.961,0.71,0.739,0.91,0.758,0.58,900,0,85,0.84,0.88,65,32,0.7957
Amsterdam,0.184,0.91,0.176,0.88,0.372,0.79,0.14,0.92,0.028,0.95,0.961,0.78,0.739,0.86,0.758,0.65,900,0,175,0.96,0.68,155,65,0.7751
Barcelona,0.182,0.96,0.379,0.84,0.973,0.94,0.797,0.96,0.158,0.82,0.733,0.82,0.254,0.88,0.832,0.72,2200,1,150,0.93,0.94,130,58,0.8959
Amsterdam,0.182,0.91,0.379,0.88,0.973,0.79,0.797,0.92,0.158,0.95,0.733,0.78,0.254,0.86,0.832,0.65,2200,1,175,0.96,0.68,155,65,0.8642
London,0.182,0.94,0.379,0.97,0.973,0.91,0.797,0.95,0.158,0.98,0.733,0.76,0.254,0.98,0.832,0.55,2200,1,210,0.89,0.64,190,75,0.8598
Istanbul,0.182,0.94,0.379,0.98,0.973,0.94,0.797,0.89,0.158,0.84,0.733,0.71,0.254,0.91,0.832,0.58,2200,1,85,0.84,0.88,65,32,0.8605
Dubai,0.182,0.96,0.379,0.63,0.973,0.91,0.797,0.92,0.158,0.72,0.733,0.68,0.254,0.99,0.832,0.91,2200,1,190,0.58,0.96,175,70,0.838
Switzerland,0.264,0.79,0.512,0.78,0.429,0.82,0.268,0.58,0.745,0.75,0.73,0.99,0.583,0.76,0.357,0.98,2200,1,240,0.88,0.78,220,90,0.8643
Amsterdam,0.264,0.91,0.512,0.88,0.429,0.79,0.268,0.92,0.745,0.95,0.73,0.78,0.583,0.86,0.357,0.65,2200,1,175,0.96,0.68,155,65,0.8877
London,0.264,0.94,0.512,0.97,0.429,0.91,0.268,0.95,0.745,0.98,0.73,0.76,0.583,0.98,0.357,0.55,2200,1,210,0.89,0.64,190,75,0.877
New York,0.264,0.94,0.512,0.82,0.429,0.96,0.268,0.99,0.745,0.97,0.73,0.71,0.583,0.99,0.357,0.63,2200,1,230,0.92,0.76,210,85,0.9076
Tokyo,0.264,0.9,0.512,0.91,0.429,0.99,0.268,0.96,0.745,0.88,0.73,0.74,0.583,0.99,0.357,0.71,2200,1,165,0.91,0.79,135,60,0.8761
Rome,0.264,0.97,0.512,0.99,0.429,0.96,0.268,0.78,0.745,0.91,0.73,0.62,0.583,0.76,0.357,0.48,2200,1,145,0.91,0.9,125,55,0.8733
Switzerland,0.997,0.79,0.982,0.78,0.404,0.82,0.814,0.58,0.563,0.75,0.066,0.99,0.488,0.76,0.897,0.98,1100,1,240,0.88,0.78,220,90,0.8333
New York,0.997,0.94,0.982,0.82,0.404,0.96,0.814,0.99,0.563,0.97,0.066,0.71,0.488,0.99,0.897,0.63,1100,1,230,0.92,0.76,210,85,0.8753
Paris,0.997,0.98,0.982,0.95,0.404,0.97,0.814,0.82,0.563,0.99,0.066,0.65,0.488,0.92,0.897,0.45,1100,1,180,0.95,0.82,160,70,0.8848
Dubai,0.997,0.96,0.982,0.63,0.404,0.91,0.814,0.92,0.563,0.72,0.066,0.68,0.488,0.99,0.897,0.91,1100,1,190,0.58,0.96,175,70,0.8901
Switzerland,0.219,0.79,0.404,0.78,0.582,0.82,0.371,0.58,0.289,0.75,0.442,0.99,0.992,0.76,0.271,0.98,2200,1,240,0.88,0.78,220,90,0.8271
Amsterdam,0.219,0.91,0.404,0.88,0.582,0.79,0.371,0.92,0.289,0.95,0.442,0.78,0.992,0.86,0.271,0.65,2200,1,175,0.96,0.68,155,65,0.8756
Tokyo,0.219,0.9,0.404,0.91,0.582,0.99,0.371,0.96,0.289,0.88,0.442,0.74,0.992,0.99,0.271,0.71,2200,1,165,0.91,0.79,135,60,0.93
Istanbul,0.219,0.94,0.404,0.98,0.582,0.94,0.371,0.89,0.289,0.84,0.442,0.71,0.992,0.91,0.271,0.58,2200,1,85,0.84,0.88,65,32,0.8948
Dubai,0.219,0.96,0.404,0.63,0.582,0.91,0.371,0.92,0.289,0.72,0.442,0.68,0.992,0.99,0.271,0.91,2200,1,190,0.58,0.96,175,70,0.8624
Barcelona,0.25,0.96,0.29,0.84,0.877,0.94,0.707,0.96,0.99,0.82,0.494,0.82,0.592,0.88,0.298,0.72,1800,1,150,0.93,0.94,130,58,0.9306
Switzerland,0.25,0.79,0.29,0.78,0.877,0.82,0.707,0.58,0.99,0.75,0.494,0.99,0.592,0.76,0.298,0.98,1800,1,240,0.88,0.78,220,90,0.8463
Singapore,0.25,0.91,0.29,0.72,0.877,0.98,0.707,0.85,0.99,0.79,0.494,0.94,0.592,0.97,0.298,0.79,1800,1,155,0.9,0.94,145,50,0.9072
Paris,0.197,0.98,0.625,0.95,0.931,0.97,0.324,0.82,0.213,0.99,0.659,0.65,0.411,0.92,0.329,0.45,2200,0,180,0.95,0.82,160,70,0.8381
Dubai,0.197,0.96,0.625,0.63,0.931,0.91,0.324,0.92,0.213,0.72,0.659,0.68,0.411,0.99,0.329,0.91,2200,0,190,0.58,0.96,175,70,0.8467
Rome,0.197,0.97,0.625,0.99,0.931,0.96,0.324,0.78,0.213,0.91,0.659,0.62,0.411,0.76,0.329,0.48,2200,0,145,0.91,0.9,125,55,0.8385
Switzerland,0.197,0.79,0.625,0.78,0.931,0.82,0.324,0.58,0.213,0.75,0.659,0.99,0.411,0.76,0.329,0.98,2200,0,240,0.88,0.78,220,90,0.8353
Barcelona,0.197,0.96,0.625,0.84,0.931,0.94,0.324,0.96,0.213,0.82,0.659,0.82,0.411,0.88,0.329,0.72,2200,0,150,0.93,0.94,130,58,0.8797
Singapore,0.197,0.91,0.625,0.72,0.931,0.98,0.324,0.85,0.213,0.79,0.659,0.94,0.411,0.97,0.329,0.79,2200,0,155,0.9,0.94,145,50,0.8891
London,0.197,0.94,0.625,0.97,0.931,0.91,0.324,0.95,0.213,0.98,0.659,0.76,0.411,0.98,0.329,0.55,2200,0,210,0.89,0.64,190,75,0.8198
Amsterdam,0.096,0.91,0.86,0.88,0.674,0.79,0.5,0.92,0.102,0.95,0.897,0.78,0.515,0.86,0.197,0.65,2600,0,175,0.96,0.68,155,65,0.8338
Paris,0.096,0.98,0.86,0.95,0.674,0.97,0.5,0.82,0.102,0.99,0.897,0.65,0.515,0.92,0.197,0.45,2600,0,180,0.95,0.82,160,70,0.8339
Singapore,0.096,0.91,0.86,0.72,0.674,0.98,0.5,0.85,0.102,0.79,0.897,0.94,0.515,0.97,0.197,0.79,2600,0,155,0.9,0.94,145,50,0.8646
Istanbul,0.472,0.94,0.166,0.98,0.83,0.94,0.004,0.89,0.095,0.84,0.536,0.71,0.424,0.91,0.482,0.58,700,0,85,0.84,0.88,65,32,0.8636
London,0.472,0.94,0.166,0.97,0.83,0.91,0.004,0.95,0.095,0.98,0.536,0.76,0.424,0.98,0.482,0.55,700,0,210,0.89,0.64,190,75,0.8454
Bali,0.472,0.73,0.166,0.76,0.83,0.91,0.004,0.87,0.095,0.51,0.536,0.99,0.424,0.72,0.482,0.98,700,0,90,0.62,0.95,70,35,0.8556
Amsterdam,0.472,0.91,0.166,0.88,0.83,0.79,0.004,0.92,0.095,0.95,0.536,0.78,0.424,0.86,0.482,0.65,700,0,175,0.96,0.68,155,65,0.7856
Rome,0.472,0.97,0.166,0.99,0.83,0.96,0.004,0.78,0.095,0.91,0.536,0.62,0.424,0.76,0.482,0.48,700,0,145,0.91,0.9,125,55,0.8309
Singapore,0.472,0.91,0.166,0.72,0.83,0.98,0.004,0.85,0.095,0.79,0.536,0.94,0.424,0.97,0.482,0.79,700,0,155,0.9,0.94,145,50,0.9039
Amsterdam,0.442,0.91,0.184,0.88,0.642,0.79,0.838,0.92,0.749,0.95,0.991,0.78,0.633,0.86,0.389,0.65,1500,1,175,0.96,0.68,155,65,0.8847
Istanbul,0.442,0.94,0.184,0.98,0.642,0.94,0.838,0.89,0.749,0.84,0.991,0.71,0.633,0.91,0.389,0.58,1500,1,85,0.84,0.88,65,32,0.8791
Bali,0.442,0.73,0.184,0.76,0.642,0.91,0.838,0.87,0.749,0.51,0.991,0.99,0.633,0.72,0.389,0.98,1500,1,90,0.62,0.95,70,35,0.8624
Rome,0.442,0.97,0.184,0.99,0.642,0.96,0.838,0.78,0.749,0.91,0.991,0.62,0.633,0.76,0.389,0.48,1500,1,145,0.91,0.9,125,55,0.8614
Singapore,0.442,0.91,0.184,0.72,0.642,0.98,0.838,0.85,0.749,0.79,0.991,0.94,0.633,0.97,0.389,0.79,1500,1,155,0.9,0.94,145,50,0.9066
New York,0.442,0.94,0.184,0.82,0.642,0.96,0.838,0.99,0.749,0.97,0.991,0.71,0.633,0.99,0.389,0.63,1500,1,230,0.92,0.76,210,85,0.8855
Bali,0.821,0.73,0.262,0.76,0.846,0.91,0.08,0.87,0.668,0.51,0.182,0.99,0.414,0.72,0.911,0.98,1500,1,90,0.62,0.95,70,35,0.8618
Dubai,0.821,0.96,0.262,0.63,0.846,0.91,0.08,0.92,0.668,0.72,0.182,0.68,0.414,0.99,0.911,0.91,1500,1,190,0.58,0.96,175,70,0.8523
Singapore,0.821,0.91,0.262,0.72,0.846,0.98,0.08,0.85,0.668,0.79,0.182,0.94,0.414,0.97,0.911,0.79,1500,1,155,0.9,0.94,145,50,0.9169
Istanbul,0.551,0.94,0.218,0.98,0.221,0.94,0.111,0.89,0.105,0.84,0.39,0.71,0.17,0.91,0.785,0.58,700,0,85,0.84,0.88,65,32,0.8242
Amsterdam,0.551,0.91,0.218,0.88,0.221,0.79,0.111,0.92,0.105,0.95,0.39,0.78,0.17,0.86,0.785,0.65,700,0,175,0.96,0.68,155,65,0.7803
Bali,0.551,0.73,0.218,0.76,0.221,0.91,0.111,0.87,0.105,0.51,0.39,0.99,0.17,0.72,0.785,0.98,700,0,90,0.62,0.95,70,35,0.8483
London,0.551,0.94,0.218,0.97,0.221,0.91,0.111,0.95,0.105,0.98,0.39,0.76,0.17,0.98,0.785,0.55,700,0,210,0.89,0.64,190,75,0.8159
Paris,0.551,0.98,0.218,0.95,0.221,0.97,0.111,0.82,0.105,0.99,0.39,0.65,0.17,0.92,0.785,0.45,700,0,180,0.95,0.82,160,70,0.7693
Dubai,0.551,0.96,0.218,0.63,0.221,0.91,0.111,0.92,0.105,0.72,0.39,0.68,0.17,0.99,0.785,0.91,700,0,190,0.58,0.96,175,70,0.8827
Rome,0.419,0.97,0.482,0.99,0.8,0.96,0.957,0.78,0.274,0.91,0.795,0.62,0.281,0.76,0.826,0.48,1500,0,145,0.91,0.9,125,55,0.8105
Dubai,0.419,0.96,0.482,0.63,0.8,0.91,0.957,0.92,0.274,0.72,0.795,0.68,0.281,0.99,0.826,0.91,1500,0,190,0.58,0.96,175,70,0.8296
Singapore,0.419,0.91,0.482,0.72,0.8,0.98,0.957,0.85,0.274,0.79,0.795,0.94,0.281,0.97,0.826,0.79,1500,0,155,0.9,0.94,145,50,0.8918
Switzerland,0.909,0.79,0.091,0.78,0.4,0.82,0.975,0.58,0.578,0.75,0.71,0.99,0.663,0.76,0.083,0.98,700,0,240,0.88,0.78,220,90,0.8089
Barcelona,0.909,0.96,0.091,0.84,0.4,0.94,0.975,0.96,0.578,0.82,0.71,0.82,0.663,0.88,0.083,0.72,700,0,150,0.93,0.94,130,58,0.9042
Paris,0.909,0.98,0.091,0.95,0.4,0.97,0.975,0.82,0.578,0.99,0.71,0.65,0.663,0.92,0.083,0.45,700,0,180,0.95,0.82,160,70,0.8506
Istanbul,0.909,0.94,0.091,0.98,0.4,0.94,0.975,0.89,0.578,0.84,0.71,0.71,0.663,0.91,0.083,0.58,700,0,85,0.84,0.88,65,32,0.8612
Dubai,0.909,0.96,0.091,0.63,0.4,0.91,0.975,0.92,0.578,0.72,0.71,0.68,0.663,0.99,0.083,0.91,700,0,190,0.58,0.96,175,70,0.8427
London,0.965,0.94,0.876,0.97,0.602,0.91,0.246,0.95,0.144,0.98,0.955,0.76,0.77,0.98,0.258,0.55,1800,1,210,0.89,0.64,190,75,0.8852
Barcelona,0.965,0.96,0.876,0.84,0.602,0.94,0.246,0.96,0.144,0.82,0.955,0.82,0.77,0.88,0.258,0.72,1800,1,150,0.93,0.94,130,58,0.9236
Paris,0.965,0.98,0.876,0.95,0.602,0.97,0.246,0.82,0.144,0.99,0.955,0.65,0.77,0.92,0.258,0.45,1800,1,180,0.95,0.82,160,70,0.8975
Amsterdam,0.965,0.91,0.876,0.88,0.602,0.79,0.246,0.92,0.144,0.95,0.955,0.78,0.77,0.86,0.258,0.65,1800,1,175,0.96,0.68,155,65,0.8787
Tokyo,0.965,0.9,0.876,0.91,0.602,0.99,0.246,0.96,0.144,0.88,0.955,0.74,0.77,0.99,0.258,0.71,1800,1,165,0.91,0.79,135,60,0.9021
Rome,0.965,0.97,0.876,0.99,0.602,0.96,0.246,0.78,0.144,0.91,0.955,0.62,0.77,0.76,0.258,0.48,1800,1,145,0.91,0.9,125,55,0.902
Bali,0.965,0.73,0.876,0.76,0.602,0.91,0.246,0.87,0.144,0.51,0.955,0.99,0.77,0.72,0.258,0.98,1800,1,90,0.62,0.95,70,35,0.8547
Istanbul,0.205,0.94,0.544,0.98,0.059,0.94,0.324,0.89,0.481,0.84,0.855,0.71,0.884,0.91,0.791,0.58,900,0,85,0.84,0.88,65,32,0.8436
Rome,0.205,0.97,0.544,0.99,0.059,0.96,0.324,0.78,0.481,0.91,0.855,0.62,0.884,0.76,0.791,0.48,900,0,145,0.91,0.9,125,55,0.7999
Bali,0.205,0.73,0.544,0.76,0.059,0.91,0.324,0.87,0.481,0.51,0.855,0.99,0.884,0.72,0.791,0.98,900,0,90,0.62,0.95,70,35,0.8625
London,0.205,0.94,0.544,0.97,0.059,0.91,0.324,0.95,0.481,0.98,0.855,0.76,0.884,0.98,0.791,0.55,900,0,210,0.89,0.64,190,75,0.8117
Barcelona,0.464,0.96,0.867,0.84,0.162,0.94,0.933,0.96,0.556,0.82,0.655,0.82,0.289,0.88,0.119,0.72,2600,1,150,0.93,0.94,130,58,0.9131
Singapore,0.464,0.91,0.867,0.72,0.162,0.98,0.933,0.85,0.556,0.79,0.655,0.94,0.289,0.97,0.119,0.79,2600,1,155,0.9,0.94,145,50,0.8929
Rome,0.464,0.97,0.867,0.99,0.162,0.96,0.933,0.78,0.556,0.91,0.655,0.62,0.289,0.76,0.119,0.48,2600,1,145,0.91,0.9,125,55,0.882
Amsterdam,0.464,0.91,0.867,0.88,0.162,0.79,0.933,0.92,0.556,0.95,0.655,0.78,0.289,0.86,0.119,0.65,2600,1,175,0.96,0.68,155,65,0.8783
Dubai,0.464,0.96,0.867,0.63,0.162,0.91,0.933,0.92,0.556,0.72,0.655,0.68,0.289,0.99,0.119,0.91,2600,1,190,0.58,0.96,175,70,0.8307
London,0.605,0.94,0.239,0.97,0.789,0.91,0.08,0.95,0.918,0.98,0.499,0.76,0.615,0.98,0.111,0.55,2200,0,210,0.89,0.64,190,75,0.8832
Barcelona,0.605,0.96,0.239,0.84,0.789,0.94,0.08,0.96,0.918,0.82,0.499,0.82,0.615,0.88,0.111,0.72,2200,0,150,0.93,0.94,130,58,0.8492
Amsterdam,0.605,0.91,0.239,0.88,0.789,0.79,0.08,0.92,0.918,0.95,0.499,0.78,0.615,0.86,0.111,0.65,2200,0,175,0.96,0.68,155,65,0.8215
Switzerland,0.605,0.79,0.239,0.78,0.789,0.82,0.08,0.58,0.918,0.75,0.499,0.99,0.615,0.76,0.111,0.98,2200,0,240,0.88,0.78,220,90,0.8339
Rome,0.605,0.97,0.239,0.99,0.789,0.96,0.08,0.78,0.918,0.91,0.499,0.62,0.615,0.76,0.111,0.48,2200,0,145,0.91,0.9,125,55,0.8407
New York,0.605,0.94,0.239,0.82,0.789,0.96,0.08,0.99,0.918,0.97,0.499,0.71,0.615,0.99,0.111,0.63,2200,0,230,0.92,0.76,210,85,0.852
Dubai,0.605,0.96,0.239,0.63,0.789,0.91,0.08,0.92,0.918,0.72,0.499,0.68,0.615,0.99,0.111,0.91,2200,0,190,0.58,0.96,175,70,0.8539
Paris,0.433,0.98,0.662,0.95,0.389,0.97,0.407,0.82,0.253,0.99,0.344,0.65,0.167,0.92,0.323,0.45,2600,1,180,0.95,0.82,160,70,0.8774
Barcelona,0.433,0.96,0.662,0.84,0.389,0.94,0.407,0.96,0.253,0.82,0.344,0.82,0.167,0.88,0.323,0.72,2600,1,150,0.93,0.94,130,58,0.9213
Tokyo,0.433,0.9,0.662,0.91,0.389,0.99,0.407,0.96,0.253,0.88,0.344,0.74,0.167,0.99,0.323,0.71,2600,1,165,0.91,0.79,135,60,0.8801
Paris,0.708,0.98,0.584,0.95,0.597,0.97,0.614,0.82,0.521,0.99,0.915,0.65,0.359,0.92,0.39,0.45,1500,0,180,0.95,0.82,160,70,0.8418
Tokyo,0.708,0.9,0.584,0.91,0.597,0.99,0.614,0.96,0.521,0.88,0.915,0.74,0.359,0.99,0.39,0.71,1500,0,165,0.91,0.79,135,60,0.8624
Rome,0.708,0.97,0.584,0.99,0.597,0.96,0.614,0.78,0.521,0.91,0.915,0.62,0.359,0.76,0.39,0.48,1500,0,145,0.91,0.9,125,55,0.8402
Singapore,0.433,0.91,0.348,0.72,0.663,0.98,0.402,0.85,0.366,0.79,0.778,0.94,0.296,0.97,0.146,0.79,1100,1,155,0.9,0.94,145,50,0.914
Barcelona,0.433,0.96,0.348,0.84,0.663,0.94,0.402,0.96,0.366,0.82,0.778,0.82,0.296,0.88,0.146,0.72,1100,1,150,0.93,0.94,130,58,0.9281
Dubai,0.433,0.96,0.348,0.63,0.663,0.91,0.402,0.92,0.366,0.72,0.778,0.68,0.296,0.99,0.146,0.91,1100,1,190,0.58,0.96,175,70,0.8412
Paris,0.367,0.98,0.259,0.95,0.874,0.97,0.476,0.82,0.663,0.99,0.083,0.65,0.859,0.92,0.654,0.45,1500,0,180,0.95,0.82,160,70,0.8656
Dubai,0.367,0.96,0.259,0.63,0.874,0.91,0.476,0.92,0.663,0.72,0.083,0.68,0.859,0.99,0.654,0.91,1500,0,190,0.58,0.96,175,70,0.8622
New York,0.367,0.94,0.259,0.82,0.874,0.96,0.476,0.99,0.663,0.97,0.083,0.71,0.859,0.99,0.654,0.63,1500,0,230,0.92,0.76,210,85,0.8833
Switzerland,0.367,0.79,0.259,0.78,0.874,0.82,0.476,0.58,0.663,0.75,0.083,0.99,0.859,0.76,0.654,0.98,1500,0,240,0.88,0.78,220,90,0.8043
Barcelona,0.778,0.96,0.103,0.84,0.005,0.94,0.968,0.96,0.98,0.82,0.412,0.82,0.541,0.88,0.059,0.72,1500,0,150,0.93,0.94,130,58,0.8621
New York,0.778,0.94,0.103,0.82,0.005,0.96,0.968,0.99,0.98,0.97,0.412,0.71,0.541,0.99,0.059,0.63,1500,0,230,0.92,0.76,210,85,0.8869
Istanbul,0.778,0.94,0.103,0.98,0.005,0.94,0.968,0.89,0.98,0.84,0.412,0.71,0.541,0.91,0.059,0.58,1500,0,85,0.84,0.88,65,32,0.8397
Paris,0.778,0.98,0.103,0.95,0.005,0.97,0.968,0.82,0.98,0.99,0.412,0.65,0.541,0.92,0.059,0.45,1500,0,180,0.95,0.82,160,70,0.8583
Singapore,0.778,0.91,0.103,0.72,0.005,0.98,0.968,0.85,0.98,0.79,0.412,0.94,0.541,0.97,0.059,0.79,1500,0,155,0.9,0.94,145,50,0.8801
Amsterdam,0.778,0.91,0.103,0.88,0.005,0.79,0.968,0.92,0.98,0.95,0.412,0.78,0.541,0.86,0.059,0.65,1500,0,175,0.96,0.68,155,65,0.8391
Bali,0.229,0.73,0.552,0.76,0.181,0.91,0.556,0.87,0.284,0.51,0.536,0.99,0.471,0.72,0.866,0.98,1300,1,90,0.62,0.95,70,35,0.8398
Istanbul,0.229,0.94,0.552,0.98,0.181,0.94,0.556,0.89,0.284,0.84,0.536,0.71,0.471,0.91,0.866,0.58,1300,1,85,0.84,0.88,65,32,0.8697
London,0.229,0.94,0.552,0.97,0.181,0.91,0.556,0.95,0.284,0.98,0.536,0.76,0.471,0.98,0.866,0.55,1300,1,210,0.89,0.64,190,75,0.8422
Paris,0.229,0.98,0.552,0.95,0.181,0.97,0.556,0.82,0.284,0.99,0.536,0.65,0.471,0.92,0.866,0.45,1300,1,180,0.95,0.82,160,70,0.8448
New York,0.229,0.94,0.552,0.82,0.181,0.96,0.556,0.99,0.284,0.97,0.536,0.71,0.471,0.99,0.866,0.63,1300,1,230,0.92,0.76,210,85,0.8484
Barcelona,0.229,0.96,0.552,0.84,0.181,0.94,0.556,0.96,0.284,0.82,0.536,0.82,0.471,0.88,0.866,0.72,1300,1,150,0.93,0.94,130,58,0.8864
Singapore,0.229,0.91,0.552,0.72,0.181,0.98,0.556,0.85,0.284,0.79,0.536,0.94,0.471,0.97,0.866,0.79,1300,1,155,0.9,0.94,145,50,0.9083
Switzerland,0.705,0.79,0.936,0.78,0.347,0.82,0.03,0.58,0.853,0.75,0.774,0.99,0.194,0.76,0.967,0.98,2600,0,240,0.88,0.78,220,90,0.8598
New York,0.705,0.94,0.936,0.82,0.347,0.96,0.03,0.99,0.853,0.97,0.774,0.71,0.194,0.99,0.967,0.63,2600,0,230,0.92,0.76,210,85,0.7972
Bali,0.705,0.73,0.936,0.76,0.347,0.91,0.03,0.87,0.853,0.51,0.774,0.99,0.194,0.72,0.967,0.98,2600,0,90,0.62,0.95,70,35,0.8479
Barcelona,0.705,0.96,0.936,0.84,0.347,0.94,0.03,0.96,0.853,0.82,0.774,0.82,0.194,0.88,0.967,0.72,2600,0,150,0.93,0.94,130,58,0.8352
Paris,0.64,0.98,0.936,0.95,0.359,0.97,0.489,0.82,0.981,0.99,0.599,0.65,0.464,0.92,0.24,0.45,1100,0,180,0.95,0.82,160,70,0.8684
London,0.64,0.94,0.936,0.97,0.359,0.91,0.489,0.95,0.981,0.98,0.599,0.76,0.464,0.98,0.24,0.55,1100,0,210,0.89,0.64,190,75,0.883
Rome,0.64,0.97,0.936,0.99,0.359,0.96,0.489,0.78,0.981,0.91,0.599,0.62,0.464,0.76,0.24,0.48,1100,0,145,0.91,0.9,125,55,0.8611
New York,0.329,0.94,0.301,0.82,0.613,0.96,0.872,0.99,0.126,0.97,0.762,0.71,0.761,0.99,0.096,0.63,1500,1,230,0.92,0.76,210,85,0.8865
Dubai,0.329,0.96,0.301,0.63,0.613,0.91,0.872,0.92,0.126,0.72,0.762,0.68,0.761,0.99,0.096,0.91,1500,1,190,0.58,0.96,175,70,0.8486
Singapore,0.329,0.91,0.301,0.72,0.613,0.98,0.872,0.85,0.126,0.79,0.762,0.94,0.761,0.97,0.096,0.79,1500,1,155,0.9,0.94,145,50,0.9267
London,0.329,0.94,0.301,0.97,0.613,0.91,0.872,0.95,0.126,0.98,0.762,0.76,0.761,0.98,0.096,0.55,1500,1,210,0.89,0.64,190,75,0.898
Barcelona,0.329,0.96,0.301,0.84,0.613,0.94,0.872,0.96,0.126,0.82,0.762,0.82,0.761,0.88,0.096,0.72,1500,1,150,0.93,0.94,130,58,0.9286
Istanbul,0.329,0.94,0.301,0.98,0.613,0.94,0.872,0.89,0.126,0.84,0.762,0.71,0.761,0.91,0.096,0.58,1500,1,85,0.84,0.88,65,32,0.8691
Amsterdam,0.222,0.91,0.344,0.88,0.981,0.79,0.559,0.92,0.71,0.95,0.025,0.78,0.995,0.86,0.465,0.65,900,0,175,0.96,0.68,155,65,0.8379
Switzerland,0.222,0.79,0.344,0.78,0.981,0.82,0.559,0.58,0.71,0.75,0.025,0.99,0.995,0.76,0.465,0.98,900,0,240,0.88,0.78,220,90,0.8051
Bali,0.222,0.73,0.344,0.76,0.981,0.91,0.559,0.87,0.71,0.51,0.025,0.99,0.995,0.72,0.465,0.98,900,0,90,0.62,0.95,70,35,0.8015
Bali,0.918,0.73,0.24,0.76,0.72,0.91,0.596,0.87,0.014,0.51,0.814,0.99,0.553,0.72,0.958,0.98,2600,1,90,0.62,0.95,70,35,0.8974
London,0.918,0.94,0.24,0.97,0.72,0.91,0.596,0.95,0.014,0.98,0.814,0.76,0.553,0.98,0.958,0.55,2600,1,210,0.89,0.64,190,75,0.829
Paris,0.918,0.98,0.24,0.95,0.72,0.97,0.596,0.82,0.014,0.99,0.814,0.65,0.553,0.92,0.958,0.45,2600,1,180,0.95,0.82,160,70,0.8464
New York,0.918,0.94,0.24,0.82,0.72,0.96,0.596,0.99,0.014,0.97,0.814,0.71,0.553,0.99,0.958,0.63,2600,1,230,0.92,0.76,210,85,0.9003
Switzerland,0.918,0.79,0.24,0.78,0.72,0.82,0.596,0.58,0.014,0.75,0.814,0.99,0.553,0.76,0.958,0.98,2600,1,240,0.88,0.78,220,90,0.871
Rome,0.918,0.97,0.24,0.99,0.72,0.96,0.596,0.78,0.014,0.91,0.814,0.62,0.553,0.76,0.958,0.48,2600,1,145,0.91,0.9,125,55,0.8174
Singapore,0.918,0.91,0.24,0.72,0.72,0.98,0.596,0.85,0.014,0.79,0.814,0.94,0.553,0.97,0.958,0.79,2600,1,155,0.9,0.94,145,50,0.9087
London,0.894,0.94,0.52,0.97,0.801,0.91,0.429,0.95,0.377,0.98,0.728,0.76,0.389,0.98,0.42,0.55,1300,0,210,0.89,0.64,190,75,0.8336
Tokyo,0.894,0.9,0.52,0.91,0.801,0.99,0.429,0.96,0.377,0.88,0.728,0.74,0.389,0.99,0.42,0.71,1300,0,165,0.91,0.79,135,60,0.8575
Singapore,0.894,0.91,0.52,0.72,0.801,0.98,0.429,0.85,0.377,0.79,0.728,0.94,0.389,0.97,0.42,0.79,1300,0,155,0.9,0.94,145,50,0.854
Paris,0.894,0.98,0.52,0.95,0.801,0.97,0.429,0.82,0.377,0.99,0.728,0.65,0.389,0.92,0.42,0.45,1300,0,180,0.95,0.82,160,70,0.8305
Rome,0.894,0.97,0.52,0.99,0.801,0.96,0.429,0.78,0.377,0.91,0.728,0.62,0.389,0.76,0.42,0.48,1300,0,145,0.91,0.9,125,55,0.8454
Amsterdam,0.894,0.91,0.52,0.88,0.801,0.79,0.429,0.92,0.377,0.95,0.728,0.78,0.389,0.86,0.42,0.65,1300,0,175,0.96,0.68,155,65,0.8009
London,0.588,0.94,0.552,0.97,0.14,0.91,0.22,0.95,0.02,0.98,0.28,0.76,0.479,0.98,0.398,0.55,1100,1,210,0.89,0.64,190,75,0.8698
Istanbul,0.588,0.94,0.552,0.98,0.14,0.94,0.22,0.89,0.02,0.84,0.28,0.71,0.479,0.91,0.398,0.58,1100,1,85,0.84,0.88,65,32,0.9071
Singapore,0.588,0.91,0.552,0.72,0.14,0.98,0.22,0.85,0.02,0.79,0.28,0.94,0.479,0.97,0.398,0.79,1100,1,155,0.9,0.94,145,50,0.8783
Bali,0.588,0.73,0.552,0.76,0.14,0.91,0.22,0.87,0.02,0.51,0.28,0.99,0.479,0.72,0.398,0.98,1100,1,90,0.62,0.95,70,35,0.8369
Barcelona,0.588,0.96,0.552,0.84,0.14,0.94,0.22,0.96,0.02,0.82,0.28,0.82,0.479,0.88,0.398,0.72,1100,1,150,0.93,0.94,130,58,0.8923
Tokyo,0.744,0.9,0.901,0.91,0.174,0.99,0.301,0.96,0.005,0.88,0.032,0.74,0.08,0.99,0.709,0.71,1500,0,165,0.91,0.79,135,60,0.8524
Amsterdam,0.744,0.91,0.901,0.88,0.174,0.79,0.301,0.92,0.005,0.95,0.032,0.78,0.08,0.86,0.709,0.65,1500,0,175,0.96,0.68,155,65,0.8065
Dubai,0.744,0.96,0.901,0.63,0.174,0.91,0.301,0.92,0.005,0.72,0.032,0.68,0.08,0.99,0.709,0.91,1500,0,190,0.58,0.96,175,70,0.8375
Rome,0.744,0.97,0.901,0.99,0.174,0.96,0.301,0.78,0.005,0.91,0.032,0.62,0.08,0.76,0.709,0.48,1500,0,145,0.91,0.9,125,55,0.86
Istanbul,0.744,0.94,0.901,0.98,0.174,0.94,0.301,0.89,0.005,0.84,0.032,0.71,0.08,0.91,0.709,0.58,1500,0,85,0.84,0.88,65,32,0.8736
Bali,0.384,0.73,0.834,0.76,0.563,0.91,0.379,0.87,0.162,0.51,0.165,0.99,0.452,0.72,0.239,0.98,1300,0,90,0.62,0.95,70,35,0.8216
Tokyo,0.384,0.9,0.834,0.91,0.563,0.99,0.379,0.96,0.162,0.88,0.165,0.74,0.452,0.99,0.239,0.71,1300,0,165,0.91,0.79,135,60,0.8995
Istanbul,0.384,0.94,0.834,0.98,0.563,0.94,0.379,0.89,0.162,0.84,0.165,0.71,0.452,0.91,0.239,0.58,1300,0,85,0.84,0.88,65,32,0.8931
London,0.384,0.94,0.834,0.97,0.563,0.91,0.379,0.95,0.162,0.98,0.165,0.76,0.452,0.98,0.239,0.55,1300,0,210,0.89,0.64,190,75,0.8528
Barcelona,0.538,0.96,0.81,0.84,0.525,0.94,0.226,0.96,0.28,0.82,0.912,0.82,0.14,0.88,0.435,0.72,1100,0,150,0.93,0.94,130,58,0.8414
Rome,0.538,0.97,0.81,0.99,0.525,0.96,0.226,0.78,0.28,0.91,0.912,0.62,0.14,0.76,0.435,0.48,1100,0,145,0.91,0.9,125,55,0.8088
Singapore,0.538,0.91,0.81,0.72,0.525,0.98,0.226,0.85,0.28,0.79,0.912,0.94,0.14,0.97,0.435,0.79,1100,0,155,0.9,0.94,145,50,0.852
London,0.538,0.94,0.81,0.97,0.525,0.91,0.226,0.95,0.28,0.98,0.912,0.76,0.14,0.98,0.435,0.55,1100,0,210,0.89,0.64,190,75,0.8258
Istanbul,0.538,0.94,0.81,0.98,0.525,0.94,0.226,0.89,0.28,0.84,0.912,0.71,0.14,0.91,0.435,0.58,1100,0,85,0.84,0.88,65,32,0.8455
New York,0.538,0.94,0.81,0.82,0.525,0.96,0.226,0.99,0.28,0.97,0.912,0.71,0.14,0.99,0.435,0.63,1100,0,230,0.92,0.76,210,85,0.8407
Barcelona,0.905,0.96,0.359,0.84,0.241,0.94,0.176,0.96,0.406,0.82,0.604,0.82,0.475,0.88,0.991,0.72,700,1,150,0.93,0.94,130,58,0.8769
Tokyo,0.905,0.9,0.359,0.91,0.241,0.99,0.176,0.96,0.406,0.88,0.604,0.74,0.475,0.99,0.991,0.71,700,1,165,0.91,0.79,135,60,0.8656
Paris,0.905,0.98,0.359,0.95,0.241,0.97,0.176,0.82,0.406,0.99,0.604,0.65,0.475,0.92,0.991,0.45,700,1,180,0.95,0.82,160,70,0.8338
Amsterdam,0.905,0.91,0.359,0.88,0.241,0.79,0.176,0.92,0.406,0.95,0.604,0.78,0.475,0.86,0.991,0.65,700,1,175,0.96,0.68,155,65,0.8322
Tokyo,0.532,0.9,0.938,0.91,0.358,0.99,0.185,0.96,0.045,0.88,0.095,0.74,0.585,0.99,0.106,0.71,1300,0,165,0.91,0.79,135,60,0.8888
Bali,0.532,0.73,0.938,0.76,0.358,0.91,0.185,0.87,0.045,0.51,0.095,0.99,0.585,0.72,0.106,0.98,1300,0,90,0.62,0.95,70,35,0.7947
Amsterdam,0.532,0.91,0.938,0.88,0.358,0.79,0.185,0.92,0.045,0.95,0.095,0.78,0.585,0.86,0.106,0.65,1300,0,175,0.96,0.68,155,65,0.8133
Singapore,0.532,0.91,0.938,0.72,0.358,0.98,0.185,0.85,0.045,0.79,0.095,0.94,0.585,0.97,0.106,0.79,1300,0,155,0.9,0.94,145,50,0.8374
New York,0.022,0.94,0.709,0.82,0.648,0.96,0.43,0.99,0.377,0.97,0.184,0.71,0.341,0.99,0.716,0.63,1500,1,230,0.92,0.76,210,85,0.9053
Tokyo,0.022,0.9,0.709,0.91,0.648,0.99,0.43,0.96,0.377,0.88,0.184,0.74,0.341,0.99,0.716,0.71,1500,1,165,0.91,0.79,135,60,0.8915
Switzerland,0.022,0.79,0.709,0.78,0.648,0.82,0.43,0.58,0.377,0.75,0.184,0.99,0.341,0.76,0.716,0.98,1500,1,240,0.88,0.78,220,90,0.8635
Dubai,0.579,0.96,0.622,0.63,0.899,0.91,0.227,0.92,0.286,0.72,0.78,0.68,0.727,0.99,0.977,0.91,1100,0,190,0.58,0.96,175,70,0.8528
Switzerland,0.579,0.79,0.622,0.78,0.899,0.82,0.227,0.58,0.286,0.75,0.78,0.99,0.727,0.76,0.977,0.98,1100,0,240,0.88,0.78,220,90,0.8492
Singapore,0.579,0.91,0.622,0.72,0.899,0.98,0.227,0.85,0.286,0.79,0.78,0.94,0.727,0.97,0.977,0.79,1100,0,155,0.9,0.94,145,50,0.8854
Istanbul,0.285,0.94,0.377,0.98,0.441,0.94,0.288,0.89,0.245,0.84,0.013,0.71,0.74,0.91,0.615,0.58,1800,0,85,0.84,0.88,65,32,0.8586
Rome,0.285,0.97,0.377,0.99,0.441,0.96,0.288,0.78,0.245,0.91,0.013,0.62,0.74,0.76,0.615,0.48,1800,0,145,0.91,0.9,125,55,0.8086
Switzerland,0.285,0.79,0.377,0.78,0.441,0.82,0.288,0.58,0.245,0.75,0.013,0.99,0.74,0.76,0.615,0.98,1800,0,240,0.88,0.78,220,90,0.8015
Singapore,0.285,0.91,0.377,0.72,0.441,0.98,0.288,0.85,0.245,0.79,0.013,0.94,0.74,0.97,0.615,0.79,1800,0,155,0.9,0.94,145,50,0.8747
New York,0.285,0.94,0.377,0.82,0.441,0.96,0.288,0.99,0.245,0.97,0.013,0.71,0.74,0.99,0.615,0.63,1800,0,230,0.92,0.76,210,85,0.8632
Amsterdam,0.285,0.91,0.377,0.88,0.441,0.79,0.288,0.92,0.245,0.95,0.013,0.78,0.74,0.86,0.615,0.65,1800,0,175,0.96,0.68,155,65,0.827
Dubai,0.285,0.96,0.377,0.63,0.441,0.91,0.288,0.92,0.245,0.72,0.013,0.68,0.74,0.99,0.615,0.91,1800,0,190,0.58,0.96,175,70,0.8546
Amsterdam,0.027,0.91,0.575,0.88,0.554,0.79,0.821,0.92,0.648,0.95,0.477,0.78,0.055,0.86,0.662,0.65,700,0,175,0.96,0.68,155,65,0.8179
Rome,0.027,0.97,0.575,0.99,0.554,0.96,0.821,0.78,0.648,0.91,0.477,0.62,0.055,0.76,0.662,0.48,700,0,145,0.91,0.9,125,55,0.8157
Switzerland,0.027,0.79,0.575,0.78,0.554,0.82,0.821,0.58,0.648,0.75,0.477,0.99,0.055,0.76,0.662,0.98,700,0,240,0.88,0.78,220,90,0.8284
Dubai,0.027,0.96,0.575,0.63,0.554,0.91,0.821,0.92,0.648,0.72,0.477,0.68,0.055,0.99,0.662,0.91,700,0,190,0.58,0.96,175,70,0.8085
Dubai,0.629,0.96,0.478,0.63,0.428,0.91,0.335,0.92,0.135,0.72,0.198,0.68,0.486,0.99,0.539,0.91,1100,0,190,0.58,0.96,175,70,0.8749
Switzerland,0.629,0.79,0.478,0.78,0.428,0.82,0.335,0.58,0.135,0.75,0.198,0.99,0.486,0.76,0.539,0.98,1100,0,240,0.88,0.78,220,90,0.8065
New York,0.629,0.94,0.478,0.82,0.428,0.96,0.335,0.99,0.135,0.97,0.198,0.71,0.486,0.99,0.539,0.63,1100,0,230,0.92,0.76,210,85,0.8358
London,0.629,0.94,0.478,0.97,0.428,0.91,0.335,0.95,0.135,0.98,0.198,0.76,0.486,0.98,0.539,0.55,1100,0,210,0.89,0.64,190,75,0.8377
Istanbul,0.083,0.94,0.846,0.98,0.606,0.94,0.193,0.89,0.04,0.84,0.939,0.71,0.245,0.91,0.83,0.58,1300,0,85,0.84,0.88,65,32,0.8104
Rome,0.083,0.97,0.846,0.99,0.606,0.96,0.193,0.78,0.04,0.91,0.939,0.62,0.245,0.76,0.83,0.48,1300,0,145,0.91,0.9,125,55,0.7849
Amsterdam,0.083,0.91,0.846,0.88,0.606,0.79,0.193,0.92,0.04,0.95,0.939,0.78,0.245,0.86,0.83,0.65,1300,0,175,0.96,0.68,155,65,0.8014
Barcelona,0.083,0.96,0.846,0.84,0.606,0.94,0.193,0.96,0.04,0.82,0.939,0.82,0.245,0.88,0.83,0.72,1300,0,150,0.93,0.94,130,58,0.8456
Tokyo,0.38,0.9,0.613,0.91,0.127,0.99,0.479,0.96,0.964,0.88,0.714,0.74,0.103,0.99,0.659,0.71,1300,1,165,0.91,0.79,135,60,0.8618
Bali,0.38,0.73,0.613,0.76,0.127,0.91,0.479,0.87,0.964,0.51,0.714,0.99,0.103,0.72,0.659,0.98,1300,1,90,0.62,0.95,70,35,0.8112
Rome,0.38,0.97,0.613,0.99,0.127,0.96,0.479,0.78,0.964,0.91,0.714,0.62,0.103,0.76,0.659,0.48,1300,1,145,0.91,0.9,125,55,0.8682
Istanbul,0.38,0.94,0.613,0.98,0.127,0.94,0.479,0.89,0.964,0.84,0.714,0.71,0.103,0.91,0.659,0.58,1300,1,85,0.84,0.88,65,32,0.87
Amsterdam,0.38,0.91,0.613,0.88,0.127,0.79,0.479,0.92,0.964,0.95,0.714,0.78,0.103,0.86,0.659,0.65,1300,1,175,0.96,0.68,155,65,0.848
London,0.38,0.94,0.613,0.97,0.127,0.91,0.479,0.95,0.964,0.98,0.714,0.76,0.103,0.98,0.659,0.55,1300,1,210,0.89,0.64,190,75,0.8633
Barcelona,0.353,0.96,0.7,0.84,0.393,0.94,0.184,0.96,0.445,0.82,0.793,0.82,0.22,0.88,0.887,0.72,900,0,150,0.93,0.94,130,58,0.8657
London,0.353,0.94,0.7,0.97,0.393,0.91,0.184,0.95,0.445,0.98,0.793,0.76,0.22,0.98,0.887,0.55,900,0,210,0.89,0.64,190,75,0.8094
Tokyo,0.353,0.9,0.7,0.91,0.393,0.99,0.184,0.96,0.445,0.88,0.793,0.74,0.22,0.99,0.887,0.71,900,0,165,0.91,0.79,135,60,0.8508
Bali,0.353,0.73,0.7,0.76,0.393,0.91,0.184,0.87,0.445,0.51,0.793,0.99,0.22,0.72,0.887,0.98,900,0,90,0.62,0.95,70,35,0.8589
Amsterdam,0.353,0.91,0.7,0.88,0.393,0.79,0.184,0.92,0.445,0.95,0.793,0.78,0.22,0.86,0.887,0.65,900,0,175,0.96,0.68,155,65,0.7953
Dubai,0.353,0.96,0.7,0.63,0.393,0.91,0.184,0.92,0.445,0.72,0.793,0.68,0.22,0.99,0.887,0.91,900,0,190,0.58,0.96,175,70,0.8403
Paris,0.614,0.98,0.977,0.95,0.26,0.97,0.441,0.82,0.294,0.99,0.426,0.65,0.165,0.92,0.814,0.45,1500,1,180,0.95,0.82,160,70,0.8688
London,0.614,0.94,0.977,0.97,0.26,0.91,0.441,0.95,0.294,0.98,0.426,0.76,0.165,0.98,0.814,0.55,1500,1,210,0.89,0.64,190,75,0.8551
Dubai,0.614,0.96,0.977,0.63,0.26,0.91,0.441,0.92,0.294,0.72,0.426,0.68,0.165,0.99,0.814,0.91,1500,1,190,0.58,0.96,175,70,0.8659
Dubai,0.579,0.96,0.971,0.63,0.419,0.91,0.383,0.92,0.929,0.72,0.859,0.68,0.143,0.99,0.672,0.91,2200,0,190,0.58,0.96,175,70,0.7952
Singapore,0.579,0.91,0.971,0.72,0.419,0.98,0.383,0.85,0.929,0.79,0.859,0.94,0.143,0.97,0.672,0.79,2200,0,155,0.9,0.94,145,50,0.8464
Barcelona,0.579,0.96,0.971,0.84,0.419,0.94,0.383,0.96,0.929,0.82,0.859,0.82,0.143,0.88,0.672,0.72,2200,0,150,0.93,0.94,130,58,0.8675
Amsterdam,0.579,0.91,0.971,0.88,0.419,0.79,0.383,0.92,0.929,0.95,0.859,0.78,0.143,0.86,0.672,0.65,2200,0,175,0.96,0.68,155,65,0.8117
Tokyo,0.579,0.9,0.971,0.91,0.419,0.99,0.383,0.96,0.929,0.88,0.859,0.74,0.143,0.99,0.672,0.71,2200,0,165,0.91,0.79,135,60,0.8636
Switzerland,0.579,0.79,0.971,0.78,0.419,0.82,0.383,0.58,0.929,0.75,0.859,0.99,0.143,0.76,0.672,0.98,2200,0,240,0.88,0.78,220,90,0.8422
New York,0.073,0.94,0.576,0.82,0.301,0.96,0.869,0.99,0.657,0.97,0.901,0.71,0.186,0.99,0.787,0.63,1500,1,230,0.92,0.76,210,85,0.8822
Switzerland,0.073,0.79,0.576,0.78,0.301,0.82,0.869,0.58,0.657,0.75,0.901,0.99,0.186,0.76,0.787,0.98,1500,1,240,0.88,0.78,220,90,0.8545
Paris,0.073,0.98,0.576,0.95,0.301,0.97,0.869,0.82,0.657,0.99,0.901,0.65,0.186,0.92,0.787,0.45,1500,1,180,0.95,0.82,160,70,0.8627
London,0.073,0.94,0.576,0.97,0.301,0.91,0.869,0.95,0.657,0.98,0.901,0.76,0.186,0.98,0.787,0.55,1500,1,210,0.89,0.64,190,75,0.853
Tokyo,0.073,0.9,0.576,0.91,0.301,0.99,0.869,0.96,0.657,0.88,0.901,0.74,0.186,0.99,0.787,0.71,1500,1,165,0.91,0.79,135,60,0.8999
Amsterdam,0.073,0.91,0.576,0.88,0.301,0.79,0.869,0.92,0.657,0.95,0.901,0.78,0.186,0.86,0.787,0.65,1500,1,175,0.96,0.68,155,65,0.8514
Singapore,0.655,0.91,0.459,0.72,0.204,0.98,0.65,0.85,0.53,0.79,0.094,0.94,0.453,0.97,0.681,0.79,1100,0,155,0.9,0.94,145,50,0.8747
Switzerland,0.655,0.79,0.459,0.78,0.204,0.82,0.65,0.58,0.53,0.75,0.094,0.99,0.453,0.76,0.681,0.98,1100,0,240,0.88,0.78,220,90,0.8085
Barcelona,0.655,0.96,0.459,0.84,0.204,0.94,0.65,0.96,0.53,0.82,0.094,0.82,0.453,0.88,0.681,0.72,1100,0,150,0.93,0.94,130,58,0.8527
Paris,0.655,0.98,0.459,0.95,0.204,0.97,0.65,0.82,0.53,0.99,0.094,0.65,0.453,0.92,0.681,0.45,1100,0,180,0.95,0.82,160,70,0.8123
Rome,0.923,0.97,0.488,0.99,0.766,0.96,0.445,0.78,0.395,0.91,0.407,0.62,0.22,0.76,0.141,0.48,2200,0,145,0.91,0.9,125,55,0.8835
Istanbul,0.923,0.94,0.488,0.98,0.766,0.94,0.445,0.89,0.395,0.84,0.407,0.71,0.22,0.91,0.141,0.58,2200,0,85,0.84,0.88,65,32,0.8876
Barcelona,0.923,0.96,0.488,0.84,0.766,0.94,0.445,0.96,0.395,0.82,0.407,0.82,0.22,0.88,0.141,0.72,2200,0,150,0.93,0.94,130,58,0.8587
Dubai,0.949,0.96,0.049,0.63,0.888,0.91,0.676,0.92,0.292,0.72,0.918,0.68,0.127,0.99,0.817,0.91,1300,0,190,0.58,0.96,175,70,0.8407
Singapore,0.949,0.91,0.049,0.72,0.888,0.98,0.676,0.85,0.292,0.79,0.918,0.94,0.127,0.97,0.817,0.79,1300,0,155,0.9,0.94,145,50,0.8936
Bali,0.949,0.73,0.049,0.76,0.888,0.91,0.676,0.87,0.292,0.51,0.918,0.99,0.127,0.72,0.817,0.98,1300,0,90,0.62,0.95,70,35,0.8469
Istanbul,0.949,0.94,0.049,0.98,0.888,0.94,0.676,0.89,0.292,0.84,0.918,0.71,0.127,0.91,0.817,0.58,1300,0,85,0.84,0.88,65,32,0.8533
Bali,0.54,0.73,0.405,0.76,0.724,0.91,0.638,0.87,0.697,0.51,0.381,0.99,0.852,0.72,0.64,0.98,1500,1,90,0.62,0.95,70,35,0.8245
Barcelona,0.54,0.96,0.405,0.84,0.724,0.94,0.638,0.96,0.697,0.82,0.381,0.82,0.852,0.88,0.64,0.72,1500,1,150,0.93,0.94,130,58,0.9201
Paris,0.54,0.98,0.405,0.95,0.724,0.97,0.638,0.82,0.697,0.99,0.381,0.65,0.852,0.92,0.64,0.45,1500,1,180,0.95,0.82,160,70,0.865
New York,0.54,0.94,0.405,0.82,0.724,0.96,0.638,0.99,0.697,0.97,0.381,0.71,0.852,0.99,0.64,0.63,1500,1,230,0.92,0.76,210,85,0.9227
Tokyo,0.54,0.9,0.405,0.91,0.724,0.99,0.638,0.96,0.697,0.88,0.381,0.74,0.852,0.99,0.64,0.71,1500,1,165,0.91,0.79,135,60,0.8908
Amsterdam,0.54,0.91,0.405,0.88,0.724,0.79,0.638,0.92,0.697,0.95,0.381,0.78,0.852,0.86,0.64,0.65,1500,1,175,0.96,0.68,155,65,0.8763
Dubai,0.764,0.96,0.094,0.63,0.564,0.91,0.215,0.92,0.05,0.72,0.653,0.68,0.89,0.99,0.001,0.91,900,1,190,0.58,0.96,175,70,0.8882
Rome,0.764,0.97,0.094,0.99,0.564,0.96,0.215,0.78,0.05,0.91,0.653,0.62,0.89,0.76,0.001,0.48,900,1,145,0.91,0.9,125,55,0.8544
Singapore,0.764,0.91,0.094,0.72,0.564,0.98,0.215,0.85,0.05,0.79,0.653,0.94,0.89,0.97,0.001,0.79,900,1,155,0.9,0.94,145,50,0.9666
Tokyo,0.764,0.9,0.094,0.91,0.564,0.99,0.215,0.96,0.05,0.88,0.653,0.74,0.89,0.99,0.001,0.71,900,1,165,0.91,0.79,135,60,0.9289
Paris,0.764,0.98,0.094,0.95,0.564,0.97,0.215,0.82,0.05,0.99,0.653,0.65,0.89,0.92,0.001,0.45,900,1,180,0.95,0.82,160,70,0.911
Switzerland,0.757,0.79,0.735,0.78,0.286,0.82,0.638,0.58,0.061,0.75,0.061,0.99,0.242,0.76,0.349,0.98,2200,1,240,0.88,0.78,220,90,0.8123
Amsterdam,0.757,0.91,0.735,0.88,0.286,0.79,0.638,0.92,0.061,0.95,0.061,0.78,0.242,0.86,0.349,0.65,2200,1,175,0.96,0.68,155,65,0.8864
Tokyo,0.757,0.9,0.735,0.91,0.286,0.99,0.638,0.96,0.061,0.88,0.061,0.74,0.242,0.99,0.349,0.71,2200,1,165,0.91,0.79,135,60,0.8932
London,0.515,0.94,0.217,0.97,0.31,0.91,0.32,0.95,0.506,0.98,0.197,0.76,0.624,0.98,0.012,0.55,2200,1,210,0.89,0.64,190,75,0.9063
Singapore,0.515,0.91,0.217,0.72,0.31,0.98,0.32,0.85,0.506,0.79,0.197,0.94,0.624,0.97,0.012,0.79,2200,1,155,0.9,0.94,145,50,0.8968
Rome,0.515,0.97,0.217,0.99,0.31,0.96,0.32,0.78,0.506,0.91,0.197,0.62,0.624,0.76,0.012,0.48,2200,1,145,0.91,0.9,125,55,0.9187
Switzerland,0.515,0.79,0.217,0.78,0.31,0.82,0.32,0.58,0.506,0.75,0.197,0.99,0.624,0.76,0.012,0.98,2200,1,240,0.88,0.78,220,90,0.8041
New York,0.515,0.94,0.217,0.82,0.31,0.96,0.32,0.99,0.506,0.97,0.197,0.71,0.624,0.99,0.012,0.63,2200,1,230,0.92,0.76,210,85,0.95
Istanbul,0.515,0.94,0.217,0.98,0.31,0.94,0.32,0.89,0.506,0.84,0.197,0.71,0.624,0.91,0.012,0.58,2200,1,85,0.84,0.88,65,32,0.9225
Dubai,0.657,0.96,0.405,0.63,0.606,0.91,0.694,0.92,0.646,0.72,0.204,0.68,0.702,0.99,0.436,0.91,900,1,190,0.58,0.96,175,70,0.8778
Istanbul,0.657,0.94,0.405,0.98,0.606,0.94,0.694,0.89,0.646,0.84,0.204,0.71,0.702,0.91,0.436,0.58,900,1,85,0.84,0.88,65,32,0.9098
New York,0.657,0.94,0.405,0.82,0.606,0.96,0.694,0.99,0.646,0.97,0.204,0.71,0.702,0.99,0.436,0.63,900,1,230,0.92,0.76,210,85,0.9084
Switzerland,0.657,0.79,0.405,0.78,0.606,0.82,0.694,0.58,0.646,0.75,0.204,0.99,0.702,0.76,0.436,0.98,900,1,240,0.88,0.78,220,90,0.8252
Rome,0.657,0.97,0.405,0.99,0.606,0.96,0.694,0.78,0.646,0.91,0.204,0.62,0.702,0.76,0.436,0.48,900,1,145,0.91,0.9,125,55,0.8919
Paris,0.657,0.98,0.405,0.95,0.606,0.97,0.694,0.82,0.646,0.99,0.204,0.65,0.702,0.92,0.436,0.45,900,1,180,0.95,0.82,160,70,0.9022
London,0.657,0.94,0.405,0.97,0.606,0.91,0.694,0.95,0.646,0.98,0.204,0.76,0.702,0.98,0.436,0.55,900,1,210,0.89,0.64,190,75,0.9042
Switzerland,0.16,0.79,0.066,0.78,0.87,0.82,0.719,0.58,0.865,0.75,0.333,0.99,0.979,0.76,0.207,0.98,1300,1,240,0.88,0.78,220,90,0.8194
New York,0.16,0.94,0.066,0.82,0.87,0.96,0.719,0.99,0.865,0.97,0.333,0.71,0.979,0.99,0.207,0.63,1300,1,230,0.92,0.76,210,85,0.9394
Rome,0.16,0.97,0.066,0.99,0.87,0.96,0.719,0.78,0.865,0.91,0.333,0.62,0.979,0.76,0.207,0.48,1300,1,145,0.91,0.9,125,55,0.8768
Tokyo,0.16,0.9,0.066,0.91,0.87,0.99,0.719,0.96,0.865,0.88,0.333,0.74,0.979,0.99,0.207,0.71,1300,1,165,0.91,0.79,135,60,0.9117
Dubai,0.16,0.96,0.066,0.63,0.87,0.91,0.719,0.92,0.865,0.72,0.333,0.68,0.979,0.99,0.207,0.91,1300,1,190,0.58,0.96,175,70,0.8989
New York,0.987,0.94,0.579,0.82,0.593,0.96,0.761,0.99,0.163,0.97,0.159,0.71,0.4,0.99,0.142,0.63,2600,1,230,0.92,0.76,210,85,0.9415
Paris,0.987,0.98,0.579,0.95,0.593,0.97,0.761,0.82,0.163,0.99,0.159,0.65,0.4,0.92,0.142,0.45,2600,1,180,0.95,0.82,160,70,0.9146
Rome,0.987,0.97,0.579,0.99,0.593,0.96,0.761,0.78,0.163,0.91,0.159,0.62,0.4,0.76,0.142,0.48,2600,1,145,0.91,0.9,125,55,0.9055
Tokyo,0.987,0.9,0.579,0.91,0.593,0.99,0.761,0.96,0.163,0.88,0.159,0.74,0.4,0.99,0.142,0.71,2600,1,165,0.91,0.79,135,60,0.942
London,0.987,0.94,0.579,0.97,0.593,0.91,0.761,0.95,0.163,0.98,0.159,0.76,0.4,0.98,0.142,0.55,2600,1,210,0.89,0.64,190,75,0.8836
New York,0.875,0.94,0.202,0.82,0.152,0.96,0.515,0.99,0.205,0.97,0.901,0.71,0.462,0.99,0.479,0.63,2200,1,230,0.92,0.76,210,85,0.8746
Switzerland,0.875,0.79,0.202,0.78,0.152,0.82,0.515,0.58,0.205,0.75,0.901,0.99,0.462,0.76,0.479,0.98,2200,1,240,0.88,0.78,220,90,0.8747
Amsterdam,0.875,0.91,0.202,0.88,0.152,0.79,0.515,0.92,0.205,0.95,0.901,0.78,0.462,0.86,0.479,0.65,2200,1,175,0.96,0.68,155,65,0.8444
London,0.875,0.94,0.202,0.97,0.152,0.91,0.515,0.95,0.205,0.98,0.901,0.76,0.462,0.98,0.479,0.55,2200,1,210,0.89,0.64,190,75,0.858
Tokyo,0.875,0.9,0.202,0.91,0.152,0.99,0.515,0.96,0.205,0.88,0.901,0.74,0.462,0.99,0.479,0.71,2200,1,165,0.91,0.79,135,60,0.9048
Paris,0.875,0.98,0.202,0.95,0.152,0.97,0.515,0.82,0.205,0.99,0.901,0.65,0.462,0.92,0.479,0.45,2200,1,180,0.95,0.82,160,70,0.853
Singapore,0.875,0.91,0.202,0.72,0.152,0.98,0.515,0.85,0.205,0.79,0.901,0.94,0.462,0.97,0.479,0.79,2200,1,155,0.9,0.94,145,50,0.9064
Switzerland,0.106,0.79,0.239,0.78,0.804,0.82,0.467,0.58,0.19,0.75,0.915,0.99,0.535,0.76,0.564,0.98,2600,0,240,0.88,0.78,220,90,0.8346
Singapore,0.106,0.91,0.239,0.72,0.804,0.98,0.467,0.85,0.19,0.79,0.915,0.94,0.535,0.97,0.564,0.79,2600,0,155,0.9,0.94,145,50,0.8932
Amsterdam,0.106,0.91,0.239,0.88,0.804,0.79,0.467,0.92,0.19,0.95,0.915,0.78,0.535,0.86,0.564,0.65,2600,0,175,0.96,0.68,155,65,0.7871
Switzerland,0.484,0.79,0.475,0.78,0.456,0.82,0.747,0.58,0.756,0.75,0.121,0.99,0.76,0.76,0.292,0.98,1800,0,240,0.88,0.78,220,90,0.7893
New York,0.484,0.94,0.475,0.82,0.456,0.96,0.747,0.99,0.756,0.97,0.121,0.71,0.76,0.99,0.292,0.63,1800,0,230,0.92,0.76,210,85,0.8554
Dubai,0.484,0.96,0.475,0.63,0.456,0.91,0.747,0.92,0.756,0.72,0.121,0.68,0.76,0.99,0.292,0.91,1800,0,190,0.58,0.96,175,70,0.8813
Amsterdam,0.484,0.91,0.475,0.88,0.456,0.79,0.747,0.92,0.756,0.95,0.121,0.78,0.76,0.86,0.292,0.65,1800,0,175,0.96,0.68,155,65,0.8227
Paris,0.484,0.98,0.475,0.95,0.456,0.97,0.747,0.82,0.756,0.99,0.121,0.65,0.76,0.92,0.292,0.45,1800,0,180,0.95,0.82,160,70,0.843
Bali,0.484,0.73,0.475,0.76,0.456,0.91,0.747,0.87,0.756,0.51,0.121,0.99,0.76,0.72,0.292,0.98,1800,0,90,0.62,0.95,70,35,0.7844
Rome,0.858,0.97,0.141,0.99,0.295,0.96,0.29,0.78,0.217,0.91,0.678,0.62,0.052,0.76,0.739,0.48,2600,1,145,0.91,0.9,125,55,0.8323
Bali,0.858,0.73,0.141,0.76,0.295,0.91,0.29,0.87,0.217,0.51,0.678,0.99,0.052,0.72,0.739,0.98,2600,1,90,0.62,0.95,70,35,0.8808
Dubai,0.858,0.96,0.141,0.63,0.295,0.91,0.29,0.92,0.217,0.72,0.678,0.68,0.052,0.99,0.739,0.91,2600,1,190,0.58,0.96,175,70,0.8625
Istanbul,0.858,0.94,0.141,0.98,0.295,0.94,0.29,0.89,0.217,0.84,0.678,0.71,0.052,0.91,0.739,0.58,2600,1,85,0.84,0.88,65,32,0.8663
Singapore,0.858,0.91,0.141,0.72,0.295,0.98,0.29,0.85,0.217,0.79,0.678,0.94,0.052,0.97,0.739,0.79,2600,1,155,0.9,0.94,145,50,0.9041
Paris,0.858,0.98,0.141,0.95,0.295,0.97,0.29,0.82,0.217,0.99,0.678,0.65,0.052,0.92,0.739,0.45,2600,1,180,0.95,0.82,160,70,0.8398
London,0.296,0.94,0.607,0.97,0.723,0.91,0.378,0.95,0.855,0.98,0.195,0.76,0.779,0.98,0.016,0.55,1800,0,210,0.89,0.64,190,75,0.8666
Barcelona,0.296,0.96,0.607,0.84,0.723,0.94,0.378,0.96,0.855,0.82,0.195,0.82,0.779,0.88,0.016,0.72,1800,0,150,0.93,0.94,130,58,0.8711
Dubai,0.296,0.96,0.607,0.63,0.723,0.91,0.378,0.92,0.855,0.72,0.195,0.68,0.779,0.99,0.016,0.91,1800,0,190,0.58,0.96,175,70,0.8308
Tokyo,0.296,0.9,0.607,0.91,0.723,0.99,0.378,0.96,0.855,0.88,0.195,0.74,0.779,0.99,0.016,0.71,1800,0,165,0.91,0.79,135,60,0.8963
Dubai,0.127,0.96,0.088,0.63,0.076,0.91,0.258,0.92,0.984,0.72,0.703,0.68,0.459,0.99,0.362,0.91,1500,1,190,0.58,0.96,175,70,0.8353
Paris,0.127,0.98,0.088,0.95,0.076,0.97,0.258,0.82,0.984,0.99,0.703,0.65,0.459,0.92,0.362,0.45,1500,1,180,0.95,0.82,160,70,0.8766
Rome,0.127,0.97,0.088,0.99,0.076,0.96,0.258,0.78,0.984,0.91,0.703,0.62,0.459,0.76,0.362,0.48,1500,1,145,0.91,0.9,125,55,0.8207
Tokyo,0.127,0.9,0.088,0.91,0.076,0.99,0.258,0.96,0.984,0.88,0.703,0.74,0.459,0.99,0.362,0.71,1500,1,165,0.91,0.79,135,60,0.9036
Tokyo,0.329,0.9,0.745,0.91,0.096,0.99,0.069,0.96,0.709,0.88,0.91,0.74,0.419,0.99,0.031,0.71,700,0,165,0.91,0.79,135,60,0.8479
New York,0.329,0.94,0.745,0.82,0.096,0.96,0.069,0.99,0.709,0.97,0.91,0.71,0.419,0.99,0.031,0.63,700,0,230,0.92,0.76,210,85,0.8345
Bali,0.329,0.73,0.745,0.76,0.096,0.91,0.069,0.87,0.709,0.51,0.91,0.99,0.419,0.72,0.031,0.98,700,0,90,0.62,0.95,70,35,0.805
Amsterdam,0.329,0.91,0.745,0.88,0.096,0.79,0.069,0.92,0.709,0.95,0.91,0.78,0.419,0.86,0.031,0.65,700,0,175,0.96,0.68,155,65,0.8392
London,0.329,0.94,0.745,0.97,0.096,0.91,0.069,0.95,0.709,0.98,0.91,0.76,0.419,0.98,0.031,0.55,700,0,210,0.89,0.64,190,75,0.8756
Dubai,0.329,0.96,0.745,0.63,0.096,0.91,0.069,0.92,0.709,0.72,0.91,0.68,0.419,0.99,0.031,0.91,700,0,190,0.58,0.96,175,70,0.787
Amsterdam,0.289,0.91,0.5,0.88,0.207,0.79,0.492,0.92,0.089,0.95,0.187,0.78,0.284,0.86,0.403,0.65,900,1,175,0.96,0.68,155,65,0.8838
New York,0.289,0.94,0.5,0.82,0.207,0.96,0.492,0.99,0.089,0.97,0.187,0.71,0.284,0.99,0.403,0.63,900,1,230,0.92,0.76,210,85,0.903
Dubai,0.289,0.96,0.5,0.63,0.207,0.91,0.492,0.92,0.089,0.72,0.187,0.68,0.284,0.99,0.403,0.91,900,1,190,0.58,0.96,175,70,0.8375
Bali,0.289,0.73,0.5,0.76,0.207,0.91,0.492,0.87,0.089,0.51,0.187,0.99,0.284,0.72,0.403,0.98,900,1,90,0.62,0.95,70,35,0.8411
London,0.289,0.94,0.5,0.97,0.207,0.91,0.492,0.95,0.089,0.98,0.187,0.76,0.284,0.98,0.403,0.55,900,1,210,0.89,0.64,190,75,0.8994
Tokyo,0.289,0.9,0.5,0.91,0.207,0.99,0.492,0.96,0.089,0.88,0.187,0.74,0.284,0.99,0.403,0.71,900,1,165,0.91,0.79,135,60,0.9252
London,0.693,0.94,0.817,0.97,0.408,0.91,0.365,0.95,0.779,0.98,0.142,0.76,0.393,0.98,0.333,0.55,1100,1,210,0.89,0.64,190,75,0.9123
Paris,0.693,0.98,0.817,0.95,0.408,0.97,0.365,0.82,0.779,0.99,0.142,0.65,0.393,0.92,0.333,0.45,1100,1,180,0.95,0.82,160,70,0.9269
Switzerland,0.693,0.79,0.817,0.78,0.408,0.82,0.365,0.58,0.779,0.75,0.142,0.99,0.393,0.76,0.333,0.98,1100,1,240,0.88,0.78,220,90,0.8442
Bali,0.693,0.73,0.817,0.76,0.408,0.91,0.365,0.87,0.779,0.51,0.142,0.99,0.393,0.72,0.333,0.98,1100,1,90,0.62,0.95,70,35,0.7854
Barcelona,0.391,0.96,0.05,0.84,0.304,0.94,0.746,0.96,0.79,0.82,0.32,0.82,0.589,0.88,0.559,0.72,1800,1,150,0.93,0.94,130,58,0.9299
Singapore,0.391,0.91,0.05,0.72,0.304,0.98,0.746,0.85,0.79,0.79,0.32,0.94,0.589,0.97,0.559,0.79,1800,1,155,0.9,0.94,145,50,0.8912
Rome,0.391,0.97,0.05,0.99,0.304,0.96,0.746,0.78,0.79,0.91,0.32,0.62,0.589,0.76,0.559,0.48,1800,1,145,0.91,0.9,125,55,0.8287
Dubai,0.391,0.96,0.05,0.63,0.304,0.91,0.746,0.92,0.79,0.72,0.32,0.68,0.589,0.99,0.559,0.91,1800,1,190,0.58,0.96,175,70,0.8811
Paris,0.725,0.98,0.988,0.95,0.32,0.97,0.421,0.82,0.655,0.99,0.217,0.65,0.598,0.92,0.763,0.45,1300,0,180,0.95,0.82,160,70,0.847
Istanbul,0.725,0.94,0.988,0.98,0.32,0.94,0.421,0.89,0.655,0.84,0.217,0.71,0.598,0.91,0.763,0.58,1300,0,85,0.84,0.88,65,32,0.8534
Switzerland,0.725,0.79,0.988,0.78,0.32,0.82,0.421,0.58,0.655,0.75,0.217,0.99,0.598,0.76,0.763,0.98,1300,0,240,0.88,0.78,220,90,0.8139
Istanbul,0.235,0.94,0.553,0.98,0.521,0.94,0.727,0.89,0.81,0.84,0.31,0.71,0.824,0.91,0.967,0.58,1100,0,85,0.84,0.88,65,32,0.8428
London,0.235,0.94,0.553,0.97,0.521,0.91,0.727,0.95,0.81,0.98,0.31,0.76,0.824,0.98,0.967,0.55,1100,0,210,0.89,0.64,190,75,0.8119
Rome,0.235,0.97,0.553,0.99,0.521,0.96,0.727,0.78,0.81,0.91,0.31,0.62,0.824,0.76,0.967,0.48,1100,0,145,0.91,0.9,125,55,0.8204
Tokyo,0.235,0.9,0.553,0.91,0.521,0.99,0.727,0.96,0.81,0.88,0.31,0.74,0.824,0.99,0.967,0.71,1100,0,165,0.91,0.79,135,60,0.8368
Barcelona,0.235,0.96,0.553,0.84,0.521,0.94,0.727,0.96,0.81,0.82,0.31,0.82,0.824,0.88,0.967,0.72,1100,0,150,0.93,0.94,130,58,0.8437
Switzerland,0.221,0.79,0.443,0.78,0.425,0.82,0.242,0.58,0.417,0.75,0.17,0.99,0.916,0.76,0.025,0.98,900,0,240,0.88,0.78,220,90,0.7703
Istanbul,0.221,0.94,0.443,0.98,0.425,0.94,0.242,0.89,0.417,0.84,0.17,0.71,0.916,0.91,0.025,0.58,900,0,85,0.84,0.88,65,32,0.8962
Dubai,0.221,0.96,0.443,0.63,0.425,0.91,0.242,0.92,0.417,0.72,0.17,0.68,0.916,0.99,0.025,0.91,900,0,190,0.58,0.96,175,70,0.8776
New York,0.221,0.94,0.443,0.82,0.425,0.96,0.242,0.99,0.417,0.97,0.17,0.71,0.916,0.99,0.025,0.63,900,0,230,0.92,0.76,210,85,0.8892
Switzerland,0.78,0.79,0.894,0.78,0.981,0.82,0.769,0.58,0.847,0.75,0.872,0.99,0.911,0.76,0.22,0.98,900,0,240,0.88,0.78,220,90,0.8214
New York,0.78,0.94,0.894,0.82,0.981,0.96,0.769,0.99,0.847,0.97,0.872,0.71,0.911,0.99,0.22,0.63,900,0,230,0.92,0.76,210,85,0.863
Amsterdam,0.78,0.91,0.894,0.88,0.981,0.79,0.769,0.92,0.847,0.95,0.872,0.78,0.911,0.86,0.22,0.65,900,0,175,0.96,0.68,155,65,0.855
Bali,0.78,0.73,0.894,0.76,0.981,0.91,0.769,0.87,0.847,0.51,0.872,0.99,0.911,0.72,0.22,0.98,900,0,90,0.62,0.95,70,35,0.8262
Paris,0.78,0.98,0.894,0.95,0.981,0.97,0.769,0.82,0.847,0.99,0.872,0.65,0.911,0.92,0.22,0.45,900,0,180,0.95,0.82,160,70,0.8676
Istanbul,0.29,0.94,0.14,0.98,0.558,0.94,0.987,0.89,0.747,0.84,0.14,0.71,0.422,0.91,0.233,0.58,2200,1,85,0.84,0.88,65,32,0.9094
Rome,0.29,0.97,0.14,0.99,0.558,0.96,0.987,0.78,0.747,0.91,0.14,0.62,0.422,0.76,0.233,0.48,2200,1,145,0.91,0.9,125,55,0.8763
Dubai,0.29,0.96,0.14,0.63,0.558,0.91,0.987,0.92,0.747,0.72,0.14,0.68,0.422,0.99,0.233,0.91,2200,1,190,0.58,0.96,175,70,0.883
New York,0.098,0.94,0.495,0.82,0.398,0.96,0.898,0.99,0.658,0.97,0.543,0.71,0.958,0.99,0.409,0.63,1300,1,230,0.92,0.76,210,85,0.9012
Switzerland,0.098,0.79,0.495,0.78,0.398,0.82,0.898,0.58,0.658,0.75,0.543,0.99,0.958,0.76,0.409,0.98,1300,1,240,0.88,0.78,220,90,0.847
Tokyo,0.098,0.9,0.495,0.91,0.398,0.99,0.898,0.96,0.658,0.88,0.543,0.74,0.958,0.99,0.409,0.71,1300,1,165,0.91,0.79,135,60,0.9174
Paris,0.098,0.98,0.495,0.95,0.398,0.97,0.898,0.82,0.658,0.99,0.543,0.65,0.958,0.92,0.409,0.45,1300,1,180,0.95,0.82,160,70,0.881
Rome,0.098,0.97,0.495,0.99,0.398,0.96,0.898,0.78,0.658,0.91,0.543,0.62,0.958,0.76,0.409,0.48,1300,1,145,0.91,0.9,125,55,0.8509
Bali,0.098,0.73,0.495,0.76,0.398,0.91,0.898,0.87,0.658,0.51,0.543,0.99,0.958,0.72,0.409,0.98,1300,1,90,0.62,0.95,70,35,0.8402
Dubai,0.098,0.96,0.495,0.63,0.398,0.91,0.898,0.92,0.658,0.72,0.543,0.68,0.958,0.99,0.409,0.91,1300,1,190,0.58,0.96,175,70,0.8441
Barcelona,0.432,0.96,0.444,0.84,0.831,0.94,0.515,0.96,0.57,0.82,0.688,0.82,0.448,0.88,0.397,0.72,2200,1,150,0.93,0.94,130,58,0.9341
New York,0.432,0.94,0.444,0.82,0.831,0.96,0.515,0.99,0.57,0.97,0.688,0.71,0.448,0.99,0.397,0.63,2200,1,230,0.92,0.76,210,85,0.872
Bali,0.432,0.73,0.444,0.76,0.831,0.91,0.515,0.87,0.57,0.51,0.688,0.99,0.448,0.72,0.397,0.98,2200,1,90,0.62,0.95,70,35,0.8377
Switzerland,0.432,0.79,0.444,0.78,0.831,0.82,0.515,0.58,0.57,0.75,0.688,0.99,0.448,0.76,0.397,0.98,2200,1,240,0.88,0.78,220,90,0.8566
Paris,0.808,0.98,0.566,0.95,0.106,0.97,0.323,0.82,0.622,0.99,0.48,0.65,0.152,0.92,0.323,0.45,2600,1,180,0.95,0.82,160,70,0.9166
New York,0.808,0.94,0.566,0.82,0.106,0.96,0.323,0.99,0.622,0.97,0.48,0.71,0.152,0.99,0.323,0.63,2600,1,230,0.92,0.76,210,85,0.8921
Amsterdam,0.808,0.91,0.566,0.88,0.106,0.79,0.323,0.92,0.622,0.95,0.48,0.78,0.152,0.86,0.323,0.65,2600,1,175,0.96,0.68,155,65,0.8732
Switzerland,0.808,0.79,0.566,0.78,0.106,0.82,0.323,0.58,0.622,0.75,0.48,0.99,0.152,0.76,0.323,0.98,2600,1,240,0.88,0.78,220,90,0.8714
Tokyo,0.808,0.9,0.566,0.91,0.106,0.99,0.323,0.96,0.622,0.88,0.48,0.74,0.152,0.99,0.323,0.71,2600,1,165,0.91,0.79,135,60,0.9128
Tokyo,0.941,0.9,0.291,0.91,0.773,0.99,0.109,0.96,0.947,0.88,0.388,0.74,0.483,0.99,0.583,0.71,900,0,165,0.91,0.79,135,60,0.8405
Dubai,0.941,0.96,0.291,0.63,0.773,0.91,0.109,0.92,0.947,0.72,0.388,0.68,0.483,0.99,0.583,0.91,900,0,190,0.58,0.96,175,70,0.8808
Istanbul,0.941,0.94,0.291,0.98,0.773,0.94,0.109,0.89,0.947,0.84,0.388,0.71,0.483,0.91,0.583,0.58,900,0,85,0.84,0.88,65,32,0.8498
Rome,0.941,0.97,0.291,0.99,0.773,0.96,0.109,0.78,0.947,0.91,0.388,0.62,0.483,0.76,0.583,0.48,900,0,145,0.91,0.9,125,55,0.8189
Singapore,0.941,0.91,0.291,0.72,0.773,0.98,0.109,0.85,0.947,0.79,0.388,0.94,0.483,0.97,0.583,0.79,900,0,155,0.9,0.94,145,50,0.8886
Paris,0.941,0.98,0.291,0.95,0.773,0.97,0.109,0.82,0.947,0.99,0.388,0.65,0.483,0.92,0.583,0.45,900,0,180,0.95,0.82,160,70,0.8479
Bali,0.941,0.73,0.291,0.76,0.773,0.91,0.109,0.87,0.947,0.51,0.388,0.99,0.483,0.72,0.583,0.98,900,0,90,0.62,0.95,70,35,0.7863
Switzerland,0.718,0.79,0.184,0.78,0.27,0.82,0.704,0.58,0.181,0.75,0.948,0.99,0.561,0.76,0.889,0.98,1800,1,240,0.88,0.78,220,90,0.8797
Amsterdam,0.718,0.91,0.184,0.88,0.27,0.79,0.704,0.92,0.181,0.95,0.948,0.78,0.561,0.86,0.889,0.65,1800,1,175,0.96,0.68,155,65,0.8598
Paris,0.718,0.98,0.184,0.95,0.27,0.97,0.704,0.82,0.181,0.99,0.948,0.65,0.561,0.92,0.889,0.45,1800,1,180,0.95,0.82,160,70,0.8147
Switzerland,0.102,0.79,0.877,0.78,0.34,0.82,0.013,0.58,0.644,0.75,0.391,0.99,0.626,0.76,0.493,0.98,1100,0,240,0.88,0.78,220,90,0.8068
Istanbul,0.102,0.94,0.877,0.98,0.34,0.94,0.013,0.89,0.644,0.84,0.391,0.71,0.626,0.91,0.493,0.58,1100,0,85,0.84,0.88,65,32,0.8651
Bali,0.102,0.73,0.877,0.76,0.34,0.91,0.013,0.87,0.644,0.51,0.391,0.99,0.626,0.72,0.493,0.98,1100,0,90,0.62,0.95,70,35,0.807
Tokyo,0.102,0.9,0.877,0.91,0.34,0.99,0.013,0.96,0.644,0.88,0.391,0.74,0.626,0.99,0.493,0.71,1100,0,165,0.91,0.79,135,60,0.842
Barcelona,0.102,0.96,0.877,0.84,0.34,0.94,0.013,0.96,0.644,0.82,0.391,0.82,0.626,0.88,0.493,0.72,1100,0,150,0.93,0.94,130,58,0.8277
Rome,0.102,0.97,0.877,0.99,0.34,0.96,0.013,0.78,0.644,0.91,0.391,0.62,0.626,0.76,0.493,0.48,1100,0,145,0.91,0.9,125,55,0.8326
Barcelona,0.384,0.96,0.886,0.84,0.014,0.94,0.952,0.96,0.639,0.82,0.02,0.82,0.136,0.88,0.262,0.72,1100,1,150,0.93,0.94,130,58,0.9118
London,0.384,0.94,0.886,0.97,0.014,0.91,0.952,0.95,0.639,0.98,0.02,0.76,0.136,0.98,0.262,0.55,1100,1,210,0.89,0.64,190,75,0.9245
Bali,0.384,0.73,0.886,0.76,0.014,0.91,0.952,0.87,0.639,0.51,0.02,0.99,0.136,0.72,0.262,0.98,1100,1,90,0.62,0.95,70,35,0.8184
Singapore,0.384,0.91,0.886,0.72,0.014,0.98,0.952,0.85,0.639,0.79,0.02,0.94,0.136,0.97,0.262,0.79,1100,1,155,0.9,0.94,145,50,0.8957
Tokyo,0.384,0.9,0.886,0.91,0.014,0.99,0.952,0.96,0.639,0.88,0.02,0.74,0.136,0.99,0.262,0.71,1100,1,165,0.91,0.79,135,60,0.9224
Rome,0.384,0.97,0.886,0.99,0.014,0.96,0.952,0.78,0.639,0.91,0.02,0.62,0.136,0.76,0.262,0.48,1100,1,145,0.91,0.9,125,55,0.8877
Paris,0.884,0.98,0.69,0.95,0.807,0.97,0.763,0.82,0.305,0.99,0.946,0.65,0.961,0.92,0.367,0.45,2200,1,180,0.95,0.82,160,70,0.8834
Dubai,0.884,0.96,0.69,0.63,0.807,0.91,0.763,0.92,0.305,0.72,0.946,0.68,0.961,0.99,0.367,0.91,2200,1,190,0.58,0.96,175,70,0.8545
New York,0.884,0.94,0.69,0.82,0.807,0.96,0.763,0.99,0.305,0.97,0.946,0.71,0.961,0.99,0.367,0.63,2200,1,230,0.92,0.76,210,85,0.9223
Singapore,0.884,0.91,0.69,0.72,0.807,0.98,0.763,0.85,0.305,0.79,0.946,0.94,0.961,0.97,0.367,0.79,2200,1,155,0.9,0.94,145,50,0.9039
Amsterdam,0.884,0.91,0.69,0.88,0.807,0.79,0.763,0.92,0.305,0.95,0.946,0.78,0.961,0.86,0.367,0.65,2200,1,175,0.96,0.68,155,65,0.8633
Amsterdam,0.066,0.91,0.381,0.88,0.429,0.79,0.549,0.92,0.536,0.95,0.823,0.78,0.354,0.86,0.874,0.65,1300,1,175,0.96,0.68,155,65,0.8742
London,0.066,0.94,0.381,0.97,0.429,0.91,0.549,0.95,0.536,0.98,0.823,0.76,0.354,0.98,0.874,0.55,1300,1,210,0.89,0.64,190,75,0.8563
New York,0.066,0.94,0.381,0.82,0.429,0.96,0.549,0.99,0.536,0.97,0.823,0.71,0.354,0.99,0.874,0.63,1300,1,230,0.92,0.76,210,85,0.8845
Istanbul,0.066,0.94,0.381,0.98,0.429,0.94,0.549,0.89,0.536,0.84,0.823,0.71,0.354,0.91,0.874,0.58,1300,1,85,0.84,0.88,65,32,0.8658
Tokyo,0.066,0.9,0.381,0.91,0.429,0.99,0.549,0.96,0.536,0.88,0.823,0.74,0.354,0.99,0.874,0.71,1300,1,165,0.91,0.79,135,60,0.8657
Singapore,0.066,0.91,0.381,0.72,0.429,0.98,0.549,0.85,0.536,0.79,0.823,0.94,0.354,0.97,0.874,0.79,1300,1,155,0.9,0.94,145,50,0.9242
Switzerland,0.066,0.79,0.381,0.78,0.429,0.82,0.549,0.58,0.536,0.75,0.823,0.99,0.354,0.76,0.874,0.98,1300,1,240,0.88,0.78,220,90,0.8853
Switzerland,0.518,0.79,0.24,0.78,0.029,0.82,0.663,0.58,0.461,0.75,0.365,0.99,0.471,0.76,0.924,0.98,1500,0,240,0.88,0.78,220,90,0.8002
Dubai,0.518,0.96,0.24,0.63,0.029,0.91,0.663,0.92,0.461,0.72,0.365,0.68,0.471,0.99,0.924,0.91,1500,0,190,0.58,0.96,175,70,0.8809
Bali,0.518,0.73,0.24,0.76,0.029,0.91,0.663,0.87,0.461,0.51,0.365,0.99,0.471,0.72,0.924,0.98,1500,0,90,0.62,0.95,70,35,0.8237
New York,0.518,0.94,0.24,0.82,0.029,0.96,0.663,0.99,0.461,0.97,0.365,0.71,0.471,0.99,0.924,0.63,1500,0,230,0.92,0.76,210,85,0.8236
Istanbul,0.975,0.94,0.431,0.98,0.597,0.94,0.337,0.89,0.536,0.84,0.356,0.71,0.763,0.91,0.79,0.58,1800,0,85,0.84,0.88,65,32,0.8416
Paris,0.975,0.98,0.431,0.95,0.597,0.97,0.337,0.82,0.536,0.99,0.356,0.65,0.763,0.92,0.79,0.45,1800,0,180,0.95,0.82,160,70,0.8218
Bali,0.975,0.73,0.431,0.76,0.597,0.91,0.337,0.87,0.536,0.51,0.356,0.99,0.763,0.72,0.79,0.98,1800,0,90,0.62,0.95,70,35,0.8408
Barcelona,0.975,0.96,0.431,0.84,0.597,0.94,0.337,0.96,0.536,0.82,0.356,0.82,0.763,0.88,0.79,0.72,1800,0,150,0.93,0.94,130,58,0.8425
London,0.975,0.94,0.431,0.97,0.597,0.91,0.337,0.95,0.536,0.98,0.356,0.76,0.763,0.98,0.79,0.55,1800,0,210,0.89,0.64,190,75,0.8225
Switzerland,0.172,0.79,0.986,0.78,0.604,0.82,0.196,0.58,0.046,0.75,0.467,0.99,0.227,0.76,0.738,0.98,1100,1,240,0.88,0.78,220,90,0.8517
Tokyo,0.172,0.9,0.986,0.91,0.604,0.99,0.196,0.96,0.046,0.88,0.467,0.74,0.227,0.99,0.738,0.71,1100,1,165,0.91,0.79,135,60,0.871
Paris,0.172,0.98,0.986,0.95,0.604,0.97,0.196,0.82,0.046,0.99,0.467,0.65,0.227,0.92,0.738,0.45,1100,1,180,0.95,0.82,160,70,0.8587
Amsterdam,0.172,0.91,0.986,0.88,0.604,0.79,0.196,0.92,0.046,0.95,0.467,0.78,0.227,0.86,0.738,0.65,1100,1,175,0.96,0.68,155,65,0.8393
Bali,0.172,0.73,0.986,0.76,0.604,0.91,0.196,0.87,0.046,0.51,0.467,0.99,0.227,0.72,0.738,0.98,1100,1,90,0.62,0.95,70,35,0.8679
Rome,0.677,0.97,0.689,0.99,0.636,0.96,0.3,0.78,0.343,0.91,0.658,0.62,0.959,0.76,0.094,0.48,1300,1,145,0.91,0.9,125,55,0.9011
Barcelona,0.677,0.96,0.689,0.84,0.636,0.94,0.3,0.96,0.343,0.82,0.658,0.82,0.959,0.88,0.094,0.72,1300,1,150,0.93,0.94,130,58,0.9262
Singapore,0.677,0.91,0.689,0.72,0.636,0.98,0.3,0.85,0.343,0.79,0.658,0.94,0.959,0.97,0.094,0.79,1300,1,155,0.9,0.94,145,50,0.9283
London,0.677,0.94,0.689,0.97,0.636,0.91,0.3,0.95,0.343,0.98,0.658,0.76,0.959,0.98,0.094,0.55,1300,1,210,0.89,0.64,190,75,0.9197
Paris,0.751,0.98,0.62,0.95,0.832,0.97,0.331,0.82,0.079,0.99,0.722,0.65,0.906,0.92,0.112,0.45,1300,1,180,0.95,0.82,160,70,0.9214
London,0.751,0.94,0.62,0.97,0.832,0.91,0.331,0.95,0.079,0.98,0.722,0.76,0.906,0.98,0.112,0.55,1300,1,210,0.89,0.64,190,75,0.8805
Barcelona,0.751,0.96,0.62,0.84,0.832,0.94,0.331,0.96,0.079,0.82,0.722,0.82,0.906,0.88,0.112,0.72,1300,1,150,0.93,0.94,130,58,0.918
Dubai,0.751,0.96,0.62,0.63,0.832,0.91,0.331,0.92,0.079,0.72,0.722,0.68,0.906,0.99,0.112,0.91,1300,1,190,0.58,0.96,175,70,0.8755
Tokyo,0.751,0.9,0.62,0.91,0.832,0.99,0.331,0.96,0.079,0.88,0.722,0.74,0.906,0.99,0.112,0.71,1300,1,165,0.91,0.79,135,60,0.9364
Rome,0.751,0.97,0.62,0.99,0.832,0.96,0.331,0.78,0.079,0.91,0.722,0.62,0.906,0.76,0.112,0.48,1300,1,145,0.91,0.9,125,55,0.9009
Amsterdam,0.751,0.91,0.62,0.88,0.832,0.79,0.331,0.92,0.079,0.95,0.722,0.78,0.906,0.86,0.112,0.65,1300,1,175,0.96,0.68,155,65,0.8636
Paris,0.692,0.98,0.524,0.95,0.496,0.97,0.529,0.82,0.554,0.99,0.677,0.65,0.349,0.92,0.342,0.45,900,1,180,0.95,0.82,160,70,0.8682
Bali,0.692,0.73,0.524,0.76,0.496,0.91,0.529,0.87,0.554,0.51,0.677,0.99,0.349,0.72,0.342,0.98,900,1,90,0.62,0.95,70,35,0.8487
Rome,0.692,0.97,0.524,0.99,0.496,0.96,0.529,0.78,0.554,0.91,0.677,0.62,0.349,0.76,0.342,0.48,900,1,145,0.91,0.9,125,55,0.8968
Amsterdam,0.692,0.91,0.524,0.88,0.496,0.79,0.529,0.92,0.554,0.95,0.677,0.78,0.349,0.86,0.342,0.65,900,1,175,0.96,0.68,155,65,0.8673
Tokyo,0.692,0.9,0.524,0.91,0.496,0.99,0.529,0.96,0.554,0.88,0.677,0.74,0.349,0.99,0.342,0.71,900,1,165,0.91,0.79,135,60,0.8926
Istanbul,0.692,0.94,0.524,0.98,0.496,0.94,0.529,0.89,0.554,0.84,0.677,0.71,0.349,0.91,0.342,0.58,900,1,85,0.84,0.88,65,32,0.8983
London,0.22,0.94,0.454,0.97,0.031,0.91,0.765,0.95,0.136,0.98,0.186,0.76,0.845,0.98,0.416,0.55,1300,0,210,0.89,0.64,190,75,0.8421
Dubai,0.22,0.96,0.454,0.63,0.031,0.91,0.765,0.92,0.136,0.72,0.186,0.68,0.845,0.99,0.416,0.91,1300,0,190,0.58,0.96,175,70,0.8693
Rome,0.22,0.97,0.454,0.99,0.031,0.96,0.765,0.78,0.136,0.91,0.186,0.62,0.845,0.76,0.416,0.48,1300,0,145,0.91,0.9,125,55,0.829
Barcelona,0.22,0.96,0.454,0.84,0.031,0.94,0.765,0.96,0.136,0.82,0.186,0.82,0.845,0.88,0.416,0.72,1300,0,150,0.93,0.94,130,58,0.8784
Bali,0.22,0.73,0.454,0.76,0.031,0.91,0.765,0.87,0.136,0.51,0.186,0.99,0.845,0.72,0.416,0.98,1300,0,90,0.62,0.95,70,35,0.8433
Tokyo,0.22,0.9,0.454,0.91,0.031,0.99,0.765,0.96,0.136,0.88,0.186,0.74,0.845,0.99,0.416,0.71,1300,0,165,0.91,0.79,135,60,0.8848
Paris,0.761,0.98,0.257,0.95,0.102,0.97,0.753,0.82,0.029,0.99,0.258,0.65,0.119,0.92,0.976,0.45,2600,1,180,0.95,0.82,160,70,0.8251
Bali,0.761,0.73,0.257,0.76,0.102,0.91,0.753,0.87,0.029,0.51,0.258,0.99,0.119,0.72,0.976,0.98,2600,1,90,0.62,0.95,70,35,0.8619
Switzerland,0.761,0.79,0.257,0.78,0.102,0.82,0.753,0.58,0.029,0.75,0.258,0.99,0.119,0.76,0.976,0.98,2600,1,240,0.88,0.78,220,90,0.8589
Istanbul,0.761,0.94,0.257,0.98,0.102,0.94,0.753,0.89,0.029,0.84,0.258,0.71,0.119,0.91,0.976,0.58,2600,1,85,0.84,0.88,65,32,0.8506
Istanbul,0.02,0.94,0.844,0.98,0.923,0.94,0.598,0.89,0.95,0.84,0.436,0.71,0.494,0.91,0.059,0.58,1800,0,85,0.84,0.88,65,32,0.8913
Bali,0.02,0.73,0.844,0.76,0.923,0.91,0.598,0.87,0.95,0.51,0.436,0.99,0.494,0.72,0.059,0.98,1800,0,90,0.62,0.95,70,35,0.7905
Switzerland,0.02,0.79,0.844,0.78,0.923,0.82,0.598,0.58,0.95,0.75,0.436,0.99,0.494,0.76,0.059,0.98,1800,0,240,0.88,0.78,220,90,0.8024
New York,0.02,0.94,0.844,0.82,0.923,0.96,0.598,0.99,0.95,0.97,0.436,0.71,0.494,0.99,0.059,0.63,1800,0,230,0.92,0.76,210,85,0.8848
Barcelona,0.02,0.96,0.844,0.84,0.923,0.94,0.598,0.96,0.95,0.82,0.436,0.82,0.494,0.88,0.059,0.72,1800,0,150,0.93,0.94,130,58,0.866
Tokyo,0.677,0.9,0.1,0.91,0.173,0.99,0.761,0.96,0.28,0.88,0.229,0.74,0.775,0.99,0.92,0.71,700,1,165,0.91,0.79,135,60,0.9024
Rome,0.677,0.97,0.1,0.99,0.173,0.96,0.761,0.78,0.28,0.91,0.229,0.62,0.775,0.76,0.92,0.48,700,1,145,0.91,0.9,125,55,0.8191
London,0.677,0.94,0.1,0.97,0.173,0.91,0.761,0.95,0.28,0.98,0.229,0.76,0.775,0.98,0.92,0.55,700,1,210,0.89,0.64,190,75,0.8529
Barcelona,0.677,0.96,0.1,0.84,0.173,0.94,0.761,0.96,0.28,0.82,0.229,0.82,0.775,0.88,0.92,0.72,700,1,150,0.93,0.94,130,58,0.8837
Paris,0.677,0.98,0.1,0.95,0.173,0.97,0.761,0.82,0.28,0.99,0.229,0.65,0.775,0.92,0.92,0.45,700,1,180,0.95,0.82,160,70,0.8616
Switzerland,0.677,0.79,0.1,0.78,0.173,0.82,0.761,0.58,0.28,0.75,0.229,0.99,0.775,0.76,0.92,0.98,700,1,240,0.88,0.78,220,90,0.8473
New York,0.677,0.94,0.1,0.82,0.173,0.96,0.761,0.99,0.28,0.97,0.229,0.71,0.775,0.99,0.92,0.63,700,1,230,0.92,0.76,210,85,0.9062
Bali,0.238,0.73,0.246,0.76,0.133,0.91,0.362,0.87,0.371,0.51,0.379,0.99,0.185,0.72,0.61,0.98,900,1,90,0.62,0.95,70,35,0.8741
Paris,0.238,0.98,0.246,0.95,0.133,0.97,0.362,0.82,0.371,0.99,0.379,0.65,0.185,0.92,0.61,0.45,900,1,180,0.95,0.82,160,70,0.8419
London,0.238,0.94,0.246,0.97,0.133,0.91,0.362,0.95,0.371,0.98,0.379,0.76,0.185,0.98,0.61,0.55,900,1,210,0.89,0.64,190,75,0.8615
Istanbul,0.238,0.94,0.246,0.98,0.133,0.94,0.362,0.89,0.371,0.84,0.379,0.71,0.185,0.91,0.61,0.58,900,1,85,0.84,0.88,65,32,0.8583
Amsterdam,0.238,0.91,0.246,0.88,0.133,0.79,0.362,0.92,0.371,0.95,0.379,0.78,0.185,0.86,0.61,0.65,900,1,175,0.96,0.68,155,65,0.8447
Switzerland,0.883,0.79,0.373,0.78,0.915,0.82,0.085,0.58,0.038,0.75,0.653,0.99,0.157,0.76,0.981,0.98,2600,1,240,0.88,0.78,220,90,0.8775
Istanbul,0.883,0.94,0.373,0.98,0.915,0.94,0.085,0.89,0.038,0.84,0.653,0.71,0.157,0.91,0.981,0.58,2600,1,85,0.84,0.88,65,32,0.8578
Rome,0.883,0.97,0.373,0.99,0.915,0.96,0.085,0.78,0.038,0.91,0.653,0.62,0.157,0.76,0.981,0.48,2600,1,145,0.91,0.9,125,55,0.8602
Rome,0.115,0.97,0.673,0.99,0.468,0.96,0.127,0.78,0.903,0.91,0.96,0.62,0.809,0.76,0.91,0.48,1300,0,145,0.91,0.9,125,55,0.798
Dubai,0.115,0.96,0.673,0.63,0.468,0.91,0.127,0.92,0.903,0.72,0.96,0.68,0.809,0.99,0.91,0.91,1300,0,190,0.58,0.96,175,70,0.8465
Barcelona,0.115,0.96,0.673,0.84,0.468,0.94,0.127,0.96,0.903,0.82,0.96,0.82,0.809,0.88,0.91,0.72,1300,0,150,0.93,0.94,130,58,0.8262
Istanbul,0.115,0.94,0.673,0.98,0.468,0.94,0.127,0.89,0.903,0.84,0.96,0.71,0.809,0.91,0.91,0.58,1300,0,85,0.84,0.88,65,32,0.8043
Paris,0.115,0.98,0.673,0.95,0.468,0.97,0.127,0.82,0.903,0.99,0.96,0.65,0.809,0.92,0.91,0.45,1300,0,180,0.95,0.82,160,70,0.8157
Tokyo,0.115,0.9,0.673,0.91,0.468,0.99,0.127,0.96,0.903,0.88,0.96,0.74,0.809,0.99,0.91,0.71,1300,0,165,0.91,0.79,135,60,0.8378
London,0.115,0.94,0.673,0.97,0.468,0.91,0.127,0.95,0.903,0.98,0.96,0.76,0.809,0.98,0.91,0.55,1300,0,210,0.89,0.64,190,75,0.8434
Singapore,0.787,0.91,0.443,0.72,0.679,0.98,0.435,0.85,0.484,0.79,0.773,0.94,0.359,0.97,0.565,0.79,2600,1,155,0.9,0.94,145,50,0.9032
Switzerland,0.787,0.79,0.443,0.78,0.679,0.82,0.435,0.58,0.484,0.75,0.773,0.99,0.359,0.76,0.565,0.98,2600,1,240,0.88,0.78,220,90,0.8655
London,0.787,0.94,0.443,0.97,0.679,0.91,0.435,0.95,0.484,0.98,0.773,0.76,0.359,0.98,0.565,0.55,2600,1,210,0.89,0.64,190,75,0.8794
Singapore,0.729,0.91,0.373,0.72,0.196,0.98,0.254,0.85,0.318,0.79,0.01,0.94,0.988,0.97,0.006,0.79,2200,0,155,0.9,0.94,145,50,0.8861
New York,0.729,0.94,0.373,0.82,0.196,0.96,0.254,0.99,0.318,0.97,0.01,0.71,0.988,0.99,0.006,0.63,2200,0,230,0.92,0.76,210,85,0.9146
Bali,0.729,0.73,0.373,0.76,0.196,0.91,0.254,0.87,0.318,0.51,0.01,0.99,0.988,0.72,0.006,0.98,2200,0,90,0.62,0.95,70,35,0.7678
Paris,0.729,0.98,0.373,0.95,0.196,0.97,0.254,0.82,0.318,0.99,0.01,0.65,0.988,0.92,0.006,0.45,2200,0,180,0.95,0.82,160,70,0.8865
Amsterdam,0.729,0.91,0.373,0.88,0.196,0.79,0.254,0.92,0.318,0.95,0.01,0.78,0.988,0.86,0.006,0.65,2200,0,175,0.96,0.68,155,65,0.844
Tokyo,0.729,0.9,0.373,0.91,0.196,0.99,0.254,0.96,0.318,0.88,0.01,0.74,0.988,0.99,0.006,0.71,2200,0,165,0.91,0.79,135,60,0.9064
Barcelona,0.729,0.96,0.373,0.84,0.196,0.94,0.254,0.96,0.318,0.82,0.01,0.82,0.988,0.88,0.006,0.72,2200,0,150,0.93,0.94,130,58,0.8608
New York,0.649,0.94,0.048,0.82,0.009,0.96,0.781,0.99,0.789,0.97,0.273,0.71,0.685,0.99,0.459,0.63,1800,1,230,0.92,0.76,210,85,0.928
Barcelona,0.649,0.96,0.048,0.84,0.009,0.94,0.781,0.96,0.789,0.82,0.273,0.82,0.685,0.88,0.459,0.72,1800,1,150,0.93,0.94,130,58,0.9132
Amsterdam,0.649,0.91,0.048,0.88,0.009,0.79,0.781,0.92,0.789,0.95,0.273,0.78,0.685,0.86,0.459,0.65,1800,1,175,0.96,0.68,155,65,0.8651
Paris,0.076,0.98,0.244,0.95,0.549,0.97,0.132,0.82,0.173,0.99,0.048,0.65,0.75,0.92,0.1,0.45,1300,1,180,0.95,0.82,160,70,0.8979
Rome,0.076,0.97,0.244,0.99,0.549,0.96,0.132,0.78,0.173,0.91,0.048,0.62,0.75,0.76,0.1,0.48,1300,1,145,0.91,0.9,125,55,0.8746
New York,0.076,0.94,0.244,0.82,0.549,0.96,0.132,0.99,0.173,0.97,0.048,0.71,0.75,0.99,0.1,0.63,1300,1,230,0.92,0.76,210,85,0.9367
London,0.076,0.94,0.244,0.97,0.549,0.91,0.132,0.95,0.173,0.98,0.048,0.76,0.75,0.98,0.1,0.55,1300,1,210,0.89,0.64,190,75,0.8951
Barcelona,0.076,0.96,0.244,0.84,0.549,0.94,0.132,0.96,0.173,0.82,0.048,0.82,0.75,0.88,0.1,0.72,1300,1,150,0.93,0.94,130,58,0.9329
Switzerland,0.076,0.79,0.244,0.78,0.549,0.82,0.132,0.58,0.173,0.75,0.048,0.99,0.75,0.76,0.1,0.98,1300,1,240,0.88,0.78,220,90,0.8195
Paris,0.771,0.98,0.74,0.95,0.685,0.97,0.077,0.82,0.752,0.99,0.387,0.65,0.122,0.92,0.78,0.45,2200,0,180,0.95,0.82,160,70,0.8509
Amsterdam,0.771,0.91,0.74,0.88,0.685,0.79,0.077,0.92,0.752,0.95,0.387,0.78,0.122,0.86,0.78,0.65,2200,0,175,0.96,0.68,155,65,0.8227
New York,0.771,0.94,0.74,0.82,0.685,0.96,0.077,0.99,0.752,0.97,0.387,0.71,0.122,0.99,0.78,0.63,2200,0,230,0.92,0.76,210,85,0.8364
Rome,0.771,0.97,0.74,0.99,0.685,0.96,0.077,0.78,0.752,0.91,0.387,0.62,0.122,0.76,0.78,0.48,2200,0,145,0.91,0.9,125,55,0.8398
Singapore,0.771,0.91,0.74,0.72,0.685,0.98,0.077,0.85,0.752,0.79,0.387,0.94,0.122,0.97,0.78,0.79,2200,0,155,0.9,0.94,145,50,0.8639
Bali,0.771,0.73,0.74,0.76,0.685,0.91,0.077,0.87,0.752,0.51,0.387,0.99,0.122,0.72,0.78,0.98,2200,0,90,0.62,0.95,70,35,0.8301
Rome,0.428,0.97,0.184,0.99,0.043,0.96,0.354,0.78,0.081,0.91,0.699,0.62,0.1,0.76,0.05,0.48,2600,0,145,0.91,0.9,125,55,0.8256
Dubai,0.428,0.96,0.184,0.63,0.043,0.91,0.354,0.92,0.081,0.72,0.699,0.68,0.1,0.99,0.05,0.91,2600,0,190,0.58,0.96,175,70,0.8465
Amsterdam,0.428,0.91,0.184,0.88,0.043,0.79,0.354,0.92,0.081,0.95,0.699,0.78,0.1,0.86,0.05,0.65,2600,0,175,0.96,0.68,155,65,0.8377
London,0.428,0.94,0.184,0.97,0.043,0.91,0.354,0.95,0.081,0.98,0.699,0.76,0.1,0.98,0.05,0.55,2600,0,210,0.89,0.64,190,75,0.8546
Tokyo,0.428,0.9,0.184,0.91,0.043,0.99,0.354,0.96,0.081,0.88,0.699,0.74,0.1,0.99,0.05,0.71,2600,0,165,0.91,0.79,135,60,0.8331
Switzerland,0.428,0.79,0.184,0.78,0.043,0.82,0.354,0.58,0.081,0.75,0.699,0.99,0.1,0.76,0.05,0.98,2600,0,240,0.88,0.78,220,90,0.8071
Tokyo,0.459,0.9,0.529,0.91,0.081,0.99,0.11,0.96,0.781,0.88,0.753,0.74,0.622,0.99,0.799,0.71,1500,1,165,0.91,0.79,135,60,0.885
Dubai,0.459,0.96,0.529,0.63,0.081,0.91,0.11,0.92,0.781,0.72,0.753,0.68,0.622,0.99,0.799,0.91,1500,1,190,0.58,0.96,175,70,0.8347
Bali,0.459,0.73,0.529,0.76,0.081,0.91,0.11,0.87,0.781,0.51,0.753,0.99,0.622,0.72,0.799,0.98,1500,1,90,0.62,0.95,70,35,0.8277
Singapore,0.459,0.91,0.529,0.72,0.081,0.98,0.11,0.85,0.781,0.79,0.753,0.94,0.622,0.97,0.799,0.79,1500,1,155,0.9,0.94,145,50,0.8772
Barcelona,0.459,0.96,0.529,0.84,0.081,0.94,0.11,0.96,0.781,0.82,0.753,0.82,0.622,0.88,0.799,0.72,1500,1,150,0.93,0.94,130,58,0.8716
Bali,0.428,0.73,0.078,0.76,0.439,0.91,0.734,0.87,0.811,0.51,0.688,0.99,0.676,0.72,0.5,0.98,1100,1,90,0.62,0.95,70,35,0.8185
Tokyo,0.428,0.9,0.078,0.91,0.439,0.99,0.734,0.96,0.811,0.88,0.688,0.74,0.676,0.99,0.5,0.71,1100,1,165,0.91,0.79,135,60,0.8946
Dubai,0.428,0.96,0.078,0.63,0.439,0.91,0.734,0.92,0.811,0.72,0.688,0.68,0.676,0.99,0.5,0.91,1100,1,190,0.58,0.96,175,70,0.8818
Rome,0.428,0.97,0.078,0.99,0.439,0.96,0.734,0.78,0.811,0.91,0.688,0.62,0.676,0.76,0.5,0.48,1100,1,145,0.91,0.9,125,55,0.8714
Barcelona,0.441,0.96,0.219,0.84,0.025,0.94,0.363,0.96,0.207,0.82,0.098,0.82,0.544,0.88,0.852,0.72,2600,1,150,0.93,0.94,130,58,0.9031
Istanbul,0.441,0.94,0.219,0.98,0.025,0.94,0.363,0.89,0.207,0.84,0.098,0.71,0.544,0.91,0.852,0.58,2600,1,85,0.84,0.88,65,32,0.8754
Amsterdam,0.441,0.91,0.219,0.88,0.025,0.79,0.363,0.92,0.207,0.95,0.098,0.78,0.544,0.86,0.852,0.65,2600,1,175,0.96,0.68,155,65,0.8665
Switzerland,0.289,0.79,0.381,0.78,0.069,0.82,0.297,0.58,0.391,0.75,0.381,0.99,0.494,0.76,0.205,0.98,1300,0,240,0.88,0.78,220,90,0.8209
Rome,0.289,0.97,0.381,0.99,0.069,0.96,0.297,0.78,0.391,0.91,0.381,0.62,0.494,0.76,0.205,0.48,1300,0,145,0.91,0.9,125,55,0.833
Istanbul,0.289,0.94,0.381,0.98,0.069,0.94,0.297,0.89,0.391,0.84,0.381,0.71,0.494,0.91,0.205,0.58,1300,0,85,0.84,0.88,65,32,0.8343
Singapore,0.289,0.91,0.381,0.72,0.069,0.98,0.297,0.85,0.391,0.79,0.381,0.94,0.494,0.97,0.205,0.79,1300,0,155,0.9,0.94,145,50,0.8708
Dubai,0.289,0.96,0.381,0.63,0.069,0.91,0.297,0.92,0.391,0.72,0.381,0.68,0.494,0.99,0.205,0.91,1300,0,190,0.58,0.96,175,70,0.8351
Tokyo,0.296,0.9,0.227,0.91,0.601,0.99,0.99,0.96,0.737,0.88,0.207,0.74,0.923,0.99,0.262,0.71,700,1,165,0.91,0.79,135,60,0.9101
Dubai,0.296,0.96,0.227,0.63,0.601,0.91,0.99,0.92,0.737,0.72,0.207,0.68,0.923,0.99,0.262,0.91,700,1,190,0.58,0.96,175,70,0.881
New York,0.296,0.94,0.227,0.82,0.601,0.96,0.99,0.99,0.737,0.97,0.207,0.71,0.923,0.99,0.262,0.63,700,1,230,0.92,0.76,210,85,0.9423
Switzerland,0.296,0.79,0.227,0.78,0.601,0.82,0.99,0.58,0.737,0.75,0.207,0.99,0.923,0.76,0.262,0.98,700,1,240,0.88,0.78,220,90,0.8042
Singapore,0.296,0.91,0.227,0.72,0.601,0.98,0.99,0.85,0.737,0.79,0.207,0.94,0.923,0.97,0.262,0.79,700,1,155,0.9,0.94,145,50,0.8896
Paris,0.296,0.98,0.227,0.95,0.601,0.97,0.99,0.82,0.737,0.99,0.207,0.65,0.923,0.92,0.262,0.45,700,1,180,0.95,0.82,160,70,0.9068
Rome,0.486,0.97,0.603,0.99,0.641,0.96,0.402,0.78,0.227,0.91,0.843,0.62,0.766,0.76,0.577,0.48,1100,0,145,0.91,0.9,125,55,0.8183
Switzerland,0.486,0.79,0.603,0.78,0.641,0.82,0.402,0.58,0.227,0.75,0.843,0.99,0.766,0.76,0.577,0.98,1100,0,240,0.88,0.78,220,90,0.8141
Barcelona,0.486,0.96,0.603,0.84,0.641,0.94,0.402,0.96,0.227,0.82,0.843,0.82,0.766,0.88,0.577,0.72,1100,0,150,0.93,0.94,130,58,0.8398
Singapore,0.486,0.91,0.603,0.72,0.641,0.98,0.402,0.85,0.227,0.79,0.843,0.94,0.766,0.97,0.577,0.79,1100,0,155,0.9,0.94,145,50,0.8625
Paris,0.486,0.98,0.603,0.95,0.641,0.97,0.402,0.82,0.227,0.99,0.843,0.65,0.766,0.92,0.577,0.45,1100,0,180,0.95,0.82,160,70,0.8193
Amsterdam,0.486,0.91,0.603,0.88,0.641,0.79,0.402,0.92,0.227,0.95,0.843,0.78,0.766,0.86,0.577,0.65,1100,0,175,0.96,0.68,155,65,0.8357
Bali,0.486,0.73,0.603,0.76,0.641,0.91,0.402,0.87,0.227,0.51,0.843,0.99,0.766,0.72,0.577,0.98,1100,0,90,0.62,0.95,70,35,0.8307
Dubai,0.094,0.96,0.543,0.63,0.17,0.91,0.514,0.92,0.281,0.72,0.124,0.68,0.193,0.99,0.088,0.91,900,1,190,0.58,0.96,175,70,0.8389
Switzerland,0.094,0.79,0.543,0.78,0.17,0.82,0.514,0.58,0.281,0.75,0.124,0.99,0.193,0.76,0.088,0.98,900,1,240,0.88,0.78,220,90,0.8264
Paris,0.094,0.98,0.543,0.95,0.17,0.97,0.514,0.82,0.281,0.99,0.124,0.65,0.193,0.92,0.088,0.45,900,1,180,0.95,0.82,160,70,0.9231
Singapore,0.094,0.91,0.543,0.72,0.17,0.98,0.514,0.85,0.281,0.79,0.124,0.94,0.193,0.97,0.088,0.79,900,1,155,0.9,0.94,145,50,0.8859
Tokyo,0.094,0.9,0.543,0.91,0.17,0.99,0.514,0.96,0.281,0.88,0.124,0.74,0.193,0.99,0.088,0.71,900,1,165,0.91,0.79,135,60,0.9056
New York,0.094,0.94,0.543,0.82,0.17,0.96,0.514,0.99,0.281,0.97,0.124,0.71,0.193,0.99,0.088,0.63,900,1,230,0.92,0.76,210,85,0.9138
Amsterdam,0.094,0.91,0.543,0.88,0.17,0.79,0.514,0.92,0.281,0.95,0.124,0.78,0.193,0.86,0.088,0.65,900,1,175,0.96,0.68,155,65,0.9091
Tokyo,0.582,0.9,0.449,0.91,0.6,0.99,0.316,0.96,0.93,0.88,0.135,0.74,0.49,0.99,0.11,0.71,2200,1,165,0.91,0.79,135,60,0.9167
New York,0.582,0.94,0.449,0.82,0.6,0.96,0.316,0.99,0.93,0.97,0.135,0.71,0.49,0.99,0.11,0.63,2200,1,230,0.92,0.76,210,85,0.9252
Rome,0.582,0.97,0.449,0.99,0.6,0.96,0.316,0.78,0.93,0.91,0.135,0.62,0.49,0.76,0.11,0.48,2200,1,145,0.91,0.9,125,55,0.9169
Switzerland,0.582,0.79,0.449,0.78,0.6,0.82,0.316,0.58,0.93,0.75,0.135,0.99,0.49,0.76,0.11,0.98,2200,1,240,0.88,0.78,220,90,0.8398
Bali,0.582,0.73,0.449,0.76,0.6,0.91,0.316,0.87,0.93,0.51,0.135,0.99,0.49,0.72,0.11,0.98,2200,1,90,0.62,0.95,70,35,0.821
Paris,0.582,0.98,0.449,0.95,0.6,0.97,0.316,0.82,0.93,0.99,0.135,0.65,0.49,0.92,0.11,0.45,2200,1,180,0.95,0.82,160,70,0.9433
Istanbul,0.406,0.94,0.243,0.98,0.993,0.94,0.2,0.89,0.094,0.84,0.596,0.71,0.981,0.91,0.367,0.58,1800,1,85,0.84,0.88,65,32,0.8932
Dubai,0.406,0.96,0.243,0.63,0.993,0.91,0.2,0.92,0.094,0.72,0.596,0.68,0.981,0.99,0.367,0.91,1800,1,190,0.58,0.96,175,70,0.8865
Rome,0.406,0.97,0.243,0.99,0.993,0.96,0.2,0.78,0.094,0.91,0.596,0.62,0.981,0.76,0.367,0.48,1800,1,145,0.91,0.9,125,55,0.8494
Switzerland,0.406,0.79,0.243,0.78,0.993,0.82,0.2,0.58,0.094,0.75,0.596,0.99,0.981,0.76,0.367,0.98,1800,1,240,0.88,0.78,220,90,0.8825
Barcelona,0.507,0.96,0.089,0.84,0.839,0.94,0.211,0.96,0.853,0.82,0.711,0.82,0.648,0.88,0.887,0.72,700,1,150,0.93,0.94,130,58,0.8947
Paris,0.507,0.98,0.089,0.95,0.839,0.97,0.211,0.82,0.853,0.99,0.711,0.65,0.648,0.92,0.887,0.45,700,1,180,0.95,0.82,160,70,0.8661
Rome,0.507,0.97,0.089,0.99,0.839,0.96,0.211,0.78,0.853,0.91,0.711,0.62,0.648,0.76,0.887,0.48,700,1,145,0.91,0.9,125,55,0.8314
Amsterdam,0.507,0.91,0.089,0.88,0.839,0.79,0.211,0.92,0.853,0.95,0.711,0.78,0.648,0.86,0.887,0.65,700,1,175,0.96,0.68,155,65,0.8657
Switzerland,0.507,0.79,0.089,0.78,0.839,0.82,0.211,0.58,0.853,0.75,0.711,0.99,0.648,0.76,0.887,0.98,700,1,240,0.88,0.78,220,90,0.8536
New York,0.507,0.94,0.089,0.82,0.839,0.96,0.211,0.99,0.853,0.97,0.711,0.71,0.648,0.99,0.887,0.63,700,1,230,0.92,0.76,210,85,0.8804
Singapore,0.507,0.91,0.089,0.72,0.839,0.98,0.211,0.85,0.853,0.79,0.711,0.94,0.648,0.97,0.887,0.79,700,1,155,0.9,0.94,145,50,0.93
Istanbul,0.691,0.94,0.422,0.98,0.121,0.94,0.838,0.89,0.077,0.84,0.614,0.71,0.527,0.91,0.268,0.58,700,0,85,0.84,0.88,65,32,0.8624
Bali,0.691,0.73,0.422,0.76,0.121,0.91,0.838,0.87,0.077,0.51,0.614,0.99,0.527,0.72,0.268,0.98,700,0,90,0.62,0.95,70,35,0.8481
Paris,0.691,0.98,0.422,0.95,0.121,0.97,0.838,0.82,0.077,0.99,0.614,0.65,0.527,0.92,0.268,0.45,700,0,180,0.95,0.82,160,70,0.8442
Amsterdam,0.691,0.91,0.422,0.88,0.121,0.79,0.838,0.92,0.077,0.95,0.614,0.78,0.527,0.86,0.268,0.65,700,0,175,0.96,0.68,155,65,0.8253
Singapore,0.691,0.91,0.422,0.72,0.121,0.98,0.838,0.85,0.077,0.79,0.614,0.94,0.527,0.97,0.268,0.79,700,0,155,0.9,0.94,145,50,0.8847
London,0.504,0.94,0.342,0.97,0.421,0.91,0.968,0.95,0.868,0.98,0.68,0.76,0.917,0.98,0.548,0.55,900,0,210,0.89,0.64,190,75,0.8624
Amsterdam,0.504,0.91,0.342,0.88,0.421,0.79,0.968,0.92,0.868,0.95,0.68,0.78,0.917,0.86,0.548,0.65,900,0,175,0.96,0.68,155,65,0.8501
Bali,0.504,0.73,0.342,0.76,0.421,0.91,0.968,0.87,0.868,0.51,0.68,0.99,0.917,0.72,0.548,0.98,900,0,90,0.62,0.95,70,35,0.8016
Barcelona,0.504,0.96,0.342,0.84,0.421,0.94,0.968,0.96,0.868,0.82,0.68,0.82,0.917,0.88,0.548,0.72,900,0,150,0.93,0.94,130,58,0.8816
New York,0.504,0.94,0.342,0.82,0.421,0.96,0.968,0.99,0.868,0.97,0.68,0.71,0.917,0.99,0.548,0.63,900,0,230,0.92,0.76,210,85,0.8412
Singapore,0.504,0.91,0.342,0.72,0.421,0.98,0.968,0.85,0.868,0.79,0.68,0.94,0.917,0.97,0.548,0.79,900,0,155,0.9,0.94,145,50,0.8735
Rome,0.74,0.97,0.323,0.99,0.881,0.96,0.067,0.78,0.739,0.91,0.981,0.62,0.949,0.76,0.254,0.48,2600,1,145,0.91,0.9,125,55,0.8902
Barcelona,0.74,0.96,0.323,0.84,0.881,0.94,0.067,0.96,0.739,0.82,0.981,0.82,0.949,0.88,0.254,0.72,2600,1,150,0.93,0.94,130,58,0.8913
Amsterdam,0.74,0.91,0.323,0.88,0.881,0.79,0.067,0.92,0.739,0.95,0.981,0.78,0.949,0.86,0.254,0.65,2600,1,175,0.96,0.68,155,65,0.8724
Dubai,0.74,0.96,0.323,0.63,0.881,0.91,0.067,0.92,0.739,0.72,0.981,0.68,0.949,0.99,0.254,0.91,2600,1,190,0.58,0.96,175,70,0.845
Amsterdam,0.598,0.91,0.358,0.88,0.098,0.79,0.208,0.92,0.773,0.95,0.252,0.78,0.234,0.86,0.314,0.65,1300,0,175,0.96,0.68,155,65,0.8168
Paris,0.598,0.98,0.358,0.95,0.098,0.97,0.208,0.82,0.773,0.99,0.252,0.65,0.234,0.92,0.314,0.45,1300,0,180,0.95,0.82,160,70,0.8607
Singapore,0.598,0.91,0.358,0.72,0.098,0.98,0.208,0.85,0.773,0.79,0.252,0.94,0.234,0.97,0.314,0.79,1300,0,155,0.9,0.94,145,50,0.8612
Dubai,0.598,0.96,0.358,0.63,0.098,0.91,0.208,0.92,0.773,0.72,0.252,0.68,0.234,0.99,0.314,0.91,1300,0,190,0.58,0.96,175,70,0.8285
Tokyo,0.598,0.9,0.358,0.91,0.098,0.99,0.208,0.96,0.773,0.88,0.252,0.74,0.234,0.99,0.314,0.71,1300,0,165,0.91,0.79,135,60,0.8734
New York,0.598,0.94,0.358,0.82,0.098,0.96,0.208,0.99,0.773,0.97,0.252,0.71,0.234,0.99,0.314,0.63,1300,0,230,0.92,0.76,210,85,0.862
London,0.598,0.94,0.358,0.97,0.098,0.91,0.208,0.95,0.773,0.98,0.252,0.76,0.234,0.98,0.314,0.55,1300,0,210,0.89,0.64,190,75,0.8513
Dubai,0.63,0.96,0.915,0.63,0.032,0.91,0.985,0.92,0.611,0.72,0.866,0.68,0.703,0.99,0.461,0.91,1300,1,190,0.58,0.96,175,70,0.8236
Istanbul,0.63,0.94,0.915,0.98,0.032,0.94,0.985,0.89,0.611,0.84,0.866,0.71,0.703,0.91,0.461,0.58,1300,1,85,0.84,0.88,65,32,0.9018
New York,0.63,0.94,0.915,0.82,0.032,0.96,0.985,0.99,0.611,0.97,0.866,0.71,0.703,0.99,0.461,0.63,1300,1,230,0.92,0.76,210,85,0.8776
Barcelona,0.622,0.96,0.192,0.84,0.429,0.94,0.029,0.96,0.692,0.82,0.121,0.82,0.657,0.88,0.707,0.72,700,0,150,0.93,0.94,130,58,0.8357
Switzerland,0.622,0.79,0.192,0.78,0.429,0.82,0.029,0.58,0.692,0.75,0.121,0.99,0.657,0.76,0.707,0.98,700,0,240,0.88,0.78,220,90,0.828
Istanbul,0.622,0.94,0.192,0.98,0.429,0.94,0.029,0.89,0.692,0.84,0.121,0.71,0.657,0.91,0.707,0.58,700,0,85,0.84,0.88,65,32,0.8575
Bali,0.622,0.73,0.192,0.76,0.429,0.91,0.029,0.87,0.692,0.51,0.121,0.99,0.657,0.72,0.707,0.98,700,0,90,0.62,0.95,70,35,0.8237
London,0.622,0.94,0.192,0.97,0.429,0.91,0.029,0.95,0.692,0.98,0.121,0.76,0.657,0.98,0.707,0.55,700,0,210,0.89,0.64,190,75,0.8209
London,0.809,0.94,0.412,0.97,0.912,0.91,0.185,0.95,0.235,0.98,0.313,0.76,0.902,0.98,0.094,0.55,900,1,210,0.89,0.64,190,75,0.8903
Barcelona,0.809,0.96,0.412,0.84,0.912,0.94,0.185,0.96,0.235,0.82,0.313,0.82,0.902,0.88,0.094,0.72,900,1,150,0.93,0.94,130,58,0.9501
Istanbul,0.809,0.94,0.412,0.98,0.912,0.94,0.185,0.89,0.235,0.84,0.313,0.71,0.902,0.91,0.094,0.58,900,1,85,0.84,0.88,65,32,0.8894
New York,0.809,0.94,0.412,0.82,0.912,0.96,0.185,0.99,0.235,0.97,0.313,0.71,0.902,0.99,0.094,0.63,900,1,230,0.92,0.76,210,85,0.9306
Bali,0.809,0.73,0.412,0.76,0.912,0.91,0.185,0.87,0.235,0.51,0.313,0.99,0.902,0.72,0.094,0.98,900,1,90,0.62,0.95,70,35,0.8205
Dubai,0.837,0.96,0.368,0.63,0.698,0.91,0.308,0.92,0.411,0.72,0.702,0.68,0.938,0.99,0.118,0.91,2200,0,190,0.58,0.96,175,70,0.852
London,0.837,0.94,0.368,0.97,0.698,0.91,0.308,0.95,0.411,0.98,0.702,0.76,0.938,0.98,0.118,0.55,2200,0,210,0.89,0.64,190,75,0.8534
Paris,0.837,0.98,0.368,0.95,0.698,0.97,0.308,0.82,0.411,0.99,0.702,0.65,0.938,0.92,0.118,0.45,2200,0,180,0.95,0.82,160,70,0.8694
Switzerland,0.837,0.79,0.368,0.78,0.698,0.82,0.308,0.58,0.411,0.75,0.702,0.99,0.938,0.76,0.118,0.98,2200,0,240,0.88,0.78,220,90,0.8177
Rome,0.837,0.97,0.368,0.99,0.698,0.96,0.308,0.78,0.411,0.91,0.702,0.62,0.938,0.76,0.118,0.48,2200,0,145,0.91,0.9,125,55,0.8203
Rome,0.193,0.97,0.039,0.99,0.311,0.96,0.636,0.78,0.3,0.91,0.325,0.62,0.093,0.76,0.633,0.48,700,0,145,0.91,0.9,125,55,0.7775
Switzerland,0.193,0.79,0.039,0.78,0.311,0.82,0.636,0.58,0.3,0.75,0.325,0.99,0.093,0.76,0.633,0.98,700,0,240,0.88,0.78,220,90,0.8187
Istanbul,0.193,0.94,0.039,0.98,0.311,0.94,0.636,0.89,0.3,0.84,0.325,0.71,0.093,0.91,0.633,0.58,700,0,85,0.84,0.88,65,32,0.7993
Paris,0.193,0.98,0.039,0.95,0.311,0.97,0.636,0.82,0.3,0.99,0.325,0.65,0.093,0.92,0.633,0.45,700,0,180,0.95,0.82,160,70,0.7931
Amsterdam,0.193,0.91,0.039,0.88,0.311,0.79,0.636,0.92,0.3,0.95,0.325,0.78,0.093,0.86,0.633,0.65,700,0,175,0.96,0.68,155,65,0.8336
Barcelona,0.193,0.96,0.039,0.84,0.311,0.94,0.636,0.96,0.3,0.82,0.325,0.82,0.093,0.88,0.633,0.72,700,0,150,0.93,0.94,130,58,0.8356
Amsterdam,0.957,0.91,0.242,0.88,0.382,0.79,0.382,0.92,0.583,0.95,0.937,0.78,0.423,0.86,0.173,0.65,1100,1,175,0.96,0.68,155,65,0.882
New York,0.957,0.94,0.242,0.82,0.382,0.96,0.382,0.99,0.583,0.97,0.937,0.71,0.423,0.99,0.173,0.63,1100,1,230,0.92,0.76,210,85,0.8774
Dubai,0.957,0.96,0.242,0.63,0.382,0.91,0.382,0.92,0.583,0.72,0.937,0.68,0.423,0.99,0.173,0.91,1100,1,190,0.58,0.96,175,70,0.8329
Rome,0.957,0.97,0.242,0.99,0.382,0.96,0.382,0.78,0.583,0.91,0.937,0.62,0.423,0.76,0.173,0.48,1100,1,145,0.91,0.9,125,55,0.8897
Dubai,0.782,0.96,0.192,0.63,0.677,0.91,0.836,0.92,0.793,0.72,0.783,0.68,0.306,0.99,0.28,0.91,1100,1,190,0.58,0.96,175,70,0.8603
Istanbul,0.782,0.94,0.192,0.98,0.677,0.94,0.836,0.89,0.793,0.84,0.783,0.71,0.306,0.91,0.28,0.58,1100,1,85,0.84,0.88,65,32,0.8683
Barcelona,0.782,0.96,0.192,0.84,0.677,0.94,0.836,0.96,0.793,0.82,0.783,0.82,0.306,0.88,0.28,0.72,1100,1,150,0.93,0.94,130,58,0.9135
London,0.202,0.94,0.3,0.97,0.517,0.91,0.605,0.95,0.952,0.98,0.257,0.76,0.473,0.98,0.103,0.55,2200,1,210,0.89,0.64,190,75,0.8955
Paris,0.202,0.98,0.3,0.95,0.517,0.97,0.605,0.82,0.952,0.99,0.257,0.65,0.473,0.92,0.103,0.45,2200,1,180,0.95,0.82,160,70,0.9051
New York,0.202,0.94,0.3,0.82,0.517,0.96,0.605,0.99,0.952,0.97,0.257,0.71,0.473,0.99,0.103,0.63,2200,1,230,0.92,0.76,210,85,0.9291
Dubai,0.202,0.96,0.3,0.63,0.517,0.91,0.605,0.92,0.952,0.72,0.257,0.68,0.473,0.99,0.103,0.91,2200,1,190,0.58,0.96,175,70,0.8467
Tokyo,0.202,0.9,0.3,0.91,0.517,0.99,0.605,0.96,0.952,0.88,0.257,0.74,0.473,0.99,0.103,0.71,2200,1,165,0.91,0.79,135,60,0.9246
Bali,0.202,0.73,0.3,0.76,0.517,0.91,0.605,0.87,0.952,0.51,0.257,0.99,0.473,0.72,0.103,0.98,2200,1,90,0.62,0.95,70,35,0.7881
Barcelona,0.202,0.96,0.3,0.84,0.517,0.94,0.605,0.96,0.952,0.82,0.257,0.82,0.473,0.88,0.103,0.72,2200,1,150,0.93,0.94,130,58,0.9055
Switzerland,0.021,0.79,0.269,0.78,0.34,0.82,0.833,0.58,0.578,0.75,0.347,0.99,0.974,0.76,0.853,0.98,1800,1,240,0.88,0.78,220,90,0.833
Paris,0.021,0.98,0.269,0.95,0.34,0.97,0.833,0.82,0.578,0.99,0.347,0.65,0.974,0.92,0.853,0.45,1800,1,180,0.95,0.82,160,70,0.8474
Amsterdam,0.021,0.91,0.269,0.88,0.34,0.79,0.833,0.92,0.578,0.95,0.347,0.78,0.974,0.86,0.853,0.65,1800,1,175,0.96,0.68,155,65,0.8424
Dubai,0.021,0.96,0.269,0.63,0.34,0.91,0.833,0.92,0.578,0.72,0.347,0.68,0.974,0.99,0.853,0.91,1800,1,190,0.58,0.96,175,70,0.8928
New York,0.021,0.94,0.269,0.82,0.34,0.96,0.833,0.99,0.578,0.97,0.347,0.71,0.974,0.99,0.853,0.63,1800,1,230,0.92,0.76,210,85,0.8899
Barcelona,0.021,0.96,0.269,0.84,0.34,0.94,0.833,0.96,0.578,0.82,0.347,0.82,0.974,0.88,0.853,0.72,1800,1,150,0.93,0.94,130,58,0.876
London,0.458,0.94,0.803,0.97,0.523,0.91,0.005,0.95,0.762,0.98,0.798,0.76,0.34,0.98,0.136,0.55,2600,0,210,0.89,0.64,190,75,0.8519
Bali,0.458,0.73,0.803,0.76,0.523,0.91,0.005,0.87,0.762,0.51,0.798,0.99,0.34,0.72,0.136,0.98,2600,0,90,0.62,0.95,70,35,0.8172
Dubai,0.458,0.96,0.803,0.63,0.523,0.91,0.005,0.92,0.762,0.72,0.798,0.68,0.34,0.99,0.136,0.91,2600,0,190,0.58,0.96,175,70,0.8187
Switzerland,0.458,0.79,0.803,0.78,0.523,0.82,0.005,0.58,0.762,0.75,0.798,0.99,0.34,0.76,0.136,0.98,2600,0,240,0.88,0.78,220,90,0.8137
New York,0.458,0.94,0.803,0.82,0.523,0.96,0.005,0.99,0.762,0.97,0.798,0.71,0.34,0.99,0.136,0.63,2600,0,230,0.92,0.76,210,85,0.8232
Rome,0.701,0.97,0.458,0.99,0.853,0.96,0.642,0.78,0.872,0.91,0.867,0.62,0.433,0.76,0.051,0.48,1500,1,145,0.91,0.9,125,55,0.905
Paris,0.701,0.98,0.458,0.95,0.853,0.97,0.642,0.82,0.872,0.99,0.867,0.65,0.433,0.92,0.051,0.45,1500,1,180,0.95,0.82,160,70,0.897
Amsterdam,0.701,0.91,0.458,0.88,0.853,0.79,0.642,0.92,0.872,0.95,0.867,0.78,0.433,0.86,0.051,0.65,1500,1,175,0.96,0.68,155,65,0.9052
Istanbul,0.716,0.94,0.945,0.98,0.103,0.94,0.392,0.89,0.829,0.84,0.419,0.71,0.728,0.91,0.0,0.58,1800,0,85,0.84,0.88,65,32,0.8835
New York,0.716,0.94,0.945,0.82,0.103,0.96,0.392,0.99,0.829,0.97,0.419,0.71,0.728,0.99,0.0,0.63,1800,0,230,0.92,0.76,210,85,0.8596
Dubai,0.716,0.96,0.945,0.63,0.103,0.91,0.392,0.92,0.829,0.72,0.419,0.68,0.728,0.99,0.0,0.91,1800,0,190,0.58,0.96,175,70,0.8503
Paris,0.716,0.98,0.945,0.95,0.103,0.97,0.392,0.82,0.829,0.99,0.419,0.65,0.728,0.92,0.0,0.45,1800,0,180,0.95,0.82,160,70,0.8906
Rome,0.716,0.97,0.945,0.99,0.103,0.96,0.392,0.78,0.829,0.91,0.419,0.62,0.728,0.76,0.0,0.48,1800,0,145,0.91,0.9,125,55,0.8483
Amsterdam,0.716,0.91,0.945,0.88,0.103,0.79,0.392,0.92,0.829,0.95,0.419,0.78,0.728,0.86,0.0,0.65,1800,0,175,0.96,0.68,155,65,0.86
Bali,0.716,0.73,0.945,0.76,0.103,0.91,0.392,0.87,0.829,0.51,0.419,0.99,0.728,0.72,0.0,0.98,1800,0,90,0.62,0.95,70,35,0.8095
Dubai,0.368,0.96,0.888,0.63,0.983,0.91,0.575,0.92,0.328,0.72,0.883,0.68,0.992,0.99,0.278,0.91,700,1,190,0.58,0.96,175,70,0.8308
Bali,0.368,0.73,0.888,0.76,0.983,0.91,0.575,0.87,0.328,0.51,0.883,0.99,0.992,0.72,0.278,0.98,700,1,90,0.62,0.95,70,35,0.868
Amsterdam,0.368,0.91,0.888,0.88,0.983,0.79,0.575,0.92,0.328,0.95,0.883,0.78,0.992,0.86,0.278,0.65,700,1,175,0.96,0.68,155,65,0.8814
Singapore,0.368,0.91,0.888,0.72,0.983,0.98,0.575,0.85,0.328,0.79,0.883,0.94,0.992,0.97,0.278,0.79,700,1,155,0.9,0.94,145,50,0.9045
Tokyo,0.368,0.9,0.888,0.91,0.983,0.99,0.575,0.96,0.328,0.88,0.883,0.74,0.992,0.99,0.278,0.71,700,1,165,0.91,0.79,135,60,0.8962
Barcelona,0.368,0.96,0.888,0.84,0.983,0.94,0.575,0.96,0.328,0.82,0.883,0.82,0.992,0.88,0.278,0.72,700,1,150,0.93,0.94,130,58,0.916
Switzerland,0.072,0.79,0.831,0.78,0.537,0.82,0.168,0.58,0.331,0.75,0.446,0.99,0.301,0.76,0.033,0.98,1100,1,240,0.88,0.78,220,90,0.8413
Amsterdam,0.072,0.91,0.831,0.88,0.537,0.79,0.168,0.92,0.331,0.95,0.446,0.78,0.301,0.86,0.033,0.65,1100,1,175,0.96,0.68,155,65,0.8858
New York,0.072,0.94,0.831,0.82,0.537,0.96,0.168,0.99,0.331,0.97,0.446,0.71,0.301,0.99,0.033,0.63,1100,1,230,0.92,0.76,210,85,0.8944
New York,0.745,0.94,0.756,0.82,0.875,0.96,0.301,0.99,0.993,0.97,0.071,0.71,0.411,0.99,0.756,0.63,1500,0,230,0.92,0.76,210,85,0.8509
Paris,0.745,0.98,0.756,0.95,0.875,0.97,0.301,0.82,0.993,0.99,0.071,0.65,0.411,0.92,0.756,0.45,1500,0,180,0.95,0.82,160,70,0.8326
Dubai,0.745,0.96,0.756,0.63,0.875,0.91,0.301,0.92,0.993,0.72,0.071,0.68,0.411,0.99,0.756,0.91,1500,0,190,0.58,0.96,175,70,0.867
Amsterdam,0.745,0.91,0.756,0.88,0.875,0.79,0.301,0.92,0.993,0.95,0.071,0.78,0.411,0.86,0.756,0.65,1500,0,175,0.96,0.68,155,65,0.802
Tokyo,0.745,0.9,0.756,0.91,0.875,0.99,0.301,0.96,0.993,0.88,0.071,0.74,0.411,0.99,0.756,0.71,1500,0,165,0.91,0.79,135,60,0.8439
London,0.745,0.94,0.756,0.97,0.875,0.91,0.301,0.95,0.993,0.98,0.071,0.76,0.411,0.98,0.756,0.55,1500,0,210,0.89,0.64,190,75,0.8604
Singapore,0.439,0.91,0.578,0.72,0.601,0.98,0.084,0.85,0.807,0.79,0.649,0.94,0.002,0.97,0.294,0.79,1800,0,155,0.9,0.94,145,50,0.8774
Tokyo,0.439,0.9,0.578,0.91,0.601,0.99,0.084,0.96,0.807,0.88,0.649,0.74,0.002,0.99,0.294,0.71,1800,0,165,0.91,0.79,135,60,0.8441
New York,0.439,0.94,0.578,0.82,0.601,0.96,0.084,0.99,0.807,0.97,0.649,0.71,0.002,0.99,0.294,0.63,1800,0,230,0.92,0.76,210,85,0.839
Dubai,0.439,0.96,0.578,0.63,0.601,0.91,0.084,0.92,0.807,0.72,0.649,0.68,0.002,0.99,0.294,0.91,1800,0,190,0.58,0.96,175,70,0.7929
Istanbul,0.439,0.94,0.578,0.98,0.601,0.94,0.084,0.89,0.807,0.84,0.649,0.71,0.002,0.91,0.294,0.58,1800,0,85,0.84,0.88,65,32,0.8317
Paris,0.439,0.98,0.578,0.95,0.601,0.97,0.084,0.82,0.807,0.99,0.649,0.65,0.002,0.92,0.294,0.45,1800,0,180,0.95,0.82,160,70,0.8468
New York,0.254,0.94,0.68,0.82,0.211,0.96,0.595,0.99,0.403,0.97,0.781,0.71,0.378,0.99,0.739,0.63,1300,0,230,0.92,0.76,210,85,0.8117
Rome,0.254,0.97,0.68,0.99,0.211,0.96,0.595,0.78,0.403,0.91,0.781,0.62,0.378,0.76,0.739,0.48,1300,0,145,0.91,0.9,125,55,0.7907
Barcelona,0.254,0.96,0.68,0.84,0.211,0.94,0.595,0.96,0.403,0.82,0.781,0.82,0.378,0.88,0.739,0.72,1300,0,150,0.93,0.94,130,58,0.8608
Dubai,0.089,0.96,0.714,0.63,0.743,0.91,0.048,0.92,0.883,0.72,0.838,0.68,0.886,0.99,0.301,0.91,1800,1,190,0.58,0.96,175,70,0.8576
Barcelona,0.089,0.96,0.714,0.84,0.743,0.94,0.048,0.96,0.883,0.82,0.838,0.82,0.886,0.88,0.301,0.72,1800,1,150,0.93,0.94,130,58,0.8956
Istanbul,0.089,0.94,0.714,0.98,0.743,0.94,0.048,0.89,0.883,0.84,0.838,0.71,0.886,0.91,0.301,0.58,1800,1,85,0.84,0.88,65,32,0.8747
Switzerland,0.089,0.79,0.714,0.78,0.743,0.82,0.048,0.58,0.883,0.75,0.838,0.99,0.886,0.76,0.301,0.98,1800,1,240,0.88,0.78,220,90,0.8394
Bali,0.089,0.73,0.714,0.76,0.743,0.91,0.048,0.87,0.883,0.51,0.838,0.99,0.886,0.72,0.301,0.98,1800,1,90,0.62,0.95,70,35,0.8343
Rome,0.089,0.97,0.714,0.99,0.743,0.96,0.048,0.78,0.883,0.91,0.838,0.62,0.886,0.76,0.301,0.48,1800,1,145,0.91,0.9,125,55,0.8926
New York,0.915,0.94,0.605,0.82,0.814,0.96,0.265,0.99,0.496,0.97,0.773,0.71,0.374,0.99,0.273,0.63,1500,0,230,0.92,0.76,210,85,0.8512
Tokyo,0.915,0.9,0.605,0.91,0.814,0.99,0.265,0.96,0.496,0.88,0.773,0.74,0.374,0.99,0.273,0.71,1500,0,165,0.91,0.79,135,60,0.8595
Barcelona,0.915,0.96,0.605,0.84,0.814,0.94,0.265,0.96,0.496,0.82,0.773,0.82,0.374,0.88,0.273,0.72,1500,0,150,0.93,0.94,130,58,0.8596
Switzerland,0.915,0.79,0.605,0.78,0.814,0.82,0.265,0.58,0.496,0.75,0.773,0.99,0.374,0.76,0.273,0.98,1500,0,240,0.88,0.78,220,90,0.8366
Amsterdam,0.915,0.91,0.605,0.88,0.814,0.79,0.265,0.92,0.496,0.95,0.773,0.78,0.374,0.86,0.273,0.65,1500,0,175,0.96,0.68,155,65,0.8027
Tokyo,0.753,0.9,0.24,0.91,0.389,0.99,0.42,0.96,0.475,0.88,0.025,0.74,0.872,0.99,0.023,0.71,2600,1,165,0.91,0.79,135,60,0.923
Rome,0.753,0.97,0.24,0.99,0.389,0.96,0.42,0.78,0.475,0.91,0.025,0.62,0.872,0.76,0.023,0.48,2600,1,145,0.91,0.9,125,55,0.8835
London,0.753,0.94,0.24,0.97,0.389,0.91,0.42,0.95,0.475,0.98,0.025,0.76,0.872,0.98,0.023,0.55,2600,1,210,0.89,0.64,190,75,0.9373
Singapore,0.753,0.91,0.24,0.72,0.389,0.98,0.42,0.85,0.475,0.79,0.025,0.94,0.872,0.97,0.023,0.79,2600,1,155,0.9,0.94,145,50,0.9339
Istanbul,0.753,0.94,0.24,0.98,0.389,0.94,0.42,0.89,0.475,0.84,0.025,0.71,0.872,0.91,0.023,0.58,2600,1,85,0.84,0.88,65,32,0.925
Switzerland,0.753,0.79,0.24,0.78,0.389,0.82,0.42,0.58,0.475,0.75,0.025,0.99,0.872,0.76,0.023,0.98,2600,1,240,0.88,0.78,220,90,0.8039
Barcelona,0.622,0.96,0.058,0.84,0.032,0.94,0.718,0.96,0.571,0.82,0.278,0.82,0.033,0.88,0.409,0.72,2200,1,150,0.93,0.94,130,58,0.937
Amsterdam,0.622,0.91,0.058,0.88,0.032,0.79,0.718,0.92,0.571,0.95,0.278,0.78,0.033,0.86,0.409,0.65,2200,1,175,0.96,0.68,155,65,0.8986
London,0.622,0.94,0.058,0.97,0.032,0.91,0.718,0.95,0.571,0.98,0.278,0.76,0.033,0.98,0.409,0.55,2200,1,210,0.89,0.64,190,75,0.8856
Bali,0.622,0.73,0.058,0.76,0.032,0.91,0.718,0.87,0.571,0.51,0.278,0.99,0.033,0.72,0.409,0.98,2200,1,90,0.62,0.95,70,35,0.8257
Tokyo,0.622,0.9,0.058,0.91,0.032,0.99,0.718,0.96,0.571,0.88,0.278,0.74,0.033,0.99,0.409,0.71,2200,1,165,0.91,0.79,135,60,0.8788
Rome,0.622,0.97,0.058,0.99,0.032,0.96,0.718,0.78,0.571,0.91,0.278,0.62,0.033,0.76,0.409,0.48,2200,1,145,0.91,0.9,125,55,0.8811
New York,0.622,0.94,0.058,0.82,0.032,0.96,0.718,0.99,0.571,0.97,0.278,0.71,0.033,0.99,0.409,0.63,2200,1,230,0.92,0.76,210,85,0.9213
Paris,0.865,0.98,0.13,0.95,0.412,0.97,0.984,0.82,0.631,0.99,0.915,0.65,0.671,0.92,0.013,0.45,700,1,180,0.95,0.82,160,70,0.8863
Bali,0.865,0.73,0.13,0.76,0.412,0.91,0.984,0.87,0.631,0.51,0.915,0.99,0.671,0.72,0.013,0.98,700,1,90,0.62,0.95,70,35,0.8258
Rome,0.865,0.97,0.13,0.99,0.412,0.96,0.984,0.78,0.631,0.91,0.915,0.62,0.671,0.76,0.013,0.48,700,1,145,0.91,0.9,125,55,0.8974
Switzerland,0.865,0.79,0.13,0.78,0.412,0.82,0.984,0.58,0.631,0.75,0.915,0.99,0.671,0.76,0.013,0.98,700,1,240,0.88,0.78,220,90,0.8411
Istanbul,0.865,0.94,0.13,0.98,0.412,0.94,0.984,0.89,0.631,0.84,0.915,0.71,0.671,0.91,0.013,0.58,700,1,85,0.84,0.88,65,32,0.9078
Tokyo,0.865,0.9,0.13,0.91,0.412,0.99,0.984,0.96,0.631,0.88,0.915,0.74,0.671,0.99,0.013,0.71,700,1,165,0.91,0.79,135,60,0.8884
London,0.6,0.94,0.765,0.97,0.502,0.91,0.592,0.95,0.399,0.98,0.314,0.76,0.08,0.98,0.548,0.55,1800,0,210,0.89,0.64,190,75,0.8309
Dubai,0.6,0.96,0.765,0.63,0.502,0.91,0.592,0.92,0.399,0.72,0.314,0.68,0.08,0.99,0.548,0.91,1800,0,190,0.58,0.96,175,70,0.8389
Switzerland,0.6,0.79,0.765,0.78,0.502,0.82,0.592,0.58,0.399,0.75,0.314,0.99,0.08,0.76,0.548,0.98,1800,0,240,0.88,0.78,220,90,0.8282
Rome,0.6,0.97,0.765,0.99,0.502,0.96,0.592,0.78,0.399,0.91,0.314,0.62,0.08,0.76,0.548,0.48,1800,0,145,0.91,0.9,125,55,0.8402
Istanbul,0.6,0.94,0.765,0.98,0.502,0.94,0.592,0.89,0.399,0.84,0.314,0.71,0.08,0.91,0.548,0.58,1800,0,85,0.84,0.88,65,32,0.8661
Tokyo,0.6,0.9,0.765,0.91,0.502,0.99,0.592,0.96,0.399,0.88,0.314,0.74,0.08,0.99,0.548,0.71,1800,0,165,0.91,0.79,135,60,0.8539
Istanbul,0.487,0.94,0.0,0.98,0.721,0.94,0.733,0.89,0.412,0.84,0.671,0.71,0.858,0.91,0.834,0.58,1100,0,85,0.84,0.88,65,32,0.8549
Barcelona,0.487,0.96,0.0,0.84,0.721,0.94,0.733,0.96,0.412,0.82,0.671,0.82,0.858,0.88,0.834,0.72,1100,0,150,0.93,0.94,130,58,0.869
Tokyo,0.487,0.9,0.0,0.91,0.721,0.99,0.733,0.96,0.412,0.88,0.671,0.74,0.858,0.99,0.834,0.71,1100,0,165,0.91,0.79,135,60,0.8336
Dubai,0.487,0.96,0.0,0.63,0.721,0.91,0.733,0.92,0.412,0.72,0.671,0.68,0.858,0.99,0.834,0.91,1100,0,190,0.58,0.96,175,70,0.8823
Bali,0.487,0.73,0.0,0.76,0.721,0.91,0.733,0.87,0.412,0.51,0.671,0.99,0.858,0.72,0.834,0.98,1100,0,90,0.62,0.95,70,35,0.8271
Singapore,0.718,0.91,0.701,0.72,0.692,0.98,0.004,0.85,0.18,0.79,0.704,0.94,0.496,0.97,0.908,0.79,700,1,155,0.9,0.94,145,50,0.8913
Switzerland,0.718,0.79,0.701,0.78,0.692,0.82,0.004,0.58,0.18,0.75,0.704,0.99,0.496,0.76,0.908,0.98,700,1,240,0.88,0.78,220,90,0.8642
Amsterdam,0.718,0.91,0.701,0.88,0.692,0.79,0.004,0.92,0.18,0.95,0.704,0.78,0.496,0.86,0.908,0.65,700,1,175,0.96,0.68,155,65,0.8365
New York,0.718,0.94,0.701,0.82,0.692,0.96,0.004,0.99,0.18,0.97,0.704,0.71,0.496,0.99,0.908,0.63,700,1,230,0.92,0.76,210,85,0.8589
Dubai,0.718,0.96,0.701,0.63,0.692,0.91,0.004,0.92,0.18,0.72,0.704,0.68,0.496,0.99,0.908,0.91,700,1,190,0.58,0.96,175,70,0.8426
Tokyo,0.088,0.9,0.389,0.91,0.032,0.99,0.485,0.96,0.451,0.88,0.244,0.74,0.552,0.99,0.838,0.71,1500,1,165,0.91,0.79,135,60,0.9027
Barcelona,0.088,0.96,0.389,0.84,0.032,0.94,0.485,0.96,0.451,0.82,0.244,0.82,0.552,0.88,0.838,0.72,1500,1,150,0.93,0.94,130,58,0.8622
London,0.088,0.94,0.389,0.97,0.032,0.91,0.485,0.95,0.451,0.98,0.244,0.76,0.552,0.98,0.838,0.55,1500,1,210,0.89,0.64,190,75,0.847
Singapore,0.088,0.91,0.389,0.72,0.032,0.98,0.485,0.85,0.451,0.79,0.244,0.94,0.552,0.97,0.838,0.79,1500,1,155,0.9,0.94,145,50,0.8762
Bali,0.088,0.73,0.389,0.76,0.032,0.91,0.485,0.87,0.451,0.51,0.244,0.99,0.552,0.72,0.838,0.98,1500,1,90,0.62,0.95,70,35,0.8246
Dubai,0.088,0.96,0.389,0.63,0.032,0.91,0.485,0.92,0.451,0.72,0.244,0.68,0.552,0.99,0.838,0.91,1500,1,190,0.58,0.96,175,70,0.883
Switzerland,0.088,0.79,0.389,0.78,0.032,0.82,0.485,0.58,0.451,0.75,0.244,0.99,0.552,0.76,0.838,0.98,1500,1,240,0.88,0.78,220,90,0.8657
Singapore,0.672,0.91,0.916,0.72,0.226,0.98,0.505,0.85,0.645,0.79,0.838,0.94,0.992,0.97,0.537,0.79,2200,1,155,0.9,0.94,145,50,0.8819
Istanbul,0.672,0.94,0.916,0.98,0.226,0.94,0.505,0.89,0.645,0.84,0.838,0.71,0.992,0.91,0.537,0.58,2200,1,85,0.84,0.88,65,32,0.8684
London,0.672,0.94,0.916,0.97,0.226,0.91,0.505,0.95,0.645,0.98,0.838,0.76,0.992,0.98,0.537,0.55,2200,1,210,0.89,0.64,190,75,0.88
Rome,0.672,0.97,0.916,0.99,0.226,0.96,0.505,0.78,0.645,0.91,0.838,0.62,0.992,0.76,0.537,0.48,2200,1,145,0.91,0.9,125,55,0.8639
Amsterdam,0.672,0.91,0.916,0.88,0.226,0.79,0.505,0.92,0.645,0.95,0.838,0.78,0.992,0.86,0.537,0.65,2200,1,175,0.96,0.68,155,65,0.8582
Istanbul,0.141,0.94,0.514,0.98,0.196,0.94,0.901,0.89,0.97,0.84,0.772,0.71,0.535,0.91,0.079,0.58,1300,1,85,0.84,0.88,65,32,0.8909
Rome,0.141,0.97,0.514,0.99,0.196,0.96,0.901,0.78,0.97,0.91,0.772,0.62,0.535,0.76,0.079,0.48,1300,1,145,0.91,0.9,125,55,0.8614
Singapore,0.141,0.91,0.514,0.72,0.196,0.98,0.901,0.85,0.97,0.79,0.772,0.94,0.535,0.97,0.079,0.79,1300,1,155,0.9,0.94,145,50,0.9057
New York,0.141,0.94,0.514,0.82,0.196,0.96,0.901,0.99,0.97,0.97,0.772,0.71,0.535,0.99,0.079,0.63,1300,1,230,0.92,0.76,210,85,0.9148
New York,0.809,0.94,0.523,0.82,0.706,0.96,0.677,0.99,0.973,0.97,0.917,0.71,0.971,0.99,0.554,0.63,2200,1,230,0.92,0.76,210,85,0.9136
Rome,0.809,0.97,0.523,0.99,0.706,0.96,0.677,0.78,0.973,0.91,0.917,0.62,0.971,0.76,0.554,0.48,2200,1,145,0.91,0.9,125,55,0.851
Dubai,0.809,0.96,0.523,0.63,0.706,0.91,0.677,0.92,0.973,0.72,0.917,0.68,0.971,0.99,0.554,0.91,2200,1,190,0.58,0.96,175,70,0.8611
Singapore,0.809,0.91,0.523,0.72,0.706,0.98,0.677,0.85,0.973,0.79,0.917,0.94,0.971,0.97,0.554,0.79,2200,1,155,0.9,0.94,145,50,0.9337
Tokyo,0.809,0.9,0.523,0.91,0.706,0.99,0.677,0.96,0.973,0.88,0.917,0.74,0.971,0.99,0.554,0.71,2200,1,165,0.91,0.79,135,60,0.8825
Amsterdam,0.22,0.91,0.532,0.88,0.955,0.79,0.092,0.92,0.892,0.95,0.765,0.78,0.732,0.86,0.993,0.65,900,1,175,0.96,0.68,155,65,0.8336
London,0.22,0.94,0.532,0.97,0.955,0.91,0.092,0.95,0.892,0.98,0.765,0.76,0.732,0.98,0.993,0.55,900,1,210,0.89,0.64,190,75,0.8678
Barcelona,0.22,0.96,0.532,0.84,0.955,0.94,0.092,0.96,0.892,0.82,0.765,0.82,0.732,0.88,0.993,0.72,900,1,150,0.93,0.94,130,58,0.8856
Bali,0.22,0.73,0.532,0.76,0.955,0.91,0.092,0.87,0.892,0.51,0.765,0.99,0.732,0.72,0.993,0.98,900,1,90,0.62,0.95,70,35,0.8446
Switzerland,0.22,0.79,0.532,0.78,0.955,0.82,0.092,0.58,0.892,0.75,0.765,0.99,0.732,0.76,0.993,0.98,900,1,240,0.88,0.78,220,90,0.8904
Rome,0.22,0.97,0.532,0.99,0.955,0.96,0.092,0.78,0.892,0.91,0.765,0.62,0.732,0.76,0.993,0.48,900,1,145,0.91,0.9,125,55,0.8736
Istanbul,0.847,0.94,0.84,0.98,0.736,0.94,0.102,0.89,0.063,0.84,0.314,0.71,0.472,0.91,0.193,0.58,900,0,85,0.84,0.88,65,32,0.8587
Dubai,0.847,0.96,0.84,0.63,0.736,0.91,0.102,0.92,0.063,0.72,0.314,0.68,0.472,0.99,0.193,0.91,900,0,190,0.58,0.96,175,70,0.8711
Rome,0.847,0.97,0.84,0.99,0.736,0.96,0.102,0.78,0.063,0.91,0.314,0.62,0.472,0.76,0.193,0.48,900,0,145,0.91,0.9,125,55,0.8614
Amsterdam,0.847,0.91,0.84,0.88,0.736,0.79,0.102,0.92,0.063,0.95,0.314,0.78,0.472,0.86,0.193,0.65,900,0,175,0.96,0.68,155,65,0.811
New York,0.847,0.94,0.84,0.82,0.736,0.96,0.102,0.99,0.063,0.97,0.314,0.71,0.472,0.99,0.193,0.63,900,0,230,0.92,0.76,210,85,0.8362
Istanbul,0.063,0.94,0.223,0.98,0.19,0.94,0.808,0.89,0.297,0.84,0.45,0.71,0.533,0.91,0.672,0.58,900,0,85,0.84,0.88,65,32,0.8146
Dubai,0.063,0.96,0.223,0.63,0.19,0.91,0.808,0.92,0.297,0.72,0.45,0.68,0.533,0.99,0.672,0.91,900,0,190,0.58,0.96,175,70,0.8561
Tokyo,0.063,0.9,0.223,0.91,0.19,0.99,0.808,0.96,0.297,0.88,0.45,0.74,0.533,0.99,0.672,0.71,900,0,165,0.91,0.79,135,60,0.8693
New York,0.063,0.94,0.223,0.82,0.19,0.96,0.808,0.99,0.297,0.97,0.45,0.71,0.533,0.99,0.672,0.63,900,0,230,0.92,0.76,210,85,0.8386
London,0.063,0.94,0.223,0.97,0.19,0.91,0.808,0.95,0.297,0.98,0.45,0.76,0.533,0.98,0.672,0.55,900,0,210,0.89,0.64,190,75,0.8347
Bali,0.063,0.73,0.223,0.76,0.19,0.91,0.808,0.87,0.297,0.51,0.45,0.99,0.533,0.72,0.672,0.98,900,0,90,0.62,0.95,70,35,0.8416
Barcelona,0.063,0.96,0.223,0.84,0.19,0.94,0.808,0.96,0.297,0.82,0.45,0.82,0.533,0.88,0.672,0.72,900,0,150,0.93,0.94,130,58,0.8815
Paris,0.304,0.98,0.783,0.95,0.742,0.97,0.184,0.82,0.591,0.99,0.141,0.65,0.939,0.92,0.858,0.45,1500,1,180,0.95,0.82,160,70,0.9059
Dubai,0.304,0.96,0.783,0.63,0.742,0.91,0.184,0.92,0.591,0.72,0.141,0.68,0.939,0.99,0.858,0.91,1500,1,190,0.58,0.96,175,70,0.885
London,0.304,0.94,0.783,0.97,0.742,0.91,0.184,0.95,0.591,0.98,0.141,0.76,0.939,0.98,0.858,0.55,1500,1,210,0.89,0.64,190,75,0.8931
Rome,0.304,0.97,0.783,0.99,0.742,0.96,0.184,0.78,0.591,0.91,0.141,0.62,0.939,0.76,0.858,0.48,1500,1,145,0.91,0.9,125,55,0.8428
Barcelona,0.972,0.96,0.918,0.84,0.748,0.94,0.982,0.96,0.381,0.82,0.616,0.82,0.017,0.88,0.895,0.72,1100,0,150,0.93,0.94,130,58,0.8637
Rome,0.972,0.97,0.918,0.99,0.748,0.96,0.982,0.78,0.381,0.91,0.616,0.62,0.017,0.76,0.895,0.48,1100,0,145,0.91,0.9,125,55,0.8293
Dubai,0.972,0.96,0.918,0.63,0.748,0.91,0.982,0.92,0.381,0.72,0.616,0.68,0.017,0.99,0.895,0.91,1100,0,190,0.58,0.96,175,70,0.8287
New York,0.972,0.94,0.918,0.82,0.748,0.96,0.982,0.99,0.381,0.97,0.616,0.71,0.017,0.99,0.895,0.63,1100,0,230,0.92,0.76,210,85,0.8502
Istanbul,0.972,0.94,0.918,0.98,0.748,0.94,0.982,0.89,0.381,0.84,0.616,0.71,0.017,0.91,0.895,0.58,1100,0,85,0.84,0.88,65,32,0.8528
Singapore,0.499,0.91,0.928,0.72,0.402,0.98,0.65,0.85,0.381,0.79,0.618,0.94,0.779,0.97,0.955,0.79,700,0,155,0.9,0.94,145,50,0.8498
Bali,0.499,0.73,0.928,0.76,0.402,0.91,0.65,0.87,0.381,0.51,0.618,0.99,0.779,0.72,0.955,0.98,700,0,90,0.62,0.95,70,35,0.827
Rome,0.499,0.97,0.928,0.99,0.402,0.96,0.65,0.78,0.381,0.91,0.618,0.62,0.779,0.76,0.955,0.48,700,0,145,0.91,0.9,125,55,0.8173
Paris,0.499,0.98,0.928,0.95,0.402,0.97,0.65,0.82,0.381,0.99,0.618,0.65,0.779,0.92,0.955,0.45,700,0,180,0.95,0.82,160,70,0.8244
New York,0.499,0.94,0.928,0.82,0.402,0.96,0.65,0.99,0.381,0.97,0.618,0.71,0.779,0.99,0.955,0.63,700,0,230,0.92,0.76,210,85,0.8583
New York,0.947,0.94,0.352,0.82,0.13,0.96,0.133,0.99,0.627,0.97,0.049,0.71,0.201,0.99,0.146,0.63,700,1,230,0.92,0.76,210,85,0.9056
Tokyo,0.947,0.9,0.352,0.91,0.13,0.99,0.133,0.96,0.627,0.88,0.049,0.74,0.201,0.99,0.146,0.71,700,1,165,0.91,0.79,135,60,0.893
Bali,0.947,0.73,0.352,0.76,0.13,0.91,0.133,0.87,0.627,0.51,0.049,0.99,0.201,0.72,0.146,0.98,700,1,90,0.62,0.95,70,35,0.7843
Singapore,0.947,0.91,0.352,0.72,0.13,0.98,0.133,0.85,0.627,0.79,0.049,0.94,0.201,0.97,0.146,0.79,700,1,155,0.9,0.94,145,50,0.8775
Barcelona,0.947,0.96,0.352,0.84,0.13,0.94,0.133,0.96,0.627,0.82,0.049,0.82,0.201,0.88,0.146,0.72,700,1,150,0.93,0.94,130,58,0.9243
Dubai,0.088,0.96,0.335,0.63,0.901,0.91,0.811,0.92,0.331,0.72,0.996,0.68,0.885,0.99,0.803,0.91,700,0,190,0.58,0.96,175,70,0.8404
Paris,0.088,0.98,0.335,0.95,0.901,0.97,0.811,0.82,0.331,0.99,0.996,0.65,0.885,0.92,0.803,0.45,700,0,180,0.95,0.82,160,70,0.8307
Istanbul,0.088,0.94,0.335,0.98,0.901,0.94,0.811,0.89,0.331,0.84,0.996,0.71,0.885,0.91,0.803,0.58,700,0,85,0.84,0.88,65,32,0.8156
Switzerland,0.088,0.79,0.335,0.78,0.901,0.82,0.811,0.58,0.331,0.75,0.996,0.99,0.885,0.76,0.803,0.98,700,0,240,0.88,0.78,220,90,0.7969
London,0.088,0.94,0.335,0.97,0.901,0.91,0.811,0.95,0.331,0.98,0.996,0.76,0.885,0.98,0.803,0.55,700,0,210,0.89,0.64,190,75,0.8394
Singapore,0.088,0.91,0.335,0.72,0.901,0.98,0.811,0.85,0.331,0.79,0.996,0.94,0.885,0.97,0.803,0.79,700,0,155,0.9,0.94,145,50,0.8954
New York,0.088,0.94,0.335,0.82,0.901,0.96,0.811,0.99,0.331,0.97,0.996,0.71,0.885,0.99,0.803,0.63,700,0,230,0.92,0.76,210,85,0.8621
Dubai,0.263,0.96,0.955,0.63,0.399,0.91,0.98,0.92,0.966,0.72,0.042,0.68,0.58,0.99,0.257,0.91,900,1,190,0.58,0.96,175,70,0.8386
London,0.263,0.94,0.955,0.97,0.399,0.91,0.98,0.95,0.966,0.98,0.042,0.76,0.58,0.98,0.257,0.55,900,1,210,0.89,0.64,190,75,0.9314
Amsterdam,0.263,0.91,0.955,0.88,0.399,0.79,0.98,0.92,0.966,0.95,0.042,0.78,0.58,0.86,0.257,0.65,900,1,175,0.96,0.68,155,65,0.8891
Paris,0.263,0.98,0.955,0.95,0.399,0.97,0.98,0.82,0.966,0.99,0.042,0.65,0.58,0.92,0.257,0.45,900,1,180,0.95,0.82,160,70,0.8975
Rome,0.263,0.97,0.955,0.99,0.399,0.96,0.98,0.78,0.966,0.91,0.042,0.62,0.58,0.76,0.257,0.48,900,1,145,0.91,0.9,125,55,0.8974
Bali,0.263,0.73,0.955,0.76,0.399,0.91,0.98,0.87,0.966,0.51,0.042,0.99,0.58,0.72,0.257,0.98,900,1,90,0.62,0.95,70,35,0.8074
Dubai,0.509,0.96,0.51,0.63,0.728,0.91,0.381,0.92,0.426,0.72,0.983,0.68,0.977,0.99,0.623,0.91,1300,0,190,0.58,0.96,175,70,0.8594
Switzerland,0.509,0.79,0.51,0.78,0.728,0.82,0.381,0.58,0.426,0.75,0.983,0.99,0.977,0.76,0.623,0.98,1300,0,240,0.88,0.78,220,90,0.8452
Paris,0.509,0.98,0.51,0.95,0.728,0.97,0.381,0.82,0.426,0.99,0.983,0.65,0.977,0.92,0.623,0.45,1300,0,180,0.95,0.82,160,70,0.8093
Istanbul,0.509,0.94,0.51,0.98,0.728,0.94,0.381,0.89,0.426,0.84,0.983,0.71,0.977,0.91,0.623,0.58,1300,0,85,0.84,0.88,65,32,0.8457
Bali,0.885,0.73,0.992,0.76,0.799,0.91,0.868,0.87,0.556,0.51,0.009,0.99,0.279,0.72,0.831,0.98,1500,1,90,0.62,0.95,70,35,0.8244
Istanbul,0.885,0.94,0.992,0.98,0.799,0.94,0.868,0.89,0.556,0.84,0.009,0.71,0.279,0.91,0.831,0.58,1500,1,85,0.84,0.88,65,32,0.8694
Paris,0.885,0.98,0.992,0.95,0.799,0.97,0.868,0.82,0.556,0.99,0.009,0.65,0.279,0.92,0.831,0.45,1500,1,180,0.95,0.82,160,70,0.8839
Bali,0.76,0.73,0.73,0.76,0.857,0.91,0.521,0.87,0.798,0.51,0.765,0.99,0.73,0.72,0.56,0.98,1500,1,90,0.62,0.95,70,35,0.8355
Rome,0.76,0.97,0.73,0.99,0.857,0.96,0.521,0.78,0.798,0.91,0.765,0.62,0.73,0.76,0.56,0.48,1500,1,145,0.91,0.9,125,55,0.8785
London,0.76,0.94,0.73,0.97,0.857,0.91,0.521,0.95,0.798,0.98,0.765,0.76,0.73,0.98,0.56,0.55,1500,1,210,0.89,0.64,190,75,0.8636
Barcelona,0.362,0.96,0.308,0.84,0.128,0.94,0.239,0.96,0.358,0.82,0.093,0.82,0.735,0.88,0.474,0.72,700,1,150,0.93,0.94,130,58,0.8772
Switzerland,0.362,0.79,0.308,0.78,0.128,0.82,0.239,0.58,0.358,0.75,0.093,0.99,0.735,0.76,0.474,0.98,700,1,240,0.88,0.78,220,90,0.8479
Dubai,0.362,0.96,0.308,0.63,0.128,0.91,0.239,0.92,0.358,0.72,0.093,0.68,0.735,0.99,0.474,0.91,700,1,190,0.58,0.96,175,70,0.8968
Singapore,0.362,0.91,0.308,0.72,0.128,0.98,0.239,0.85,0.358,0.79,0.093,0.94,0.735,0.97,0.474,0.79,700,1,155,0.9,0.94,145,50,0.917
Switzerland,0.404,0.79,0.627,0.78,0.748,0.82,0.414,0.58,0.8,0.75,0.38,0.99,0.661,0.76,0.593,0.98,1100,1,240,0.88,0.78,220,90,0.8686
Barcelona,0.404,0.96,0.627,0.84,0.748,0.94,0.414,0.96,0.8,0.82,0.38,0.82,0.661,0.88,0.593,0.72,1100,1,150,0.93,0.94,130,58,0.9176
Istanbul,0.404,0.94,0.627,0.98,0.748,0.94,0.414,0.89,0.8,0.84,0.38,0.71,0.661,0.91,0.593,0.58,1100,1,85,0.84,0.88,65,32,0.8651
New York,0.404,0.94,0.627,0.82,0.748,0.96,0.414,0.99,0.8,0.97,0.38,0.71,0.661,0.99,0.593,0.63,1100,1,230,0.92,0.76,210,85,0.885
Bali,0.404,0.73,0.627,0.76,0.748,0.91,0.414,0.87,0.8,0.51,0.38,0.99,0.661,0.72,0.593,0.98,1100,1,90,0.62,0.95,70,35,0.818
Tokyo,0.404,0.9,0.627,0.91,0.748,0.99,0.414,0.96,0.8,0.88,0.38,0.74,0.661,0.99,0.593,0.71,1100,1,165,0.91,0.79,135,60,0.8914
London,0.404,0.94,0.627,0.97,0.748,0.91,0.414,0.95,0.8,0.98,0.38,0.76,0.661,0.98,0.593,0.55,1100,1,210,0.89,0.64,190,75,0.8826
Tokyo,0.51,0.9,0.343,0.91,0.535,0.99,0.298,0.96,0.942,0.88,0.422,0.74,0.907,0.99,0.639,0.71,700,1,165,0.91,0.79,135,60,0.9143
New York,0.51,0.94,0.343,0.82,0.535,0.96,0.298,0.99,0.942,0.97,0.422,0.71,0.907,0.99,0.639,0.63,700,1,230,0.92,0.76,210,85,0.9048
Amsterdam,0.51,0.91,0.343,0.88,0.535,0.79,0.298,0.92,0.942,0.95,0.422,0.78,0.907,0.86,0.639,0.65,700,1,175,0.96,0.68,155,65,0.8874
Singapore,0.51,0.91,0.343,0.72,0.535,0.98,0.298,0.85,0.942,0.79,0.422,0.94,0.907,0.97,0.639,0.79,700,1,155,0.9,0.94,145,50,0.9068
London,0.51,0.94,0.343,0.97,0.535,0.91,0.298,0.95,0.942,0.98,0.422,0.76,0.907,0.98,0.639,0.55,700,1,210,0.89,0.64,190,75,0.8662
New York,0.231,0.94,0.636,0.82,0.081,0.96,0.478,0.99,0.897,0.97,0.684,0.71,0.709,0.99,0.6,0.63,1100,1,230,0.92,0.76,210,85,0.8962
Singapore,0.231,0.91,0.636,0.72,0.081,0.98,0.478,0.85,0.897,0.79,0.684,0.94,0.709,0.97,0.6,0.79,1100,1,155,0.9,0.94,145,50,0.8834
London,0.231,0.94,0.636,0.97,0.081,0.91,0.478,0.95,0.897,0.98,0.684,0.76,0.709,0.98,0.6,0.55,1100,1,210,0.89,0.64,190,75,0.8806
Rome,0.231,0.97,0.636,0.99,0.081,0.96,0.478,0.78,0.897,0.91,0.684,0.62,0.709,0.76,0.6,0.48,1100,1,145,0.91,0.9,125,55,0.8589
Istanbul,0.231,0.94,0.636,0.98,0.081,0.94,0.478,0.89,0.897,0.84,0.684,0.71,0.709,0.91,0.6,0.58,1100,1,85,0.84,0.88,65,32,0.893
Bali,0.156,0.73,0.444,0.76,0.761,0.91,0.839,0.87,0.652,0.51,0.79,0.99,0.619,0.72,0.424,0.98,1800,0,90,0.62,0.95,70,35,0.8514
Dubai,0.156,0.96,0.444,0.63,0.761,0.91,0.839,0.92,0.652,0.72,0.79,0.68,0.619,0.99,0.424,0.91,1800,0,190,0.58,0.96,175,70,0.8593
Tokyo,0.156,0.9,0.444,0.91,0.761,0.99,0.839,0.96,0.652,0.88,0.79,0.74,0.619,0.99,0.424,0.71,1800,0,165,0.91,0.79,135,60,0.8605
Istanbul,0.156,0.94,0.444,0.98,0.761,0.94,0.839,0.89,0.652,0.84,0.79,0.71,0.619,0.91,0.424,0.58,1800,0,85,0.84,0.88,65,32,0.8647
Rome,0.156,0.97,0.444,0.99,0.761,0.96,0.839,0.78,0.652,0.91,0.79,0.62,0.619,0.76,0.424,0.48,1800,0,145,0.91,0.9,125,55,0.8236
Dubai,0.441,0.96,0.599,0.63,0.238,0.91,0.723,0.92,0.914,0.72,0.05,0.68,0.955,0.99,0.351,0.91,1100,0,190,0.58,0.96,175,70,0.8366
Amsterdam,0.441,0.91,0.599,0.88,0.238,0.79,0.723,0.92,0.914,0.95,0.05,0.78,0.955,0.86,0.351,0.65,1100,0,175,0.96,0.68,155,65,0.855
Paris,0.441,0.98,0.599,0.95,0.238,0.97,0.723,0.82,0.914,0.99,0.05,0.65,0.955,0.92,0.351,0.45,1100,0,180,0.95,0.82,160,70,0.8695
Dubai,0.652,0.96,0.155,0.63,0.922,0.91,0.145,0.92,0.524,0.72,0.759,0.68,0.792,0.99,0.215,0.91,1100,1,190,0.58,0.96,175,70,0.876
New York,0.652,0.94,0.155,0.82,0.922,0.96,0.145,0.99,0.524,0.97,0.759,0.71,0.792,0.99,0.215,0.63,1100,1,230,0.92,0.76,210,85,0.8837
Paris,0.652,0.98,0.155,0.95,0.922,0.97,0.145,0.82,0.524,0.99,0.759,0.65,0.792,0.92,0.215,0.45,1100,1,180,0.95,0.82,160,70,0.8802
Switzerland,0.652,0.79,0.155,0.78,0.922,0.82,0.145,0.58,0.524,0.75,0.759,0.99,0.792,0.76,0.215,0.98,1100,1,240,0.88,0.78,220,90,0.8674
London,0.652,0.94,0.155,0.97,0.922,0.91,0.145,0.95,0.524,0.98,0.759,0.76,0.792,0.98,0.215,0.55,1100,1,210,0.89,0.64,190,75,0.89
Amsterdam,0.652,0.91,0.155,0.88,0.922,0.79,0.145,0.92,0.524,0.95,0.759,0.78,0.792,0.86,0.215,0.65,1100,1,175,0.96,0.68,155,65,0.8453
Dubai,0.008,0.96,0.204,0.63,0.91,0.91,0.554,0.92,0.072,0.72,0.854,0.68,0.87,0.99,0.439,0.91,1300,1,190,0.58,0.96,175,70,0.8592
Istanbul,0.008,0.94,0.204,0.98,0.91,0.94,0.554,0.89,0.072,0.84,0.854,0.71,0.87,0.91,0.439,0.58,1300,1,85,0.84,0.88,65,32,0.8926
Singapore,0.008,0.91,0.204,0.72,0.91,0.98,0.554,0.85,0.072,0.79,0.854,0.94,0.87,0.97,0.439,0.79,1300,1,155,0.9,0.94,145,50,0.9235
Rome,0.008,0.97,0.204,0.99,0.91,0.96,0.554,0.78,0.072,0.91,0.854,0.62,0.87,0.76,0.439,0.48,1300,1,145,0.91,0.9,125,55,0.8428
Tokyo,0.008,0.9,0.204,0.91,0.91,0.99,0.554,0.96,0.072,0.88,0.854,0.74,0.87,0.99,0.439,0.71,1300,1,165,0.91,0.79,135,60,0.9256
Barcelona,0.008,0.96,0.204,0.84,0.91,0.94,0.554,0.96,0.072,0.82,0.854,0.82,0.87,0.88,0.439,0.72,1300,1,150,0.93,0.94,130,58,0.8868
Switzerland,0.008,0.79,0.204,0.78,0.91,0.82,0.554,0.58,0.072,0.75,0.854,0.99,0.87,0.76,0.439,0.98,1300,1,240,0.88,0.78,220,90,0.8801
Bali,0.485,0.73,0.267,0.76,0.748,0.91,0.991,0.87,0.633,0.51,0.138,0.99,0.136,0.72,0.629,0.98,1300,1,90,0.62,0.95,70,35,0.8553
Istanbul,0.485,0.94,0.267,0.98,0.748,0.94,0.991,0.89,0.633,0.84,0.138,0.71,0.136,0.91,0.629,0.58,1300,1,85,0.84,0.88,65,32,0.8978
Rome,0.485,0.97,0.267,0.99,0.748,0.96,0.991,0.78,0.633,0.91,0.138,0.62,0.136,0.76,0.629,0.48,1300,1,145,0.91,0.9,125,55,0.864
Switzerland,0.485,0.79,0.267,0.78,0.748,0.82,0.991,0.58,0.633,0.75,0.138,0.99,0.136,0.76,0.629,0.98,1300,1,240,0.88,0.78,220,90,0.8267
Barcelona,0.485,0.96,0.267,0.84,0.748,0.94,0.991,0.96,0.633,0.82,0.138,0.82,0.136,0.88,0.629,0.72,1300,1,150,0.93,0.94,130,58,0.9221
Switzerland,0.683,0.79,0.803,0.78,0.364,0.82,0.043,0.58,0.981,0.75,0.879,0.99,0.949,0.76,0.97,0.98,1300,0,240,0.88,0.78,220,90,0.8243
Singapore,0.683,0.91,0.803,0.72,0.364,0.98,0.043,0.85,0.981,0.79,0.879,0.94,0.949,0.97,0.97,0.79,1300,0,155,0.9,0.94,145,50,0.8513
Istanbul,0.683,0.94,0.803,0.98,0.364,0.94,0.043,0.89,0.981,0.84,0.879,0.71,0.949,0.91,0.97,0.58,1300,0,85,0.84,0.88,65,32,0.8154
New York,0.914,0.94,0.386,0.82,0.417,0.96,0.218,0.99,0.607,0.97,0.398,0.71,0.641,0.99,0.267,0.63,2200,0,230,0.92,0.76,210,85,0.8748
Bali,0.914,0.73,0.386,0.76,0.417,0.91,0.218,0.87,0.607,0.51,0.398,0.99,0.641,0.72,0.267,0.98,2200,0,90,0.62,0.95,70,35,0.8257
Paris,0.914,0.98,0.386,0.95,0.417,0.97,0.218,0.82,0.607,0.99,0.398,0.65,0.641,0.92,0.267,0.45,2200,0,180,0.95,0.82,160,70,0.8744
Singapore,0.914,0.91,0.386,0.72,0.417,0.98,0.218,0.85,0.607,0.79,0.398,0.94,0.641,0.97,0.267,0.79,2200,0,155,0.9,0.94,145,50,0.8945
Tokyo,0.914,0.9,0.386,0.91,0.417,0.99,0.218,0.96,0.607,0.88,0.398,0.74,0.641,0.99,0.267,0.71,2200,0,165,0.91,0.79,135,60,0.8721
Switzerland,0.914,0.79,0.386,0.78,0.417,0.82,0.218,0.58,0.607,0.75,0.398,0.99,0.641,0.76,0.267,0.98,2200,0,240,0.88,0.78,220,90,0.788
Dubai,0.483,0.96,0.37,0.63,0.153,0.91,0.678,0.92,0.277,0.72,0.096,0.68,0.307,0.99,0.781,0.91,1800,0,190,0.58,0.96,175,70,0.8706
London,0.483,0.94,0.37,0.97,0.153,0.91,0.678,0.95,0.277,0.98,0.096,0.76,0.307,0.98,0.781,0.55,1800,0,210,0.89,0.64,190,75,0.8246
Bali,0.483,0.73,0.37,0.76,0.153,0.91,0.678,0.87,0.277,0.51,0.096,0.99,0.307,0.72,0.781,0.98,1800,0,90,0.62,0.95,70,35,0.8469
Tokyo,0.245,0.9,0.781,0.91,0.336,0.99,0.57,0.96,0.272,0.88,0.445,0.74,0.351,0.99,0.78,0.71,700,1,165,0.91,0.79,135,60,0.9021
Istanbul,0.245,0.94,0.781,0.98,0.336,0.94,0.57,0.89,0.272,0.84,0.445,0.71,0.351,0.91,0.78,0.58,700,1,85,0.84,0.88,65,32,0.8578
London,0.245,0.94,0.781,0.97,0.336,0.91,0.57,0.95,0.272,0.98,0.445,0.76,0.351,0.98,0.78,0.55,700,1,210,0.89,0.64,190,75,0.8777
Bali,0.21,0.73,0.835,0.76,0.223,0.91,0.766,0.87,0.537,0.51,0.657,0.99,0.102,0.72,0.86,0.98,1100,0,90,0.62,0.95,70,35,0.8638
London,0.21,0.94,0.835,0.97,0.223,0.91,0.766,0.95,0.537,0.98,0.657,0.76,0.102,0.98,0.86,0.55,1100,0,210,0.89,0.64,190,75,0.7981
Istanbul,0.21,0.94,0.835,0.98,0.223,0.94,0.766,0.89,0.537,0.84,0.657,0.71,0.102,0.91,0.86,0.58,1100,0,85,0.84,0.88,65,32,0.8224
Tokyo,0.949,0.9,0.241,0.91,0.865,0.99,0.346,0.96,0.36,0.88,0.464,0.74,0.125,0.99,0.051,0.71,700,0,165,0.91,0.79,135,60,0.8708
Switzerland,0.949,0.79,0.241,0.78,0.865,0.82,0.346,0.58,0.36,0.75,0.464,0.99,0.125,0.76,0.051,0.98,700,0,240,0.88,0.78,220,90,0.8262
London,0.949,0.94,0.241,0.97,0.865,0.91,0.346,0.95,0.36,0.98,0.464,0.76,0.125,0.98,0.051,0.55,700,0,210,0.89,0.64,190,75,0.8738
Tokyo,0.615,0.9,0.263,0.91,0.663,0.99,0.819,0.96,0.659,0.88,0.694,0.74,0.484,0.99,0.173,0.71,1800,1,165,0.91,0.79,135,60,0.9171
Dubai,0.615,0.96,0.263,0.63,0.663,0.91,0.819,0.92,0.659,0.72,0.694,0.68,0.484,0.99,0.173,0.91,1800,1,190,0.58,0.96,175,70,0.873
London,0.615,0.94,0.263,0.97,0.663,0.91,0.819,0.95,0.659,0.98,0.694,0.76,0.484,0.98,0.173,0.55,1800,1,210,0.89,0.64,190,75,0.8957
Rome,0.615,0.97,0.263,0.99,0.663,0.96,0.819,0.78,0.659,0.91,0.694,0.62,0.484,0.76,0.173,0.48,1800,1,145,0.91,0.9,125,55,0.8568
Amsterdam,0.615,0.91,0.263,0.88,0.663,0.79,0.819,0.92,0.659,0.95,0.694,0.78,0.484,0.86,0.173,0.65,1800,1,175,0.96,0.68,155,65,0.8825
Barcelona,0.615,0.96,0.263,0.84,0.663,0.94,0.819,0.96,0.659,0.82,0.694,0.82,0.484,0.88,0.173,0.72,1800,1,150,0.93,0.94,130,58,0.9386
Switzerland,0.615,0.79,0.263,0.78,0.663,0.82,0.819,0.58,0.659,0.75,0.694,0.99,0.484,0.76,0.173,0.98,1800,1,240,0.88,0.78,220,90,0.8304
London,0.214,0.94,0.665,0.97,0.152,0.91,0.861,0.95,0.536,0.98,0.967,0.76,0.35,0.98,0.018,0.55,1800,1,210,0.89,0.64,190,75,0.8927
Singapore,0.214,0.91,0.665,0.72,0.152,0.98,0.861,0.85,0.536,0.79,0.967,0.94,0.35,0.97,0.018,0.79,1800,1,155,0.9,0.94,145,50,0.8835
Tokyo,0.214,0.9,0.665,0.91,0.152,0.99,0.861,0.96,0.536,0.88,0.967,0.74,0.35,0.99,0.018,0.71,1800,1,165,0.91,0.79,135,60,0.9195
New York,0.214,0.94,0.665,0.82,0.152,0.96,0.861,0.99,0.536,0.97,0.967,0.71,0.35,0.99,0.018,0.63,1800,1,230,0.92,0.76,210,85,0.8972
Rome,0.214,0.97,0.665,0.99,0.152,0.96,0.861,0.78,0.536,0.91,0.967,0.62,0.35,0.76,0.018,0.48,1800,1,145,0.91,0.9,125,55,0.887
Bali,0.214,0.73,0.665,0.76,0.152,0.91,0.861,0.87,0.536,0.51,0.967,0.99,0.35,0.72,0.018,0.98,1800,1,90,0.62,0.95,70,35,0.8496
Amsterdam,0.214,0.91,0.665,0.88,0.152,0.79,0.861,0.92,0.536,0.95,0.967,0.78,0.35,0.86,0.018,0.65,1800,1,175,0.96,0.68,155,65,0.866
Dubai,0.193,0.96,0.168,0.63,0.213,0.91,0.736,0.92,0.787,0.72,0.638,0.68,0.444,0.99,0.301,0.91,2600,0,190,0.58,0.96,175,70,0.8533
Bali,0.193,0.73,0.168,0.76,0.213,0.91,0.736,0.87,0.787,0.51,0.638,0.99,0.444,0.72,0.301,0.98,2600,0,90,0.62,0.95,70,35,0.8188
Singapore,0.193,0.91,0.168,0.72,0.213,0.98,0.736,0.85,0.787,0.79,0.638,0.94,0.444,0.97,0.301,0.79,2600,0,155,0.9,0.94,145,50,0.8693
Rome,0.193,0.97,0.168,0.99,0.213,0.96,0.736,0.78,0.787,0.91,0.638,0.62,0.444,0.76,0.301,0.48,2600,0,145,0.91,0.9,125,55,0.821
London,0.193,0.94,0.168,0.97,0.213,0.91,0.736,0.95,0.787,0.98,0.638,0.76,0.444,0.98,0.301,0.55,2600,0,210,0.89,0.64,190,75,0.8628
Istanbul,0.694,0.94,0.974,0.98,0.124,0.94,0.349,0.89,0.319,0.84,0.34,0.71,0.042,0.91,0.713,0.58,2600,1,85,0.84,0.88,65,32,0.8538
Dubai,0.694,0.96,0.974,0.63,0.124,0.91,0.349,0.92,0.319,0.72,0.34,0.68,0.042,0.99,0.713,0.91,2600,1,190,0.58,0.96,175,70,0.843
Paris,0.694,0.98,0.974,0.95,0.124,0.97,0.349,0.82,0.319,0.99,0.34,0.65,0.042,0.92,0.713,0.45,2600,1,180,0.95,0.82,160,70,0.8622
Rome,0.694,0.97,0.974,0.99,0.124,0.96,0.349,0.78,0.319,0.91,0.34,0.62,0.042,0.76,0.713,0.48,2600,1,145,0.91,0.9,125,55,0.8471
Singapore,0.694,0.91,0.974,0.72,0.124,0.98,0.349,0.85,0.319,0.79,0.34,0.94,0.042,0.97,0.713,0.79,2600,1,155,0.9,0.94,145,50,0.8759
New York,0.616,0.94,0.031,0.82,0.846,0.96,0.758,0.99,0.438,0.97,0.035,0.71,0.383,0.99,0.573,0.63,1500,0,230,0.92,0.76,210,85,0.8823
Dubai,0.616,0.96,0.031,0.63,0.846,0.91,0.758,0.92,0.438,0.72,0.035,0.68,0.383,0.99,0.573,0.91,1500,0,190,0.58,0.96,175,70,0.8819
Bali,0.616,0.73,0.031,0.76,0.846,0.91,0.758,0.87,0.438,0.51,0.035,0.99,0.383,0.72,0.573,0.98,1500,0,90,0.62,0.95,70,35,0.844
Barcelona,0.616,0.96,0.031,0.84,0.846,0.94,0.758,0.96,0.438,0.82,0.035,0.82,0.383,0.88,0.573,0.72,1500,0,150,0.93,0.94,130,58,0.8589
Tokyo,0.616,0.9,0.031,0.91,0.846,0.99,0.758,0.96,0.438,0.88,0.035,0.74,0.383,0.99,0.573,0.71,1500,0,165,0.91,0.79,135,60,0.8893
Istanbul,0.616,0.94,0.031,0.98,0.846,0.94,0.758,0.89,0.438,0.84,0.035,0.71,0.383,0.91,0.573,0.58,1500,0,85,0.84,0.88,65,32,0.856
Tokyo,0.781,0.9,0.665,0.91,0.771,0.99,0.923,0.96,0.424,0.88,0.402,0.74,0.25,0.99,0.998,0.71,2200,1,165,0.91,0.79,135,60,0.9022
Switzerland,0.781,0.79,0.665,0.78,0.771,0.82,0.923,0.58,0.424,0.75,0.402,0.99,0.25,0.76,0.998,0.98,2200,1,240,0.88,0.78,220,90,0.8251
Istanbul,0.781,0.94,0.665,0.98,0.771,0.94,0.923,0.89,0.424,0.84,0.402,0.71,0.25,0.91,0.998,0.58,2200,1,85,0.84,0.88,65,32,0.8539
New York,0.781,0.94,0.665,0.82,0.771,0.96,0.923,0.99,0.424,0.97,0.402,0.71,0.25,0.99,0.998,0.63,2200,1,230,0.92,0.76,210,85,0.868
Amsterdam,0.534,0.91,0.214,0.88,0.779,0.79,0.967,0.92,0.23,0.95,0.345,0.78,0.106,0.86,0.194,0.65,700,0,175,0.96,0.68,155,65,0.8149
Paris,0.534,0.98,0.214,0.95,0.779,0.97,0.967,0.82,0.23,0.99,0.345,0.65,0.106,0.92,0.194,0.45,700,0,180,0.95,0.82,160,70,0.8574
Bali,0.534,0.73,0.214,0.76,0.779,0.91,0.967,0.87,0.23,0.51,0.345,0.99,0.106,0.72,0.194,0.98,700,0,90,0.62,0.95,70,35,0.8724
Singapore,0.534,0.91,0.214,0.72,0.779,0.98,0.967,0.85,0.23,0.79,0.345,0.94,0.106,0.97,0.194,0.79,700,0,155,0.9,0.94,145,50,0.8624
London,0.534,0.94,0.214,0.97,0.779,0.91,0.967,0.95,0.23,0.98,0.345,0.76,0.106,0.98,0.194,0.55,700,0,210,0.89,0.64,190,75,0.8498
Istanbul,0.672,0.94,0.225,0.98,0.48,0.94,0.772,0.89,0.568,0.84,0.442,0.71,0.82,0.91,0.063,0.58,1500,0,85,0.84,0.88,65,32,0.8878
Switzerland,0.672,0.79,0.225,0.78,0.48,0.82,0.772,0.58,0.568,0.75,0.442,0.99,0.82,0.76,0.063,0.98,1500,0,240,0.88,0.78,220,90,0.7963
Paris,0.672,0.98,0.225,0.95,0.48,0.97,0.772,0.82,0.568,0.99,0.442,0.65,0.82,0.92,0.063,0.45,1500,0,180,0.95,0.82,160,70,0.8533
Bali,0.672,0.73,0.225,0.76,0.48,0.91,0.772,0.87,0.568,0.51,0.442,0.99,0.82,0.72,0.063,0.98,1500,0,90,0.62,0.95,70,35,0.8057
Bali,0.629,0.73,0.843,0.76,0.561,0.91,0.153,0.87,0.824,0.51,0.514,0.99,0.974,0.72,0.343,0.98,2200,0,90,0.62,0.95,70,35,0.8268
London,0.629,0.94,0.843,0.97,0.561,0.91,0.153,0.95,0.824,0.98,0.514,0.76,0.974,0.98,0.343,0.55,2200,0,210,0.89,0.64,190,75,0.8403
Rome,0.629,0.97,0.843,0.99,0.561,0.96,0.153,0.78,0.824,0.91,0.514,0.62,0.974,0.76,0.343,0.48,2200,0,145,0.91,0.9,125,55,0.8607
Barcelona,0.629,0.96,0.843,0.84,0.561,0.94,0.153,0.96,0.824,0.82,0.514,0.82,0.974,0.88,0.343,0.72,2200,0,150,0.93,0.94,130,58,0.8716
Dubai,0.629,0.96,0.843,0.63,0.561,0.91,0.153,0.92,0.824,0.72,0.514,0.68,0.974,0.99,0.343,0.91,2200,0,190,0.58,0.96,175,70,0.8653
Amsterdam,0.629,0.91,0.843,0.88,0.561,0.79,0.153,0.92,0.824,0.95,0.514,0.78,0.974,0.86,0.343,0.65,2200,0,175,0.96,0.68,155,65,0.8463
London,0.166,0.94,0.264,0.97,0.658,0.91,0.322,0.95,0.159,0.98,0.378,0.76,0.923,0.98,0.586,0.55,1100,1,210,0.89,0.64,190,75,0.8602
Dubai,0.166,0.96,0.264,0.63,0.658,0.91,0.322,0.92,0.159,0.72,0.378,0.68,0.923,0.99,0.586,0.91,1100,1,190,0.58,0.96,175,70,0.9024
Tokyo,0.166,0.9,0.264,0.91,0.658,0.99,0.322,0.96,0.159,0.88,0.378,0.74,0.923,0.99,0.586,0.71,1100,1,165,0.91,0.79,135,60,0.9181
Singapore,0.166,0.91,0.264,0.72,0.658,0.98,0.322,0.85,0.159,0.79,0.378,0.94,0.923,0.97,0.586,0.79,1100,1,155,0.9,0.94,145,50,0.906
Istanbul,0.166,0.94,0.264,0.98,0.658,0.94,0.322,0.89,0.159,0.84,0.378,0.71,0.923,0.91,0.586,0.58,1100,1,85,0.84,0.88,65,32,0.8851
Bali,0.166,0.73,0.264,0.76,0.658,0.91,0.322,0.87,0.159,0.51,0.378,0.99,0.923,0.72,0.586,0.98,1100,1,90,0.62,0.95,70,35,0.8504
Switzerland,0.166,0.79,0.264,0.78,0.658,0.82,0.322,0.58,0.159,0.75,0.378,0.99,0.923,0.76,0.586,0.98,1100,1,240,0.88,0.78,220,90,0.8471
New York,0.076,0.94,0.521,0.82,0.797,0.96,0.688,0.99,0.666,0.97,0.765,0.71,0.696,0.99,0.085,0.63,2200,1,230,0.92,0.76,210,85,0.8876
Paris,0.076,0.98,0.521,0.95,0.797,0.97,0.688,0.82,0.666,0.99,0.765,0.65,0.696,0.92,0.085,0.45,2200,1,180,0.95,0.82,160,70,0.9025
Tokyo,0.076,0.9,0.521,0.91,0.797,0.99,0.688,0.96,0.666,0.88,0.765,0.74,0.696,0.99,0.085,0.71,2200,1,165,0.91,0.79,135,60,0.9215
Barcelona,0.076,0.96,0.521,0.84,0.797,0.94,0.688,0.96,0.666,0.82,0.765,0.82,0.696,0.88,0.085,0.72,2200,1,150,0.93,0.94,130,58,0.9154
Dubai,0.69,0.96,0.216,0.63,0.838,0.91,0.722,0.92,0.513,0.72,0.78,0.68,0.537,0.99,0.898,0.91,2600,0,190,0.58,0.96,175,70,0.8851
Switzerland,0.69,0.79,0.216,0.78,0.838,0.82,0.722,0.58,0.513,0.75,0.78,0.99,0.537,0.76,0.898,0.98,2600,0,240,0.88,0.78,220,90,0.8087
Barcelona,0.69,0.96,0.216,0.84,0.838,0.94,0.722,0.96,0.513,0.82,0.78,0.82,0.537,0.88,0.898,0.72,2600,0,150,0.93,0.94,130,58,0.8654
Bali,0.69,0.73,0.216,0.76,0.838,0.91,0.722,0.87,0.513,0.51,0.78,0.99,0.537,0.72,0.898,0.98,2600,0,90,0.62,0.95,70,35,0.8335
Paris,0.69,0.98,0.216,0.95,0.838,0.97,0.722,0.82,0.513,0.99,0.78,0.65,0.537,0.92,0.898,0.45,2600,0,180,0.95,0.82,160,70,0.8083
Singapore,0.975,0.91,0.899,0.72,0.111,0.98,0.443,0.85,0.542,0.79,0.911,0.94,0.011,0.97,0.002,0.79,2600,1,155,0.9,0.94,145,50,0.9031
Istanbul,0.975,0.94,0.899,0.98,0.111,0.94,0.443,0.89,0.542,0.84,0.911,0.71,0.011,0.91,0.002,0.58,2600,1,85,0.84,0.88,65,32,0.8965
Paris,0.975,0.98,0.899,0.95,0.111,0.97,0.443,0.82,0.542,0.99,0.911,0.65,0.011,0.92,0.002,0.45,2600,1,180,0.95,0.82,160,70,0.8844
Bali,0.975,0.73,0.899,0.76,0.111,0.91,0.443,0.87,0.542,0.51,0.911,0.99,0.011,0.72,0.002,0.98,2600,1,90,0.62,0.95,70,35,0.8321
Dubai,0.975,0.96,0.899,0.63,0.111,0.91,0.443,0.92,0.542,0.72,0.911,0.68,0.011,0.99,0.002,0.91,2600,1,190,0.58,0.96,175,70,0.8352
Paris,0.377,0.98,0.74,0.95,0.373,0.97,0.483,0.82,0.654,0.99,0.689,0.65,0.066,0.92,0.416,0.45,900,1,180,0.95,0.82,160,70,0.8956
London,0.377,0.94,0.74,0.97,0.373,0.91,0.483,0.95,0.654,0.98,0.689,0.76,0.066,0.98,0.416,0.55,900,1,210,0.89,0.64,190,75,0.8736
New York,0.377,0.94,0.74,0.82,0.373,0.96,0.483,0.99,0.654,0.97,0.689,0.71,0.066,0.99,0.416,0.63,900,1,230,0.92,0.76,210,85,0.8586
Bali,0.377,0.73,0.74,0.76,0.373,0.91,0.483,0.87,0.654,0.51,0.689,0.99,0.066,0.72,0.416,0.98,900,1,90,0.62,0.95,70,35,0.8317
Dubai,0.501,0.96,0.814,0.63,0.222,0.91,0.226,0.92,0.827,0.72,0.162,0.68,0.845,0.99,0.654,0.91,2200,1,190,0.58,0.96,175,70,0.8449
Singapore,0.501,0.91,0.814,0.72,0.222,0.98,0.226,0.85,0.827,0.79,0.162,0.94,0.845,0.97,0.654,0.79,2200,1,155,0.9,0.94,145,50,0.9115
London,0.501,0.94,0.814,0.97,0.222,0.91,0.226,0.95,0.827,0.98,0.162,0.76,0.845,0.98,0.654,0.55,2200,1,210,0.89,0.64,190,75,0.9018
Rome,0.501,0.97,0.814,0.99,0.222,0.96,0.226,0.78,0.827,0.91,0.162,0.62,0.845,0.76,0.654,0.48,2200,1,145,0.91,0.9,125,55,0.8791
New York,0.501,0.94,0.814,0.82,0.222,0.96,0.226,0.99,0.827,0.97,0.162,0.71,0.845,0.99,0.654,0.63,2200,1,230,0.92,0.76,210,85,0.872
Amsterdam,0.501,0.91,0.814,0.88,0.222,0.79,0.226,0.92,0.827,0.95,0.162,0.78,0.845,0.86,0.654,0.65,2200,1,175,0.96,0.68,155,65,0.8891
Paris,0.501,0.98,0.814,0.95,0.222,0.97,0.226,0.82,0.827,0.99,0.162,0.65,0.845,0.92,0.654,0.45,2200,1,180,0.95,0.82,160,70,0.8812
Rome,0.798,0.97,0.033,0.99,0.565,0.96,0.71,0.78,0.487,0.91,0.015,0.62,0.298,0.76,0.336,0.48,900,1,145,0.91,0.9,125,55,0.9005
New York,0.798,0.94,0.033,0.82,0.565,0.96,0.71,0.99,0.487,0.97,0.015,0.71,0.298,0.99,0.336,0.63,900,1,230,0.92,0.76,210,85,0.9192
Istanbul,0.798,0.94,0.033,0.98,0.565,0.94,0.71,0.89,0.487,0.84,0.015,0.71,0.298,0.91,0.336,0.58,900,1,85,0.84,0.88,65,32,0.8997
Amsterdam,0.188,0.91,0.993,0.88,0.142,0.79,0.391,0.92,0.954,0.95,0.462,0.78,0.175,0.86,0.961,0.65,1300,0,175,0.96,0.68,155,65,0.8333
Switzerland,0.188,0.79,0.993,0.78,0.142,0.82,0.391,0.58,0.954,0.75,0.462,0.99,0.175,0.76,0.961,0.98,1300,0,240,0.88,0.78,220,90,0.8043
Dubai,0.188,0.96,0.993,0.63,0.142,0.91,0.391,0.92,0.954,0.72,0.462,0.68,0.175,0.99,0.961,0.91,1300,0,190,0.58,0.96,175,70,0.797
Barcelona,0.188,0.96,0.993,0.84,0.142,0.94,0.391,0.96,0.954,0.82,0.462,0.82,0.175,0.88,0.961,0.72,1300,0,150,0.93,0.94,130,58,0.8441
Tokyo,0.188,0.9,0.993,0.91,0.142,0.99,0.391,0.96,0.954,0.88,0.462,0.74,0.175,0.99,0.961,0.71,1300,0,165,0.91,0.79,135,60,0.8604
Rome,0.188,0.97,0.993,0.99,0.142,0.96,0.391,0.78,0.954,0.91,0.462,0.62,0.175,0.76,0.961,0.48,1300,0,145,0.91,0.9,125,55,0.7882
Istanbul,0.188,0.94,0.993,0.98,0.142,0.94,0.391,0.89,0.954,0.84,0.462,0.71,0.175,0.91,0.961,0.58,1300,0,85,0.84,0.88,65,32,0.8375
Switzerland,0.455,0.79,0.793,0.78,0.514,0.82,0.142,0.58,0.843,0.75,0.603,0.99,0.199,0.76,0.994,0.98,1300,1,240,0.88,0.78,220,90,0.8681
Bali,0.455,0.73,0.793,0.76,0.514,0.91,0.142,0.87,0.843,0.51,0.603,0.99,0.199,0.72,0.994,0.98,1300,1,90,0.62,0.95,70,35,0.8392
Rome,0.455,0.97,0.793,0.99,0.514,0.96,0.142,0.78,0.843,0.91,0.603,0.62,0.199,0.76,0.994,0.48,1300,1,145,0.91,0.9,125,55,0.8757
Paris,0.455,0.98,0.793,0.95,0.514,0.97,0.142,0.82,0.843,0.99,0.603,0.65,0.199,0.92,0.994,0.45,1300,1,180,0.95,0.82,160,70,0.8532
Paris,0.084,0.98,0.311,0.95,0.918,0.97,0.377,0.82,0.218,0.99,0.69,0.65,0.345,0.92,0.026,0.45,1100,0,180,0.95,0.82,160,70,0.836
Rome,0.084,0.97,0.311,0.99,0.918,0.96,0.377,0.78,0.218,0.91,0.69,0.62,0.345,0.76,0.026,0.48,1100,0,145,0.91,0.9,125,55,0.8418
Barcelona,0.084,0.96,0.311,0.84,0.918,0.94,0.377,0.96,0.218,0.82,0.69,0.82,0.345,0.88,0.026,0.72,1100,0,150,0.93,0.94,130,58,0.8696
New York,0.084,0.94,0.311,0.82,0.918,0.96,0.377,0.99,0.218,0.97,0.69,0.71,0.345,0.99,0.026,0.63,1100,0,230,0.92,0.76,210,85,0.8837
Amsterdam,0.084,0.91,0.311,0.88,0.918,0.79,0.377,0.92,0.218,0.95,0.69,0.78,0.345,0.86,0.026,0.65,1100,0,175,0.96,0.68,155,65,0.8235
Amsterdam,0.482,0.91,0.578,0.88,0.932,0.79,0.339,0.92,0.758,0.95,0.603,0.78,0.1,0.86,0.929,0.65,900,1,175,0.96,0.68,155,65,0.8521
Paris,0.482,0.98,0.578,0.95,0.932,0.97,0.339,0.82,0.758,0.99,0.603,0.65,0.1,0.92,0.929,0.45,900,1,180,0.95,0.82,160,70,0.8646
Tokyo,0.482,0.9,0.578,0.91,0.932,0.99,0.339,0.96,0.758,0.88,0.603,0.74,0.1,0.99,0.929,0.71,900,1,165,0.91,0.79,135,60,0.8664
Amsterdam,0.573,0.91,0.074,0.88,0.254,0.79,0.933,0.92,0.382,0.95,0.33,0.78,0.963,0.86,0.253,0.65,1300,1,175,0.96,0.68,155,65,0.8716
Singapore,0.573,0.91,0.074,0.72,0.254,0.98,0.933,0.85,0.382,0.79,0.33,0.94,0.963,0.97,0.253,0.79,1300,1,155,0.9,0.94,145,50,0.9331
Dubai,0.573,0.96,0.074,0.63,0.254,0.91,0.933,0.92,0.382,0.72,0.33,0.68,0.963,0.99,0.253,0.91,1300,1,190,0.58,0.96,175,70,0.889
New York,0.573,0.94,0.074,0.82,0.254,0.96,0.933,0.99,0.382,0.97,0.33,0.71,0.963,0.99,0.253,0.63,1300,1,230,0.92,0.76,210,85,0.9404
Switzerland,0.458,0.79,0.866,0.78,0.436,0.82,0.061,0.58,0.388,0.75,0.224,0.99,0.325,0.76,0.954,0.98,2600,0,240,0.88,0.78,220,90,0.8103
Singapore,0.458,0.91,0.866,0.72,0.436,0.98,0.061,0.85,0.388,0.79,0.224,0.94,0.325,0.97,0.954,0.79,2600,0,155,0.9,0.94,145,50,0.8322
Amsterdam,0.458,0.91,0.866,0.88,0.436,0.79,0.061,0.92,0.388,0.95,0.224,0.78,0.325,0.86,0.954,0.65,2600,0,175,0.96,0.68,155,65,0.7947
London,0.791,0.94,0.748,0.97,0.723,0.91,0.451,0.95,0.912,0.98,0.984,0.76,0.896,0.98,0.264,0.55,1800,0,210,0.89,0.64,190,75,0.8768
New York,0.791,0.94,0.748,0.82,0.723,0.96,0.451,0.99,0.912,0.97,0.984,0.71,0.896,0.99,0.264,0.63,1800,0,230,0.92,0.76,210,85,0.8779
Istanbul,0.791,0.94,0.748,0.98,0.723,0.94,0.451,0.89,0.912,0.84,0.984,0.71,0.896,0.91,0.264,0.58,1800,0,85,0.84,0.88,65,32,0.8614
Singapore,0.701,0.91,0.983,0.72,0.725,0.98,0.217,0.85,0.117,0.79,0.093,0.94,0.344,0.97,0.02,0.79,1800,1,155,0.9,0.94,145,50,0.9192
Paris,0.701,0.98,0.983,0.95,0.725,0.97,0.217,0.82,0.117,0.99,0.093,0.65,0.344,0.92,0.02,0.45,1800,1,180,0.95,0.82,160,70,0.9511
Istanbul,0.701,0.94,0.983,0.98,0.725,0.94,0.217,0.89,0.117,0.84,0.093,0.71,0.344,0.91,0.02,0.58,1800,1,85,0.84,0.88,65,32,0.9218
Tokyo,0.701,0.9,0.983,0.91,0.725,0.99,0.217,0.96,0.117,0.88,0.093,0.74,0.344,0.99,0.02,0.71,1800,1,165,0.91,0.79,135,60,0.9272
Singapore,0.832,0.91,0.105,0.72,0.051,0.98,0.953,0.85,0.576,0.79,0.392,0.94,0.881,0.97,0.362,0.79,1800,1,155,0.9,0.94,145,50,0.8958
Barcelona,0.832,0.96,0.105,0.84,0.051,0.94,0.953,0.96,0.576,0.82,0.392,0.82,0.881,0.88,0.362,0.72,1800,1,150,0.93,0.94,130,58,0.9279
New York,0.832,0.94,0.105,0.82,0.051,0.96,0.953,0.99,0.576,0.97,0.392,0.71,0.881,0.99,0.362,0.63,1800,1,230,0.92,0.76,210,85,0.9023
Istanbul,0.832,0.94,0.105,0.98,0.051,0.94,0.953,0.89,0.576,0.84,0.392,0.71,0.881,0.91,0.362,0.58,1800,1,85,0.84,0.88,65,32,0.8861
Switzerland,0.832,0.79,0.105,0.78,0.051,0.82,0.953,0.58,0.576,0.75,0.392,0.99,0.881,0.76,0.362,0.98,1800,1,240,0.88,0.78,220,90,0.8137
Dubai,0.989,0.96,0.025,0.63,0.203,0.91,0.01,0.92,0.507,0.72,0.957,0.68,0.38,0.99,0.858,0.91,2200,0,190,0.58,0.96,175,70,0.8407
Bali,0.989,0.73,0.025,0.76,0.203,0.91,0.01,0.87,0.507,0.51,0.957,0.99,0.38,0.72,0.858,0.98,2200,0,90,0.62,0.95,70,35,0.8237
Switzerland,0.989,0.79,0.025,0.78,0.203,0.82,0.01,0.58,0.507,0.75,0.957,0.99,0.38,0.76,0.858,0.98,2200,0,240,0.88,0.78,220,90,0.8473
Barcelona,0.989,0.96,0.025,0.84,0.203,0.94,0.01,0.96,0.507,0.82,0.957,0.82,0.38,0.88,0.858,0.72,2200,0,150,0.93,0.94,130,58,0.8539
Istanbul,0.989,0.94,0.025,0.98,0.203,0.94,0.01,0.89,0.507,0.84,0.957,0.71,0.38,0.91,0.858,0.58,2200,0,85,0.84,0.88,65,32,0.7885
Paris,0.989,0.98,0.025,0.95,0.203,0.97,0.01,0.82,0.507,0.99,0.957,0.65,0.38,0.92,0.858,0.45,2200,0,180,0.95,0.82,160,70,0.8123
Amsterdam,0.443,0.91,0.441,0.88,0.456,0.79,0.596,0.92,0.468,0.95,0.757,0.78,0.205,0.86,0.565,0.65,2200,0,175,0.96,0.68,155,65,0.8269
Singapore,0.443,0.91,0.441,0.72,0.456,0.98,0.596,0.85,0.468,0.79,0.757,0.94,0.205,0.97,0.565,0.79,2200,0,155,0.9,0.94,145,50,0.8423
Switzerland,0.443,0.79,0.441,0.78,0.456,0.82,0.596,0.58,0.468,0.75,0.757,0.99,0.205,0.76,0.565,0.98,2200,0,240,0.88,0.78,220,90,0.8423
Barcelona,0.443,0.96,0.441,0.84,0.456,0.94,0.596,0.96,0.468,0.82,0.757,0.82,0.205,0.88,0.565,0.72,2200,0,150,0.93,0.94,130,58,0.8741
Bali,0.443,0.73,0.441,0.76,0.456,0.91,0.596,0.87,0.468,0.51,0.757,0.99,0.205,0.72,0.565,0.98,2200,0,90,0.62,0.95,70,35,0.8703
Paris,0.443,0.98,0.441,0.95,0.456,0.97,0.596,0.82,0.468,0.99,0.757,0.65,0.205,0.92,0.565,0.45,2200,0,180,0.95,0.82,160,70,0.7989
Amsterdam,0.554,0.91,0.419,0.88,0.187,0.79,0.793,0.92,0.407,0.95,0.967,0.78,0.653,0.86,0.168,0.65,1300,0,175,0.96,0.68,155,65,0.8476
Switzerland,0.554,0.79,0.419,0.78,0.187,0.82,0.793,0.58,0.407,0.75,0.967,0.99,0.653,0.76,0.168,0.98,1300,0,240,0.88,0.78,220,90,0.7913
Istanbul,0.554,0.94,0.419,0.98,0.187,0.94,0.793,0.89,0.407,0.84,0.967,0.71,0.653,0.91,0.168,0.58,1300,0,85,0.84,0.88,65,32,0.8535
Paris,0.554,0.98,0.419,0.95,0.187,0.97,0.793,0.82,0.407,0.99,0.967,0.65,0.653,0.92,0.168,0.45,1300,0,180,0.95,0.82,160,70,0.8219
Dubai,0.28,0.96,0.023,0.63,0.401,0.91,0.708,0.92,0.028,0.72,0.848,0.68,0.948,0.99,0.566,0.91,1500,0,190,0.58,0.96,175,70,0.8824
Bali,0.28,0.73,0.023,0.76,0.401,0.91,0.708,0.87,0.028,0.51,0.848,0.99,0.948,0.72,0.566,0.98,1500,0,90,0.62,0.95,70,35,0.8493
Tokyo,0.28,0.9,0.023,0.91,0.401,0.99,0.708,0.96,0.028,0.88,0.848,0.74,0.948,0.99,0.566,0.71,1500,0,165,0.91,0.79,135,60,0.8533
London,0.88,0.94,0.323,0.97,0.141,0.91,0.306,0.95,0.137,0.98,0.344,0.76,0.482,0.98,0.835,0.55,700,1,210,0.89,0.64,190,75,0.8569
New York,0.88,0.94,0.323,0.82,0.141,0.96,0.306,0.99,0.137,0.97,0.344,0.71,0.482,0.99,0.835,0.63,700,1,230,0.92,0.76,210,85,0.8885
Switzerland,0.88,0.79,0.323,0.78,0.141,0.82,0.306,0.58,0.137,0.75,0.344,0.99,0.482,0.76,0.835,0.98,700,1,240,0.88,0.78,220,90,0.8571
Tokyo,0.88,0.9,0.323,0.91,0.141,0.99,0.306,0.96,0.137,0.88,0.344,0.74,0.482,0.99,0.835,0.71,700,1,165,0.91,0.79,135,60,0.8662
Istanbul,0.88,0.94,0.323,0.98,0.141,0.94,0.306,0.89,0.137,0.84,0.344,0.71,0.482,0.91,0.835,0.58,700,1,85,0.84,0.88,65,32,0.8877
Singapore,0.632,0.91,0.765,0.72,0.52,0.98,0.01,0.85,0.167,0.79,0.35,0.94,0.311,0.97,0.143,0.79,700,1,155,0.9,0.94,145,50,0.8989
Dubai,0.632,0.96,0.765,0.63,0.52,0.91,0.01,0.92,0.167,0.72,0.35,0.68,0.311,0.99,0.143,0.91,700,1,190,0.58,0.96,175,70,0.8592
London,0.632,0.94,0.765,0.97,0.52,0.91,0.01,0.95,0.167,0.98,0.35,0.76,0.311,0.98,0.143,0.55,700,1,210,0.89,0.64,190,75,0.8969
Barcelona,0.632,0.96,0.765,0.84,0.52,0.94,0.01,0.96,0.167,0.82,0.35,0.82,0.311,0.88,0.143,0.72,700,1,150,0.93,0.94,130,58,0.9326
Amsterdam,0.951,0.91,0.551,0.88,0.638,0.79,0.447,0.92,0.397,0.95,0.679,0.78,0.042,0.86,0.722,0.65,1100,0,175,0.96,0.68,155,65,0.7932
Rome,0.951,0.97,0.551,0.99,0.638,0.96,0.447,0.78,0.397,0.91,0.679,0.62,0.042,0.76,0.722,0.48,1100,0,145,0.91,0.9,125,55,0.8465
Singapore,0.951,0.91,0.551,0.72,0.638,0.98,0.447,0.85,0.397,0.79,0.679,0.94,0.042,0.97,0.722,0.79,1100,0,155,0.9,0.94,145,50,0.8692
New York,0.717,0.94,0.326,0.82,0.401,0.96,0.415,0.99,0.209,0.97,0.592,0.71,0.577,0.99,0.132,0.63,2600,1,230,0.92,0.76,210,85,0.8925
Singapore,0.717,0.91,0.326,0.72,0.401,0.98,0.415,0.85,0.209,0.79,0.592,0.94,0.577,0.97,0.132,0.79,2600,1,155,0.9,0.94,145,50,0.9044
Amsterdam,0.717,0.91,0.326,0.88,0.401,0.79,0.415,0.92,0.209,0.95,0.592,0.78,0.577,0.86,0.132,0.65,2600,1,175,0.96,0.68,155,65,0.8674
Rome,0.717,0.97,0.326,0.99,0.401,0.96,0.415,0.78,0.209,0.91,0.592,0.62,0.577,0.76,0.132,0.48,2600,1,145,0.91,0.9,125,55,0.8703
New York,0.409,0.94,0.576,0.82,0.113,0.96,0.916,0.99,0.577,0.97,0.31,0.71,0.115,0.99,0.008,0.63,1300,0,230,0.92,0.76,210,85,0.8547
Istanbul,0.409,0.94,0.576,0.98,0.113,0.94,0.916,0.89,0.577,0.84,0.31,0.71,0.115,0.91,0.008,0.58,1300,0,85,0.84,0.88,65,32,0.8477
Paris,0.409,0.98,0.576,0.95,0.113,0.97,0.916,0.82,0.577,0.99,0.31,0.65,0.115,0.92,0.008,0.45,1300,0,180,0.95,0.82,160,70,0.8673
Singapore,0.409,0.91,0.576,0.72,0.113,0.98,0.916,0.85,0.577,0.79,0.31,0.94,0.115,0.97,0.008,0.79,1300,0,155,0.9,0.94,145,50,0.8388
Bali,0.409,0.73,0.576,0.76,0.113,0.91,0.916,0.87,0.577,0.51,0.31,0.99,0.115,0.72,0.008,0.98,1300,0,90,0.62,0.95,70,35,0.8161
Switzerland,0.409,0.79,0.576,0.78,0.113,0.82,0.916,0.58,0.577,0.75,0.31,0.99,0.115,0.76,0.008,0.98,1300,0,240,0.88,0.78,220,90,0.7532
Barcelona,0.409,0.96,0.576,0.84,0.113,0.94,0.916,0.96,0.577,0.82,0.31,0.82,0.115,0.88,0.008,0.72,1300,0,150,0.93,0.94,130,58,0.8551
New York,0.681,0.94,0.731,0.82,0.656,0.96,0.004,0.99,0.723,0.97,0.489,0.71,0.298,0.99,0.947,0.63,900,1,230,0.92,0.76,210,85,0.851
Singapore,0.681,0.91,0.731,0.72,0.656,0.98,0.004,0.85,0.723,0.79,0.489,0.94,0.298,0.97,0.947,0.79,900,1,155,0.9,0.94,145,50,0.9148
Bali,0.681,0.73,0.731,0.76,0.656,0.91,0.004,0.87,0.723,0.51,0.489,0.99,0.298,0.72,0.947,0.98,900,1,90,0.62,0.95,70,35,0.8357
Barcelona,0.681,0.96,0.731,0.84,0.656,0.94,0.004,0.96,0.723,0.82,0.489,0.82,0.298,0.88,0.947,0.72,900,1,150,0.93,0.94,130,58,0.8755
Rome,0.681,0.97,0.731,0.99,0.656,0.96,0.004,0.78,0.723,0.91,0.489,0.62,0.298,0.76,0.947,0.48,900,1,145,0.91,0.9,125,55,0.8641
Paris,0.65,0.98,0.018,0.95,0.098,0.97,0.171,0.82,0.681,0.99,0.571,0.65,0.253,0.92,0.171,0.45,700,0,180,0.95,0.82,160,70,0.8495
Singapore,0.65,0.91,0.018,0.72,0.098,0.98,0.171,0.85,0.681,0.79,0.571,0.94,0.253,0.97,0.171,0.79,700,0,155,0.9,0.94,145,50,0.8943
New York,0.65,0.94,0.018,0.82,0.098,0.96,0.171,0.99,0.681,0.97,0.571,0.71,0.253,0.99,0.171,0.63,700,0,230,0.92,0.76,210,85,0.8416
Tokyo,0.65,0.9,0.018,0.91,0.098,0.99,0.171,0.96,0.681,0.88,0.571,0.74,0.253,0.99,0.171,0.71,700,0,165,0.91,0.79,135,60,0.8228
London,0.65,0.94,0.018,0.97,0.098,0.91,0.171,0.95,0.681,0.98,0.571,0.76,0.253,0.98,0.171,0.55,700,0,210,0.89,0.64,190,75,0.8709
Bali,0.65,0.73,0.018,0.76,0.098,0.91,0.171,0.87,0.681,0.51,0.571,0.99,0.253,0.72,0.171,0.98,700,0,90,0.62,0.95,70,35,0.802
Bali,0.493,0.73,0.902,0.76,0.689,0.91,0.216,0.87,0.535,0.51,0.644,0.99,0.426,0.72,0.796,0.98,1500,1,90,0.62,0.95,70,35,0.8281
Barcelona,0.493,0.96,0.902,0.84,0.689,0.94,0.216,0.96,0.535,0.82,0.644,0.82,0.426,0.88,0.796,0.72,1500,1,150,0.93,0.94,130,58,0.9097
Amsterdam,0.493,0.91,0.902,0.88,0.689,0.79,0.216,0.92,0.535,0.95,0.644,0.78,0.426,0.86,0.796,0.65,1500,1,175,0.96,0.68,155,65,0.8608
Switzerland,0.493,0.79,0.902,0.78,0.689,0.82,0.216,0.58,0.535,0.75,0.644,0.99,0.426,0.76,0.796,0.98,1500,1,240,0.88,0.78,220,90,0.8671
Dubai,0.493,0.96,0.902,0.63,0.689,0.91,0.216,0.92,0.535,0.72,0.644,0.68,0.426,0.99,0.796,0.91,1500,1,190,0.58,0.96,175,70,0.8236
Istanbul,0.493,0.94,0.902,0.98,0.689,0.94,0.216,0.89,0.535,0.84,0.644,0.71,0.426,0.91,0.796,0.58,1500,1,85,0.84,0.88,65,32,0.882
Rome,0.007,0.97,0.365,0.99,0.722,0.96,0.565,0.78,0.496,0.91,0.981,0.62,0.975,0.76,0.669,0.48,700,0,145,0.91,0.9,125,55,0.8123
Bali,0.007,0.73,0.365,0.76,0.722,0.91,0.565,0.87,0.496,0.51,0.981,0.99,0.975,0.72,0.669,0.98,700,0,90,0.62,0.95,70,35,0.8314
Barcelona,0.007,0.96,0.365,0.84,0.722,0.94,0.565,0.96,0.496,0.82,0.981,0.82,0.975,0.88,0.669,0.72,700,0,150,0.93,0.94,130,58,0.868
Paris,0.007,0.98,0.365,0.95,0.722,0.97,0.565,0.82,0.496,0.99,0.981,0.65,0.975,0.92,0.669,0.45,700,0,180,0.95,0.82,160,70,0.8072
Istanbul,0.007,0.94,0.365,0.98,0.722,0.94,0.565,0.89,0.496,0.84,0.981,0.71,0.975,0.91,0.669,0.58,700,0,85,0.84,0.88,65,32,0.8188
Rome,0.705,0.97,0.97,0.99,0.45,0.96,0.004,0.78,0.269,0.91,0.647,0.62,0.198,0.76,0.477,0.48,1800,0,145,0.91,0.9,125,55,0.8196
Tokyo,0.705,0.9,0.97,0.91,0.45,0.99,0.004,0.96,0.269,0.88,0.647,0.74,0.198,0.99,0.477,0.71,1800,0,165,0.91,0.79,135,60,0.8649
New York,0.705,0.94,0.97,0.82,0.45,0.96,0.004,0.99,0.269,0.97,0.647,0.71,0.198,0.99,0.477,0.63,1800,0,230,0.92,0.76,210,85,0.8429
Switzerland,0.705,0.79,0.97,0.78,0.45,0.82,0.004,0.58,0.269,0.75,0.647,0.99,0.198,0.76,0.477,0.98,1800,0,240,0.88,0.78,220,90,0.8426
Bali,0.705,0.73,0.97,0.76,0.45,0.91,0.004,0.87,0.269,0.51,0.647,0.99,0.198,0.72,0.477,0.98,1800,0,90,0.62,0.95,70,35,0.8165
Dubai,0.705,0.96,0.97,0.63,0.45,0.91,0.004,0.92,0.269,0.72,0.647,0.68,0.198,0.99,0.477,0.91,1800,0,190,0.58,0.96,175,70,0.8293
Paris,0.705,0.98,0.97,0.95,0.45,0.97,0.004,0.82,0.269,0.99,0.647,0.65,0.198,0.92,0.477,0.45,1800,0,180,0.95,0.82,160,70,0.8615
Singapore,0.904,0.91,0.467,0.72,0.83,0.98,0.459,0.85,0.696,0.79,0.111,0.94,0.792,0.97,0.31,0.79,1100,1,155,0.9,0.94,145,50,0.9055
Amsterdam,0.904,0.91,0.467,0.88,0.83,0.79,0.459,0.92,0.696,0.95,0.111,0.78,0.792,0.86,0.31,0.65,1100,1,175,0.96,0.68,155,65,0.8606
Bali,0.904,0.73,0.467,0.76,0.83,0.91,0.459,0.87,0.696,0.51,0.111,0.99,0.792,0.72,0.31,0.98,1100,1,90,0.62,0.95,70,35,0.839
Dubai,0.904,0.96,0.467,0.63,0.83,0.91,0.459,0.92,0.696,0.72,0.111,0.68,0.792,0.99,0.31,0.91,1100,1,190,0.58,0.96,175,70,0.8639
Barcelona,0.904,0.96,0.467,0.84,0.83,0.94,0.459,0.96,0.696,0.82,0.111,0.82,0.792,0.88,0.31,0.72,1100,1,150,0.93,0.94,130,58,0.899
Switzerland,0.904,0.79,0.467,0.78,0.83,0.82,0.459,0.58,0.696,0.75,0.111,0.99,0.792,0.76,0.31,0.98,1100,1,240,0.88,0.78,220,90,0.8239
Rome,0.904,0.97,0.467,0.99,0.83,0.96,0.459,0.78,0.696,0.91,0.111,0.62,0.792,0.76,0.31,0.48,1100,1,145,0.91,0.9,125,55,0.9031
Amsterdam,0.977,0.91,0.792,0.88,0.47,0.79,0.45,0.92,0.76,0.95,0.646,0.78,0.708,0.86,0.461,0.65,1100,1,175,0.96,0.68,155,65,0.8956
Switzerland,0.977,0.79,0.792,0.78,0.47,0.82,0.45,0.58,0.76,0.75,0.646,0.99,0.708,0.76,0.461,0.98,1100,1,240,0.88,0.78,220,90,0.8549
London,0.977,0.94,0.792,0.97,0.47,0.91,0.45,0.95,0.76,0.98,0.646,0.76,0.708,0.98,0.461,0.55,1100,1,210,0.89,0.64,190,75,0.8897
Istanbul,0.977,0.94,0.792,0.98,0.47,0.94,0.45,0.89,0.76,0.84,0.646,0.71,0.708,0.91,0.461,0.58,1100,1,85,0.84,0.88,65,32,0.8899
Tokyo,0.977,0.9,0.792,0.91,0.47,0.99,0.45,0.96,0.76,0.88,0.646,0.74,0.708,0.99,0.461,0.71,1100,1,165,0.91,0.79,135,60,0.9077
Bali,0.867,0.73,0.362,0.76,0.11,0.91,0.904,0.87,0.753,0.51,0.851,0.99,0.223,0.72,0.519,0.98,700,0,90,0.62,0.95,70,35,0.8088
Paris,0.867,0.98,0.362,0.95,0.11,0.97,0.904,0.82,0.753,0.99,0.851,0.65,0.223,0.92,0.519,0.45,700,0,180,0.95,0.82,160,70,0.8246
Amsterdam,0.867,0.91,0.362,0.88,0.11,0.79,0.904,0.92,0.753,0.95,0.851,0.78,0.223,0.86,0.519,0.65,700,0,175,0.96,0.68,155,65,0.8506
London,0.867,0.94,0.362,0.97,0.11,0.91,0.904,0.95,0.753,0.98,0.851,0.76,0.223,0.98,0.519,0.55,700,0,210,0.89,0.64,190,75,0.8618
Switzerland,0.867,0.79,0.362,0.78,0.11,0.82,0.904,0.58,0.753,0.75,0.851,0.99,0.223,0.76,0.519,0.98,700,0,240,0.88,0.78,220,90,0.8138
Tokyo,0.867,0.9,0.362,0.91,0.11,0.99,0.904,0.96,0.753,0.88,0.851,0.74,0.223,0.99,0.519,0.71,700,0,165,0.91,0.79,135,60,0.8589
Barcelona,0.867,0.96,0.362,0.84,0.11,0.94,0.904,0.96,0.753,0.82,0.851,0.82,0.223,0.88,0.519,0.72,700,0,150,0.93,0.94,130,58,0.8694
London,0.009,0.94,0.066,0.97,0.699,0.91,0.483,0.95,0.478,0.98,0.127,0.76,0.879,0.98,0.406,0.55,1100,0,210,0.89,0.64,190,75,0.8467
Bali,0.009,0.73,0.066,0.76,0.699,0.91,0.483,0.87,0.478,0.51,0.127,0.99,0.879,0.72,0.406,0.98,1100,0,90,0.62,0.95,70,35,0.8292
Barcelona,0.009,0.96,0.066,0.84,0.699,0.94,0.483,0.96,0.478,0.82,0.127,0.82,0.879,0.88,0.406,0.72,1100,0,150,0.93,0.94,130,58,0.8453
Paris,0.009,0.98,0.066,0.95,0.699,0.97,0.483,0.82,0.478,0.99,0.127,0.65,0.879,0.92,0.406,0.45,1100,0,180,0.95,0.82,160,70,0.8584
Amsterdam,0.009,0.91,0.066,0.88,0.699,0.79,0.483,0.92,0.478,0.95,0.127,0.78,0.879,0.86,0.406,0.65,1100,0,175,0.96,0.68,155,65,0.8314
Barcelona,0.268,0.96,0.83,0.84,0.975,0.94,0.912,0.96,0.679,0.82,0.148,0.82,0.242,0.88,0.944,0.72,900,1,150,0.93,0.94,130,58,0.8932
Dubai,0.268,0.96,0.83,0.63,0.975,0.91,0.912,0.92,0.679,0.72,0.148,0.68,0.242,0.99,0.944,0.91,900,1,190,0.58,0.96,175,70,0.8806
London,0.268,0.94,0.83,0.97,0.975,0.91,0.912,0.95,0.679,0.98,0.148,0.76,0.242,0.98,0.944,0.55,900,1,210,0.89,0.64,190,75,0.866
Rome,0.268,0.97,0.83,0.99,0.975,0.96,0.912,0.78,0.679,0.91,0.148,0.62,0.242,0.76,0.944,0.48,900,1,145,0.91,0.9,125,55,0.8739
Barcelona,0.788,0.96,0.879,0.84,0.634,0.94,0.522,0.96,0.126,0.82,0.61,0.82,0.223,0.88,0.979,0.72,1500,1,150,0.93,0.94,130,58,0.92
Istanbul,0.788,0.94,0.879,0.98,0.634,0.94,0.522,0.89,0.126,0.84,0.61,0.71,0.223,0.91,0.979,0.58,1500,1,85,0.84,0.88,65,32,0.8958
Bali,0.788,0.73,0.879,0.76,0.634,0.91,0.522,0.87,0.126,0.51,0.61,0.99,0.223,0.72,0.979,0.98,1500,1,90,0.62,0.95,70,35,0.8763
New York,0.788,0.94,0.879,0.82,0.634,0.96,0.522,0.99,0.126,0.97,0.61,0.71,0.223,0.99,0.979,0.63,1500,1,230,0.92,0.76,210,85,0.8607
Amsterdam,0.788,0.91,0.879,0.88,0.634,0.79,0.522,0.92,0.126,0.95,0.61,0.78,0.223,0.86,0.979,0.65,1500,1,175,0.96,0.68,155,65,0.8508
Barcelona,0.415,0.96,0.694,0.84,0.788,0.94,0.797,0.96,0.082,0.82,0.353,0.82,0.863,0.88,0.02,0.72,1100,0,150,0.93,0.94,130,58,0.8606
London,0.415,0.94,0.694,0.97,0.788,0.91,0.797,0.95,0.082,0.98,0.353,0.76,0.863,0.98,0.02,0.55,1100,0,210,0.89,0.64,190,75,0.8847
Singapore,0.415,0.91,0.694,0.72,0.788,0.98,0.797,0.85,0.082,0.79,0.353,0.94,0.863,0.97,0.02,0.79,1100,0,155,0.9,0.94,145,50,0.861
Amsterdam,0.415,0.91,0.694,0.88,0.788,0.79,0.797,0.92,0.082,0.95,0.353,0.78,0.863,0.86,0.02,0.65,1100,0,175,0.96,0.68,155,65,0.8375
Dubai,0.415,0.96,0.694,0.63,0.788,0.91,0.797,0.92,0.082,0.72,0.353,0.68,0.863,0.99,0.02,0.91,1100,0,190,0.58,0.96,175,70,0.8668
Istanbul,0.415,0.94,0.694,0.98,0.788,0.94,0.797,0.89,0.082,0.84,0.353,0.71,0.863,0.91,0.02,0.58,1100,0,85,0.84,0.88,65,32,0.892
Tokyo,0.636,0.9,0.432,0.91,0.842,0.99,0.407,0.96,0.865,0.88,0.645,0.74,0.301,0.99,0.452,0.71,2600,0,165,0.91,0.79,135,60,0.8663
London,0.636,0.94,0.432,0.97,0.842,0.91,0.407,0.95,0.865,0.98,0.645,0.76,0.301,0.98,0.452,0.55,2600,0,210,0.89,0.64,190,75,0.826
Paris,0.636,0.98,0.432,0.95,0.842,0.97,0.407,0.82,0.865,0.99,0.645,0.65,0.301,0.92,0.452,0.45,2600,0,180,0.95,0.82,160,70,0.8541
Switzerland,0.636,0.79,0.432,0.78,0.842,0.82,0.407,0.58,0.865,0.75,0.645,0.99,0.301,0.76,0.452,0.98,2600,0,240,0.88,0.78,220,90,0.8209
Barcelona,0.636,0.96,0.432,0.84,0.842,0.94,0.407,0.96,0.865,0.82,0.645,0.82,0.301,0.88,0.452,0.72,2600,0,150,0.93,0.94,130,58,0.8771
Paris,0.75,0.98,0.735,0.95,0.443,0.97,0.364,0.82,0.863,0.99,0.946,0.65,0.225,0.92,0.196,0.45,1300,1,180,0.95,0.82,160,70,0.8902
London,0.75,0.94,0.735,0.97,0.443,0.91,0.364,0.95,0.863,0.98,0.946,0.76,0.225,0.98,0.196,0.55,1300,1,210,0.89,0.64,190,75,0.8924
Tokyo,0.75,0.9,0.735,0.91,0.443,0.99,0.364,0.96,0.863,0.88,0.946,0.74,0.225,0.99,0.196,0.71,1300,1,165,0.91,0.79,135,60,0.8974
Amsterdam,0.75,0.91,0.735,0.88,0.443,0.79,0.364,0.92,0.863,0.95,0.946,0.78,0.225,0.86,0.196,0.65,1300,1,175,0.96,0.68,155,65,0.8666
Barcelona,0.75,0.96,0.735,0.84,0.443,0.94,0.364,0.96,0.863,0.82,0.946,0.82,0.225,0.88,0.196,0.72,1300,1,150,0.93,0.94,130,58,0.9057
Dubai,0.75,0.96,0.735,0.63,0.443,0.91,0.364,0.92,0.863,0.72,0.946,0.68,0.225,0.99,0.196,0.91,1300,1,190,0.58,0.96,175,70,0.8173
Bali,0.75,0.73,0.735,0.76,0.443,0.91,0.364,0.87,0.863,0.51,0.946,0.99,0.225,0.72,0.196,0.98,1300,1,90,0.62,0.95,70,35,0.8438
Amsterdam,0.511,0.91,0.892,0.88,0.246,0.79,0.934,0.92,0.232,0.95,0.34,0.78,0.629,0.86,0.838,0.65,1300,0,175,0.96,0.68,155,65,0.8383
Dubai,0.511,0.96,0.892,0.63,0.246,0.91,0.934,0.92,0.232,0.72,0.34,0.68,0.629,0.99,0.838,0.91,1300,0,190,0.58,0.96,175,70,0.8374
London,0.511,0.94,0.892,0.97,0.246,0.91,0.934,0.95,0.232,0.98,0.34,0.76,0.629,0.98,0.838,0.55,1300,0,210,0.89,0.64,190,75,0.8487
Rome,0.511,0.97,0.892,0.99,0.246,0.96,0.934,0.78,0.232,0.91,0.34,0.62,0.629,0.76,0.838,0.48,1300,0,145,0.91,0.9,125,55,0.8349
Barcelona,0.022,0.96,0.57,0.84,0.374,0.94,0.715,0.96,0.459,0.82,0.055,0.82,0.23,0.88,0.045,0.72,900,1,150,0.93,0.94,130,58,0.9113
Amsterdam,0.022,0.91,0.57,0.88,0.374,0.79,0.715,0.92,0.459,0.95,0.055,0.78,0.23,0.86,0.045,0.65,900,1,175,0.96,0.68,155,65,0.9097
Istanbul,0.022,0.94,0.57,0.98,0.374,0.94,0.715,0.89,0.459,0.84,0.055,0.71,0.23,0.91,0.045,0.58,900,1,85,0.84,0.88,65,32,0.9124
Barcelona,0.09,0.96,0.947,0.84,0.324,0.94,0.859,0.96,0.054,0.82,0.588,0.82,0.966,0.88,0.634,0.72,700,1,150,0.93,0.94,130,58,0.8986
Switzerland,0.09,0.79,0.947,0.78,0.324,0.82,0.859,0.58,0.054,0.75,0.588,0.99,0.966,0.76,0.634,0.98,700,1,240,0.88,0.78,220,90,0.8222
London,0.09,0.94,0.947,0.97,0.324,0.91,0.859,0.95,0.054,0.98,0.588,0.76,0.966,0.98,0.634,0.55,700,1,210,0.89,0.64,190,75,0.8834
Tokyo,0.09,0.9,0.947,0.91,0.324,0.99,0.859,0.96,0.054,0.88,0.588,0.74,0.966,0.99,0.634,0.71,700,1,165,0.91,0.79,135,60,0.8876
Paris,0.813,0.98,0.856,0.95,0.132,0.97,0.233,0.82,0.801,0.99,0.036,0.65,0.486,0.92,0.517,0.45,900,0,180,0.95,0.82,160,70,0.8841
Tokyo,0.813,0.9,0.856,0.91,0.132,0.99,0.233,0.96,0.801,0.88,0.036,0.74,0.486,0.99,0.517,0.71,900,0,165,0.91,0.79,135,60,0.8862
Amsterdam,0.813,0.91,0.856,0.88,0.132,0.79,0.233,0.92,0.801,0.95,0.036,0.78,0.486,0.86,0.517,0.65,900,0,175,0.96,0.68,155,65,0.8434
London,0.813,0.94,0.856,0.97,0.132,0.91,0.233,0.95,0.801,0.98,0.036,0.76,0.486,0.98,0.517,0.55,900,0,210,0.89,0.64,190,75,0.8762
New York,0.813,0.94,0.856,0.82,0.132,0.96,0.233,0.99,0.801,0.97,0.036,0.71,0.486,0.99,0.517,0.63,900,0,230,0.92,0.76,210,85,0.8382
Amsterdam,0.692,0.91,0.858,0.88,0.314,0.79,0.496,0.92,0.121,0.95,0.932,0.78,0.432,0.86,0.231,0.65,1100,1,175,0.96,0.68,155,65,0.8895
Paris,0.692,0.98,0.858,0.95,0.314,0.97,0.496,0.82,0.121,0.99,0.932,0.65,0.432,0.92,0.231,0.45,1100,1,180,0.95,0.82,160,70,0.8609
Dubai,0.692,0.96,0.858,0.63,0.314,0.91,0.496,0.92,0.121,0.72,0.932,0.68,0.432,0.99,0.231,0.91,1100,1,190,0.58,0.96,175,70,0.8491
Rome,0.692,0.97,0.858,0.99,0.314,0.96,0.496,0.78,0.121,0.91,0.932,0.62,0.432,0.76,0.231,0.48,1100,1,145,0.91,0.9,125,55,0.8739
Bali,0.692,0.73,0.858,0.76,0.314,0.91,0.496,0.87,0.121,0.51,0.932,0.99,0.432,0.72,0.231,0.98,1100,1,90,0.62,0.95,70,35,0.8502
New York,0.692,0.94,0.858,0.82,0.314,0.96,0.496,0.99,0.121,0.97,0.932,0.71,0.432,0.99,0.231,0.63,1100,1,230,0.92,0.76,210,85,0.9055
New York,0.433,0.94,0.316,0.82,0.009,0.96,0.779,0.99,0.458,0.97,0.94,0.71,0.313,0.99,0.289,0.63,700,1,230,0.92,0.76,210,85,0.8813
Switzerland,0.433,0.79,0.316,0.78,0.009,0.82,0.779,0.58,0.458,0.75,0.94,0.99,0.313,0.76,0.289,0.98,700,1,240,0.88,0.78,220,90,0.8455
Dubai,0.433,0.96,0.316,0.63,0.009,0.91,0.779,0.92,0.458,0.72,0.94,0.68,0.313,0.99,0.289,0.91,700,1,190,0.58,0.96,175,70,0.8617
Istanbul,0.433,0.94,0.316,0.98,0.009,0.94,0.779,0.89,0.458,0.84,0.94,0.71,0.313,0.91,0.289,0.58,700,1,85,0.84,0.88,65,32,0.8582
Tokyo,0.433,0.9,0.316,0.91,0.009,0.99,0.779,0.96,0.458,0.88,0.94,0.74,0.313,0.99,0.289,0.71,700,1,165,0.91,0.79,135,60,0.8963
Singapore,0.433,0.91,0.316,0.72,0.009,0.98,0.779,0.85,0.458,0.79,0.94,0.94,0.313,0.97,0.289,0.79,700,1,155,0.9,0.94,145,50,0.9144
Bali,0.433,0.73,0.316,0.76,0.009,0.91,0.779,0.87,0.458,0.51,0.94,0.99,0.313,0.72,0.289,0.98,700,1,90,0.62,0.95,70,35,0.8476
Bali,0.913,0.73,0.505,0.76,0.745,0.91,0.593,0.87,0.109,0.51,0.079,0.99,0.285,0.72,0.754,0.98,900,0,90,0.62,0.95,70,35,0.8467
Barcelona,0.913,0.96,0.505,0.84,0.745,0.94,0.593,0.96,0.109,0.82,0.079,0.82,0.285,0.88,0.754,0.72,900,0,150,0.93,0.94,130,58,0.8768
Singapore,0.913,0.91,0.505,0.72,0.745,0.98,0.593,0.85,0.109,0.79,0.079,0.94,0.285,0.97,0.754,0.79,900,0,155,0.9,0.94,145,50,0.8673
New York,0.913,0.94,0.505,0.82,0.745,0.96,0.593,0.99,0.109,0.97,0.079,0.71,0.285,0.99,0.754,0.63,900,0,230,0.92,0.76,210,85,0.8376
New York,0.281,0.94,0.974,0.82,0.391,0.96,0.115,0.99,0.938,0.97,0.555,0.71,0.114,0.99,0.967,0.63,2600,1,230,0.92,0.76,210,85,0.8849
Switzerland,0.281,0.79,0.974,0.78,0.391,0.82,0.115,0.58,0.938,0.75,0.555,0.99,0.114,0.76,0.967,0.98,2600,1,240,0.88,0.78,220,90,0.8936
Tokyo,0.281,0.9,0.974,0.91,0.391,0.99,0.115,0.96,0.938,0.88,0.555,0.74,0.114,0.99,0.967,0.71,2600,1,165,0.91,0.79,135,60,0.8556
Singapore,0.351,0.91,0.035,0.72,0.591,0.98,0.334,0.85,0.4,0.79,0.557,0.94,0.759,0.97,0.38,0.79,1100,0,155,0.9,0.94,145,50,0.8699
Barcelona,0.351,0.96,0.035,0.84,0.591,0.94,0.334,0.96,0.4,0.82,0.557,0.82,0.759,0.88,0.38,0.72,1100,0,150,0.93,0.94,130,58,0.8419
Istanbul,0.351,0.94,0.035,0.98,0.591,0.94,0.334,0.89,0.4,0.84,0.557,0.71,0.759,0.91,0.38,0.58,1100,0,85,0.84,0.88,65,32,0.8485
Amsterdam,0.554,0.91,0.673,0.88,0.944,0.79,0.29,0.92,0.154,0.95,0.193,0.78,0.211,0.86,0.42,0.65,700,1,175,0.96,0.68,155,65,0.8682
Paris,0.554,0.98,0.673,0.95,0.944,0.97,0.29,0.82,0.154,0.99,0.193,0.65,0.211,0.92,0.42,0.45,700,1,180,0.95,0.82,160,70,0.9225
New York,0.554,0.94,0.673,0.82,0.944,0.96,0.29,0.99,0.154,0.97,0.193,0.71,0.211,0.99,0.42,0.63,700,1,230,0.92,0.76,210,85,0.8969
Istanbul,0.554,0.94,0.673,0.98,0.944,0.94,0.29,0.89,0.154,0.84,0.193,0.71,0.211,0.91,0.42,0.58,700,1,85,0.84,0.88,65,32,0.9052
Switzerland,0.554,0.79,0.673,0.78,0.944,0.82,0.29,0.58,0.154,0.75,0.193,0.99,0.211,0.76,0.42,0.98,700,1,240,0.88,0.78,220,90,0.8581
Dubai,0.554,0.96,0.673,0.63,0.944,0.91,0.29,0.92,0.154,0.72,0.193,0.68,0.211,0.99,0.42,0.91,700,1,190,0.58,0.96,175,70,0.866
Bali,0.554,0.73,0.673,0.76,0.944,0.91,0.29,0.87,0.154,0.51,0.193,0.99,0.211,0.72,0.42,0.98,700,1,90,0.62,0.95,70,35,0.8362
New York,0.255,0.94,0.977,0.82,0.608,0.96,0.204,0.99,0.461,0.97,0.079,0.71,0.388,0.99,0.263,0.63,700,1,230,0.92,0.76,210,85,0.9205
Istanbul,0.255,0.94,0.977,0.98,0.608,0.94,0.204,0.89,0.461,0.84,0.079,0.71,0.388,0.91,0.263,0.58,700,1,85,0.84,0.88,65,32,0.9016
Dubai,0.255,0.96,0.977,0.63,0.608,0.91,0.204,0.92,0.461,0.72,0.079,0.68,0.388,0.99,0.263,0.91,700,1,190,0.58,0.96,175,70,0.8377
Singapore,0.255,0.91,0.977,0.72,0.608,0.98,0.204,0.85,0.461,0.79,0.079,0.94,0.388,0.97,0.263,0.79,700,1,155,0.9,0.94,145,50,0.8699
Tokyo,0.255,0.9,0.977,0.91,0.608,0.99,0.204,0.96,0.461,0.88,0.079,0.74,0.388,0.99,0.263,0.71,700,1,165,0.91,0.79,135,60,0.9136
Paris,0.255,0.98,0.977,0.95,0.608,0.97,0.204,0.82,0.461,0.99,0.079,0.65,0.388,0.92,0.263,0.45,700,1,180,0.95,0.82,160,70,0.9109
Bali,0.045,0.73,0.669,0.76,0.796,0.91,0.821,0.87,0.207,0.51,0.304,0.99,0.926,0.72,0.089,0.98,700,1,90,0.62,0.95,70,35,0.8273
Barcelona,0.045,0.96,0.669,0.84,0.796,0.94,0.821,0.96,0.207,0.82,0.304,0.82,0.926,0.88,0.089,0.72,700,1,150,0.93,0.94,130,58,0.9235
Paris,0.045,0.98,0.669,0.95,0.796,0.97,0.821,0.82,0.207,0.99,0.304,0.65,0.926,0.92,0.089,0.45,700,1,180,0.95,0.82,160,70,0.932
Istanbul,0.045,0.94,0.669,0.98,0.796,0.94,0.821,0.89,0.207,0.84,0.304,0.71,0.926,0.91,0.089,0.58,700,1,85,0.84,0.88,65,32,0.9068
Bali,0.758,0.73,0.214,0.76,0.771,0.91,0.704,0.87,0.482,0.51,0.242,0.99,0.677,0.72,0.099,0.98,2600,1,90,0.62,0.95,70,35,0.8086
Barcelona,0.758,0.96,0.214,0.84,0.771,0.94,0.704,0.96,0.482,0.82,0.242,0.82,0.677,0.88,0.099,0.72,2600,1,150,0.93,0.94,130,58,0.9187
Dubai,0.758,0.96,0.214,0.63,0.771,0.91,0.704,0.92,0.482,0.72,0.242,0.68,0.677,0.99,0.099,0.91,2600,1,190,0.58,0.96,175,70,0.8826
London,0.154,0.94,0.852,0.97,0.144,0.91,0.665,0.95,0.138,0.98,0.375,0.76,0.818,0.98,0.337,0.55,700,0,210,0.89,0.64,190,75,0.8634
Bali,0.154,0.73,0.852,0.76,0.144,0.91,0.665,0.87,0.138,0.51,0.375,0.99,0.818,0.72,0.337,0.98,700,0,90,0.62,0.95,70,35,0.8369
Paris,0.154,0.98,0.852,0.95,0.144,0.97,0.665,0.82,0.138,0.99,0.375,0.65,0.818,0.92,0.337,0.45,700,0,180,0.95,0.82,160,70,0.8392
New York,0.154,0.94,0.852,0.82,0.144,0.96,0.665,0.99,0.138,0.97,0.375,0.71,0.818,0.99,0.337,0.63,700,0,230,0.92,0.76,210,85,0.839
Switzerland,0.154,0.79,0.852,0.78,0.144,0.82,0.665,0.58,0.138,0.75,0.375,0.99,0.818,0.76,0.337,0.98,700,0,240,0.88,0.78,220,90,0.8133
Amsterdam,0.401,0.91,0.458,0.88,0.52,0.79,0.478,0.92,0.31,0.95,0.097,0.78,0.215,0.86,0.202,0.65,1500,0,175,0.96,0.68,155,65,0.8234
Switzerland,0.401,0.79,0.458,0.78,0.52,0.82,0.478,0.58,0.31,0.75,0.097,0.99,0.215,0.76,0.202,0.98,1500,0,240,0.88,0.78,220,90,0.7814
Paris,0.401,0.98,0.458,0.95,0.52,0.97,0.478,0.82,0.31,0.99,0.097,0.65,0.215,0.92,0.202,0.45,1500,0,180,0.95,0.82,160,70,0.8711
Bali,0.401,0.73,0.458,0.76,0.52,0.91,0.478,0.87,0.31,0.51,0.097,0.99,0.215,0.72,0.202,0.98,1500,0,90,0.62,0.95,70,35,0.8291
New York,0.401,0.94,0.458,0.82,0.52,0.96,0.478,0.99,0.31,0.97,0.097,0.71,0.215,0.99,0.202,0.63,1500,0,230,0.92,0.76,210,85,0.8572
London,0.401,0.94,0.458,0.97,0.52,0.91,0.478,0.95,0.31,0.98,0.097,0.76,0.215,0.98,0.202,0.55,1500,0,210,0.89,0.64,190,75,0.8377
Singapore,0.401,0.91,0.458,0.72,0.52,0.98,0.478,0.85,0.31,0.79,0.097,0.94,0.215,0.97,0.202,0.79,1500,0,155,0.9,0.94,145,50,0.8716
Tokyo,0.714,0.9,0.106,0.91,0.992,0.99,0.566,0.96,0.644,0.88,0.314,0.74,0.271,0.99,0.755,0.71,1100,1,165,0.91,0.79,135,60,0.8849
Rome,0.714,0.97,0.106,0.99,0.992,0.96,0.566,0.78,0.644,0.91,0.314,0.62,0.271,0.76,0.755,0.48,1100,1,145,0.91,0.9,125,55,0.8598
New York,0.714,0.94,0.106,0.82,0.992,0.96,0.566,0.99,0.644,0.97,0.314,0.71,0.271,0.99,0.755,0.63,1100,1,230,0.92,0.76,210,85,0.8969
Dubai,0.714,0.96,0.106,0.63,0.992,0.91,0.566,0.92,0.644,0.72,0.314,0.68,0.271,0.99,0.755,0.91,1100,1,190,0.58,0.96,175,70,0.8692
Barcelona,0.404,0.96,0.004,0.84,0.127,0.94,0.037,0.96,0.224,0.82,0.954,0.82,0.039,0.88,0.382,0.72,2600,1,150,0.93,0.94,130,58,0.8984
Tokyo,0.404,0.9,0.004,0.91,0.127,0.99,0.037,0.96,0.224,0.88,0.954,0.74,0.039,0.99,0.382,0.71,2600,1,165,0.91,0.79,135,60,0.8522
Rome,0.404,0.97,0.004,0.99,0.127,0.96,0.037,0.78,0.224,0.91,0.954,0.62,0.039,0.76,0.382,0.48,2600,1,145,0.91,0.9,125,55,0.8226
Paris,0.826,0.98,0.102,0.95,0.517,0.97,0.629,0.82,0.772,0.99,0.507,0.65,0.908,0.92,0.337,0.45,2200,1,180,0.95,0.82,160,70,0.8809
New York,0.826,0.94,0.102,0.82,0.517,0.96,0.629,0.99,0.772,0.97,0.507,0.71,0.908,0.99,0.337,0.63,2200,1,230,0.92,0.76,210,85,0.9173
Rome,0.826,0.97,0.102,0.99,0.517,0.96,0.629,0.78,0.772,0.91,0.507,0.62,0.908,0.76,0.337,0.48,2200,1,145,0.91,0.9,125,55,0.8611
Barcelona,0.826,0.96,0.102,0.84,0.517,0.94,0.629,0.96,0.772,0.82,0.507,0.82,0.908,0.88,0.337,0.72,2200,1,150,0.93,0.94,130,58,0.9054
Amsterdam,0.826,0.91,0.102,0.88,0.517,0.79,0.629,0.92,0.772,0.95,0.507,0.78,0.908,0.86,0.337,0.65,2200,1,175,0.96,0.68,155,65,0.8871
London,0.826,0.94,0.102,0.97,0.517,0.91,0.629,0.95,0.772,0.98,0.507,0.76,0.908,0.98,0.337,0.55,2200,1,210,0.89,0.64,190,75,0.8726
Barcelona,0.557,0.96,0.8,0.84,0.416,0.94,0.326,0.96,0.474,0.82,0.611,0.82,0.829,0.88,0.81,0.72,1500,1,150,0.93,0.94,130,58,0.9084
Paris,0.557,0.98,0.8,0.95,0.416,0.97,0.326,0.82,0.474,0.99,0.611,0.65,0.829,0.92,0.81,0.45,1500,1,180,0.95,0.82,160,70,0.8534
Istanbul,0.557,0.94,0.8,0.98,0.416,0.94,0.326,0.89,0.474,0.84,0.611,0.71,0.829,0.91,0.81,0.58,1500,1,85,0.84,0.88,65,32,0.877
Bali,0.557,0.73,0.8,0.76,0.416,0.91,0.326,0.87,0.474,0.51,0.611,0.99,0.829,0.72,0.81,0.98,1500,1,90,0.62,0.95,70,35,0.8607
London,0.557,0.94,0.8,0.97,0.416,0.91,0.326,0.95,0.474,0.98,0.611,0.76,0.829,0.98,0.81,0.55,1500,1,210,0.89,0.64,190,75,0.8569
Dubai,0.07,0.96,0.868,0.63,0.235,0.91,0.077,0.92,0.367,0.72,0.226,0.68,0.074,0.99,0.836,0.91,900,0,190,0.58,0.96,175,70,0.8357
Switzerland,0.07,0.79,0.868,0.78,0.235,0.82,0.077,0.58,0.367,0.75,0.226,0.99,0.074,0.76,0.836,0.98,900,0,240,0.88,0.78,220,90,0.8533
Istanbul,0.07,0.94,0.868,0.98,0.235,0.94,0.077,0.89,0.367,0.84,0.226,0.71,0.074,0.91,0.836,0.58,900,0,85,0.84,0.88,65,32,0.8285
Rome,0.07,0.97,0.868,0.99,0.235,0.96,0.077,0.78,0.367,0.91,0.226,0.62,0.074,0.76,0.836,0.48,900,0,145,0.91,0.9,125,55,0.7948
Bali,0.574,0.73,0.006,0.76,0.085,0.91,0.264,0.87,0.931,0.51,0.788,0.99,0.873,0.72,0.568,0.98,900,0,90,0.62,0.95,70,35,0.8096
Barcelona,0.574,0.96,0.006,0.84,0.085,0.94,0.264,0.96,0.931,0.82,0.788,0.82,0.873,0.88,0.568,0.72,900,0,150,0.93,0.94,130,58,0.8571
Tokyo,0.574,0.9,0.006,0.91,0.085,0.99,0.264,0.96,0.931,0.88,0.788,0.74,0.873,0.99,0.568,0.71,900,0,165,0.91,0.79,135,60,0.8554
Dubai,0.574,0.96,0.006,0.63,0.085,0.91,0.264,0.92,0.931,0.72,0.788,0.68,0.873,0.99,0.568,0.91,900,0,190,0.58,0.96,175,70,0.8396
Switzerland,0.574,0.79,0.006,0.78,0.085,0.82,0.264,0.58,0.931,0.75,0.788,0.99,0.873,0.76,0.568,0.98,900,0,240,0.88,0.78,220,90,0.8021
Singapore,0.574,0.91,0.006,0.72,0.085,0.98,0.264,0.85,0.931,0.79,0.788,0.94,0.873,0.97,0.568,0.79,900,0,155,0.9,0.94,145,50,0.8504
Istanbul,0.574,0.94,0.006,0.98,0.085,0.94,0.264,0.89,0.931,0.84,0.788,0.71,0.873,0.91,0.568,0.58,900,0,85,0.84,0.88,65,32,0.8141
Istanbul,0.281,0.94,0.198,0.98,0.07,0.94,0.104,0.89,0.944,0.84,0.999,0.71,0.562,0.91,0.104,0.58,700,1,85,0.84,0.88,65,32,0.8576
Amsterdam,0.281,0.91,0.198,0.88,0.07,0.79,0.104,0.92,0.944,0.95,0.999,0.78,0.562,0.86,0.104,0.65,700,1,175,0.96,0.68,155,65,0.8613
Barcelona,0.281,0.96,0.198,0.84,0.07,0.94,0.104,0.96,0.944,0.82,0.999,0.82,0.562,0.88,0.104,0.72,700,1,150,0.93,0.94,130,58,0.9142
London,0.669,0.94,0.31,0.97,0.45,0.91,0.502,0.95,0.414,0.98,0.573,0.76,0.275,0.98,0.048,0.55,2200,1,210,0.89,0.64,190,75,0.8976
Switzerland,0.669,0.79,0.31,0.78,0.45,0.82,0.502,0.58,0.414,0.75,0.573,0.99,0.275,0.76,0.048,0.98,2200,1,240,0.88,0.78,220,90,0.8264
New York,0.669,0.94,0.31,0.82,0.45,0.96,0.502,0.99,0.414,0.97,0.573,0.71,0.275,0.99,0.048,0.63,2200,1,230,0.92,0.76,210,85,0.8852
London,0.105,0.94,0.809,0.97,0.354,0.91,0.91,0.95,0.272,0.98,0.474,0.76,0.946,0.98,0.152,0.55,1800,1,210,0.89,0.64,190,75,0.924
Paris,0.105,0.98,0.809,0.95,0.354,0.97,0.91,0.82,0.272,0.99,0.474,0.65,0.946,0.92,0.152,0.45,1800,1,180,0.95,0.82,160,70,0.9176
Singapore,0.105,0.91,0.809,0.72,0.354,0.98,0.91,0.85,0.272,0.79,0.474,0.94,0.946,0.97,0.152,0.79,1800,1,155,0.9,0.94,145,50,0.8939
Istanbul,0.105,0.94,0.809,0.98,0.354,0.94,0.91,0.89,0.272,0.84,0.474,0.71,0.946,0.91,0.152,0.58,1800,1,85,0.84,0.88,65,32,0.9072
Switzerland,0.105,0.79,0.809,0.78,0.354,0.82,0.91,0.58,0.272,0.75,0.474,0.99,0.946,0.76,0.152,0.98,1800,1,240,0.88,0.78,220,90,0.8285
Rome,0.105,0.97,0.809,0.99,0.354,0.96,0.91,0.78,0.272,0.91,0.474,0.62,0.946,0.76,0.152,0.48,1800,1,145,0.91,0.9,125,55,0.8922
Dubai,0.105,0.96,0.809,0.63,0.354,0.91,0.91,0.92,0.272,0.72,0.474,0.68,0.946,0.99,0.152,0.91,1800,1,190,0.58,0.96,175,70,0.8569
Rome,0.004,0.97,0.943,0.99,0.247,0.96,0.107,0.78,0.229,0.91,0.748,0.62,0.999,0.76,0.289,0.48,1100,1,145,0.91,0.9,125,55,0.8402
Paris,0.004,0.98,0.943,0.95,0.247,0.97,0.107,0.82,0.229,0.99,0.748,0.65,0.999,0.92,0.289,0.45,1100,1,180,0.95,0.82,160,70,0.8929
Dubai,0.004,0.96,0.943,0.63,0.247,0.91,0.107,0.92,0.229,0.72,0.748,0.68,0.999,0.99,0.289,0.91,1100,1,190,0.58,0.96,175,70,0.8305
Switzerland,0.004,0.79,0.943,0.78,0.247,0.82,0.107,0.58,0.229,0.75,0.748,0.99,0.999,0.76,0.289,0.98,1100,1,240,0.88,0.78,220,90,0.8504
Amsterdam,0.004,0.91,0.943,0.88,0.247,0.79,0.107,0.92,0.229,0.95,0.748,0.78,0.999,0.86,0.289,0.65,1100,1,175,0.96,0.68,155,65,0.8428
Dubai,0.646,0.96,0.045,0.63,0.489,0.91,0.948,0.92,0.241,0.72,0.685,0.68,0.036,0.99,0.027,0.91,2200,1,190,0.58,0.96,175,70,0.8618
Rome,0.646,0.97,0.045,0.99,0.489,0.96,0.948,0.78,0.241,0.91,0.685,0.62,0.036,0.76,0.027,0.48,2200,1,145,0.91,0.9,125,55,0.869
Barcelona,0.646,0.96,0.045,0.84,0.489,0.94,0.948,0.96,0.241,0.82,0.685,0.82,0.036,0.88,0.027,0.72,2200,1,150,0.93,0.94,130,58,0.9228
Tokyo,0.646,0.9,0.045,0.91,0.489,0.99,0.948,0.96,0.241,0.88,0.685,0.74,0.036,0.99,0.027,0.71,2200,1,165,0.91,0.79,135,60,0.8852
Amsterdam,0.646,0.91,0.045,0.88,0.489,0.79,0.948,0.92,0.241,0.95,0.685,0.78,0.036,0.86,0.027,0.65,2200,1,175,0.96,0.68,155,65,0.8803
Rome,0.951,0.97,0.4,0.99,0.599,0.96,0.877,0.78,0.379,0.91,0.636,0.62,0.584,0.76,0.519,0.48,1500,1,145,0.91,0.9,125,55,0.8438
Singapore,0.951,0.91,0.4,0.72,0.599,0.98,0.877,0.85,0.379,0.79,0.636,0.94,0.584,0.97,0.519,0.79,1500,1,155,0.9,0.94,145,50,0.8907
Paris,0.951,0.98,0.4,0.95,0.599,0.97,0.877,0.82,0.379,0.99,0.636,0.65,0.584,0.92,0.519,0.45,1500,1,180,0.95,0.82,160,70,0.9028
Amsterdam,0.951,0.91,0.4,0.88,0.599,0.79,0.877,0.92,0.379,0.95,0.636,0.78,0.584,0.86,0.519,0.65,1500,1,175,0.96,0.68,155,65,0.8877
Dubai,0.951,0.96,0.4,0.63,0.599,0.91,0.877,0.92,0.379,0.72,0.636,0.68,0.584,0.99,0.519,0.91,1500,1,190,0.58,0.96,175,70,0.8476
Switzerland,0.951,0.79,0.4,0.78,0.599,0.82,0.877,0.58,0.379,0.75,0.636,0.99,0.584,0.76,0.519,0.98,1500,1,240,0.88,0.78,220,90,0.8214
Bali,0.951,0.73,0.4,0.76,0.599,0.91,0.877,0.87,0.379,0.51,0.636,0.99,0.584,0.72,0.519,0.98,1500,1,90,0.62,0.95,70,35,0.8487
Rome,0.956,0.97,0.862,0.99,0.654,0.96,0.313,0.78,0.907,0.91,0.596,0.62,0.809,0.76,0.816,0.48,700,1,145,0.91,0.9,125,55,0.8865
Istanbul,0.956,0.94,0.862,0.98,0.654,0.94,0.313,0.89,0.907,0.84,0.596,0.71,0.809,0.91,0.816,0.58,700,1,85,0.84,0.88,65,32,0.8991
Switzerland,0.956,0.79,0.862,0.78,0.654,0.82,0.313,0.58,0.907,0.75,0.596,0.99,0.809,0.76,0.816,0.98,700,1,240,0.88,0.78,220,90,0.8808
Singapore,0.956,0.91,0.862,0.72,0.654,0.98,0.313,0.85,0.907,0.79,0.596,0.94,0.809,0.97,0.816,0.79,700,1,155,0.9,0.94,145,50,0.8908
Bali,0.956,0.73,0.862,0.76,0.654,0.91,0.313,0.87,0.907,0.51,0.596,0.99,0.809,0.72,0.816,0.98,700,1,90,0.62,0.95,70,35,0.8056
London,0.956,0.94,0.862,0.97,0.654,0.91,0.313,0.95,0.907,0.98,0.596,0.76,0.809,0.98,0.816,0.55,700,1,210,0.89,0.64,190,75,0.9028
Tokyo,0.956,0.9,0.862,0.91,0.654,0.99,0.313,0.96,0.907,0.88,0.596,0.74,0.809,0.99,0.816,0.71,700,1,165,0.91,0.79,135,60,0.8873
Tokyo,0.294,0.9,0.945,0.91,0.81,0.99,0.334,0.96,0.592,0.88,0.448,0.74,0.227,0.99,0.233,0.71,1500,1,165,0.91,0.79,135,60,0.923
Barcelona,0.294,0.96,0.945,0.84,0.81,0.94,0.334,0.96,0.592,0.82,0.448,0.82,0.227,0.88,0.233,0.72,1500,1,150,0.93,0.94,130,58,0.8854
Amsterdam,0.294,0.91,0.945,0.88,0.81,0.79,0.334,0.92,0.592,0.95,0.448,0.78,0.227,0.86,0.233,0.65,1500,1,175,0.96,0.68,155,65,0.8602
Rome,0.294,0.97,0.945,0.99,0.81,0.96,0.334,0.78,0.592,0.91,0.448,0.62,0.227,0.76,0.233,0.48,1500,1,145,0.91,0.9,125,55,0.8868
Singapore,0.294,0.91,0.945,0.72,0.81,0.98,0.334,0.85,0.592,0.79,0.448,0.94,0.227,0.97,0.233,0.79,1500,1,155,0.9,0.94,145,50,0.884
Istanbul,0.001,0.94,0.937,0.98,0.055,0.94,0.617,0.89,0.797,0.84,0.584,0.71,0.385,0.91,0.404,0.58,1800,0,85,0.84,0.88,65,32,0.8244
Rome,0.001,0.97,0.937,0.99,0.055,0.96,0.617,0.78,0.797,0.91,0.584,0.62,0.385,0.76,0.404,0.48,1800,0,145,0.91,0.9,125,55,0.8197
Bali,0.001,0.73,0.937,0.76,0.055,0.91,0.617,0.87,0.797,0.51,0.584,0.99,0.385,0.72,0.404,0.98,1800,0,90,0.62,0.95,70,35,0.8375
Singapore,0.001,0.91,0.937,0.72,0.055,0.98,0.617,0.85,0.797,0.79,0.584,0.94,0.385,0.97,0.404,0.79,1800,0,155,0.9,0.94,145,50,0.8585
New York,0.001,0.94,0.937,0.82,0.055,0.96,0.617,0.99,0.797,0.97,0.584,0.71,0.385,0.99,0.404,0.63,1800,0,230,0.92,0.76,210,85,0.856
Switzerland,0.001,0.79,0.937,0.78,0.055,0.82,0.617,0.58,0.797,0.75,0.584,0.99,0.385,0.76,0.404,0.98,1800,0,240,0.88,0.78,220,90,0.8138
Bali,0.155,0.73,0.507,0.76,0.718,0.91,0.152,0.87,0.918,0.51,0.793,0.99,0.812,0.72,0.823,0.98,2200,1,90,0.62,0.95,70,35,0.8429
Barcelona,0.155,0.96,0.507,0.84,0.718,0.94,0.152,0.96,0.918,0.82,0.793,0.82,0.812,0.88,0.823,0.72,2200,1,150,0.93,0.94,130,58,0.9002
Singapore,0.155,0.91,0.507,0.72,0.718,0.98,0.152,0.85,0.918,0.79,0.793,0.94,0.812,0.97,0.823,0.79,2200,1,155,0.9,0.94,145,50,0.8945
Dubai,0.155,0.96,0.507,0.63,0.718,0.91,0.152,0.92,0.918,0.72,0.793,0.68,0.812,0.99,0.823,0.91,2200,1,190,0.58,0.96,175,70,0.8267
Tokyo,0.925,0.9,0.241,0.91,0.577,0.99,0.791,0.96,0.895,0.88,0.482,0.74,0.609,0.99,0.44,0.71,700,1,165,0.91,0.79,135,60,0.9144
Istanbul,0.925,0.94,0.241,0.98,0.577,0.94,0.791,0.89,0.895,0.84,0.482,0.71,0.609,0.91,0.44,0.58,700,1,85,0.84,0.88,65,32,0.8857
New York,0.925,0.94,0.241,0.82,0.577,0.96,0.791,0.99,0.895,0.97,0.482,0.71,0.609,0.99,0.44,0.63,700,1,230,0.92,0.76,210,85,0.8982
Dubai,0.319,0.96,0.608,0.63,0.118,0.91,0.717,0.92,0.389,0.72,0.339,0.68,0.393,0.99,0.811,0.91,1300,1,190,0.58,0.96,175,70,0.8323
London,0.319,0.94,0.608,0.97,0.118,0.91,0.717,0.95,0.389,0.98,0.339,0.76,0.393,0.98,0.811,0.55,1300,1,210,0.89,0.64,190,75,0.8863
Istanbul,0.319,0.94,0.608,0.98,0.118,0.94,0.717,0.89,0.389,0.84,0.339,0.71,0.393,0.91,0.811,0.58,1300,1,85,0.84,0.88,65,32,0.8739
Amsterdam,0.319,0.91,0.608,0.88,0.118,0.79,0.717,0.92,0.389,0.95,0.339,0.78,0.393,0.86,0.811,0.65,1300,1,175,0.96,0.68,155,65,0.8703
Singapore,0.319,0.91,0.608,0.72,0.118,0.98,0.717,0.85,0.389,0.79,0.339,0.94,0.393,0.97,0.811,0.79,1300,1,155,0.9,0.94,145,50,0.8791
Barcelona,0.486,0.96,0.847,0.84,0.231,0.94,0.717,0.96,0.251,0.82,0.132,0.82,0.696,0.88,0.982,0.72,2200,1,150,0.93,0.94,130,58,0.9067
Tokyo,0.486,0.9,0.847,0.91,0.231,0.99,0.717,0.96,0.251,0.88,0.132,0.74,0.696,0.99,0.982,0.71,2200,1,165,0.91,0.79,135,60,0.8829
Switzerland,0.486,0.79,0.847,0.78,0.231,0.82,0.717,0.58,0.251,0.75,0.132,0.99,0.696,0.76,0.982,0.98,2200,1,240,0.88,0.78,220,90,0.8684
Istanbul,0.486,0.94,0.847,0.98,0.231,0.94,0.717,0.89,0.251,0.84,0.132,0.71,0.696,0.91,0.982,0.58,2200,1,85,0.84,0.88,65,32,0.8517
Paris,0.486,0.98,0.847,0.95,0.231,0.97,0.717,0.82,0.251,0.99,0.132,0.65,0.696,0.92,0.982,0.45,2200,1,180,0.95,0.82,160,70,0.8703
New York,0.486,0.94,0.847,0.82,0.231,0.96,0.717,0.99,0.251,0.97,0.132,0.71,0.696,0.99,0.982,0.63,2200,1,230,0.92,0.76,210,85,0.8973
Singapore,0.486,0.91,0.847,0.72,0.231,0.98,0.717,0.85,0.251,0.79,0.132,0.94,0.696,0.97,0.982,0.79,2200,1,155,0.9,0.94,145,50,0.9047
Switzerland,0.111,0.79,0.771,0.78,0.055,0.82,0.818,0.58,0.424,0.75,0.415,0.99,0.846,0.76,0.46,0.98,1500,1,240,0.88,0.78,220,90,0.8074
New York,0.111,0.94,0.771,0.82,0.055,0.96,0.818,0.99,0.424,0.97,0.415,0.71,0.846,0.99,0.46,0.63,1500,1,230,0.92,0.76,210,85,0.9047
Rome,0.111,0.97,0.771,0.99,0.055,0.96,0.818,0.78,0.424,0.91,0.415,0.62,0.846,0.76,0.46,0.48,1500,1,145,0.91,0.9,125,55,0.8559
Barcelona,0.111,0.96,0.771,0.84,0.055,0.94,0.818,0.96,0.424,0.82,0.415,0.82,0.846,0.88,0.46,0.72,1500,1,150,0.93,0.94,130,58,0.8851
Bali,0.111,0.73,0.771,0.76,0.055,0.91,0.818,0.87,0.424,0.51,0.415,0.99,0.846,0.72,0.46,0.98,1500,1,90,0.62,0.95,70,35,0.8495
Dubai,0.111,0.96,0.771,0.63,0.055,0.91,0.818,0.92,0.424,0.72,0.415,0.68,0.846,0.99,0.46,0.91,1500,1,190,0.58,0.96,175,70,0.8538
Singapore,0.111,0.91,0.771,0.72,0.055,0.98,0.818,0.85,0.424,0.79,0.415,0.94,0.846,0.97,0.46,0.79,1500,1,155,0.9,0.94,145,50,0.8841
Amsterdam,0.972,0.91,0.832,0.88,0.624,0.79,0.764,0.92,0.687,0.95,0.89,0.78,0.709,0.86,0.561,0.65,2200,1,175,0.96,0.68,155,65,0.8521
Switzerland,0.972,0.79,0.832,0.78,0.624,0.82,0.764,0.58,0.687,0.75,0.89,0.99,0.709,0.76,0.561,0.98,2200,1,240,0.88,0.78,220,90,0.8568
Istanbul,0.972,0.94,0.832,0.98,0.624,0.94,0.764,0.89,0.687,0.84,0.89,0.71,0.709,0.91,0.561,0.58,2200,1,85,0.84,0.88,65,32,0.8876
Rome,0.972,0.97,0.832,0.99,0.624,0.96,0.764,0.78,0.687,0.91,0.89,0.62,0.709,0.76,0.561,0.48,2200,1,145,0.91,0.9,125,55,0.8722
Barcelona,0.889,0.96,0.979,0.84,0.949,0.94,0.245,0.96,0.992,0.82,0.856,0.82,0.939,0.88,0.969,0.72,2200,0,150,0.93,0.94,130,58,0.8537
Istanbul,0.889,0.94,0.979,0.98,0.949,0.94,0.245,0.89,0.992,0.84,0.856,0.71,0.939,0.91,0.969,0.58,2200,0,85,0.84,0.88,65,32,0.8577
Rome,0.889,0.97,0.979,0.99,0.949,0.96,0.245,0.78,0.992,0.91,0.856,0.62,0.939,0.76,0.969,0.48,2200,0,145,0.91,0.9,125,55,0.8294
New York,0.889,0.94,0.979,0.82,0.949,0.96,0.245,0.99,0.992,0.97,0.856,0.71,0.939,0.99,0.969,0.63,2200,0,230,0.92,0.76,210,85,0.8696
Switzerland,0.889,0.79,0.979,0.78,0.949,0.82,0.245,0.58,0.992,0.75,0.856,0.99,0.939,0.76,0.969,0.98,2200,0,240,0.88,0.78,220,90,0.8405
Bali,0.889,0.73,0.979,0.76,0.949,0.91,0.245,0.87,0.992,0.51,0.856,0.99,0.939,0.72,0.969,0.98,2200,0,90,0.62,0.95,70,35,0.8056
Paris,0.889,0.98,0.979,0.95,0.949,0.97,0.245,0.82,0.992,0.99,0.856,0.65,0.939,0.92,0.969,0.45,2200,0,180,0.95,0.82,160,70,0.8332
New York,0.638,0.94,0.627,0.82,0.718,0.96,0.828,0.99,0.156,0.97,0.413,0.71,0.765,0.99,0.69,0.63,2200,0,230,0.92,0.76,210,85,0.8527
Amsterdam,0.638,0.91,0.627,0.88,0.718,0.79,0.828,0.92,0.156,0.95,0.413,0.78,0.765,0.86,0.69,0.65,2200,0,175,0.96,0.68,155,65,0.8078
Tokyo,0.638,0.9,0.627,0.91,0.718,0.99,0.828,0.96,0.156,0.88,0.413,0.74,0.765,0.99,0.69,0.71,2200,0,165,0.91,0.79,135,60,0.8845
Rome,0.638,0.97,0.627,0.99,0.718,0.96,0.828,0.78,0.156,0.91,0.413,0.62,0.765,0.76,0.69,0.48,2200,0,145,0.91,0.9,125,55,0.8045
Dubai,0.638,0.96,0.627,0.63,0.718,0.91,0.828,0.92,0.156,0.72,0.413,0.68,0.765,0.99,0.69,0.91,2200,0,190,0.58,0.96,175,70,0.8814
Singapore,0.638,0.91,0.627,0.72,0.718,0.98,0.828,0.85,0.156,0.79,0.413,0.94,0.765,0.97,0.69,0.79,2200,0,155,0.9,0.94,145,50,0.8782
Barcelona,0.713,0.96,0.734,0.84,0.659,0.94,0.978,0.96,0.14,0.82,0.9,0.82,0.149,0.88,0.887,0.72,2200,1,150,0.93,0.94,130,58,0.8952
Dubai,0.713,0.96,0.734,0.63,0.659,0.91,0.978,0.92,0.14,0.72,0.9,0.68,0.149,0.99,0.887,0.91,2200,1,190,0.58,0.96,175,70,0.8598
Bali,0.713,0.73,0.734,0.76,0.659,0.91,0.978,0.87,0.14,0.51,0.9,0.99,0.149,0.72,0.887,0.98,2200,1,90,0.62,0.95,70,35,0.8818
Istanbul,0.625,0.94,0.321,0.98,0.86,0.94,0.936,0.89,0.313,0.84,0.907,0.71,0.414,0.91,0.257,0.58,1500,1,85,0.84,0.88,65,32,0.8837
Switzerland,0.625,0.79,0.321,0.78,0.86,0.82,0.936,0.58,0.313,0.75,0.907,0.99,0.414,0.76,0.257,0.98,1500,1,240,0.88,0.78,220,90,0.8247
Dubai,0.625,0.96,0.321,0.63,0.86,0.91,0.936,0.92,0.313,0.72,0.907,0.68,0.414,0.99,0.257,0.91,1500,1,190,0.58,0.96,175,70,0.8868
New York,0.625,0.94,0.321,0.82,0.86,0.96,0.936,0.99,0.313,0.97,0.907,0.71,0.414,0.99,0.257,0.63,1500,1,230,0.92,0.76,210,85,0.8827
Tokyo,0.309,0.9,0.971,0.91,0.221,0.99,0.426,0.96,0.024,0.88,0.708,0.74,0.025,0.99,0.562,0.71,2600,0,165,0.91,0.79,135,60,0.8488
Istanbul,0.309,0.94,0.971,0.98,0.221,0.94,0.426,0.89,0.024,0.84,0.708,0.71,0.025,0.91,0.562,0.58,2600,0,85,0.84,0.88,65,32,0.8205
Bali,0.309,0.73,0.971,0.76,0.221,0.91,0.426,0.87,0.024,0.51,0.708,0.99,0.025,0.72,0.562,0.98,2600,0,90,0.62,0.95,70,35,0.8648
Paris,0.309,0.98,0.971,0.95,0.221,0.97,0.426,0.82,0.024,0.99,0.708,0.65,0.025,0.92,0.562,0.45,2600,0,180,0.95,0.82,160,70,0.8021
Dubai,0.309,0.96,0.971,0.63,0.221,0.91,0.426,0.92,0.024,0.72,0.708,0.68,0.025,0.99,0.562,0.91,2600,0,190,0.58,0.96,175,70,0.8203
Barcelona,0.172,0.96,0.356,0.84,0.098,0.94,0.152,0.96,0.713,0.82,0.266,0.82,0.39,0.88,0.235,0.72,1100,0,150,0.93,0.94,130,58,0.8367
Dubai,0.172,0.96,0.356,0.63,0.098,0.91,0.152,0.92,0.713,0.72,0.266,0.68,0.39,0.99,0.235,0.91,1100,0,190,0.58,0.96,175,70,0.8282
Switzerland,0.172,0.79,0.356,0.78,0.098,0.82,0.152,0.58,0.713,0.75,0.266,0.99,0.39,0.76,0.235,0.98,1100,0,240,0.88,0.78,220,90,0.7869
Paris,0.172,0.98,0.356,0.95,0.098,0.97,0.152,0.82,0.713,0.99,0.266,0.65,0.39,0.92,0.235,0.45,1100,0,180,0.95,0.82,160,70,0.8682
Amsterdam,0.172,0.91,0.356,0.88,0.098,0.79,0.152,0.92,0.713,0.95,0.266,0.78,0.39,0.86,0.235,0.65,1100,0,175,0.96,0.68,155,65,0.8207
Rome,0.172,0.97,0.356,0.99,0.098,0.96,0.152,0.78,0.713,0.91,0.266,0.62,0.39,0.76,0.235,0.48,1100,0,145,0.91,0.9,125,55,0.8234
Tokyo,0.658,0.9,0.589,0.91,0.951,0.99,0.468,0.96,0.227,0.88,0.455,0.74,0.917,0.99,0.571,0.71,1800,1,165,0.91,0.79,135,60,0.9005
Istanbul,0.658,0.94,0.589,0.98,0.951,0.94,0.468,0.89,0.227,0.84,0.455,0.71,0.917,0.91,0.571,0.58,1800,1,85,0.84,0.88,65,32,0.8706
Rome,0.658,0.97,0.589,0.99,0.951,0.96,0.468,0.78,0.227,0.91,0.455,0.62,0.917,0.76,0.571,0.48,1800,1,145,0.91,0.9,125,55,0.8504
Barcelona,0.658,0.96,0.589,0.84,0.951,0.94,0.468,0.96,0.227,0.82,0.455,0.82,0.917,0.88,0.571,0.72,1800,1,150,0.93,0.94,130,58,0.9227
London,0.658,0.94,0.589,0.97,0.951,0.91,0.468,0.95,0.227,0.98,0.455,0.76,0.917,0.98,0.571,0.55,1800,1,210,0.89,0.64,190,75,0.9085
Switzerland,0.658,0.79,0.589,0.78,0.951,0.82,0.468,0.58,0.227,0.75,0.455,0.99,0.917,0.76,0.571,0.98,1800,1,240,0.88,0.78,220,90,0.874
Amsterdam,0.658,0.91,0.589,0.88,0.951,0.79,0.468,0.92,0.227,0.95,0.455,0.78,0.917,0.86,0.571,0.65,1800,1,175,0.96,0.68,155,65,0.8617
Amsterdam,0.218,0.91,0.528,0.88,0.148,0.79,0.355,0.92,0.958,0.95,0.463,0.78,0.431,0.86,0.103,0.65,1800,1,175,0.96,0.68,155,65,0.8934
Istanbul,0.218,0.94,0.528,0.98,0.148,0.94,0.355,0.89,0.958,0.84,0.463,0.71,0.431,0.91,0.103,0.58,1800,1,85,0.84,0.88,65,32,0.8825
Paris,0.218,0.98,0.528,0.95,0.148,0.97,0.355,0.82,0.958,0.99,0.463,0.65,0.431,0.92,0.103,0.45,1800,1,180,0.95,0.82,160,70,0.932
Bali,0.218,0.73,0.528,0.76,0.148,0.91,0.355,0.87,0.958,0.51,0.463,0.99,0.431,0.72,0.103,0.98,1800,1,90,0.62,0.95,70,35,0.776
Singapore,0.948,0.91,0.699,0.72,0.578,0.98,0.166,0.85,0.253,0.79,0.637,0.94,0.139,0.97,0.466,0.79,1100,0,155,0.9,0.94,145,50,0.8664
Switzerland,0.948,0.79,0.699,0.78,0.578,0.82,0.166,0.58,0.253,0.75,0.637,0.99,0.139,0.76,0.466,0.98,1100,0,240,0.88,0.78,220,90,0.8085
New York,0.948,0.94,0.699,0.82,0.578,0.96,0.166,0.99,0.253,0.97,0.637,0.71,0.139,0.99,0.466,0.63,1100,0,230,0.92,0.76,210,85,0.8443
New York,0.23,0.94,0.427,0.82,0.353,0.96,0.92,0.99,0.545,0.97,0.149,0.71,0.003,0.99,0.134,0.63,900,1,230,0.92,0.76,210,85,0.9217
London,0.23,0.94,0.427,0.97,0.353,0.91,0.92,0.95,0.545,0.98,0.149,0.76,0.003,0.98,0.134,0.55,900,1,210,0.89,0.64,190,75,0.8947
Barcelona,0.23,0.96,0.427,0.84,0.353,0.94,0.92,0.96,0.545,0.82,0.149,0.82,0.003,0.88,0.134,0.72,900,1,150,0.93,0.94,130,58,0.9308
Rome,0.437,0.97,0.716,0.99,0.49,0.96,0.698,0.78,0.762,0.91,0.209,0.62,0.396,0.76,0.066,0.48,1800,1,145,0.91,0.9,125,55,0.9254
Switzerland,0.437,0.79,0.716,0.78,0.49,0.82,0.698,0.58,0.762,0.75,0.209,0.99,0.396,0.76,0.066,0.98,1800,1,240,0.88,0.78,220,90,0.7964
Paris,0.437,0.98,0.716,0.95,0.49,0.97,0.698,0.82,0.762,0.99,0.209,0.65,0.396,0.92,0.066,0.45,1800,1,180,0.95,0.82,160,70,0.9047
Bali,0.437,0.73,0.716,0.76,0.49,0.91,0.698,0.87,0.762,0.51,0.209,0.99,0.396,0.72,0.066,0.98,1800,1,90,0.62,0.95,70,35,0.8021
Tokyo,0.437,0.9,0.716,0.91,0.49,0.99,0.698,0.96,0.762,0.88,0.209,0.74,0.396,0.99,0.066,0.71,1800,1,165,0.91,0.79,135,60,0.9226
Tokyo,0.256,0.9,0.129,0.91,0.429,0.99,0.173,0.96,0.69,0.88,0.013,0.74,0.418,0.99,0.996,0.71,1100,0,165,0.91,0.79,135,60,0.8329
Paris,0.256,0.98,0.129,0.95,0.429,0.97,0.173,0.82,0.69,0.99,0.013,0.65,0.418,0.92,0.996,0.45,1100,0,180,0.95,0.82,160,70,0.817
Barcelona,0.256,0.96,0.129,0.84,0.429,0.94,0.173,0.96,0.69,0.82,0.013,0.82,0.418,0.88,0.996,0.72,1100,0,150,0.93,0.94,130,58,0.8282
New York,0.256,0.94,0.129,0.82,0.429,0.96,0.173,0.99,0.69,0.97,0.013,0.71,0.418,0.99,0.996,0.63,1100,0,230,0.92,0.76,210,85,0.8267
Rome,0.142,0.97,0.819,0.99,0.275,0.96,0.996,0.78,0.331,0.91,0.205,0.62,0.115,0.76,0.435,0.48,1100,0,145,0.91,0.9,125,55,0.8364
Dubai,0.142,0.96,0.819,0.63,0.275,0.91,0.996,0.92,0.331,0.72,0.205,0.68,0.115,0.99,0.435,0.91,1100,0,190,0.58,0.96,175,70,0.8522
Switzerland,0.142,0.79,0.819,0.78,0.275,0.82,0.996,0.58,0.331,0.75,0.205,0.99,0.115,0.76,0.435,0.98,1100,0,240,0.88,0.78,220,90,0.7821
Amsterdam,0.142,0.91,0.819,0.88,0.275,0.79,0.996,0.92,0.331,0.95,0.205,0.78,0.115,0.86,0.435,0.65,1100,0,175,0.96,0.68,155,65,0.8403
Istanbul,0.142,0.94,0.819,0.98,0.275,0.94,0.996,0.89,0.331,0.84,0.205,0.71,0.115,0.91,0.435,0.58,1100,0,85,0.84,0.88,65,32,0.8309
New York,0.142,0.94,0.819,0.82,0.275,0.96,0.996,0.99,0.331,0.97,0.205,0.71,0.115,0.99,0.435,0.63,1100,0,230,0.92,0.76,210,85,0.8375
Bali,0.142,0.73,0.819,0.76,0.275,0.91,0.996,0.87,0.331,0.51,0.205,0.99,0.115,0.72,0.435,0.98,1100,0,90,0.62,0.95,70,35,0.8126
New York,0.374,0.94,0.91,0.82,0.064,0.96,0.019,0.99,0.1,0.97,0.391,0.71,0.58,0.99,0.004,0.63,1500,1,230,0.92,0.76,210,85,0.8907
Paris,0.374,0.98,0.91,0.95,0.064,0.97,0.019,0.82,0.1,0.99,0.391,0.65,0.58,0.92,0.004,0.45,1500,1,180,0.95,0.82,160,70,0.9068
Rome,0.374,0.97,0.91,0.99,0.064,0.96,0.019,0.78,0.1,0.91,0.391,0.62,0.58,0.76,0.004,0.48,1500,1,145,0.91,0.9,125,55,0.9049
Tokyo,0.374,0.9,0.91,0.91,0.064,0.99,0.019,0.96,0.1,0.88,0.391,0.74,0.58,0.99,0.004,0.71,1500,1,165,0.91,0.79,135,60,0.9064
Bali,0.374,0.73,0.91,0.76,0.064,0.91,0.019,0.87,0.1,0.51,0.391,0.99,0.58,0.72,0.004,0.98,1500,1,90,0.62,0.95,70,35,0.8332
Istanbul,0.516,0.94,0.586,0.98,0.296,0.94,0.119,0.89,0.006,0.84,0.818,0.71,0.654,0.91,0.964,0.58,2200,1,85,0.84,0.88,65,32,0.846
Amsterdam,0.516,0.91,0.586,0.88,0.296,0.79,0.119,0.92,0.006,0.95,0.818,0.78,0.654,0.86,0.964,0.65,2200,1,175,0.96,0.68,155,65,0.8262
Rome,0.516,0.97,0.586,0.99,0.296,0.96,0.119,0.78,0.006,0.91,0.818,0.62,0.654,0.76,0.964,0.48,2200,1,145,0.91,0.9,125,55,0.8166
Switzerland,0.16,0.79,0.245,0.78,0.163,0.82,0.661,0.58,0.98,0.75,0.935,0.99,0.324,0.76,0.837,0.98,1300,1,240,0.88,0.78,220,90,0.8403
London,0.16,0.94,0.245,0.97,0.163,0.91,0.661,0.95,0.98,0.98,0.935,0.76,0.324,0.98,0.837,0.55,1300,1,210,0.89,0.64,190,75,0.8666
Amsterdam,0.16,0.91,0.245,0.88,0.163,0.79,0.661,0.92,0.98,0.95,0.935,0.78,0.324,0.86,0.837,0.65,1300,1,175,0.96,0.68,155,65,0.8738
Tokyo,0.16,0.9,0.245,0.91,0.163,0.99,0.661,0.96,0.98,0.88,0.935,0.74,0.324,0.99,0.837,0.71,1300,1,165,0.91,0.79,135,60,0.8761
Istanbul,0.16,0.94,0.245,0.98,0.163,0.94,0.661,0.89,0.98,0.84,0.935,0.71,0.324,0.91,0.837,0.58,1300,1,85,0.84,0.88,65,32,0.841
New York,0.16,0.94,0.245,0.82,0.163,0.96,0.661,0.99,0.98,0.97,0.935,0.71,0.324,0.99,0.837,0.63,1300,1,230,0.92,0.76,210,85,0.8951
Switzerland,0.746,0.79,0.676,0.78,0.596,0.82,0.047,0.58,0.107,0.75,0.116,0.99,0.33,0.76,0.159,0.98,1800,1,240,0.88,0.78,220,90,0.8514
Dubai,0.746,0.96,0.676,0.63,0.596,0.91,0.047,0.92,0.107,0.72,0.116,0.68,0.33,0.99,0.159,0.91,1800,1,190,0.58,0.96,175,70,0.8467
Barcelona,0.746,0.96,0.676,0.84,0.596,0.94,0.047,0.96,0.107,0.82,0.116,0.82,0.33,0.88,0.159,0.72,1800,1,150,0.93,0.94,130,58,0.8992
Singapore,0.746,0.91,0.676,0.72,0.596,0.98,0.047,0.85,0.107,0.79,0.116,0.94,0.33,0.97,0.159,0.79,1800,1,155,0.9,0.94,145,50,0.8879
New York,0.746,0.94,0.676,0.82,0.596,0.96,0.047,0.99,0.107,0.97,0.116,0.71,0.33,0.99,0.159,0.63,1800,1,230,0.92,0.76,210,85,0.9027
Tokyo,0.746,0.9,0.676,0.91,0.596,0.99,0.047,0.96,0.107,0.88,0.116,0.74,0.33,0.99,0.159,0.71,1800,1,165,0.91,0.79,135,60,0.9207
London,0.746,0.94,0.676,0.97,0.596,0.91,0.047,0.95,0.107,0.98,0.116,0.76,0.33,0.98,0.159,0.55,1800,1,210,0.89,0.64,190,75,0.8794
Dubai,0.238,0.96,0.255,0.63,0.964,0.91,0.802,0.92,0.534,0.72,0.798,0.68,0.007,0.99,0.759,0.91,2600,0,190,0.58,0.96,175,70,0.8391
Rome,0.238,0.97,0.255,0.99,0.964,0.96,0.802,0.78,0.534,0.91,0.798,0.62,0.007,0.76,0.759,0.48,2600,0,145,0.91,0.9,125,55,0.8162
London,0.238,0.94,0.255,0.97,0.964,0.91,0.802,0.95,0.534,0.98,0.798,0.76,0.007,0.98,0.759,0.55,2600,0,210,0.89,0.64,190,75,0.8416
Barcelona,0.238,0.96,0.255,0.84,0.964,0.94,0.802,0.96,0.534,0.82,0.798,0.82,0.007,0.88,0.759,0.72,2600,0,150,0.93,0.94,130,58,0.8757
New York,0.238,0.94,0.255,0.82,0.964,0.96,0.802,0.99,0.534,0.97,0.798,0.71,0.007,0.99,0.759,0.63,2600,0,230,0.92,0.76,210,85,0.8466
Bali,0.238,0.73,0.255,0.76,0.964,0.91,0.802,0.87,0.534,0.51,0.798,0.99,0.007,0.72,0.759,0.98,2600,0,90,0.62,0.95,70,35,0.8551
Switzerland,0.238,0.79,0.255,0.78,0.964,0.82,0.802,0.58,0.534,0.75,0.798,0.99,0.007,0.76,0.759,0.98,2600,0,240,0.88,0.78,220,90,0.8403
Bali,0.045,0.73,0.736,0.76,0.353,0.91,0.407,0.87,0.321,0.51,0.496,0.99,0.607,0.72,0.853,0.98,900,0,90,0.62,0.95,70,35,0.8387
New York,0.045,0.94,0.736,0.82,0.353,0.96,0.407,0.99,0.321,0.97,0.496,0.71,0.607,0.99,0.853,0.63,900,0,230,0.92,0.76,210,85,0.8228
Amsterdam,0.045,0.91,0.736,0.88,0.353,0.79,0.407,0.92,0.321,0.95,0.496,0.78,0.607,0.86,0.853,0.65,900,0,175,0.96,0.68,155,65,0.7889
Paris,0.045,0.98,0.736,0.95,0.353,0.97,0.407,0.82,0.321,0.99,0.496,0.65,0.607,0.92,0.853,0.45,900,0,180,0.95,0.82,160,70,0.8225
London,0.045,0.94,0.736,0.97,0.353,0.91,0.407,0.95,0.321,0.98,0.496,0.76,0.607,0.98,0.853,0.55,900,0,210,0.89,0.64,190,75,0.8112
Dubai,0.045,0.96,0.736,0.63,0.353,0.91,0.407,0.92,0.321,0.72,0.496,0.68,0.607,0.99,0.853,0.91,900,0,190,0.58,0.96,175,70,0.8591
Switzerland,0.104,0.79,0.997,0.78,0.001,0.82,0.57,0.58,0.892,0.75,0.357,0.99,0.531,0.76,0.465,0.98,700,0,240,0.88,0.78,220,90,0.7838
Barcelona,0.104,0.96,0.997,0.84,0.001,0.94,0.57,0.96,0.892,0.82,0.357,0.82,0.531,0.88,0.465,0.72,700,0,150,0.93,0.94,130,58,0.8618
Istanbul,0.104,0.94,0.997,0.98,0.001,0.94,0.57,0.89,0.892,0.84,0.357,0.71,0.531,0.91,0.465,0.58,700,0,85,0.84,0.88,65,32,0.8542
Rome,0.104,0.97,0.997,0.99,0.001,0.96,0.57,0.78,0.892,0.91,0.357,0.62,0.531,0.76,0.465,0.48,700,0,145,0.91,0.9,125,55,0.8229
Amsterdam,0.104,0.91,0.997,0.88,0.001,0.79,0.57,0.92,0.892,0.95,0.357,0.78,0.531,0.86,0.465,0.65,700,0,175,0.96,0.68,155,65,0.8114
London,0.514,0.94,0.272,0.97,0.433,0.91,0.748,0.95,0.13,0.98,0.508,0.76,0.578,0.98,0.516,0.55,1300,0,210,0.89,0.64,190,75,0.8524
Dubai,0.514,0.96,0.272,0.63,0.433,0.91,0.748,0.92,0.13,0.72,0.508,0.68,0.578,0.99,0.516,0.91,1300,0,190,0.58,0.96,175,70,0.8748
Rome,0.514,0.97,0.272,0.99,0.433,0.96,0.748,0.78,0.13,0.91,0.508,0.62,0.578,0.76,0.516,0.48,1300,0,145,0.91,0.9,125,55,0.8153
Bali,0.514,0.73,0.272,0.76,0.433,0.91,0.748,0.87,0.13,0.51,0.508,0.99,0.578,0.72,0.516,0.98,1300,0,90,0.62,0.95,70,35,0.8546
Amsterdam,0.514,0.91,0.272,0.88,0.433,0.79,0.748,0.92,0.13,0.95,0.508,0.78,0.578,0.86,0.516,0.65,1300,0,175,0.96,0.68,155,65,0.8372
Tokyo,0.514,0.9,0.272,0.91,0.433,0.99,0.748,0.96,0.13,0.88,0.508,0.74,0.578,0.99,0.516,0.71,1300,0,165,0.91,0.79,135,60,0.8667
New York,0.467,0.94,0.633,0.82,0.929,0.96,0.696,0.99,0.935,0.97,0.912,0.71,0.856,0.99,0.22,0.63,2600,1,230,0.92,0.76,210,85,0.9024
Tokyo,0.467,0.9,0.633,0.91,0.929,0.99,0.696,0.96,0.935,0.88,0.912,0.74,0.856,0.99,0.22,0.71,2600,1,165,0.91,0.79,135,60,0.9178
Istanbul,0.467,0.94,0.633,0.98,0.929,0.94,0.696,0.89,0.935,0.84,0.912,0.71,0.856,0.91,0.22,0.58,2600,1,85,0.84,0.88,65,32,0.8939
Bali,0.467,0.73,0.633,0.76,0.929,0.91,0.696,0.87,0.935,0.51,0.912,0.99,0.856,0.72,0.22,0.98,2600,1,90,0.62,0.95,70,35,0.8468
Bali,0.776,0.73,0.969,0.76,0.467,0.91,0.697,0.87,0.051,0.51,0.909,0.99,0.568,0.72,0.645,0.98,2600,0,90,0.62,0.95,70,35,0.851
London,0.776,0.94,0.969,0.97,0.467,0.91,0.697,0.95,0.051,0.98,0.909,0.76,0.568,0.98,0.645,0.55,2600,0,210,0.89,0.64,190,75,0.8545
Istanbul,0.776,0.94,0.969,0.98,0.467,0.94,0.697,0.89,0.051,0.84,0.909,0.71,0.568,0.91,0.645,0.58,2600,0,85,0.84,0.88,65,32,0.8557
Switzerland,0.776,0.79,0.969,0.78,0.467,0.82,0.697,0.58,0.051,0.75,0.909,0.99,0.568,0.76,0.645,0.98,2600,0,240,0.88,0.78,220,90,0.8374
New York,0.776,0.94,0.969,0.82,0.467,0.96,0.697,0.99,0.051,0.97,0.909,0.71,0.568,0.99,0.645,0.63,2600,0,230,0.92,0.76,210,85,0.8272
Barcelona,0.776,0.96,0.969,0.84,0.467,0.94,0.697,0.96,0.051,0.82,0.909,0.82,0.568,0.88,0.645,0.72,2600,0,150,0.93,0.94,130,58,0.8462
Singapore,0.963,0.91,0.452,0.72,0.582,0.98,0.828,0.85,0.744,0.79,0.135,0.94,0.64,0.97,0.926,0.79,1500,0,155,0.9,0.94,145,50,0.8378
Tokyo,0.963,0.9,0.452,0.91,0.582,0.99,0.828,0.96,0.744,0.88,0.135,0.74,0.64,0.99,0.926,0.71,1500,0,165,0.91,0.79,135,60,0.8785
Bali,0.963,0.73,0.452,0.76,0.582,0.91,0.828,0.87,0.744,0.51,0.135,0.99,0.64,0.72,0.926,0.98,1500,0,90,0.62,0.95,70,35,0.8086
Rome,0.963,0.97,0.452,0.99,0.582,0.96,0.828,0.78,0.744,0.91,0.135,0.62,0.64,0.76,0.926,0.48,1500,0,145,0.91,0.9,125,55,0.8191
Dubai,0.963,0.96,0.452,0.63,0.582,0.91,0.828,0.92,0.744,0.72,0.135,0.68,0.64,0.99,0.926,0.91,1500,0,190,0.58,0.96,175,70,0.8778
Tokyo,0.515,0.9,0.921,0.91,0.516,0.99,0.955,0.96,0.637,0.88,0.862,0.74,0.741,0.99,0.462,0.71,2200,1,165,0.91,0.79,135,60,0.912
Singapore,0.515,0.91,0.921,0.72,0.516,0.98,0.955,0.85,0.637,0.79,0.862,0.94,0.741,0.97,0.462,0.79,2200,1,155,0.9,0.94,145,50,0.9173
New York,0.515,0.94,0.921,0.82,0.516,0.96,0.955,0.99,0.637,0.97,0.862,0.71,0.741,0.99,0.462,0.63,2200,1,230,0.92,0.76,210,85,0.8745
Amsterdam,0.515,0.91,0.921,0.88,0.516,0.79,0.955,0.92,0.637,0.95,0.862,0.78,0.741,0.86,0.462,0.65,2200,1,175,0.96,0.68,155,65,0.8742
Switzerland,0.515,0.79,0.921,0.78,0.516,0.82,0.955,0.58,0.637,0.75,0.862,0.99,0.741,0.76,0.462,0.98,2200,1,240,0.88,0.78,220,90,0.8324
Barcelona,0.515,0.96,0.921,0.84,0.516,0.94,0.955,0.96,0.637,0.82,0.862,0.82,0.741,0.88,0.462,0.72,2200,1,150,0.93,0.94,130,58,0.9256
Bali,0.515,0.73,0.921,0.76,0.516,0.91,0.955,0.87,0.637,0.51,0.862,0.99,0.741,0.72,0.462,0.98,2200,1,90,0.62,0.95,70,35,0.8673
Rome,0.677,0.97,0.489,0.99,0.955,0.96,0.211,0.78,0.996,0.91,0.652,0.62,0.098,0.76,0.687,0.48,2600,1,145,0.91,0.9,125,55,0.8831
Switzerland,0.677,0.79,0.489,0.78,0.955,0.82,0.211,0.58,0.996,0.75,0.652,0.99,0.098,0.76,0.687,0.98,2600,1,240,0.88,0.78,220,90,0.8645
Amsterdam,0.677,0.91,0.489,0.88,0.955,0.79,0.211,0.92,0.996,0.95,0.652,0.78,0.098,0.86,0.687,0.65,2600,1,175,0.96,0.68,155,65,0.867
Tokyo,0.677,0.9,0.489,0.91,0.955,0.99,0.211,0.96,0.996,0.88,0.652,0.74,0.098,0.99,0.687,0.71,2600,1,165,0.91,0.79,135,60,0.8865
Paris,0.677,0.98,0.489,0.95,0.955,0.97,0.211,0.82,0.996,0.99,0.652,0.65,0.098,0.92,0.687,0.45,2600,1,180,0.95,0.82,160,70,0.8681
New York,0.677,0.94,0.489,0.82,0.955,0.96,0.211,0.99,0.996,0.97,0.652,0.71,0.098,0.99,0.687,0.63,2600,1,230,0.92,0.76,210,85,0.8716
Amsterdam,0.715,0.91,0.501,0.88,0.283,0.79,0.236,0.92,0.189,0.95,0.582,0.78,0.604,0.86,0.13,0.65,1800,0,175,0.96,0.68,155,65,0.8217
Rome,0.715,0.97,0.501,0.99,0.283,0.96,0.236,0.78,0.189,0.91,0.582,0.62,0.604,0.76,0.13,0.48,1800,0,145,0.91,0.9,125,55,0.8229
Barcelona,0.715,0.96,0.501,0.84,0.283,0.94,0.236,0.96,0.189,0.82,0.582,0.82,0.604,0.88,0.13,0.72,1800,0,150,0.93,0.94,130,58,0.86
Dubai,0.715,0.96,0.501,0.63,0.283,0.91,0.236,0.92,0.189,0.72,0.582,0.68,0.604,0.99,0.13,0.91,1800,0,190,0.58,0.96,175,70,0.8603
Singapore,0.711,0.91,0.809,0.72,0.285,0.98,0.45,0.85,0.262,0.79,0.69,0.94,0.188,0.97,0.969,0.79,1300,1,155,0.9,0.94,145,50,0.8962
Rome,0.711,0.97,0.809,0.99,0.285,0.96,0.45,0.78,0.262,0.91,0.69,0.62,0.188,0.76,0.969,0.48,1300,1,145,0.91,0.9,125,55,0.8575
London,0.711,0.94,0.809,0.97,0.285,0.91,0.45,0.95,0.262,0.98,0.69,0.76,0.188,0.98,0.969,0.55,1300,1,210,0.89,0.64,190,75,0.8439
Dubai,0.711,0.96,0.809,0.63,0.285,0.91,0.45,0.92,0.262,0.72,0.69,0.68,0.188,0.99,0.969,0.91,1300,1,190,0.58,0.96,175,70,0.84
Tokyo,0.711,0.9,0.809,0.91,0.285,0.99,0.45,0.96,0.262,0.88,0.69,0.74,0.188,0.99,0.969,0.71,1300,1,165,0.91,0.79,135,60,0.877
Paris,0.711,0.98,0.809,0.95,0.285,0.97,0.45,0.82,0.262,0.99,0.69,0.65,0.188,0.92,0.969,0.45,1300,1,180,0.95,0.82,160,70,0.8727
Dubai,0.913,0.96,0.149,0.63,0.041,0.91,0.114,0.92,0.251,0.72,0.195,0.68,0.974,0.99,0.265,0.91,1800,1,190,0.58,0.96,175,70,0.9029
Rome,0.913,0.97,0.149,0.99,0.041,0.96,0.114,0.78,0.251,0.91,0.195,0.62,0.974,0.76,0.265,0.48,1800,1,145,0.91,0.9,125,55,0.8955
Barcelona,0.913,0.96,0.149,0.84,0.041,0.94,0.114,0.96,0.251,0.82,0.195,0.82,0.974,0.88,0.265,0.72,1800,1,150,0.93,0.94,130,58,0.8993
Switzerland,0.913,0.79,0.149,0.78,0.041,0.82,0.114,0.58,0.251,0.75,0.195,0.99,0.974,0.76,0.265,0.98,1800,1,240,0.88,0.78,220,90,0.8542
Amsterdam,0.913,0.91,0.149,0.88,0.041,0.79,0.114,0.92,0.251,0.95,0.195,0.78,0.974,0.86,0.265,0.65,1800,1,175,0.96,0.68,155,65,0.8936
Tokyo,0.913,0.9,0.149,0.91,0.041,0.99,0.114,0.96,0.251,0.88,0.195,0.74,0.974,0.99,0.265,0.71,1800,1,165,0.91,0.79,135,60,0.8884
Dubai,0.418,0.96,0.03,0.63,0.735,0.91,0.103,0.92,0.154,0.72,0.869,0.68,0.906,0.99,0.541,0.91,1300,0,190,0.58,0.96,175,70,0.8566
London,0.418,0.94,0.03,0.97,0.735,0.91,0.103,0.95,0.154,0.98,0.869,0.76,0.906,0.98,0.541,0.55,1300,0,210,0.89,0.64,190,75,0.7981
Switzerland,0.418,0.79,0.03,0.78,0.735,0.82,0.103,0.58,0.154,0.75,0.869,0.99,0.906,0.76,0.541,0.98,1300,0,240,0.88,0.78,220,90,0.8287
Istanbul,0.418,0.94,0.03,0.98,0.735,0.94,0.103,0.89,0.154,0.84,0.869,0.71,0.906,0.91,0.541,0.58,1300,0,85,0.84,0.88,65,32,0.825
Tokyo,0.418,0.9,0.03,0.91,0.735,0.99,0.103,0.96,0.154,0.88,0.869,0.74,0.906,0.99,0.541,0.71,1300,0,165,0.91,0.79,135,60,0.8701
Switzerland,0.34,0.79,0.333,0.78,0.126,0.82,0.408,0.58,0.706,0.75,0.429,0.99,0.5,0.76,0.487,0.98,1500,0,240,0.88,0.78,220,90,0.8289
Barcelona,0.34,0.96,0.333,0.84,0.126,0.94,0.408,0.96,0.706,0.82,0.429,0.82,0.5,0.88,0.487,0.72,1500,0,150,0.93,0.94,130,58,0.84
Singapore,0.34,0.91,0.333,0.72,0.126,0.98,0.408,0.85,0.706,0.79,0.429,0.94,0.5,0.97,0.487,0.79,1500,0,155,0.9,0.94,145,50,0.8689
Dubai,0.34,0.96,0.333,0.63,0.126,0.91,0.408,0.92,0.706,0.72,0.429,0.68,0.5,0.99,0.487,0.91,1500,0,190,0.58,0.96,175,70,0.8223
Paris,0.678,0.98,0.411,0.95,0.029,0.97,0.178,0.82,0.742,0.99,0.244,0.65,0.566,0.92,0.721,0.45,1100,1,180,0.95,0.82,160,70,0.8696
Barcelona,0.678,0.96,0.411,0.84,0.029,0.94,0.178,0.96,0.742,0.82,0.244,0.82,0.566,0.88,0.721,0.72,1100,1,150,0.93,0.94,130,58,0.8866
Switzerland,0.678,0.79,0.411,0.78,0.029,0.82,0.178,0.58,0.742,0.75,0.244,0.99,0.566,0.76,0.721,0.98,1100,1,240,0.88,0.78,220,90,0.8327
Bali,0.678,0.73,0.411,0.76,0.029,0.91,0.178,0.87,0.742,0.51,0.244,0.99,0.566,0.72,0.721,0.98,1100,1,90,0.62,0.95,70,35,0.7949
Istanbul,0.678,0.94,0.411,0.98,0.029,0.94,0.178,0.89,0.742,0.84,0.244,0.71,0.566,0.91,0.721,0.58,1100,1,85,0.84,0.88,65,32,0.8825
London,0.678,0.94,0.411,0.97,0.029,0.91,0.178,0.95,0.742,0.98,0.244,0.76,0.566,0.98,0.721,0.55,1100,1,210,0.89,0.64,190,75,0.8502
Amsterdam,0.678,0.91,0.411,0.88,0.029,0.79,0.178,0.92,0.742,0.95,0.244,0.78,0.566,0.86,0.721,0.65,1100,1,175,0.96,0.68,155,65,0.8782
Bali,0.916,0.73,0.024,0.76,0.721,0.91,0.956,0.87,0.678,0.51,0.173,0.99,0.056,0.72,0.584,0.98,1300,1,90,0.62,0.95,70,35,0.8593
Paris,0.916,0.98,0.024,0.95,0.721,0.97,0.956,0.82,0.678,0.99,0.173,0.65,0.056,0.92,0.584,0.45,1300,1,180,0.95,0.82,160,70,0.9091
Singapore,0.916,0.91,0.024,0.72,0.721,0.98,0.956,0.85,0.678,0.79,0.173,0.94,0.056,0.97,0.584,0.79,1300,1,155,0.9,0.94,145,50,0.9016
Dubai,0.916,0.96,0.024,0.63,0.721,0.91,0.956,0.92,0.678,0.72,0.173,0.68,0.056,0.99,0.584,0.91,1300,1,190,0.58,0.96,175,70,0.8945
Istanbul,0.916,0.94,0.024,0.98,0.721,0.94,0.956,0.89,0.678,0.84,0.173,0.71,0.056,0.91,0.584,0.58,1300,1,85,0.84,0.88,65,32,0.8851
Paris,0.194,0.98,0.238,0.95,0.686,0.97,0.231,0.82,0.735,0.99,0.855,0.65,0.073,0.92,0.596,0.45,2200,0,180,0.95,0.82,160,70,0.7888
Tokyo,0.194,0.9,0.238,0.91,0.686,0.99,0.231,0.96,0.735,0.88,0.855,0.74,0.073,0.99,0.596,0.71,2200,0,165,0.91,0.79,135,60,0.8183
Amsterdam,0.194,0.91,0.238,0.88,0.686,0.79,0.231,0.92,0.735,0.95,0.855,0.78,0.073,0.86,0.596,0.65,2200,0,175,0.96,0.68,155,65,0.7932
Tokyo,0.418,0.9,0.866,0.91,0.898,0.99,0.126,0.96,0.145,0.88,0.233,0.74,0.463,0.99,0.749,0.71,1100,1,165,0.91,0.79,135,60,0.9062
London,0.418,0.94,0.866,0.97,0.898,0.91,0.126,0.95,0.145,0.98,0.233,0.76,0.463,0.98,0.749,0.55,1100,1,210,0.89,0.64,190,75,0.8689
Bali,0.418,0.73,0.866,0.76,0.898,0.91,0.126,0.87,0.145,0.51,0.233,0.99,0.463,0.72,0.749,0.98,1100,1,90,0.62,0.95,70,35,0.8612
Dubai,0.889,0.96,0.789,0.63,0.891,0.91,0.934,0.92,0.062,0.72,0.194,0.68,0.159,0.99,0.66,0.91,700,0,190,0.58,0.96,175,70,0.8844
Bali,0.889,0.73,0.789,0.76,0.891,0.91,0.934,0.87,0.062,0.51,0.194,0.99,0.159,0.72,0.66,0.98,700,0,90,0.62,0.95,70,35,0.8384
New York,0.889,0.94,0.789,0.82,0.891,0.96,0.934,0.99,0.062,0.97,0.194,0.71,0.159,0.99,0.66,0.63,700,0,230,0.92,0.76,210,85,0.8649
Paris,0.889,0.98,0.789,0.95,0.891,0.97,0.934,0.82,0.062,0.99,0.194,0.65,0.159,0.92,0.66,0.45,700,0,180,0.95,0.82,160,70,0.834
Barcelona,0.58,0.96,0.137,0.84,0.881,0.94,0.491,0.96,0.013,0.82,0.568,0.82,0.818,0.88,0.822,0.72,2200,1,150,0.93,0.94,130,58,0.9084
Switzerland,0.58,0.79,0.137,0.78,0.881,0.82,0.491,0.58,0.013,0.75,0.568,0.99,0.818,0.76,0.822,0.98,2200,1,240,0.88,0.78,220,90,0.8609
London,0.58,0.94,0.137,0.97,0.881,0.91,0.491,0.95,0.013,0.98,0.568,0.76,0.818,0.98,0.822,0.55,2200,1,210,0.89,0.64,190,75,0.8586
Tokyo,0.58,0.9,0.137,0.91,0.881,0.99,0.491,0.96,0.013,0.88,0.568,0.74,0.818,0.99,0.822,0.71,2200,1,165,0.91,0.79,135,60,0.8887
Istanbul,0.58,0.94,0.137,0.98,0.881,0.94,0.491,0.89,0.013,0.84,0.568,0.71,0.818,0.91,0.822,0.58,2200,1,85,0.84,0.88,65,32,0.8701
Singapore,0.58,0.91,0.137,0.72,0.881,0.98,0.491,0.85,0.013,0.79,0.568,0.94,0.818,0.97,0.822,0.79,2200,1,155,0.9,0.94,145,50,0.9464
Barcelona,0.261,0.96,0.442,0.84,0.81,0.94,0.699,0.96,0.273,0.82,0.318,0.82,0.468,0.88,0.775,0.72,700,1,150,0.93,0.94,130,58,0.9073
Bali,0.261,0.73,0.442,0.76,0.81,0.91,0.699,0.87,0.273,0.51,0.318,0.99,0.468,0.72,0.775,0.98,700,1,90,0.62,0.95,70,35,0.8622
New York,0.261,0.94,0.442,0.82,0.81,0.96,0.699,0.99,0.273,0.97,0.318,0.71,0.468,0.99,0.775,0.63,700,1,230,0.92,0.76,210,85,0.911
Rome,0.546,0.97,0.155,0.99,0.522,0.96,0.796,0.78,0.136,0.91,0.797,0.62,0.147,0.76,0.401,0.48,900,1,145,0.91,0.9,125,55,0.8333
Singapore,0.546,0.91,0.155,0.72,0.522,0.98,0.796,0.85,0.136,0.79,0.797,0.94,0.147,0.97,0.401,0.79,900,1,155,0.9,0.94,145,50,0.9172
Paris,0.546,0.98,0.155,0.95,0.522,0.97,0.796,0.82,0.136,0.99,0.797,0.65,0.147,0.92,0.401,0.45,900,1,180,0.95,0.82,160,70,0.8659
Bali,0.546,0.73,0.155,0.76,0.522,0.91,0.796,0.87,0.136,0.51,0.797,0.99,0.147,0.72,0.401,0.98,900,1,90,0.62,0.95,70,35,0.9004
Tokyo,0.546,0.9,0.155,0.91,0.522,0.99,0.796,0.96,0.136,0.88,0.797,0.74,0.147,0.99,0.401,0.71,900,1,165,0.91,0.79,135,60,0.8701
Tokyo,0.387,0.9,0.717,0.91,0.543,0.99,0.011,0.96,0.201,0.88,0.69,0.74,0.964,0.99,0.401,0.71,1500,1,165,0.91,0.79,135,60,0.8873
Switzerland,0.387,0.79,0.717,0.78,0.543,0.82,0.011,0.58,0.201,0.75,0.69,0.99,0.964,0.76,0.401,0.98,1500,1,240,0.88,0.78,220,90,0.8494
Rome,0.387,0.97,0.717,0.99,0.543,0.96,0.011,0.78,0.201,0.91,0.69,0.62,0.964,0.76,0.401,0.48,1500,1,145,0.91,0.9,125,55,0.8477
Barcelona,0.387,0.96,0.717,0.84,0.543,0.94,0.011,0.96,0.201,0.82,0.69,0.82,0.964,0.88,0.401,0.72,1500,1,150,0.93,0.94,130,58,0.9155
Singapore,0.387,0.91,0.717,0.72,0.543,0.98,0.011,0.85,0.201,0.79,0.69,0.94,0.964,0.97,0.401,0.79,1500,1,155,0.9,0.94,145,50,0.9039
London,0.387,0.94,0.717,0.97,0.543,0.91,0.011,0.95,0.201,0.98,0.69,0.76,0.964,0.98,0.401,0.55,1500,1,210,0.89,0.64,190,75,0.8848
Dubai,0.387,0.96,0.717,0.63,0.543,0.91,0.011,0.92,0.201,0.72,0.69,0.68,0.964,0.99,0.401,0.91,1500,1,190,0.58,0.96,175,70,0.8469
Singapore,0.983,0.91,0.672,0.72,0.27,0.98,0.838,0.85,0.792,0.79,0.085,0.94,0.604,0.97,0.977,0.79,1500,0,155,0.9,0.94,145,50,0.8658
Paris,0.983,0.98,0.672,0.95,0.27,0.97,0.838,0.82,0.792,0.99,0.085,0.65,0.604,0.92,0.977,0.45,1500,0,180,0.95,0.82,160,70,0.8452
Rome,0.983,0.97,0.672,0.99,0.27,0.96,0.838,0.78,0.792,0.91,0.085,0.62,0.604,0.76,0.977,0.48,1500,0,145,0.91,0.9,125,55,0.8258
Istanbul,0.983,0.94,0.672,0.98,0.27,0.94,0.838,0.89,0.792,0.84,0.085,0.71,0.604,0.91,0.977,0.58,1500,0,85,0.84,0.88,65,32,0.8663
Switzerland,0.983,0.79,0.672,0.78,0.27,0.82,0.838,0.58,0.792,0.75,0.085,0.99,0.604,0.76,0.977,0.98,1500,0,240,0.88,0.78,220,90,0.7928
Tokyo,0.983,0.9,0.672,0.91,0.27,0.99,0.838,0.96,0.792,0.88,0.085,0.74,0.604,0.99,0.977,0.71,1500,0,165,0.91,0.79,135,60,0.8368
London,0.983,0.94,0.672,0.97,0.27,0.91,0.838,0.95,0.792,0.98,0.085,0.76,0.604,0.98,0.977,0.55,1500,0,210,0.89,0.64,190,75,0.8396
Istanbul,0.103,0.94,0.949,0.98,0.471,0.94,0.285,0.89,0.285,0.84,0.225,0.71,0.975,0.91,0.579,0.58,2600,1,85,0.84,0.88,65,32,0.8681
Barcelona,0.103,0.96,0.949,0.84,0.471,0.94,0.285,0.96,0.285,0.82,0.225,0.82,0.975,0.88,0.579,0.72,2600,1,150,0.93,0.94,130,58,0.9229
London,0.103,0.94,0.949,0.97,0.471,0.91,0.285,0.95,0.285,0.98,0.225,0.76,0.975,0.98,0.579,0.55,2600,1,210,0.89,0.64,190,75,0.8658
Dubai,0.103,0.96,0.949,0.63,0.471,0.91,0.285,0.92,0.285,0.72,0.225,0.68,0.975,0.99,0.579,0.91,2600,1,190,0.58,0.96,175,70,0.8771
Rome,0.103,0.97,0.949,0.99,0.471,0.96,0.285,0.78,0.285,0.91,0.225,0.62,0.975,0.76,0.579,0.48,2600,1,145,0.91,0.9,125,55,0.8698
Tokyo,0.103,0.9,0.949,0.91,0.471,0.99,0.285,0.96,0.285,0.88,0.225,0.74,0.975,0.99,0.579,0.71,2600,1,165,0.91,0.79,135,60,0.8858
Singapore,0.676,0.91,0.051,0.72,0.106,0.98,0.555,0.85,0.362,0.79,0.727,0.94,0.012,0.97,0.048,0.79,1800,1,155,0.9,0.94,145,50,0.9398
Barcelona,0.676,0.96,0.051,0.84,0.106,0.94,0.555,0.96,0.362,0.82,0.727,0.82,0.012,0.88,0.048,0.72,1800,1,150,0.93,0.94,130,58,0.9057
Amsterdam,0.676,0.91,0.051,0.88,0.106,0.79,0.555,0.92,0.362,0.95,0.727,0.78,0.012,0.86,0.048,0.65,1800,1,175,0.96,0.68,155,65,0.906
Switzerland,0.676,0.79,0.051,0.78,0.106,0.82,0.555,0.58,0.362,0.75,0.727,0.99,0.012,0.76,0.048,0.98,1800,1,240,0.88,0.78,220,90,0.8446
Paris,0.676,0.98,0.051,0.95,0.106,0.97,0.555,0.82,0.362,0.99,0.727,0.65,0.012,0.92,0.048,0.45,1800,1,180,0.95,0.82,160,70,0.9015
Istanbul,0.676,0.94,0.051,0.98,0.106,0.94,0.555,0.89,0.362,0.84,0.727,0.71,0.012,0.91,0.048,0.58,1800,1,85,0.84,0.88,65,32,0.8922
Dubai,0.676,0.96,0.051,0.63,0.106,0.91,0.555,0.92,0.362,0.72,0.727,0.68,0.012,0.99,0.048,0.91,1800,1,190,0.58,0.96,175,70,0.849
Barcelona,0.648,0.96,0.674,0.84,0.654,0.94,0.86,0.96,0.334,0.82,0.23,0.82,0.599,0.88,0.321,0.72,2600,1,150,0.93,0.94,130,58,0.9301
Tokyo,0.648,0.9,0.674,0.91,0.654,0.99,0.86,0.96,0.334,0.88,0.23,0.74,0.599,0.99,0.321,0.71,2600,1,165,0.91,0.79,135,60,0.9025
Istanbul,0.648,0.94,0.674,0.98,0.654,0.94,0.86,0.89,0.334,0.84,0.23,0.71,0.599,0.91,0.321,0.58,2600,1,85,0.84,0.88,65,32,0.8923
Dubai,0.648,0.96,0.674,0.63,0.654,0.91,0.86,0.92,0.334,0.72,0.23,0.68,0.599,0.99,0.321,0.91,2600,1,190,0.58,0.96,175,70,0.8652
London,0.648,0.94,0.674,0.97,0.654,0.91,0.86,0.95,0.334,0.98,0.23,0.76,0.599,0.98,0.321,0.55,2600,1,210,0.89,0.64,190,75,0.881
Bali,0.779,0.73,0.211,0.76,0.292,0.91,0.941,0.87,0.787,0.51,0.851,0.99,0.093,0.72,0.898,0.98,1300,0,90,0.62,0.95,70,35,0.8438
Amsterdam,0.779,0.91,0.211,0.88,0.292,0.79,0.941,0.92,0.787,0.95,0.851,0.78,0.093,0.86,0.898,0.65,1300,0,175,0.96,0.68,155,65,0.835
Singapore,0.779,0.91,0.211,0.72,0.292,0.98,0.941,0.85,0.787,0.79,0.851,0.94,0.093,0.97,0.898,0.79,1300,0,155,0.9,0.94,145,50,0.8648
Dubai,0.779,0.96,0.211,0.63,0.292,0.91,0.941,0.92,0.787,0.72,0.851,0.68,0.093,0.99,0.898,0.91,1300,0,190,0.58,0.96,175,70,0.8429
New York,0.779,0.94,0.211,0.82,0.292,0.96,0.941,0.99,0.787,0.97,0.851,0.71,0.093,0.99,0.898,0.63,1300,0,230,0.92,0.76,210,85,0.819
Tokyo,0.779,0.9,0.211,0.91,0.292,0.99,0.941,0.96,0.787,0.88,0.851,0.74,0.093,0.99,0.898,0.71,1300,0,165,0.91,0.79,135,60,0.8494
London,0.377,0.94,0.917,0.97,0.837,0.91,0.32,0.95,0.496,0.98,0.088,0.76,0.796,0.98,0.301,0.55,700,1,210,0.89,0.64,190,75,0.9104
Bali,0.377,0.73,0.917,0.76,0.837,0.91,0.32,0.87,0.496,0.51,0.088,0.99,0.796,0.72,0.301,0.98,700,1,90,0.62,0.95,70,35,0.8014
Dubai,0.377,0.96,0.917,0.63,0.837,0.91,0.32,0.92,0.496,0.72,0.088,0.68,0.796,0.99,0.301,0.91,700,1,190,0.58,0.96,175,70,0.8365
New York,0.377,0.94,0.917,0.82,0.837,0.96,0.32,0.99,0.496,0.97,0.088,0.71,0.796,0.99,0.301,0.63,700,1,230,0.92,0.76,210,85,0.935
Rome,0.377,0.97,0.917,0.99,0.837,0.96,0.32,0.78,0.496,0.91,0.088,0.62,0.796,0.76,0.301,0.48,700,1,145,0.91,0.9,125,55,0.916
Barcelona,0.377,0.96,0.917,0.84,0.837,0.94,0.32,0.96,0.496,0.82,0.088,0.82,0.796,0.88,0.301,0.72,700,1,150,0.93,0.94,130,58,0.9131
Switzerland,0.377,0.79,0.917,0.78,0.837,0.82,0.32,0.58,0.496,0.75,0.088,0.99,0.796,0.76,0.301,0.98,700,1,240,0.88,0.78,220,90,0.8206
Tokyo,0.734,0.9,0.674,0.91,0.444,0.99,0.266,0.96,0.027,0.88,0.617,0.74,0.558,0.99,0.209,0.71,1500,1,165,0.91,0.79,135,60,0.8854
Barcelona,0.734,0.96,0.674,0.84,0.444,0.94,0.266,0.96,0.027,0.82,0.617,0.82,0.558,0.88,0.209,0.72,1500,1,150,0.93,0.94,130,58,0.8971
Singapore,0.734,0.91,0.674,0.72,0.444,0.98,0.266,0.85,0.027,0.79,0.617,0.94,0.558,0.97,0.209,0.79,1500,1,155,0.9,0.94,145,50,0.9244
Rome,0.734,0.97,0.674,0.99,0.444,0.96,0.266,0.78,0.027,0.91,0.617,0.62,0.558,0.76,0.209,0.48,1500,1,145,0.91,0.9,125,55,0.8595
Rome,0.701,0.97,0.372,0.99,0.693,0.96,0.071,0.78,0.534,0.91,0.41,0.62,0.424,0.76,0.512,0.48,1800,0,145,0.91,0.9,125,55,0.8176
Amsterdam,0.701,0.91,0.372,0.88,0.693,0.79,0.071,0.92,0.534,0.95,0.41,0.78,0.424,0.86,0.512,0.65,1800,0,175,0.96,0.68,155,65,0.8271
Tokyo,0.701,0.9,0.372,0.91,0.693,0.99,0.071,0.96,0.534,0.88,0.41,0.74,0.424,0.99,0.512,0.71,1800,0,165,0.91,0.79,135,60,0.8361
Dubai,0.701,0.96,0.372,0.63,0.693,0.91,0.071,0.92,0.534,0.72,0.41,0.68,0.424,0.99,0.512,0.91,1800,0,190,0.58,0.96,175,70,0.8628
Tokyo,0.723,0.9,0.199,0.91,0.275,0.99,0.937,0.96,0.532,0.88,0.878,0.74,0.04,0.99,0.156,0.71,2200,1,165,0.91,0.79,135,60,0.8703
Bali,0.723,0.73,0.199,0.76,0.275,0.91,0.937,0.87,0.532,0.51,0.878,0.99,0.04,0.72,0.156,0.98,2200,1,90,0.62,0.95,70,35,0.8666
Singapore,0.723,0.91,0.199,0.72,0.275,0.98,0.937,0.85,0.532,0.79,0.878,0.94,0.04,0.97,0.156,0.79,2200,1,155,0.9,0.94,145,50,0.8992
Barcelona,0.723,0.96,0.199,0.84,0.275,0.94,0.937,0.96,0.532,0.82,0.878,0.82,0.04,0.88,0.156,0.72,2200,1,150,0.93,0.94,130,58,0.9364
Switzerland,0.823,0.79,0.517,0.78,0.884,0.82,0.484,0.58,0.792,0.75,0.864,0.99,0.718,0.76,0.141,0.98,900,1,240,0.88,0.78,220,90,0.8378
London,0.823,0.94,0.517,0.97,0.884,0.91,0.484,0.95,0.792,0.98,0.864,0.76,0.718,0.98,0.141,0.55,900,1,210,0.89,0.64,190,75,0.8743
Bali,0.823,0.73,0.517,0.76,0.884,0.91,0.484,0.87,0.792,0.51,0.864,0.99,0.718,0.72,0.141,0.98,900,1,90,0.62,0.95,70,35,0.8156
New York,0.823,0.94,0.517,0.82,0.884,0.96,0.484,0.99,0.792,0.97,0.864,0.71,0.718,0.99,0.141,0.63,900,1,230,0.92,0.76,210,85,0.8961
Istanbul,0.823,0.94,0.517,0.98,0.884,0.94,0.484,0.89,0.792,0.84,0.864,0.71,0.718,0.91,0.141,0.58,900,1,85,0.84,0.88,65,32,0.8931
Amsterdam,0.823,0.91,0.517,0.88,0.884,0.79,0.484,0.92,0.792,0.95,0.864,0.78,0.718,0.86,0.141,0.65,900,1,175,0.96,0.68,155,65,0.8592
Paris,0.721,0.98,0.919,0.95,0.682,0.97,0.987,0.82,0.88,0.99,0.081,0.65,0.43,0.92,0.458,0.45,2600,1,180,0.95,0.82,160,70,0.9275
London,0.721,0.94,0.919,0.97,0.682,0.91,0.987,0.95,0.88,0.98,0.081,0.76,0.43,0.98,0.458,0.55,2600,1,210,0.89,0.64,190,75,0.9195
Tokyo,0.721,0.9,0.919,0.91,0.682,0.99,0.987,0.96,0.88,0.88,0.081,0.74,0.43,0.99,0.458,0.71,2600,1,165,0.91,0.79,135,60,0.9219
Barcelona,0.721,0.96,0.919,0.84,0.682,0.94,0.987,0.96,0.88,0.82,0.081,0.82,0.43,0.88,0.458,0.72,2600,1,150,0.93,0.94,130,58,0.9163
New York,0.721,0.94,0.919,0.82,0.682,0.96,0.987,0.99,0.88,0.97,0.081,0.71,0.43,0.99,0.458,0.63,2600,1,230,0.92,0.76,210,85,0.9208
Amsterdam,0.721,0.91,0.919,0.88,0.682,0.79,0.987,0.92,0.88,0.95,0.081,0.78,0.43,0.86,0.458,0.65,2600,1,175,0.96,0.68,155,65,0.8827
Dubai,0.721,0.96,0.919,0.63,0.682,0.91,0.987,0.92,0.88,0.72,0.081,0.68,0.43,0.99,0.458,0.91,2600,1,190,0.58,0.96,175,70,0.8825
Rome,0.525,0.97,0.941,0.99,0.331,0.96,0.279,0.78,0.513,0.91,0.883,0.62,0.758,0.76,0.966,0.48,1300,1,145,0.91,0.9,125,55,0.8575
Bali,0.525,0.73,0.941,0.76,0.331,0.91,0.279,0.87,0.513,0.51,0.883,0.99,0.758,0.72,0.966,0.98,1300,1,90,0.62,0.95,70,35,0.8542
Barcelona,0.525,0.96,0.941,0.84,0.331,0.94,0.279,0.96,0.513,0.82,0.883,0.82,0.758,0.88,0.966,0.72,1300,1,150,0.93,0.94,130,58,0.9025
Dubai,0.213,0.96,0.995,0.63,0.917,0.91,0.691,0.92,0.963,0.72,0.435,0.68,0.695,0.99,0.333,0.91,900,0,190,0.58,0.96,175,70,0.8188
Amsterdam,0.213,0.91,0.995,0.88,0.917,0.79,0.691,0.92,0.963,0.95,0.435,0.78,0.695,0.86,0.333,0.65,900,0,175,0.96,0.68,155,65,0.8218
New York,0.213,0.94,0.995,0.82,0.917,0.96,0.691,0.99,0.963,0.97,0.435,0.71,0.695,0.99,0.333,0.63,900,0,230,0.92,0.76,210,85,0.8903
Paris,0.213,0.98,0.995,0.95,0.917,0.97,0.691,0.82,0.963,0.99,0.435,0.65,0.695,0.92,0.333,0.45,900,0,180,0.95,0.82,160,70,0.8519
Rome,0.213,0.97,0.995,0.99,0.917,0.96,0.691,0.78,0.963,0.91,0.435,0.62,0.695,0.76,0.333,0.48,900,0,145,0.91,0.9,125,55,0.8385
Istanbul,0.604,0.94,0.422,0.98,0.788,0.94,0.349,0.89,0.119,0.84,0.887,0.71,0.981,0.91,0.41,0.58,2200,0,85,0.84,0.88,65,32,0.8266
Amsterdam,0.604,0.91,0.422,0.88,0.788,0.79,0.349,0.92,0.119,0.95,0.887,0.78,0.981,0.86,0.41,0.65,2200,0,175,0.96,0.68,155,65,0.8113
Paris,0.604,0.98,0.422,0.95,0.788,0.97,0.349,0.82,0.119,0.99,0.887,0.65,0.981,0.92,0.41,0.45,2200,0,180,0.95,0.82,160,70,0.8409
Singapore,0.604,0.91,0.422,0.72,0.788,0.98,0.349,0.85,0.119,0.79,0.887,0.94,0.981,0.97,0.41,0.79,2200,0,155,0.9,0.94,145,50,0.8878
Switzerland,0.866,0.79,0.968,0.78,0.102,0.82,0.035,0.58,0.707,0.75,0.45,0.99,0.924,0.76,0.241,0.98,700,0,240,0.88,0.78,220,90,0.8186
Barcelona,0.866,0.96,0.968,0.84,0.102,0.94,0.035,0.96,0.707,0.82,0.45,0.82,0.924,0.88,0.241,0.72,700,0,150,0.93,0.94,130,58,0.8516
Singapore,0.866,0.91,0.968,0.72,0.102,0.98,0.035,0.85,0.707,0.79,0.45,0.94,0.924,0.97,0.241,0.79,700,0,155,0.9,0.94,145,50,0.8566
Rome,0.866,0.97,0.968,0.99,0.102,0.96,0.035,0.78,0.707,0.91,0.45,0.62,0.924,0.76,0.241,0.48,700,0,145,0.91,0.9,125,55,0.8708
Dubai,0.866,0.96,0.968,0.63,0.102,0.91,0.035,0.92,0.707,0.72,0.45,0.68,0.924,0.99,0.241,0.91,700,0,190,0.58,0.96,175,70,0.8332
Tokyo,0.866,0.9,0.968,0.91,0.102,0.99,0.035,0.96,0.707,0.88,0.45,0.74,0.924,0.99,0.241,0.71,700,0,165,0.91,0.79,135,60,0.8832
Dubai,0.8,0.96,0.105,0.63,0.626,0.91,0.21,0.92,0.699,0.72,0.492,0.68,0.847,0.99,0.558,0.91,2600,0,190,0.58,0.96,175,70,0.8872
Rome,0.8,0.97,0.105,0.99,0.626,0.96,0.21,0.78,0.699,0.91,0.492,0.62,0.847,0.76,0.558,0.48,2600,0,145,0.91,0.9,125,55,0.8154
Tokyo,0.8,0.9,0.105,0.91,0.626,0.99,0.21,0.96,0.699,0.88,0.492,0.74,0.847,0.99,0.558,0.71,2600,0,165,0.91,0.79,135,60,0.8568
London,0.8,0.94,0.105,0.97,0.626,0.91,0.21,0.95,0.699,0.98,0.492,0.76,0.847,0.98,0.558,0.55,2600,0,210,0.89,0.64,190,75,0.8289
Bali,0.8,0.73,0.105,0.76,0.626,0.91,0.21,0.87,0.699,0.51,0.492,0.99,0.847,0.72,0.558,0.98,2600,0,90,0.62,0.95,70,35,0.8143
New York,0.8,0.94,0.105,0.82,0.626,0.96,0.21,0.99,0.699,0.97,0.492,0.71,0.847,0.99,0.558,0.63,2600,0,230,0.92,0.76,210,85,0.871
Bali,0.296,0.73,0.523,0.76,0.029,0.91,0.628,0.87,0.551,0.51,0.522,0.99,0.339,0.72,0.076,0.98,1100,1,90,0.62,0.95,70,35,0.8442
Paris,0.296,0.98,0.523,0.95,0.029,0.97,0.628,0.82,0.551,0.99,0.522,0.65,0.339,0.92,0.076,0.45,1100,1,180,0.95,0.82,160,70,0.9007
Tokyo,0.296,0.9,0.523,0.91,0.029,0.99,0.628,0.96,0.551,0.88,0.522,0.74,0.339,0.99,0.076,0.71,1100,1,165,0.91,0.79,135,60,0.9164
London,0.296,0.94,0.523,0.97,0.029,0.91,0.628,0.95,0.551,0.98,0.522,0.76,0.339,0.98,0.076,0.55,1100,1,210,0.89,0.64,190,75,0.8872
Dubai,0.296,0.96,0.523,0.63,0.029,0.91,0.628,0.92,0.551,0.72,0.522,0.68,0.339,0.99,0.076,0.91,1100,1,190,0.58,0.96,175,70,0.8347
New York,0.296,0.94,0.523,0.82,0.029,0.96,0.628,0.99,0.551,0.97,0.522,0.71,0.339,0.99,0.076,0.63,1100,1,230,0.92,0.76,210,85,0.8863
Istanbul,0.693,0.94,0.533,0.98,0.287,0.94,0.883,0.89,0.328,0.84,0.044,0.71,0.079,0.91,0.22,0.58,1100,1,85,0.84,0.88,65,32,0.9195
Barcelona,0.693,0.96,0.533,0.84,0.287,0.94,0.883,0.96,0.328,0.82,0.044,0.82,0.079,0.88,0.22,0.72,1100,1,150,0.93,0.94,130,58,0.9485
Amsterdam,0.693,0.91,0.533,0.88,0.287,0.79,0.883,0.92,0.328,0.95,0.044,0.78,0.079,0.86,0.22,0.65,1100,1,175,0.96,0.68,155,65,0.8767
Istanbul,0.433,0.94,0.382,0.98,0.436,0.94,0.293,0.89,0.788,0.84,0.929,0.71,0.749,0.91,0.545,0.58,1100,1,85,0.84,0.88,65,32,0.8669
Switzerland,0.433,0.79,0.382,0.78,0.436,0.82,0.293,0.58,0.788,0.75,0.929,0.99,0.749,0.76,0.545,0.98,1100,1,240,0.88,0.78,220,90,0.8581
Tokyo,0.433,0.9,0.382,0.91,0.436,0.99,0.293,0.96,0.788,0.88,0.929,0.74,0.749,0.99,0.545,0.71,1100,1,165,0.91,0.79,135,60,0.868
Barcelona,0.433,0.96,0.382,0.84,0.436,0.94,0.293,0.96,0.788,0.82,0.929,0.82,0.749,0.88,0.545,0.72,1100,1,150,0.93,0.94,130,58,0.8862
Singapore,0.433,0.91,0.382,0.72,0.436,0.98,0.293,0.85,0.788,0.79,0.929,0.94,0.749,0.97,0.545,0.79,1100,1,155,0.9,0.94,145,50,0.886
Rome,0.433,0.97,0.382,0.99,0.436,0.96,0.293,0.78,0.788,0.91,0.929,0.62,0.749,0.76,0.545,0.48,1100,1,145,0.91,0.9,125,55,0.8758
London,0.433,0.94,0.382,0.97,0.436,0.91,0.293,0.95,0.788,0.98,0.929,0.76,0.749,0.98,0.545,0.55,1100,1,210,0.89,0.64,190,75,0.8744
Switzerland,0.561,0.79,0.831,0.78,0.438,0.82,0.08,0.58,0.743,0.75,0.407,0.99,0.666,0.76,0.228,0.98,1300,1,240,0.88,0.78,220,90,0.8691
Tokyo,0.561,0.9,0.831,0.91,0.438,0.99,0.08,0.96,0.743,0.88,0.407,0.74,0.666,0.99,0.228,0.71,1300,1,165,0.91,0.79,135,60,0.892
Singapore,0.561,0.91,0.831,0.72,0.438,0.98,0.08,0.85,0.743,0.79,0.407,0.94,0.666,0.97,0.228,0.79,1300,1,155,0.9,0.94,145,50,0.9229
Amsterdam,0.561,0.91,0.831,0.88,0.438,0.79,0.08,0.92,0.743,0.95,0.407,0.78,0.666,0.86,0.228,0.65,1300,1,175,0.96,0.68,155,65,0.8622
Istanbul,0.561,0.94,0.831,0.98,0.438,0.94,0.08,0.89,0.743,0.84,0.407,0.71,0.666,0.91,0.228,0.58,1300,1,85,0.84,0.88,65,32,0.9147
Barcelona,0.839,0.96,0.5,0.84,0.714,0.94,0.037,0.96,0.255,0.82,0.213,0.82,0.531,0.88,0.706,0.72,2600,0,150,0.93,0.94,130,58,0.8767
Singapore,0.839,0.91,0.5,0.72,0.714,0.98,0.037,0.85,0.255,0.79,0.213,0.94,0.531,0.97,0.706,0.79,2600,0,155,0.9,0.94,145,50,0.8788
Amsterdam,0.839,0.91,0.5,0.88,0.714,0.79,0.037,0.92,0.255,0.95,0.213,0.78,0.531,0.86,0.706,0.65,2600,0,175,0.96,0.68,155,65,0.7935
Tokyo,0.551,0.9,0.816,0.91,0.81,0.99,0.923,0.96,0.023,0.88,0.709,0.74,0.789,0.99,0.042,0.71,1100,1,165,0.91,0.79,135,60,0.9451
London,0.551,0.94,0.816,0.97,0.81,0.91,0.923,0.95,0.023,0.98,0.709,0.76,0.789,0.98,0.042,0.55,1100,1,210,0.89,0.64,190,75,0.9186
Dubai,0.551,0.96,0.816,0.63,0.81,0.91,0.923,0.92,0.023,0.72,0.709,0.68,0.789,0.99,0.042,0.91,1100,1,190,0.58,0.96,175,70,0.8815
New York,0.551,0.94,0.816,0.82,0.81,0.96,0.923,0.99,0.023,0.97,0.709,0.71,0.789,0.99,0.042,0.63,1100,1,230,0.92,0.76,210,85,0.9341
Amsterdam,0.551,0.91,0.816,0.88,0.81,0.79,0.923,0.92,0.023,0.95,0.709,0.78,0.789,0.86,0.042,0.65,1100,1,175,0.96,0.68,155,65,0.8848
Amsterdam,0.293,0.91,0.104,0.88,0.477,0.79,0.558,0.92,0.854,0.95,0.069,0.78,0.789,0.86,0.421,0.65,1500,1,175,0.96,0.68,155,65,0.8555
New York,0.293,0.94,0.104,0.82,0.477,0.96,0.558,0.99,0.854,0.97,0.069,0.71,0.789,0.99,0.421,0.63,1500,1,230,0.92,0.76,210,85,0.9457
Dubai,0.293,0.96,0.104,0.63,0.477,0.91,0.558,0.92,0.854,0.72,0.069,0.68,0.789,0.99,0.421,0.91,1500,1,190,0.58,0.96,175,70,0.8681
Tokyo,0.293,0.9,0.104,0.91,0.477,0.99,0.558,0.96,0.854,0.88,0.069,0.74,0.789,0.99,0.421,0.71,1500,1,165,0.91,0.79,135,60,0.9254
Bali,0.293,0.73,0.104,0.76,0.477,0.91,0.558,0.87,0.854,0.51,0.069,0.99,0.789,0.72,0.421,0.98,1500,1,90,0.62,0.95,70,35,0.8308
London,0.293,0.94,0.104,0.97,0.477,0.91,0.558,0.95,0.854,0.98,0.069,0.76,0.789,0.98,0.421,0.55,1500,1,210,0.89,0.64,190,75,0.9097
Singapore,0.431,0.91,0.746,0.72,0.207,0.98,0.712,0.85,0.624,0.79,0.071,0.94,0.69,0.97,0.283,0.79,1800,1,155,0.9,0.94,145,50,0.9014
Istanbul,0.431,0.94,0.746,0.98,0.207,0.94,0.712,0.89,0.624,0.84,0.071,0.71,0.69,0.91,0.283,0.58,1800,1,85,0.84,0.88,65,32,0.8911
Paris,0.431,0.98,0.746,0.95,0.207,0.97,0.712,0.82,0.624,0.99,0.071,0.65,0.69,0.92,0.283,0.45,1800,1,180,0.95,0.82,160,70,0.9003
Bali,0.431,0.73,0.746,0.76,0.207,0.91,0.712,0.87,0.624,0.51,0.071,0.99,0.69,0.72,0.283,0.98,1800,1,90,0.62,0.95,70,35,0.8286
Dubai,0.431,0.96,0.746,0.63,0.207,0.91,0.712,0.92,0.624,0.72,0.071,0.68,0.69,0.99,0.283,0.91,1800,1,190,0.58,0.96,175,70,0.8674
Rome,0.431,0.97,0.746,0.99,0.207,0.96,0.712,0.78,0.624,0.91,0.071,0.62,0.69,0.76,0.283,0.48,1800,1,145,0.91,0.9,125,55,0.8773
Switzerland,0.431,0.79,0.746,0.78,0.207,0.82,0.712,0.58,0.624,0.75,0.071,0.99,0.69,0.76,0.283,0.98,1800,1,240,0.88,0.78,220,90,0.8025
New York,0.275,0.94,0.488,0.82,0.024,0.96,0.555,0.99,0.323,0.97,0.059,0.71,0.129,0.99,0.718,0.63,1300,0,230,0.92,0.76,210,85,0.8138
Paris,0.275,0.98,0.488,0.95,0.024,0.97,0.555,0.82,0.323,0.99,0.059,0.65,0.129,0.92,0.718,0.45,1300,0,180,0.95,0.82,160,70,0.7876
Rome,0.275,0.97,0.488,0.99,0.024,0.96,0.555,0.78,0.323,0.91,0.059,0.62,0.129,0.76,0.718,0.48,1300,0,145,0.91,0.9,125,55,0.7946
Amsterdam,0.275,0.91,0.488,0.88,0.024,0.79,0.555,0.92,0.323,0.95,0.059,0.78,0.129,0.86,0.718,0.65,1300,0,175,0.96,0.68,155,65,0.8198
Singapore,0.275,0.91,0.488,0.72,0.024,0.98,0.555,0.85,0.323,0.79,0.059,0.94,0.129,0.97,0.718,0.79,1300,0,155,0.9,0.94,145,50,0.8117
Switzerland,0.275,0.79,0.488,0.78,0.024,0.82,0.555,0.58,0.323,0.75,0.059,0.99,0.129,0.76,0.718,0.98,1300,0,240,0.88,0.78,220,90,0.8241
Istanbul,0.275,0.94,0.488,0.98,0.024,0.94,0.555,0.89,0.323,0.84,0.059,0.71,0.129,0.91,0.718,0.58,1300,0,85,0.84,0.88,65,32,0.8306
Singapore,0.998,0.91,0.038,0.72,0.674,0.98,0.947,0.85,0.366,0.79,0.218,0.94,0.457,0.97,0.838,0.79,1300,1,155,0.9,0.94,145,50,0.9137
Paris,0.998,0.98,0.038,0.95,0.674,0.97,0.947,0.82,0.366,0.99,0.218,0.65,0.457,0.92,0.838,0.45,1300,1,180,0.95,0.82,160,70,0.8705
Barcelona,0.998,0.96,0.038,0.84,0.674,0.94,0.947,0.96,0.366,0.82,0.218,0.82,0.457,0.88,0.838,0.72,1300,1,150,0.93,0.94,130,58,0.9433
Istanbul,0.998,0.94,0.038,0.98,0.674,0.94,0.947,0.89,0.366,0.84,0.218,0.71,0.457,0.91,0.838,0.58,1300,1,85,0.84,0.88,65,32,0.898
New York,0.998,0.94,0.038,0.82,0.674,0.96,0.947,0.99,0.366,0.97,0.218,0.71,0.457,0.99,0.838,0.63,1300,1,230,0.92,0.76,210,85,0.8962
Rome,0.998,0.97,0.038,0.99,0.674,0.96,0.947,0.78,0.366,0.91,0.218,0.62,0.457,0.76,0.838,0.48,1300,1,145,0.91,0.9,125,55,0.855
Tokyo,0.621,0.9,0.463,0.91,0.917,0.99,0.668,0.96,0.296,0.88,0.961,0.74,0.341,0.99,0.343,0.71,1800,1,165,0.91,0.79,135,60,0.9107
Istanbul,0.621,0.94,0.463,0.98,0.917,0.94,0.668,0.89,0.296,0.84,0.961,0.71,0.341,0.91,0.343,0.58,1800,1,85,0.84,0.88,65,32,0.8784
Amsterdam,0.621,0.91,0.463,0.88,0.917,0.79,0.668,0.92,0.296,0.95,0.961,0.78,0.341,0.86,0.343,0.65,1800,1,175,0.96,0.68,155,65,0.8694
Barcelona,0.632,0.96,0.443,0.84,0.3,0.94,0.365,0.96,0.89,0.82,0.84,0.82,0.898,0.88,0.559,0.72,1800,0,150,0.93,0.94,130,58,0.8803
Switzerland,0.632,0.79,0.443,0.78,0.3,0.82,0.365,0.58,0.89,0.75,0.84,0.99,0.898,0.76,0.559,0.98,1800,0,240,0.88,0.78,220,90,0.8387
Tokyo,0.632,0.9,0.443,0.91,0.3,0.99,0.365,0.96,0.89,0.88,0.84,0.74,0.898,0.99,0.559,0.71,1800,0,165,0.91,0.79,135,60,0.8675
Istanbul,0.632,0.94,0.443,0.98,0.3,0.94,0.365,0.89,0.89,0.84,0.84,0.71,0.898,0.91,0.559,0.58,1800,0,85,0.84,0.88,65,32,0.847
Paris,0.632,0.98,0.443,0.95,0.3,0.97,0.365,0.82,0.89,0.99,0.84,0.65,0.898,0.92,0.559,0.45,1800,0,180,0.95,0.82,160,70,0.8356
Istanbul,0.775,0.94,0.074,0.98,0.65,0.94,0.096,0.89,0.067,0.84,0.629,0.71,0.185,0.91,0.299,0.58,1800,1,85,0.84,0.88,65,32,0.8936
London,0.775,0.94,0.074,0.97,0.65,0.91,0.096,0.95,0.067,0.98,0.629,0.76,0.185,0.98,0.299,0.55,1800,1,210,0.89,0.64,190,75,0.843
Tokyo,0.775,0.9,0.074,0.91,0.65,0.99,0.096,0.96,0.067,0.88,0.629,0.74,0.185,0.99,0.299,0.71,1800,1,165,0.91,0.79,135,60,0.9087
Barcelona,0.775,0.96,0.074,0.84,0.65,0.94,0.096,0.96,0.067,0.82,0.629,0.82,0.185,0.88,0.299,0.72,1800,1,150,0.93,0.94,130,58,0.9003
Paris,0.775,0.98,0.074,0.95,0.65,0.97,0.096,0.82,0.067,0.99,0.629,0.65,0.185,0.92,0.299,0.45,1800,1,180,0.95,0.82,160,70,0.8849
Istanbul,0.765,0.94,0.882,0.98,0.463,0.94,0.026,0.89,0.731,0.84,0.547,0.71,0.3,0.91,0.057,0.58,1800,0,85,0.84,0.88,65,32,0.89
Rome,0.765,0.97,0.882,0.99,0.463,0.96,0.026,0.78,0.731,0.91,0.547,0.62,0.3,0.76,0.057,0.48,1800,0,145,0.91,0.9,125,55,0.8607
Barcelona,0.765,0.96,0.882,0.84,0.463,0.94,0.026,0.96,0.731,0.82,0.547,0.82,0.3,0.88,0.057,0.72,1800,0,150,0.93,0.94,130,58,0.8791
London,0.765,0.94,0.882,0.97,0.463,0.91,0.026,0.95,0.731,0.98,0.547,0.76,0.3,0.98,0.057,0.55,1800,0,210,0.89,0.64,190,75,0.851
Istanbul,0.2,0.94,0.773,0.98,0.234,0.94,0.644,0.89,0.794,0.84,0.022,0.71,0.251,0.91,0.176,0.58,900,0,85,0.84,0.88,65,32,0.8752
Switzerland,0.2,0.79,0.773,0.78,0.234,0.82,0.644,0.58,0.794,0.75,0.022,0.99,0.251,0.76,0.176,0.98,900,0,240,0.88,0.78,220,90,0.7795
Barcelona,0.2,0.96,0.773,0.84,0.234,0.94,0.644,0.96,0.794,0.82,0.022,0.82,0.251,0.88,0.176,0.72,900,0,150,0.93,0.94,130,58,0.8449
Tokyo,0.2,0.9,0.773,0.91,0.234,0.99,0.644,0.96,0.794,0.88,0.022,0.74,0.251,0.99,0.176,0.71,900,0,165,0.91,0.79,135,60,0.8526
Singapore,0.2,0.91,0.773,0.72,0.234,0.98,0.644,0.85,0.794,0.79,0.022,0.94,0.251,0.97,0.176,0.79,900,0,155,0.9,0.94,145,50,0.8589
Amsterdam,0.478,0.91,0.913,0.88,0.089,0.79,0.8,0.92,0.655,0.95,0.904,0.78,0.325,0.86,0.407,0.65,900,0,175,0.96,0.68,155,65,0.8201
London,0.478,0.94,0.913,0.97,0.089,0.91,0.8,0.95,0.655,0.98,0.904,0.76,0.325,0.98,0.407,0.55,900,0,210,0.89,0.64,190,75,0.8454
Istanbul,0.478,0.94,0.913,0.98,0.089,0.94,0.8,0.89,0.655,0.84,0.904,0.71,0.325,0.91,0.407,0.58,900,0,85,0.84,0.88,65,32,0.8385
London,0.069,0.94,0.214,0.97,0.767,0.91,0.623,0.95,0.692,0.98,0.892,0.76,0.428,0.98,0.416,0.55,1100,1,210,0.89,0.64,190,75,0.8573
Barcelona,0.069,0.96,0.214,0.84,0.767,0.94,0.623,0.96,0.692,0.82,0.892,0.82,0.428,0.88,0.416,0.72,1100,1,150,0.93,0.94,130,58,0.9186
Rome,0.069,0.97,0.214,0.99,0.767,0.96,0.623,0.78,0.692,0.91,0.892,0.62,0.428,0.76,0.416,0.48,1100,1,145,0.91,0.9,125,55,0.8564
Bali,0.069,0.73,0.214,0.76,0.767,0.91,0.623,0.87,0.692,0.51,0.892,0.99,0.428,0.72,0.416,0.98,1100,1,90,0.62,0.95,70,35,0.8743
Dubai,0.708,0.96,0.503,0.63,0.994,0.91,0.039,0.92,0.29,0.72,0.859,0.68,0.56,0.99,0.163,0.91,700,0,190,0.58,0.96,175,70,0.8272
Switzerland,0.708,0.79,0.503,0.78,0.994,0.82,0.039,0.58,0.29,0.75,0.859,0.99,0.56,0.76,0.163,0.98,700,0,240,0.88,0.78,220,90,0.8335
Istanbul,0.708,0.94,0.503,0.98,0.994,0.94,0.039,0.89,0.29,0.84,0.859,0.71,0.56,0.91,0.163,0.58,700,0,85,0.84,0.88,65,32,0.8694
London,0.708,0.94,0.503,0.97,0.994,0.91,0.039,0.95,0.29,0.98,0.859,0.76,0.56,0.98,0.163,0.55,700,0,210,0.89,0.64,190,75,0.8675
Tokyo,0.708,0.9,0.503,0.91,0.994,0.99,0.039,0.96,0.29,0.88,0.859,0.74,0.56,0.99,0.163,0.71,700,0,165,0.91,0.79,135,60,0.8419
Rome,0.708,0.97,0.503,0.99,0.994,0.96,0.039,0.78,0.29,0.91,0.859,0.62,0.56,0.76,0.163,0.48,700,0,145,0.91,0.9,125,55,0.8285
Bali,0.708,0.73,0.503,0.76,0.994,0.91,0.039,0.87,0.29,0.51,0.859,0.99,0.56,0.72,0.163,0.98,700,0,90,0.62,0.95,70,35,0.849
London,0.192,0.94,0.393,0.97,0.562,0.91,0.817,0.95,0.207,0.98,0.442,0.76,0.152,0.98,0.76,0.55,2200,1,210,0.89,0.64,190,75,0.8352
Rome,0.192,0.97,0.393,0.99,0.562,0.96,0.817,0.78,0.207,0.91,0.442,0.62,0.152,0.76,0.76,0.48,2200,1,145,0.91,0.9,125,55,0.8576
Singapore,0.192,0.91,0.393,0.72,0.562,0.98,0.817,0.85,0.207,0.79,0.442,0.94,0.152,0.97,0.76,0.79,2200,1,155,0.9,0.94,145,50,0.8856
Istanbul,0.548,0.94,0.563,0.98,0.618,0.94,0.888,0.89,0.793,0.84,0.479,0.71,0.036,0.91,0.813,0.58,700,0,85,0.84,0.88,65,32,0.8512
Amsterdam,0.548,0.91,0.563,0.88,0.618,0.79,0.888,0.92,0.793,0.95,0.479,0.78,0.036,0.86,0.813,0.65,700,0,175,0.96,0.68,155,65,0.847
Barcelona,0.548,0.96,0.563,0.84,0.618,0.94,0.888,0.96,0.793,0.82,0.479,0.82,0.036,0.88,0.813,0.72,700,0,150,0.93,0.94,130,58,0.8509
Paris,0.548,0.98,0.563,0.95,0.618,0.97,0.888,0.82,0.793,0.99,0.479,0.65,0.036,0.92,0.813,0.45,700,0,180,0.95,0.82,160,70,0.8402
Istanbul,0.592,0.94,0.43,0.98,0.958,0.94,0.077,0.89,0.894,0.84,0.475,0.71,0.391,0.91,0.058,0.58,2600,1,85,0.84,0.88,65,32,0.8886
Barcelona,0.592,0.96,0.43,0.84,0.958,0.94,0.077,0.96,0.894,0.82,0.475,0.82,0.391,0.88,0.058,0.72,2600,1,150,0.93,0.94,130,58,0.9316
Tokyo,0.592,0.9,0.43,0.91,0.958,0.99,0.077,0.96,0.894,0.88,0.475,0.74,0.391,0.99,0.058,0.71,2600,1,165,0.91,0.79,135,60,0.9267
Singapore,0.592,0.91,0.43,0.72,0.958,0.98,0.077,0.85,0.894,0.79,0.475,0.94,0.391,0.97,0.058,0.79,2600,1,155,0.9,0.94,145,50,0.9006
Switzerland,0.592,0.79,0.43,0.78,0.958,0.82,0.077,0.58,0.894,0.75,0.475,0.99,0.391,0.76,0.058,0.98,2600,1,240,0.88,0.78,220,90,0.8451
Paris,0.835,0.98,0.662,0.95,0.96,0.97,0.504,0.82,0.077,0.99,0.652,0.65,0.853,0.92,0.744,0.45,700,1,180,0.95,0.82,160,70,0.8738
Amsterdam,0.835,0.91,0.662,0.88,0.96,0.79,0.504,0.92,0.077,0.95,0.652,0.78,0.853,0.86,0.744,0.65,700,1,175,0.96,0.68,155,65,0.8777
Bali,0.835,0.73,0.662,0.76,0.96,0.91,0.504,0.87,0.077,0.51,0.652,0.99,0.853,0.72,0.744,0.98,700,1,90,0.62,0.95,70,35,0.8385
Dubai,0.835,0.96,0.662,0.63,0.96,0.91,0.504,0.92,0.077,0.72,0.652,0.68,0.853,0.99,0.744,0.91,700,1,190,0.58,0.96,175,70,0.8656
Switzerland,0.835,0.79,0.662,0.78,0.96,0.82,0.504,0.58,0.077,0.75,0.652,0.99,0.853,0.76,0.744,0.98,700,1,240,0.88,0.78,220,90,0.8635
Istanbul,0.835,0.94,0.662,0.98,0.96,0.94,0.504,0.89,0.077,0.84,0.652,0.71,0.853,0.91,0.744,0.58,700,1,85,0.84,0.88,65,32,0.8801
Singapore,0.597,0.91,0.837,0.72,0.397,0.98,0.686,0.85,0.246,0.79,0.716,0.94,0.987,0.97,0.248,0.79,2600,0,155,0.9,0.94,145,50,0.8719
Rome,0.597,0.97,0.837,0.99,0.397,0.96,0.686,0.78,0.246,0.91,0.716,0.62,0.987,0.76,0.248,0.48,2600,0,145,0.91,0.9,125,55,0.8069
Tokyo,0.597,0.9,0.837,0.91,0.397,0.99,0.686,0.96,0.246,0.88,0.716,0.74,0.987,0.99,0.248,0.71,2600,0,165,0.91,0.79,135,60,0.8463
New York,0.495,0.94,0.913,0.82,0.274,0.96,0.049,0.99,0.421,0.97,0.25,0.71,0.216,0.99,0.215,0.63,700,1,230,0.92,0.76,210,85,0.8953
Singapore,0.495,0.91,0.913,0.72,0.274,0.98,0.049,0.85,0.421,0.79,0.25,0.94,0.216,0.97,0.215,0.79,700,1,155,0.9,0.94,145,50,0.8924
London,0.495,0.94,0.913,0.97,0.274,0.91,0.049,0.95,0.421,0.98,0.25,0.76,0.216,0.98,0.215,0.55,700,1,210,0.89,0.64,190,75,0.8864
Bali,0.495,0.73,0.913,0.76,0.274,0.91,0.049,0.87,0.421,0.51,0.25,0.99,0.216,0.72,0.215,0.98,700,1,90,0.62,0.95,70,35,0.8095
Amsterdam,0.495,0.91,0.913,0.88,0.274,0.79,0.049,0.92,0.421,0.95,0.25,0.78,0.216,0.86,0.215,0.65,700,1,175,0.96,0.68,155,65,0.8915
Tokyo,0.841,0.9,0.493,0.91,0.142,0.99,0.851,0.96,0.325,0.88,0.542,0.74,0.692,0.99,0.686,0.71,1800,1,165,0.91,0.79,135,60,0.9119
Rome,0.841,0.97,0.493,0.99,0.142,0.96,0.851,0.78,0.325,0.91,0.542,0.62,0.692,0.76,0.686,0.48,1800,1,145,0.91,0.9,125,55,0.8754
Amsterdam,0.841,0.91,0.493,0.88,0.142,0.79,0.851,0.92,0.325,0.95,0.542,0.78,0.692,0.86,0.686,0.65,1800,1,175,0.96,0.68,155,65,0.8924
Switzerland,0.841,0.79,0.493,0.78,0.142,0.82,0.851,0.58,0.325,0.75,0.542,0.99,0.692,0.76,0.686,0.98,1800,1,240,0.88,0.78,220,90,0.8443
Dubai,0.841,0.96,0.493,0.63,0.142,0.91,0.851,0.92,0.325,0.72,0.542,0.68,0.692,0.99,0.686,0.91,1800,1,190,0.58,0.96,175,70,0.8546
New York,0.751,0.94,0.428,0.82,0.543,0.96,0.909,0.99,0.548,0.97,0.489,0.71,0.396,0.99,0.563,0.63,1300,0,230,0.92,0.76,210,85,0.8679
Paris,0.751,0.98,0.428,0.95,0.543,0.97,0.909,0.82,0.548,0.99,0.489,0.65,0.396,0.92,0.563,0.45,1300,0,180,0.95,0.82,160,70,0.8323
Switzerland,0.751,0.79,0.428,0.78,0.543,0.82,0.909,0.58,0.548,0.75,0.489,0.99,0.396,0.76,0.563,0.98,1300,0,240,0.88,0.78,220,90,0.7979
London,0.751,0.94,0.428,0.97,0.543,0.91,0.909,0.95,0.548,0.98,0.489,0.76,0.396,0.98,0.563,0.55,1300,0,210,0.89,0.64,190,75,0.8447
Dubai,0.413,0.96,0.899,0.63,0.273,0.91,0.431,0.92,0.48,0.72,0.712,0.68,0.098,0.99,0.231,0.91,900,0,190,0.58,0.96,175,70,0.8095
Amsterdam,0.413,0.91,0.899,0.88,0.273,0.79,0.431,0.92,0.48,0.95,0.712,0.78,0.098,0.86,0.231,0.65,900,0,175,0.96,0.68,155,65,0.8234
Rome,0.413,0.97,0.899,0.99,0.273,0.96,0.431,0.78,0.48,0.91,0.712,0.62,0.098,0.76,0.231,0.48,900,0,145,0.91,0.9,125,55,0.8243
Singapore,0.442,0.91,0.4,0.72,0.122,0.98,0.358,0.85,0.302,0.79,0.513,0.94,0.111,0.97,0.776,0.79,1500,0,155,0.9,0.94,145,50,0.8616
Barcelona,0.442,0.96,0.4,0.84,0.122,0.94,0.358,0.96,0.302,0.82,0.513,0.82,0.111,0.88,0.776,0.72,1500,0,150,0.93,0.94,130,58,0.8588
New York,0.442,0.94,0.4,0.82,0.122,0.96,0.358,0.99,0.302,0.97,0.513,0.71,0.111,0.99,0.776,0.63,1500,0,230,0.92,0.76,210,85,0.8359
Rome,0.442,0.97,0.4,0.99,0.122,0.96,0.358,0.78,0.302,0.91,0.513,0.62,0.111,0.76,0.776,0.48,1500,0,145,0.91,0.9,125,55,0.7692
London,0.442,0.94,0.4,0.97,0.122,0.91,0.358,0.95,0.302,0.98,0.513,0.76,0.111,0.98,0.776,0.55,1500,0,210,0.89,0.64,190,75,0.8072
Tokyo,0.118,0.9,0.307,0.91,0.917,0.99,0.86,0.96,0.877,0.88,0.076,0.74,0.516,0.99,0.166,0.71,700,1,165,0.91,0.79,135,60,0.9496
Switzerland,0.118,0.79,0.307,0.78,0.917,0.82,0.86,0.58,0.877,0.75,0.076,0.99,0.516,0.76,0.166,0.98,700,1,240,0.88,0.78,220,90,0.7988
London,0.118,0.94,0.307,0.97,0.917,0.91,0.86,0.95,0.877,0.98,0.076,0.76,0.516,0.98,0.166,0.55,700,1,210,0.89,0.64,190,75,0.9068
Dubai,0.118,0.96,0.307,0.63,0.917,0.91,0.86,0.92,0.877,0.72,0.076,0.68,0.516,0.99,0.166,0.91,700,1,190,0.58,0.96,175,70,0.89
Istanbul,0.118,0.94,0.307,0.98,0.917,0.94,0.86,0.89,0.877,0.84,0.076,0.71,0.516,0.91,0.166,0.58,700,1,85,0.84,0.88,65,32,0.897
Switzerland,0.753,0.79,0.925,0.78,0.943,0.82,0.971,0.58,0.992,0.75,0.5,0.99,0.09,0.76,0.267,0.98,700,0,240,0.88,0.78,220,90,0.8109
London,0.753,0.94,0.925,0.97,0.943,0.91,0.971,0.95,0.992,0.98,0.5,0.76,0.09,0.98,0.267,0.55,700,0,210,0.89,0.64,190,75,0.8551
Tokyo,0.753,0.9,0.925,0.91,0.943,0.99,0.971,0.96,0.992,0.88,0.5,0.74,0.09,0.99,0.267,0.71,700,0,165,0.91,0.79,135,60,0.8656
Istanbul,0.753,0.94,0.925,0.98,0.943,0.94,0.971,0.89,0.992,0.84,0.5,0.71,0.09,0.91,0.267,0.58,700,0,85,0.84,0.88,65,32,0.8624
Bali,0.753,0.73,0.925,0.76,0.943,0.91,0.971,0.87,0.992,0.51,0.5,0.99,0.09,0.72,0.267,0.98,700,0,90,0.62,0.95,70,35,0.7927
Singapore,0.992,0.91,0.851,0.72,0.093,0.98,0.955,0.85,0.644,0.79,0.138,0.94,0.497,0.97,0.15,0.79,1300,1,155,0.9,0.94,145,50,0.8865
London,0.992,0.94,0.851,0.97,0.093,0.91,0.955,0.95,0.644,0.98,0.138,0.76,0.497,0.98,0.15,0.55,1300,1,210,0.89,0.64,190,75,0.9178
Barcelona,0.992,0.96,0.851,0.84,0.093,0.94,0.955,0.96,0.644,0.82,0.138,0.82,0.497,0.88,0.15,0.72,1300,1,150,0.93,0.94,130,58,0.9246
Rome,0.992,0.97,0.851,0.99,0.093,0.96,0.955,0.78,0.644,0.91,0.138,0.62,0.497,0.76,0.15,0.48,1300,1,145,0.91,0.9,125,55,0.9112
Istanbul,0.992,0.94,0.851,0.98,0.093,0.94,0.955,0.89,0.644,0.84,0.138,0.71,0.497,0.91,0.15,0.58,1300,1,85,0.84,0.88,65,32,0.9299
Tokyo,0.992,0.9,0.851,0.91,0.093,0.99,0.955,0.96,0.644,0.88,0.138,0.74,0.497,0.99,0.15,0.71,1300,1,165,0.91,0.79,135,60,0.9398
New York,0.992,0.94,0.851,0.82,0.093,0.96,0.955,0.99,0.644,0.97,0.138,0.71,0.497,0.99,0.15,0.63,1300,1,230,0.92,0.76,210,85,0.9112
Rome,0.679,0.97,0.451,0.99,0.98,0.96,0.585,0.78,0.259,0.91,0.781,0.62,0.605,0.76,0.085,0.48,1800,0,145,0.91,0.9,125,55,0.8318
Istanbul,0.679,0.94,0.451,0.98,0.98,0.94,0.585,0.89,0.259,0.84,0.781,0.71,0.605,0.91,0.085,0.58,1800,0,85,0.84,0.88,65,32,0.8818
Amsterdam,0.679,0.91,0.451,0.88,0.98,0.79,0.585,0.92,0.259,0.95,0.781,0.78,0.605,0.86,0.085,0.65,1800,0,175,0.96,0.68,155,65,0.834
Dubai,0.679,0.96,0.451,0.63,0.98,0.91,0.585,0.92,0.259,0.72,0.781,0.68,0.605,0.99,0.085,0.91,1800,0,190,0.58,0.96,175,70,0.8589
London,0.679,0.94,0.451,0.97,0.98,0.91,0.585,0.95,0.259,0.98,0.781,0.76,0.605,0.98,0.085,0.55,1800,0,210,0.89,0.64,190,75,0.8422
New York,0.679,0.94,0.451,0.82,0.98,0.96,0.585,0.99,0.259,0.97,0.781,0.71,0.605,0.99,0.085,0.63,1800,0,230,0.92,0.76,210,85,0.8788
Paris,0.679,0.98,0.451,0.95,0.98,0.97,0.585,0.82,0.259,0.99,0.781,0.65,0.605,0.92,0.085,0.45,1800,0,180,0.95,0.82,160,70,0.8572
Bali,0.463,0.73,0.016,0.76,0.42,0.91,0.81,0.87,0.928,0.51,0.331,0.99,0.661,0.72,0.335,0.98,900,1,90,0.62,0.95,70,35,0.8231
Tokyo,0.463,0.9,0.016,0.91,0.42,0.99,0.81,0.96,0.928,0.88,0.331,0.74,0.661,0.99,0.335,0.71,900,1,165,0.91,0.79,135,60,0.906
London,0.463,0.94,0.016,0.97,0.42,0.91,0.81,0.95,0.928,0.98,0.331,0.76,0.661,0.98,0.335,0.55,900,1,210,0.89,0.64,190,75,0.901
Istanbul,0.463,0.94,0.016,0.98,0.42,0.94,0.81,0.89,0.928,0.84,0.331,0.71,0.661,0.91,0.335,0.58,900,1,85,0.84,0.88,65,32,0.8728
Paris,0.835,0.98,0.981,0.95,0.752,0.97,0.476,0.82,0.695,0.99,0.969,0.65,0.845,0.92,0.13,0.45,1800,0,180,0.95,0.82,160,70,0.8476
Istanbul,0.835,0.94,0.981,0.98,0.752,0.94,0.476,0.89,0.695,0.84,0.969,0.71,0.845,0.91,0.13,0.58,1800,0,85,0.84,0.88,65,32,0.8554
Rome,0.835,0.97,0.981,0.99,0.752,0.96,0.476,0.78,0.695,0.91,0.969,0.62,0.845,0.76,0.13,0.48,1800,0,145,0.91,0.9,125,55,0.8521
Dubai,0.835,0.96,0.981,0.63,0.752,0.91,0.476,0.92,0.695,0.72,0.969,0.68,0.845,0.99,0.13,0.91,1800,0,190,0.58,0.96,175,70,0.8517
Bali,0.835,0.73,0.981,0.76,0.752,0.91,0.476,0.87,0.695,0.51,0.969,0.99,0.845,0.72,0.13,0.98,1800,0,90,0.62,0.95,70,35,0.8303
Tokyo,0.835,0.9,0.981,0.91,0.752,0.99,0.476,0.96,0.695,0.88,0.969,0.74,0.845,0.99,0.13,0.71,1800,0,165,0.91,0.79,135,60,0.8587
Amsterdam,0.835,0.91,0.981,0.88,0.752,0.79,0.476,0.92,0.695,0.95,0.969,0.78,0.845,0.86,0.13,0.65,1800,0,175,0.96,0.68,155,65,0.8177
Paris,0.313,0.98,0.118,0.95,0.409,0.97,0.213,0.82,0.228,0.99,0.162,0.65,0.278,0.92,0.732,0.45,2600,0,180,0.95,0.82,160,70,0.7739
Rome,0.313,0.97,0.118,0.99,0.409,0.96,0.213,0.78,0.228,0.91,0.162,0.62,0.278,0.76,0.732,0.48,2600,0,145,0.91,0.9,125,55,0.7953
Singapore,0.313,0.91,0.118,0.72,0.409,0.98,0.213,0.85,0.228,0.79,0.162,0.94,0.278,0.97,0.732,0.79,2600,0,155,0.9,0.94,145,50,0.8878
London,0.125,0.94,0.712,0.97,0.284,0.91,0.656,0.95,0.448,0.98,0.952,0.76,0.738,0.98,0.239,0.55,1500,1,210,0.89,0.64,190,75,0.881
Rome,0.125,0.97,0.712,0.99,0.284,0.96,0.656,0.78,0.448,0.91,0.952,0.62,0.738,0.76,0.239,0.48,1500,1,145,0.91,0.9,125,55,0.8378
Istanbul,0.125,0.94,0.712,0.98,0.284,0.94,0.656,0.89,0.448,0.84,0.952,0.71,0.738,0.91,0.239,0.58,1500,1,85,0.84,0.88,65,32,0.9065
Barcelona,0.125,0.96,0.712,0.84,0.284,0.94,0.656,0.96,0.448,0.82,0.952,0.82,0.738,0.88,0.239,0.72,1500,1,150,0.93,0.94,130,58,0.9204
Amsterdam,0.125,0.91,0.712,0.88,0.284,0.79,0.656,0.92,0.448,0.95,0.952,0.78,0.738,0.86,0.239,0.65,1500,1,175,0.96,0.68,155,65,0.8754
New York,0.125,0.94,0.712,0.82,0.284,0.96,0.656,0.99,0.448,0.97,0.952,0.71,0.738,0.99,0.239,0.63,1500,1,230,0.92,0.76,210,85,0.8972
Tokyo,0.125,0.9,0.712,0.91,0.284,0.99,0.656,0.96,0.448,0.88,0.952,0.74,0.738,0.99,0.239,0.71,1500,1,165,0.91,0.79,135,60,0.8993
Tokyo,0.675,0.9,0.81,0.91,0.713,0.99,0.859,0.96,0.658,0.88,0.574,0.74,0.555,0.99,0.66,0.71,700,0,165,0.91,0.79,135,60,0.8792
Dubai,0.675,0.96,0.81,0.63,0.713,0.91,0.859,0.92,0.658,0.72,0.574,0.68,0.555,0.99,0.66,0.91,700,0,190,0.58,0.96,175,70,0.8408
London,0.675,0.94,0.81,0.97,0.713,0.91,0.859,0.95,0.658,0.98,0.574,0.76,0.555,0.98,0.66,0.55,700,0,210,0.89,0.64,190,75,0.8482
Singapore,0.675,0.91,0.81,0.72,0.713,0.98,0.859,0.85,0.658,0.79,0.574,0.94,0.555,0.97,0.66,0.79,700,0,155,0.9,0.94,145,50,0.8805
New York,0.675,0.94,0.81,0.82,0.713,0.96,0.859,0.99,0.658,0.97,0.574,0.71,0.555,0.99,0.66,0.63,700,0,230,0.92,0.76,210,85,0.8656
Paris,0.675,0.98,0.81,0.95,0.713,0.97,0.859,0.82,0.658,0.99,0.574,0.65,0.555,0.92,0.66,0.45,700,0,180,0.95,0.82,160,70,0.8181
Rome,0.525,0.97,0.988,0.99,0.469,0.96,0.038,0.78,0.89,0.91,0.79,0.62,0.278,0.76,0.932,0.48,700,1,145,0.91,0.9,125,55,0.8486
Istanbul,0.525,0.94,0.988,0.98,0.469,0.94,0.038,0.89,0.89,0.84,0.79,0.71,0.278,0.91,0.932,0.58,700,1,85,0.84,0.88,65,32,0.8596
Dubai,0.525,0.96,0.988,0.63,0.469,0.91,0.038,0.92,0.89,0.72,0.79,0.68,0.278,0.99,0.932,0.91,700,1,190,0.58,0.96,175,70,0.8368
Switzerland,0.525,0.79,0.988,0.78,0.469,0.82,0.038,0.58,0.89,0.75,0.79,0.99,0.278,0.76,0.932,0.98,700,1,240,0.88,0.78,220,90,0.8985
New York,0.525,0.94,0.988,0.82,0.469,0.96,0.038,0.99,0.89,0.97,0.79,0.71,0.278,0.99,0.932,0.63,700,1,230,0.92,0.76,210,85,0.8913
Barcelona,0.525,0.96,0.988,0.84,0.469,0.94,0.038,0.96,0.89,0.82,0.79,0.82,0.278,0.88,0.932,0.72,700,1,150,0.93,0.94,130,58,0.9064
Amsterdam,0.525,0.91,0.988,0.88,0.469,0.79,0.038,0.92,0.89,0.95,0.79,0.78,0.278,0.86,0.932,0.65,700,1,175,0.96,0.68,155,65,0.8471
Singapore,0.758,0.91,0.457,0.72,0.8,0.98,0.172,0.85,0.767,0.79,0.873,0.94,0.489,0.97,0.96,0.79,1800,0,155,0.9,0.94,145,50,0.871
Switzerland,0.758,0.79,0.457,0.78,0.8,0.82,0.172,0.58,0.767,0.75,0.873,0.99,0.489,0.76,0.96,0.98,1800,0,240,0.88,0.78,220,90,0.8525
Istanbul,0.758,0.94,0.457,0.98,0.8,0.94,0.172,0.89,0.767,0.84,0.873,0.71,0.489,0.91,0.96,0.58,1800,0,85,0.84,0.88,65,32,0.842
London,0.758,0.94,0.457,0.97,0.8,0.91,0.172,0.95,0.767,0.98,0.873,0.76,0.489,0.98,0.96,0.55,1800,0,210,0.89,0.64,190,75,0.8202
Dubai,0.057,0.96,0.56,0.63,0.887,0.91,0.633,0.92,0.341,0.72,0.173,0.68,0.931,0.99,0.157,0.91,700,0,190,0.58,0.96,175,70,0.8692
Singapore,0.057,0.91,0.56,0.72,0.887,0.98,0.633,0.85,0.341,0.79,0.173,0.94,0.931,0.97,0.157,0.79,700,0,155,0.9,0.94,145,50,0.8853
Bali,0.057,0.73,0.56,0.76,0.887,0.91,0.633,0.87,0.341,0.51,0.173,0.99,0.931,0.72,0.157,0.98,700,0,90,0.62,0.95,70,35,0.8211
Paris,0.057,0.98,0.56,0.95,0.887,0.97,0.633,0.82,0.341,0.99,0.173,0.65,0.931,0.92,0.157,0.45,700,0,180,0.95,0.82,160,70,0.8447
Dubai,0.541,0.96,0.361,0.63,0.719,0.91,0.203,0.92,0.993,0.72,0.829,0.68,0.647,0.99,0.361,0.91,900,1,190,0.58,0.96,175,70,0.8619
Switzerland,0.541,0.79,0.361,0.78,0.719,0.82,0.203,0.58,0.993,0.75,0.829,0.99,0.647,0.76,0.361,0.98,900,1,240,0.88,0.78,220,90,0.8345
New York,0.541,0.94,0.361,0.82,0.719,0.96,0.203,0.99,0.993,0.97,0.829,0.71,0.647,0.99,0.361,0.63,900,1,230,0.92,0.76,210,85,0.8743
Barcelona,0.541,0.96,0.361,0.84,0.719,0.94,0.203,0.96,0.993,0.82,0.829,0.82,0.647,0.88,0.361,0.72,900,1,150,0.93,0.94,130,58,0.914
Rome,0.541,0.97,0.361,0.99,0.719,0.96,0.203,0.78,0.993,0.91,0.829,0.62,0.647,0.76,0.361,0.48,900,1,145,0.91,0.9,125,55,0.8849
Amsterdam,0.01,0.91,0.757,0.88,0.594,0.79,0.984,0.92,0.447,0.95,0.811,0.78,0.487,0.86,0.777,0.65,2200,1,175,0.96,0.68,155,65,0.8477
Barcelona,0.01,0.96,0.757,0.84,0.594,0.94,0.984,0.96,0.447,0.82,0.811,0.82,0.487,0.88,0.777,0.72,2200,1,150,0.93,0.94,130,58,0.9011
Paris,0.01,0.98,0.757,0.95,0.594,0.97,0.984,0.82,0.447,0.99,0.811,0.65,0.487,0.92,0.777,0.45,2200,1,180,0.95,0.82,160,70,0.8599
Singapore,0.01,0.91,0.757,0.72,0.594,0.98,0.984,0.85,0.447,0.79,0.811,0.94,0.487,0.97,0.777,0.79,2200,1,155,0.9,0.94,145,50,0.9072
Bali,0.01,0.73,0.757,0.76,0.594,0.91,0.984,0.87,0.447,0.51,0.811,0.99,0.487,0.72,0.777,0.98,2200,1,90,0.62,0.95,70,35,0.8748
London,0.01,0.94,0.757,0.97,0.594,0.91,0.984,0.95,0.447,0.98,0.811,0.76,0.487,0.98,0.777,0.55,2200,1,210,0.89,0.64,190,75,0.8677
Dubai,0.01,0.96,0.757,0.63,0.594,0.91,0.984,0.92,0.447,0.72,0.811,0.68,0.487,0.99,0.777,0.91,2200,1,190,0.58,0.96,175,70,0.8367
Tokyo,0.44,0.9,0.409,0.91,0.684,0.99,0.616,0.96,0.348,0.88,0.852,0.74,0.798,0.99,0.673,0.71,1500,1,165,0.91,0.79,135,60,0.891
Singapore,0.44,0.91,0.409,0.72,0.684,0.98,0.616,0.85,0.348,0.79,0.852,0.94,0.798,0.97,0.673,0.79,1500,1,155,0.9,0.94,145,50,0.9044
Barcelona,0.44,0.96,0.409,0.84,0.684,0.94,0.616,0.96,0.348,0.82,0.852,0.82,0.798,0.88,0.673,0.72,1500,1,150,0.93,0.94,130,58,0.9199
Dubai,0.44,0.96,0.409,0.63,0.684,0.91,0.616,0.92,0.348,0.72,0.852,0.68,0.798,0.99,0.673,0.91,1500,1,190,0.58,0.96,175,70,0.8651
Switzerland,0.44,0.79,0.409,0.78,0.684,0.82,0.616,0.58,0.348,0.75,0.852,0.99,0.798,0.76,0.673,0.98,1500,1,240,0.88,0.78,220,90,0.8585
Amsterdam,0.44,0.91,0.409,0.88,0.684,0.79,0.616,0.92,0.348,0.95,0.852,0.78,0.798,0.86,0.673,0.65,1500,1,175,0.96,0.68,155,65,0.8576
Dubai,0.586,0.96,0.498,0.63,0.577,0.91,0.003,0.92,0.919,0.72,0.04,0.68,0.307,0.99,0.765,0.91,1100,0,190,0.58,0.96,175,70,0.8262
Barcelona,0.586,0.96,0.498,0.84,0.577,0.94,0.003,0.96,0.919,0.82,0.04,0.82,0.307,0.88,0.765,0.72,1100,0,150,0.93,0.94,130,58,0.8341
Istanbul,0.586,0.94,0.498,0.98,0.577,0.94,0.003,0.89,0.919,0.84,0.04,0.71,0.307,0.91,0.765,0.58,1100,0,85,0.84,0.88,65,32,0.8547
Amsterdam,0.586,0.91,0.498,0.88,0.577,0.79,0.003,0.92,0.919,0.95,0.04,0.78,0.307,0.86,0.765,0.65,1100,0,175,0.96,0.68,155,65,0.8288
Paris,0.904,0.98,0.345,0.95,0.953,0.97,0.371,0.82,0.443,0.99,0.242,0.65,0.612,0.92,0.716,0.45,700,1,180,0.95,0.82,160,70,0.8869
Dubai,0.904,0.96,0.345,0.63,0.953,0.91,0.371,0.92,0.443,0.72,0.242,0.68,0.612,0.99,0.716,0.91,700,1,190,0.58,0.96,175,70,0.874
Amsterdam,0.904,0.91,0.345,0.88,0.953,0.79,0.371,0.92,0.443,0.95,0.242,0.78,0.612,0.86,0.716,0.65,700,1,175,0.96,0.68,155,65,0.8714
Tokyo,0.904,0.9,0.345,0.91,0.953,0.99,0.371,0.96,0.443,0.88,0.242,0.74,0.612,0.99,0.716,0.71,700,1,165,0.91,0.79,135,60,0.8964
Rome,0.904,0.97,0.345,0.99,0.953,0.96,0.371,0.78,0.443,0.91,0.242,0.62,0.612,0.76,0.716,0.48,700,1,145,0.91,0.9,125,55,0.8711
